origin_port,cargo,destination_port,cargo_distance_m,displayed_sell_value_gbp,distance_status,value_status,source,supporting_frame_count,distinct_ocr_tuples_seen
Al-Jazair,Coffee,Ashbourne,5080.7,189,CONFIRMED_FROM_VIDEO,CONFIRMED_FROM_VIDEO,Screen Recording 2026-08-16 223317.mp4,3,1
Al-Jazair,Coffee,Belfry Heights,5856.8,204,CONFIRMED_FROM_VIDEO,CONFIRMED_FROM_VIDEO,Screen Recording 2026-08-16 223317.mp4,6,1
Al-Jazair,Coffee,Bucket Bay,3048.9,151,CONFIRMED_FROM_VIDEO,CONFIRMED_FROM_VIDEO,Screen Recording 2026-08-16 223317.mp4,7,1
Al-Jazair,Coffee,Caledonia,3062.9,151,CONFIRMED_FROM_VIDEO,CONFIRMED_FROM_VIDEO,Screen Recording 2026-08-16 223317.mp4,7,1
Al-Jazair,Coffee,Castle Landing,3529.7,160,CONFIRMED_FROM_VIDEO,CONFIRMED_FROM_VIDEO,Screen Recording 2026-08-16 223317.mp4,3,1
Al-Jazair,Coffee,Caveira,12779.6,333,CONFIRMED_FROM_VIDEO,CONFIRMED_FROM_VIDEO,Screen Recording 2026-08-16 223317.mp4,6,2
Al-Jazair,Coffee,Caye Tiburon,4399.9,176,CONFIRMED_FROM_VIDEO,CONFIRMED_FROM_VIDEO,Screen Recording 2026-08-16 223317.mp4,2,1
Al-Jazair,Coffee,Crownstead,5889.7,204,CONFIRMED_FROM_VIDEO,CONFIRMED_FROM_VIDEO,Screen Recording 2026-08-16 223317.mp4,6,1
Al-Jazair,Coffee,Cumberland Hill,4554.4,179,CONFIRMED_FROM_VIDEO,CONFIRMED_FROM_VIDEO,Screen Recording 2026-08-16 223317.mp4,2,2
Al-Jazair,Coffee,Deadman's Murcia,3351.1,157,CONFIRMED_FROM_VIDEO,CONFIRMED_FROM_VIDEO,Screen Recording 2026-08-16 223317.mp4,7,1
Al-Jazair,Coffee,Fair Harbour,2629.0,143,CONFIRMED_FROM_VIDEO,CONFIRMED_FROM_VIDEO,Screen Recording 2026-08-16 223317.mp4,7,1
Al-Jazair,Coffee,Falmouth,7173.9,228,CONFIRMED_FROM_VIDEO,CONFIRMED_FROM_VIDEO,Screen Recording 2026-08-16 223317.mp4,5,1
Al-Jazair,Coffee,Gyldenvale,6535.7,216,CONFIRMED_FROM_VIDEO,CONFIRMED_FROM_VIDEO,Screen Recording 2026-08-16 223317.mp4,6,1
Al-Jazair,Coffee,Jones' Outpost,3593.1,161,CONFIRMED_FROM_VIDEO,CONFIRMED_FROM_VIDEO,Screen Recording 2026-08-16 223317.mp4,5,1
Al-Jazair,Coffee,Kandlerova,13084.4,339,CONFIRMED_FROM_VIDEO,CONFIRMED_FROM_VIDEO,Screen Recording 2026-08-16 223317.mp4,6,2
Al-Jazair,Coffee,La Povenglia,10307.3,287,CONFIRMED_FROM_VIDEO,CONFIRMED_FROM_VIDEO,Screen Recording 2026-08-16 223317.mp4,2,2
Al-Jazair,Coffee,Lebarde,3685.9,163,CONFIRMED_FROM_VIDEO,CONFIRMED_FROM_VIDEO,Screen Recording 2026-08-16 223317.mp4,5,1
Al-Jazair,Coffee,Lord Irving's Sacrifice,7267.7,230,CONFIRMED_FROM_VIDEO,CONFIRMED_FROM_VIDEO,Screen Recording 2026-08-16 223317.mp4,4,1
Al-Jazair,Coffee,Louisbourg,7678.4,238,CONFIRMED_FROM_VIDEO,CONFIRMED_FROM_VIDEO,Screen Recording 2026-08-16 223317.mp4,6,1
Al-Jazair,Coffee,Madalena,14528.2,366,CONFIRMED_FROM_VIDEO,CONFIRMED_FROM_VIDEO,Screen Recording 2026-08-16 223317.mp4,5,3
Al-Jazair,Coffee,Mako's Outlook,7388.8,232,CONFIRMED_FROM_VIDEO,CONFIRMED_FROM_VIDEO,Screen Recording 2026-08-16 223317.mp4,5,1
Al-Jazair,Coffee,Matthew's Rest,3789.1,165,CONFIRMED_FROM_VIDEO,CONFIRMED_FROM_VIDEO,Screen Recording 2026-08-16 223317.mp4,2,2
Al-Jazair,Coffee,Maurepas,6826.4,222,CONFIRMED_FROM_VIDEO,CONFIRMED_FROM_VIDEO,Screen Recording 2026-08-16 223317.mp4,5,1
Al-Jazair,Coffee,New Brighton,1659.6,125,CONFIRMED_FROM_VIDEO,CONFIRMED_FROM_VIDEO,Screen Recording 2026-08-16 223317.mp4,4,1
Al-Jazair,Coffee,New Catalina,4598.6,180,CONFIRMED_FROM_VIDEO,CONFIRMED_FROM_VIDEO,Screen Recording 2026-08-16 223317.mp4,3,1
Al-Jazair,Coffee,Pachard Town,4513.3,178,CONFIRMED_FROM_VIDEO,CONFIRMED_FROM_VIDEO,Screen Recording 2026-08-16 223317.mp4,2,1
Al-Jazair,Coffee,Peter's Cove,7301.7,231,CONFIRMED_FROM_VIDEO,CONFIRMED_FROM_VIDEO,Screen Recording 2026-08-16 223317.mp4,8,1
Al-Jazair,Coffee,Petit Anvers,8423.8,252,CONFIRMED_FROM_VIDEO,CONFIRMED_FROM_VIDEO,Screen Recording 2026-08-16 223317.mp4,6,1
Al-Jazair,Coffee,Poblado de San Juan,12604.9,330,CONFIRMED_FROM_VIDEO,CONFIRMED_FROM_VIDEO,Screen Recording 2026-08-16 223317.mp4,6,2
Al-Jazair,Coffee,Point Rocheux,6603.9,218,CONFIRMED_FROM_VIDEO,CONFIRMED_FROM_VIDEO,Screen Recording 2026-08-16 223317.mp4,5,1
Al-Jazair,Coffee,Ponta Delgada,14022.1,357,CONFIRMED_FROM_VIDEO,CONFIRMED_FROM_VIDEO,Screen Recording 2026-08-16 223317.mp4,6,2
Al-Jazair,Coffee,Port Antonio,8227.1,248,CONFIRMED_FROM_VIDEO,CONFIRMED_FROM_VIDEO,Screen Recording 2026-08-16 223317.mp4,6,1
Al-Jazair,Coffee,Port Louis,3319.5,156,CONFIRMED_FROM_VIDEO,CONFIRMED_FROM_VIDEO,Screen Recording 2026-08-16 223317.mp4,7,1
Al-Jazair,Coffee,Port Royal,7409.8,233,CONFIRMED_FROM_VIDEO,CONFIRMED_FROM_VIDEO,Screen Recording 2026-08-16 223317.mp4,6,1
Al-Jazair,Coffee,Port-Au-Croix,5551.7,198,CONFIRMED_FROM_VIDEO,CONFIRMED_FROM_VIDEO,Screen Recording 2026-08-16 223317.mp4,4,1
Al-Jazair,Coffee,Princeton,1980.9,131,CONFIRMED_FROM_VIDEO,CONFIRMED_FROM_VIDEO,Screen Recording 2026-08-16 223317.mp4,6,1
Al-Jazair,Coffee,Puerto de San Fernando,10820.0,297,CONFIRMED_FROM_VIDEO,CONFIRMED_FROM_VIDEO,Screen Recording 2026-08-16 223317.mp4,10,1
Al-Jazair,Coffee,Saint Vincent,1395.3,120,CONFIRMED_FROM_VIDEO,CONFIRMED_FROM_VIDEO,Screen Recording 2026-08-16 223317.mp4,4,1
Al-Jazair,Coffee,Saint-Nicholas,7954.8,243,CONFIRMED_FROM_VIDEO,CONFIRMED_FROM_VIDEO,Screen Recording 2026-08-16 223317.mp4,6,1
Al-Jazair,Coffee,Sainte Rose,8858.9,260,CONFIRMED_FROM_VIDEO,CONFIRMED_FROM_VIDEO,Screen Recording 2026-08-16 223317.mp4,3,1
Al-Jazair,Coffee,San Polo,12165.3,322,CONFIRMED_FROM_VIDEO,CONFIRMED_FROM_VIDEO,Screen Recording 2026-08-16 223317.mp4,6,2
Al-Jazair,Coffee,San Salvador,12196.5,322,CONFIRMED_FROM_VIDEO,CONFIRMED_FROM_VIDEO,Screen Recording 2026-08-16 223317.mp4,6,2
Al-Jazair,Coffee,San Vito,9166.2,266,CONFIRMED_FROM_VIDEO,CONFIRMED_FROM_VIDEO,Screen Recording 2026-08-16 223317.mp4,3,1
Al-Jazair,Coffee,Sandy Settlement,8073.7,245,CONFIRMED_FROM_VIDEO,CONFIRMED_FROM_VIDEO,Screen Recording 2026-08-16 223317.mp4,6,1
Al-Jazair,Coffee,Santa Maria,12174.2,322,CONFIRMED_FROM_VIDEO,CONFIRMED_FROM_VIDEO,Screen Recording 2026-08-16 223317.mp4,6,2
Al-Jazair,Coffee,Sao Bento,13281.9,343,CONFIRMED_FROM_VIDEO,CONFIRMED_FROM_VIDEO,Screen Recording 2026-08-16 223317.mp4,6,2
Al-Jazair,Coffee,Snake Prosper,2701.1,144,CONFIRMED_FROM_VIDEO,CONFIRMED_FROM_VIDEO,Screen Recording 2026-08-16 223317.mp4,7,1
Al-Jazair,Coffee,Sugar Cove,5577.2,198,CONFIRMED_FROM_VIDEO,CONFIRMED_FROM_VIDEO,Screen Recording 2026-08-16 223317.mp4,4,1
Al-Jazair,Coffee,Taylor's Town,6930.3,224,CONFIRMED_FROM_VIDEO,CONFIRMED_FROM_VIDEO,Screen Recording 2026-08-16 223317.mp4,5,1
Al-Jazair,Coffee,Theresa,8684.0,257,CONFIRMED_FROM_VIDEO,CONFIRMED_FROM_VIDEO,Screen Recording 2026-08-16 223317.mp4,5,1
Al-Jazair,Coffee,Thresher Point,5158.1,190,CONFIRMED_FROM_VIDEO,CONFIRMED_FROM_VIDEO,Screen Recording 2026-08-16 223317.mp4,1,1
Al-Jazair,Coffee,Venta Nueva,9803.5,278,CONFIRMED_FROM_VIDEO,CONFIRMED_FROM_VIDEO,Screen Recording 2026-08-16 223317.mp4,4,1
Al-Jazair,Coffee,Villarreal Del Mar,8521.0,254,CONFIRMED_FROM_VIDEO,CONFIRMED_FROM_VIDEO,Screen Recording 2026-08-16 223317.mp4,6,2
Al-Jazair,Coffee,White Hook,3909.8,167,CONFIRMED_FROM_VIDEO,CONFIRMED_FROM_VIDEO,Screen Recording 2026-08-16 223317.mp4,2,1
Al-Jazair,Coffee,Wyntergard,5223.1,192,CONFIRMED_FROM_VIDEO,CONFIRMED_FROM_VIDEO,Screen Recording 2026-08-16 223317.mp4,4,1
Al-Jazair,Coffee,Yorinobu's Settlement,1853.9,129,CONFIRMED_FROM_VIDEO,CONFIRMED_FROM_VIDEO,Screen Recording 2026-08-16 223317.mp4,4,1
Ashbourne,Oil,Al-Jazair,5080.7,171,CONFIRMED_FROM_VIDEO,CONFIRMED_FROM_VIDEO,Screen Recording 2026-08-16 105004.mp4,6,1
Ashbourne,Oil,Belfry Heights,9722.6,250,CONFIRMED_FROM_VIDEO,CONFIRMED_FROM_VIDEO,Screen Recording 2026-08-16 105004.mp4,4,1
Ashbourne,Oil,Bucket Bay,2894.9,134,CONFIRMED_FROM_VIDEO,CONFIRMED_FROM_VIDEO,Screen Recording 2026-08-16 105004.mp4,5,1
Ashbourne,Oil,Caledonia,4913.7,169,CONFIRMED_FROM_VIDEO,CONFIRMED_FROM_VIDEO,Screen Recording 2026-08-16 105004.mp4,6,1
Ashbourne,Oil,Castle Landing,8599.9,231,CONFIRMED_FROM_VIDEO,CONFIRMED_FROM_VIDEO,Screen Recording 2026-08-16 105004.mp4,5,1
Ashbourne,Oil,Caveira,11754.2,285,CONFIRMED_FROM_VIDEO,CONFIRMED_FROM_VIDEO,Screen Recording 2026-08-16 105004.mp4,3,1
Ashbourne,Oil,Caye Tiburon,8105.6,223,CONFIRMED_FROM_VIDEO,CONFIRMED_FROM_VIDEO,Screen Recording 2026-08-16 105004.mp4,4,1
Ashbourne,Oil,Crownstead,816.6,98,CONFIRMED_FROM_VIDEO,CONFIRMED_FROM_VIDEO,Screen Recording 2026-08-16 105004.mp4,3,1
Ashbourne,Oil,Cumberland Hill,8782.0,234,CONFIRMED_FROM_VIDEO,CONFIRMED_FROM_VIDEO,Screen Recording 2026-08-16 105004.mp4,4,1
Ashbourne,Oil,Deadman's Murcia,4213.4,157,CONFIRMED_FROM_VIDEO,CONFIRMED_FROM_VIDEO,Screen Recording 2026-08-16 105004.mp4,4,2
Ashbourne,Oil,Fair Harbour,2468.9,127,CONFIRMED_FROM_VIDEO,CONFIRMED_FROM_VIDEO,Screen Recording 2026-08-16 105004.mp4,5,1
Ashbourne,Oil,Falmouth,7316.7,209,CONFIRMED_FROM_VIDEO,CONFIRMED_FROM_VIDEO,Screen Recording 2026-08-16 105004.mp4,5,1
Ashbourne,Oil,Griffard's Rock,6578.2,197,CONFIRMED_FROM_GRIFFARDS_DESTINATION_LIST,DERIVED,naval_route_trade_handoff_v1.json:griffards_rock_backfills,,
Ashbourne,Oil,Gyldenvale,1914.0,118,CONFIRMED_FROM_VIDEO,CONFIRMED_FROM_VIDEO,Screen Recording 2026-08-16 105004.mp4,5,1
Ashbourne,Oil,Jones' Outpost,7833.1,218,CONFIRMED_FROM_VIDEO,CONFIRMED_FROM_VIDEO,Screen Recording 2026-08-16 105004.mp4,4,1
Ashbourne,Oil,Kandlerova,16254.2,361,CONFIRMED_FROM_VIDEO,CONFIRMED_FROM_VIDEO,Screen Recording 2026-08-16 105004.mp4,4,1
Ashbourne,Oil,La Povenglia,13953.5,322,CONFIRMED_FROM_VIDEO,CONFIRMED_FROM_VIDEO,Screen Recording 2026-08-16 105004.mp4,4,1
Ashbourne,Oil,Lebarde,8620.3,232,CONFIRMED_FROM_VIDEO,CONFIRMED_FROM_VIDEO,Screen Recording 2026-08-16 105004.mp4,5,1
Ashbourne,Oil,Lord Irving's Sacrifice,9987.1,255,CONFIRMED_FROM_VIDEO,CONFIRMED_FROM_VIDEO,Screen Recording 2026-08-16 105004.mp4,3,1
Ashbourne,Oil,Louisbourg,3970.9,153,CONFIRMED_FROM_VIDEO,CONFIRMED_FROM_VIDEO,Screen Recording 2026-08-16 105004.mp4,4,1
Ashbourne,Oil,Madalena,13063.8,307,CONFIRMED_FROM_VIDEO,CONFIRMED_FROM_VIDEO,Screen Recording 2026-08-16 105004.mp4,4,1
Ashbourne,Oil,Mako's Outlook,10451.4,263,CONFIRMED_FROM_VIDEO,CONFIRMED_FROM_VIDEO,Screen Recording 2026-08-16 105004.mp4,3,1
Ashbourne,Oil,Matthew's Rest,3196.3,139,CONFIRMED_FROM_VIDEO,CONFIRMED_FROM_VIDEO,Screen Recording 2026-08-16 105004.mp4,5,1
Ashbourne,Oil,Maurepas,3468.0,144,CONFIRMED_FROM_VIDEO,CONFIRMED_FROM_VIDEO,Screen Recording 2026-08-16 105004.mp4,6,1
Ashbourne,Oil,New Brighton,5327.0,176,CONFIRMED_FROM_VIDEO,CONFIRMED_FROM_VIDEO,Screen Recording 2026-08-16 105004.mp4,4,2
Ashbourne,Oil,New Catalina,9046.0,239,CONFIRMED_FROM_VIDEO,CONFIRMED_FROM_VIDEO,Screen Recording 2026-08-16 105004.mp4,5,1
Ashbourne,Oil,Pachard Town,3996.0,153,CONFIRMED_FROM_VIDEO,CONFIRMED_FROM_VIDEO,Screen Recording 2026-08-16 105004.mp4,6,1
Ashbourne,Oil,Peter's Cove,11895.2,287,CONFIRMED_FROM_VIDEO,CONFIRMED_FROM_VIDEO,Screen Recording 2026-08-16 105004.mp4,3,1
Ashbourne,Oil,Petit Anvers,3907.5,151,CONFIRMED_FROM_VIDEO,CONFIRMED_FROM_VIDEO,Screen Recording 2026-08-16 105004.mp4,7,1
Ashbourne,Oil,Poblado de San Juan,13272.5,311,CONFIRMED_FROM_VIDEO,CONFIRMED_FROM_VIDEO,Screen Recording 2026-08-16 105004.mp4,4,1
Ashbourne,Oil,Point Rocheux,5342.3,176,CONFIRMED_FROM_VIDEO,CONFIRMED_FROM_VIDEO,Screen Recording 2026-08-16 105004.mp4,5,1
Ashbourne,Oil,Ponta Delgada,11564.8,282,CONFIRMED_FROM_VIDEO,CONFIRMED_FROM_VIDEO,Screen Recording 2026-08-16 105004.mp4,3,1
Ashbourne,Oil,Port Antonio,8363.0,227,CONFIRMED_FROM_VIDEO,CONFIRMED_FROM_VIDEO,Screen Recording 2026-08-16 105004.mp4,5,1
Ashbourne,Oil,Port Louis,1788.6,115,CONFIRMED_FROM_VIDEO,CONFIRMED_FROM_VIDEO,Screen Recording 2026-08-16 105004.mp4,4,1
Ashbourne,Oil,Port Royal,9029.3,238,CONFIRMED_FROM_VIDEO,CONFIRMED_FROM_VIDEO,Screen Recording 2026-08-16 105004.mp4,6,1
Ashbourne,Oil,Port-Au-Croix,4518.6,162,CONFIRMED_FROM_VIDEO,CONFIRMED_FROM_VIDEO,Screen Recording 2026-08-16 105004.mp4,5,2
Ashbourne,Oil,Princeton,7049.0,205,CONFIRMED_FROM_VIDEO,CONFIRMED_FROM_VIDEO,Screen Recording 2026-08-16 105004.mp4,4,1
Ashbourne,Oil,Puerto de San Fernando,10917.9,271,CONFIRMED_FROM_VIDEO,CONFIRMED_FROM_VIDEO,Screen Recording 2026-08-16 105004.mp4,2,1
Ashbourne,Oil,Saint Vincent,3841.2,150,CONFIRMED_FROM_VIDEO,CONFIRMED_FROM_VIDEO,Screen Recording 2026-08-16 105004.mp4,5,1
Ashbourne,Oil,Saint-Nicholas,12790.8,302,CONFIRMED_FROM_VIDEO,CONFIRMED_FROM_VIDEO,Screen Recording 2026-08-16 105004.mp4,4,1
Ashbourne,Oil,Sainte Rose,5009.7,170,CONFIRMED_FROM_VIDEO,CONFIRMED_FROM_VIDEO,Screen Recording 2026-08-16 105004.mp4,6,1
Ashbourne,Oil,San Polo,15423.4,347,CONFIRMED_FROM_VIDEO,CONFIRMED_FROM_VIDEO,Screen Recording 2026-08-16 105004.mp4,4,1
Ashbourne,Oil,San Salvador,13749.9,319,CONFIRMED_FROM_VIDEO,CONFIRMED_FROM_VIDEO,Screen Recording 2026-08-16 105004.mp4,4,1
Ashbourne,Oil,San Vito,12458.6,297,CONFIRMED_FROM_VIDEO,CONFIRMED_FROM_VIDEO,Screen Recording 2026-08-16 105004.mp4,2,1
Ashbourne,Oil,Sandy Settlement,12820.1,303,CONFIRMED_FROM_VIDEO,CONFIRMED_FROM_VIDEO,Screen Recording 2026-08-16 105004.mp4,4,1
Ashbourne,Oil,Santa Maria,12953.2,305,CONFIRMED_FROM_VIDEO,CONFIRMED_FROM_VIDEO,Screen Recording 2026-08-16 105004.mp4,4,1
Ashbourne,Oil,Sao Bento,11492.5,280,CONFIRMED_FROM_VIDEO,CONFIRMED_FROM_VIDEO,Screen Recording 2026-08-16 105004.mp4,4,1
Ashbourne,Oil,Snake Prosper,4685.1,165,CONFIRMED_FROM_VIDEO,CONFIRMED_FROM_VIDEO,Screen Recording 2026-08-16 105004.mp4,6,1
Ashbourne,Oil,Sugar Cove,9880.8,253,CONFIRMED_FROM_VIDEO,CONFIRMED_FROM_VIDEO,Screen Recording 2026-08-16 105004.mp4,4,1
Ashbourne,Oil,Taylor's Town,11921.5,288,CONFIRMED_FROM_VIDEO,CONFIRMED_FROM_VIDEO,Screen Recording 2026-08-16 105004.mp4,3,1
Ashbourne,Oil,Theresa,9324.2,244,CONFIRMED_FROM_VIDEO,CONFIRMED_FROM_VIDEO,Screen Recording 2026-08-16 105004.mp4,4,1
Ashbourne,Oil,Thresher Point,9303.0,243,CONFIRMED_FROM_VIDEO,CONFIRMED_FROM_VIDEO,Screen Recording 2026-08-16 105004.mp4,5,1
Ashbourne,Oil,Venta Nueva,8511.1,230,CONFIRMED_FROM_VIDEO,CONFIRMED_FROM_VIDEO,Screen Recording 2026-08-16 105004.mp4,5,1
Ashbourne,Oil,Villarreal Del Mar,7614.0,214,CONFIRMED_FROM_VIDEO,CONFIRMED_FROM_VIDEO,Screen Recording 2026-08-16 105004.mp4,5,1
Ashbourne,Oil,White Hook,5075.7,171,CONFIRMED_FROM_VIDEO,CONFIRMED_FROM_VIDEO,Screen Recording 2026-08-16 105004.mp4,6,1
Ashbourne,Oil,Wyntergard,1114.1,104,CONFIRMED_FROM_VIDEO,CONFIRMED_FROM_VIDEO,Screen Recording 2026-08-16 105004.mp4,3,1
Ashbourne,Oil,Yorinobu's Settlement,4271.5,158,CONFIRMED_FROM_VIDEO,CONFIRMED_FROM_VIDEO,Screen Recording 2026-08-16 105004.mp4,1,1
Belfry Heights,Books,Al-Jazair,5856.8,212,CONFIRMED_FROM_VIDEO,CONFIRMED_FROM_VIDEO,Screen Recording 2026-08-16 223317.mp4,6,1
Belfry Heights,Books,Ashbourne,9722.6,287,CONFIRMED_FROM_VIDEO,CONFIRMED_FROM_VIDEO,Screen Recording 2026-08-16 223317.mp4,5,2
Belfry Heights,Books,Bucket Bay,6832.4,231,CONFIRMED_FROM_VIDEO,CONFIRMED_FROM_VIDEO,Screen Recording 2026-08-16 223317.mp4,7,1
Belfry Heights,Books,Caledonia,8855.1,270,CONFIRMED_FROM_VIDEO,CONFIRMED_FROM_VIDEO,Screen Recording 2026-08-16 223317.mp4,4,1
Belfry Heights,Books,Castle Landing,5132.5,198,CONFIRMED_FROM_VIDEO,CONFIRMED_FROM_VIDEO,Screen Recording 2026-08-16 223317.mp4,5,1
Belfry Heights,Books,Caveira,10921.0,310,CONFIRMED_FROM_VIDEO,CONFIRMED_FROM_VIDEO,Screen Recording 2026-08-16 223317.mp4,8,1
Belfry Heights,Books,Caye Tiburon,1619.7,129,CONFIRMED_FROM_VIDEO,CONFIRMED_FROM_VIDEO,Screen Recording 2026-08-16 223317.mp4,12,1
Belfry Heights,Books,Crownstead,10489.0,302,CONFIRMED_FROM_VIDEO,CONFIRMED_FROM_VIDEO,Screen Recording 2026-08-16 223317.mp4,8,1
Belfry Heights,Books,Cumberland Hill,8206.6,258,CONFIRMED_FROM_VIDEO,CONFIRMED_FROM_VIDEO,Screen Recording 2026-08-16 223317.mp4,3,2
Belfry Heights,Books,Deadman's Murcia,9207.7,277,CONFIRMED_FROM_VIDEO,CONFIRMED_FROM_VIDEO,Screen Recording 2026-08-16 223317.mp4,6,1
Belfry Heights,Books,Fair Harbour,7547.4,245,CONFIRMED_FROM_VIDEO,CONFIRMED_FROM_VIDEO,Screen Recording 2026-08-16 223317.mp4,5,1
Belfry Heights,Books,Falmouth,6064.2,216,CONFIRMED_FROM_VIDEO,CONFIRMED_FROM_VIDEO,Screen Recording 2026-08-16 223317.mp4,6,1
Belfry Heights,Books,Gyldenvale,11560.9,323,CONFIRMED_FROM_VIDEO,CONFIRMED_FROM_VIDEO,Screen Recording 2026-08-16 223317.mp4,4,2
Belfry Heights,Books,Jones' Outpost,7685.6,247,CONFIRMED_FROM_VIDEO,CONFIRMED_FROM_VIDEO,Screen Recording 2026-08-16 223317.mp4,6,1
Belfry Heights,Books,Kandlerova,7267.4,239,CONFIRMED_FROM_VIDEO,CONFIRMED_FROM_VIDEO,Screen Recording 2026-08-16 223317.mp4,6,1
Belfry Heights,Books,La Povenglia,4454.6,184,CONFIRMED_FROM_VIDEO,CONFIRMED_FROM_VIDEO,Screen Recording 2026-08-16 223317.mp4,6,1
Belfry Heights,Books,Lebarde,3444.0,165,CONFIRMED_FROM_VIDEO,CONFIRMED_FROM_VIDEO,Screen Recording 2026-08-16 223317.mp4,17,1
Belfry Heights,Books,Lord Irving's Sacrifice,2548.2,147,CONFIRMED_FROM_VIDEO,CONFIRMED_FROM_VIDEO,Screen Recording 2026-08-16 223317.mp4,11,1
Belfry Heights,Books,Louisbourg,10247.4,297,CONFIRMED_FROM_VIDEO,CONFIRMED_FROM_VIDEO,Screen Recording 2026-08-16 223317.mp4,6,2
Belfry Heights,Books,Madalena,12861.8,348,CONFIRMED_FROM_VIDEO,CONFIRMED_FROM_VIDEO,Screen Recording 2026-08-16 223317.mp4,4,2
Belfry Heights,Books,Mako's Outlook,2117.0,139,CONFIRMED_FROM_VIDEO,CONFIRMED_FROM_VIDEO,Screen Recording 2026-08-16 223317.mp4,12,1
Belfry Heights,Books,Matthew's Rest,6773.1,230,CONFIRMED_FROM_VIDEO,CONFIRMED_FROM_VIDEO,Screen Recording 2026-08-16 223317.mp4,7,1
Belfry Heights,Books,Maurepas,9436.7,282,CONFIRMED_FROM_VIDEO,CONFIRMED_FROM_VIDEO,Screen Recording 2026-08-16 223317.mp4,6,1
Belfry Heights,Books,New Brighton,4617.8,188,CONFIRMED_FROM_VIDEO,CONFIRMED_FROM_VIDEO,Screen Recording 2026-08-16 223317.mp4,5,1
Belfry Heights,Books,New Catalina,7839.9,250,CONFIRMED_FROM_VIDEO,CONFIRMED_FROM_VIDEO,Screen Recording 2026-08-16 223317.mp4,6,1
Belfry Heights,Books,Pachard Town,6508.9,224,CONFIRMED_FROM_VIDEO,CONFIRMED_FROM_VIDEO,Screen Recording 2026-08-16 223317.mp4,6,1
Belfry Heights,Books,Peter's Cove,2871.8,154,CONFIRMED_FROM_VIDEO,CONFIRMED_FROM_VIDEO,Screen Recording 2026-08-16 223317.mp4,12,1
Belfry Heights,Books,Petit Anvers,11618.9,324,CONFIRMED_FROM_VIDEO,CONFIRMED_FROM_VIDEO,Screen Recording 2026-08-16 223317.mp4,4,2
Belfry Heights,Books,Poblado de San Juan,8870.5,270,CONFIRMED_FROM_VIDEO,CONFIRMED_FROM_VIDEO,Screen Recording 2026-08-16 223317.mp4,4,1
Belfry Heights,Books,Point Rocheux,7424.4,242,CONFIRMED_FROM_VIDEO,CONFIRMED_FROM_VIDEO,Screen Recording 2026-08-16 223317.mp4,6,1
Belfry Heights,Books,Ponta Delgada,13607.3,363,CONFIRMED_FROM_VIDEO,CONFIRMED_FROM_VIDEO,Screen Recording 2026-08-16 223317.mp4,4,2
Belfry Heights,Books,Port Antonio,6500.2,224,CONFIRMED_FROM_VIDEO,CONFIRMED_FROM_VIDEO,Screen Recording 2026-08-16 223317.mp4,11,1
Belfry Heights,Books,Port Louis,8375.5,261,CONFIRMED_FROM_VIDEO,CONFIRMED_FROM_VIDEO,Screen Recording 2026-08-16 223317.mp4,6,1
Belfry Heights,Books,Port Royal,4225.9,180,CONFIRMED_FROM_VIDEO,CONFIRMED_FROM_VIDEO,Screen Recording 2026-08-16 223317.mp4,6,1
Belfry Heights,Books,Port-Au-Croix,6970.5,233,CONFIRMED_FROM_VIDEO,CONFIRMED_FROM_VIDEO,Screen Recording 2026-08-16 223317.mp4,7,1
Belfry Heights,Books,Princeton,4735.0,190,CONFIRMED_FROM_VIDEO,CONFIRMED_FROM_VIDEO,Screen Recording 2026-08-16 223317.mp4,5,1
Belfry Heights,Books,Puerto de San Fernando,8135.5,256,CONFIRMED_FROM_VIDEO,CONFIRMED_FROM_VIDEO,Screen Recording 2026-08-16 223317.mp4,5,1
Belfry Heights,Books,Saint Vincent,7087.3,236,CONFIRMED_FROM_VIDEO,CONFIRMED_FROM_VIDEO,Screen Recording 2026-08-16 223317.mp4,6,1
Belfry Heights,Books,Saint-Nicholas,4294.9,181,CONFIRMED_FROM_VIDEO,CONFIRMED_FROM_VIDEO,Screen Recording 2026-08-16 223317.mp4,6,1
Belfry Heights,Books,Sainte Rose,11195.1,316,CONFIRMED_FROM_VIDEO,CONFIRMED_FROM_VIDEO,Screen Recording 2026-08-16 223317.mp4,6,2
Belfry Heights,Books,San Polo,6337.5,221,CONFIRMED_FROM_VIDEO,CONFIRMED_FROM_VIDEO,Screen Recording 2026-08-16 223317.mp4,11,1
Belfry Heights,Books,San Salvador,7592.0,246,CONFIRMED_FROM_VIDEO,CONFIRMED_FROM_VIDEO,Screen Recording 2026-08-16 223317.mp4,6,1
Belfry Heights,Books,San Vito,3402.0,164,CONFIRMED_FROM_VIDEO,CONFIRMED_FROM_VIDEO,Screen Recording 2026-08-16 223317.mp4,12,1
Belfry Heights,Books,Sandy Settlement,4005.2,176,CONFIRMED_FROM_VIDEO,CONFIRMED_FROM_VIDEO,Screen Recording 2026-08-16 223317.mp4,18,1
Belfry Heights,Books,Santa Maria,8395.0,261,CONFIRMED_FROM_VIDEO,CONFIRMED_FROM_VIDEO,Screen Recording 2026-08-16 223317.mp4,5,1
Belfry Heights,Books,Sao Bento,12207.7,336,CONFIRMED_FROM_VIDEO,CONFIRMED_FROM_VIDEO,Screen Recording 2026-08-16 223317.mp4,4,2
Belfry Heights,Books,Snake Prosper,8521.8,264,CONFIRMED_FROM_VIDEO,CONFIRMED_FROM_VIDEO,Screen Recording 2026-08-16 223317.mp4,6,2
Belfry Heights,Books,Sugar Cove,8680.3,267,CONFIRMED_FROM_VIDEO,CONFIRMED_FROM_VIDEO,Screen Recording 2026-08-16 223317.mp4,4,1
Belfry Heights,Books,Taylor's Town,4539.8,186,CONFIRMED_FROM_VIDEO,CONFIRMED_FROM_VIDEO,Screen Recording 2026-08-16 223317.mp4,6,1
Belfry Heights,Books,Theresa,6110.7,217,CONFIRMED_FROM_VIDEO,CONFIRMED_FROM_VIDEO,Screen Recording 2026-08-16 223317.mp4,6,1
Belfry Heights,Books,Thresher Point,863.9,114,CONFIRMED_FROM_VIDEO,CONFIRMED_FROM_VIDEO,Screen Recording 2026-08-16 223317.mp4,12,1
Belfry Heights,Books,Venta Nueva,9059.9,274,CONFIRMED_FROM_VIDEO,CONFIRMED_FROM_VIDEO,Screen Recording 2026-08-16 223317.mp4,6,1
Belfry Heights,Books,Villarreal Del Mar,7865.7,251,CONFIRMED_FROM_VIDEO,CONFIRMED_FROM_VIDEO,Screen Recording 2026-08-16 223317.mp4,5,1
Belfry Heights,Books,White Hook,9709.8,287,CONFIRMED_FROM_VIDEO,CONFIRMED_FROM_VIDEO,Screen Recording 2026-08-16 223317.mp4,6,1
Belfry Heights,Books,Wyntergard,10334.1,299,CONFIRMED_FROM_VIDEO,CONFIRMED_FROM_VIDEO,Screen Recording 2026-08-16 223317.mp4,6,2
Belfry Heights,Books,Yorinobu's Settlement,5540.3,206,CONFIRMED_FROM_VIDEO,CONFIRMED_FROM_VIDEO,Screen Recording 2026-08-16 223317.mp4,1,
Bucket Bay,Buckets,Al-Jazair,3048.9,105,CONFIRMED_FROM_VIDEO,CONFIRMED_FROM_VIDEO,Screen Recording 2026-08-16 110602.mp4,6,1
Bucket Bay,Buckets,Ashbourne,2894.9,103,CONFIRMED_FROM_VIDEO,CONFIRMED_FROM_VIDEO,Screen Recording 2026-08-16 110602.mp4,5,2
Bucket Bay,Buckets,Belfry Heights,6832.4,154,CONFIRMED_FROM_VIDEO,CONFIRMED_FROM_VIDEO,Screen Recording 2026-08-16 110602.mp4,3,3
Bucket Bay,Buckets,Caledonia,4667.4,126,CONFIRMED_FROM_VIDEO,CONFIRMED_FROM_VIDEO,Screen Recording 2026-08-16 110602.mp4,4,1
Bucket Bay,Buckets,Castle Landing,6427.9,149,CONFIRMED_FROM_VIDEO,CONFIRMED_FROM_VIDEO,Screen Recording 2026-08-16 110602.mp4,5,1
Bucket Bay,Buckets,Caveira,10487.3,201,CONFIRMED_FROM_VIDEO,CONFIRMED_FROM_VIDEO,Screen Recording 2026-08-16 110602.mp4,6,1
Bucket Bay,Buckets,Caye Tiburon,5218.3,133,CONFIRMED_FROM_VIDEO,CONFIRMED_FROM_VIDEO,Screen Recording 2026-08-16 110602.mp4,3,1
Bucket Bay,Buckets,Crownstead,3657.2,113,CONFIRMED_FROM_VIDEO,CONFIRMED_FROM_VIDEO,Screen Recording 2026-08-16 110602.mp4,4,2
Bucket Bay,Buckets,Deadman's Murcia,4365.0,122,CONFIRMED_FROM_VIDEO,CONFIRMED_FROM_VIDEO,Screen Recording 2026-08-16 110602.mp4,5,1
Bucket Bay,Buckets,Fair Harbour,1332.2,82,CONFIRMED_FROM_VIDEO,CONFIRMED_FROM_VIDEO,Screen Recording 2026-08-16 110602.mp4,2,1
Bucket Bay,Buckets,Falmouth,5249.2,133,CONFIRMED_FROM_VIDEO,CONFIRMED_FROM_VIDEO,Screen Recording 2026-08-16 110602.mp4,4,1
Bucket Bay,Buckets,Griffard's Rock,3774.3,114,CONFIRMED_FROM_GRIFFARDS_DESTINATION_LIST,DERIVED,naval_route_trade_handoff_v1.json:griffards_rock_backfills,,
Bucket Bay,Buckets,Gyldenvale,4769.9,127,CONFIRMED_FROM_VIDEO,CONFIRMED_FROM_VIDEO,Screen Recording 2026-08-16 110602.mp4,5,1
Bucket Bay,Buckets,Jones' Outpost,6528.2,150,CONFIRMED_FROM_VIDEO,CONFIRMED_FROM_VIDEO,Screen Recording 2026-08-16 110602.mp4,5,1
Bucket Bay,Buckets,Kandlerova,13433.7,240,CONFIRMED_FROM_VIDEO,CONFIRMED_FROM_VIDEO,Screen Recording 2026-08-16 110602.mp4,2,1
Bucket Bay,Buckets,La Povenglia,11068.0,209,CONFIRMED_FROM_VIDEO,CONFIRMED_FROM_VIDEO,Screen Recording 2026-08-16 110602.mp4,4,1
Bucket Bay,Buckets,Lebarde,6069.6,144,CONFIRMED_FROM_VIDEO,CONFIRMED_FROM_VIDEO,Screen Recording 2026-08-16 110602.mp4,1,1
Bucket Bay,Buckets,Lord Irving's Sacrifice,7181.3,158,CONFIRMED_FROM_VIDEO,CONFIRMED_FROM_VIDEO,Screen Recording 2026-08-16 110602.mp4,4,1
Bucket Bay,Buckets,Louisbourg,4634.5,125,CONFIRMED_FROM_VIDEO,CONFIRMED_FROM_VIDEO,Screen Recording 2026-08-16 110602.mp4,4,2
Bucket Bay,Buckets,Madalena,12084.9,222,CONFIRMED_FROM_VIDEO,CONFIRMED_FROM_VIDEO,Screen Recording 2026-08-16 110602.mp4,2,1
Bucket Bay,Buckets,Mako's Outlook,7601.1,164,CONFIRMED_FROM_VIDEO,CONFIRMED_FROM_VIDEO,Screen Recording 2026-08-16 110602.mp4,3,1
Bucket Bay,Buckets,Matthew's Rest,897.0,77,CONFIRMED_FROM_VIDEO,CONFIRMED_FROM_VIDEO,Screen Recording 2026-08-16 110602.mp4,2,1
Bucket Bay,Buckets,Maurepas,3778.2,114,CONFIRMED_FROM_VIDEO,CONFIRMED_FROM_VIDEO,Screen Recording 2026-08-16 110602.mp4,6,1
Bucket Bay,Buckets,New Brighton,2614.3,99,CONFIRMED_FROM_VIDEO,CONFIRMED_FROM_VIDEO,Screen Recording 2026-08-16 110602.mp4,5,1
Bucket Bay,Buckets,New Catalina,7611.5,164,CONFIRMED_FROM_VIDEO,CONFIRMED_FROM_VIDEO,Screen Recording 2026-08-16 110602.mp4,3,2
Bucket Bay,Buckets,Pachard Town,1885.1,90,CONFIRMED_FROM_VIDEO,CONFIRMED_FROM_VIDEO,Screen Recording 2026-08-16 110602.mp4,3,1
Bucket Bay,Buckets,Petit Anvers,5488.5,136,CONFIRMED_FROM_VIDEO,CONFIRMED_FROM_VIDEO,Screen Recording 2026-08-16 110602.mp4,4,1
Bucket Bay,Buckets,Poblado de San Juan,11179.5,210,CONFIRMED_FROM_VIDEO,CONFIRMED_FROM_VIDEO,Screen Recording 2026-08-16 110602.mp4,3,1
Bucket Bay,Buckets,Point Rocheux,3948.9,116,CONFIRMED_FROM_VIDEO,CONFIRMED_FROM_VIDEO,Screen Recording 2026-08-16 110602.mp4,5,2
Bucket Bay,Buckets,Ponta Delgada,11232.1,211,CONFIRMED_FROM_VIDEO,CONFIRMED_FROM_VIDEO,Screen Recording 2026-08-16 110602.mp4,2,1
Bucket Bay,Buckets,Port Antonio,6359.6,148,CONFIRMED_FROM_VIDEO,CONFIRMED_FROM_VIDEO,Screen Recording 2026-08-16 110602.mp4,5,1
Bucket Bay,Buckets,Port Louis,1918.1,90,CONFIRMED_FROM_VIDEO,CONFIRMED_FROM_VIDEO,Screen Recording 2026-08-16 110602.mp4,4,1
Bucket Bay,Buckets,Port Royal,6463.3,149,CONFIRMED_FROM_VIDEO,CONFIRMED_FROM_VIDEO,Screen Recording 2026-08-16 110602.mp4,5,1
Bucket Bay,Buckets,Port-Au-Croix,2871.0,102,CONFIRMED_FROM_VIDEO,CONFIRMED_FROM_VIDEO,Screen Recording 2026-08-16 110602.mp4,6,1
Bucket Bay,Buckets,Princeton,4768.7,127,CONFIRMED_FROM_VIDEO,CONFIRMED_FROM_VIDEO,Screen Recording 2026-08-16 110602.mp4,4,1
Bucket Bay,Buckets,Puerto de San Fernando,9029.2,182,CONFIRMED_FROM_VIDEO,CONFIRMED_FROM_VIDEO,Screen Recording 2026-08-16 110602.mp4,4,1
Bucket Bay,Buckets,Saint Vincent,2494.6,97,CONFIRMED_FROM_VIDEO,CONFIRMED_FROM_VIDEO,Screen Recording 2026-08-16 110602.mp4,4,1
Bucket Bay,Buckets,Sainte Rose,5812.9,141,CONFIRMED_FROM_VIDEO,CONFIRMED_FROM_VIDEO,Screen Recording 2026-08-16 110602.mp4,4,1
Bucket Bay,Buckets,San Polo,12585.1,229,CONFIRMED_FROM_VIDEO,CONFIRMED_FROM_VIDEO,Screen Recording 2026-08-16 110602.mp4,2,1
Bucket Bay,Buckets,San Salvador,11322.7,212,CONFIRMED_FROM_VIDEO,CONFIRMED_FROM_VIDEO,Screen Recording 2026-08-16 110602.mp4,2,1
Bucket Bay,Buckets,San Vito,9598.5,190,CONFIRMED_FROM_VIDEO,CONFIRMED_FROM_VIDEO,Screen Recording 2026-08-16 110602.mp4,4,1
Bucket Bay,Buckets,Sandy Settlement,10065.4,196,CONFIRMED_FROM_VIDEO,CONFIRMED_FROM_VIDEO,Screen Recording 2026-08-16 110602.mp4,5,1
Bucket Bay,Buckets,Santa Maria,10806.8,205,CONFIRMED_FROM_VIDEO,CONFIRMED_FROM_VIDEO,Screen Recording 2026-08-16 110602.mp4,4,1
Bucket Bay,Buckets,Sao Bento,10695.9,204,CONFIRMED_FROM_VIDEO,CONFIRMED_FROM_VIDEO,Screen Recording 2026-08-16 110602.mp4,3,1
Bucket Bay,Buckets,Snake Prosper,4292.3,121,CONFIRMED_FROM_VIDEO,CONFIRMED_FROM_VIDEO,Screen Recording 2026-08-16 110602.mp4,5,1
Bucket Bay,Buckets,Sugar Cove,8569.8,176,CONFIRMED_FROM_VIDEO,CONFIRMED_FROM_VIDEO,Screen Recording 2026-08-16 110602.mp4,3,1
Bucket Bay,Buckets,Taylor's Town,9351.3,187,CONFIRMED_FROM_VIDEO,CONFIRMED_FROM_VIDEO,Screen Recording 2026-08-16 110602.mp4,2,2
Bucket Bay,Buckets,Theresa,7133.7,158,CONFIRMED_FROM_VIDEO,CONFIRMED_FROM_VIDEO,Screen Recording 2026-08-16 110602.mp4,5,1
Bucket Bay,Buckets,Thresher Point,6442.0,149,CONFIRMED_FROM_VIDEO,CONFIRMED_FROM_VIDEO,Screen Recording 2026-08-16 110602.mp4,4,2
Bucket Bay,Buckets,Venta Nueva,7317.8,160,CONFIRMED_FROM_VIDEO,CONFIRMED_FROM_VIDEO,Screen Recording 2026-08-16 110602.mp4,4,1
Bucket Bay,Buckets,Villarreal Del Mar,6142.6,145,CONFIRMED_FROM_VIDEO,CONFIRMED_FROM_VIDEO,Screen Recording 2026-08-16 110602.mp4,4,1
Bucket Bay,Buckets,White Hook,5269.0,133,CONFIRMED_FROM_VIDEO,CONFIRMED_FROM_VIDEO,Screen Recording 2026-08-16 110602.mp4,4,1
Bucket Bay,Buckets,Wyntergard,3628.5,112,CONFIRMED_FROM_VIDEO,CONFIRMED_FROM_VIDEO,Screen Recording 2026-08-16 110602.mp4,5,1
Caledonia,Glass,Al-Jazair,3062.9,143,CONFIRMED_FROM_VIDEO,CONFIRMED_FROM_VIDEO,Screen Recording 2026-08-16 223317.mp4,9,1
Caledonia,Glass,Ashbourne,4913.7,176,CONFIRMED_FROM_VIDEO,CONFIRMED_FROM_VIDEO,Screen Recording 2026-08-16 223317.mp4,6,1
Caledonia,Glass,Belfry Heights,8855.1,246,CONFIRMED_FROM_VIDEO,CONFIRMED_FROM_VIDEO,Screen Recording 2026-08-16 223317.mp4,4,1
Caledonia,Glass,Bucket Bay,4667.4,172,CONFIRMED_FROM_VIDEO,CONFIRMED_FROM_VIDEO,Screen Recording 2026-08-16 223317.mp4,4,1
Caledonia,Glass,Castle Landing,5240.1,182,CONFIRMED_FROM_VIDEO,CONFIRMED_FROM_VIDEO,Screen Recording 2026-08-16 223317.mp4,7,1
Caledonia,Glass,Caveira,15136.0,357,CONFIRMED_FROM_VIDEO,CONFIRMED_FROM_VIDEO,Screen Recording 2026-08-16 223317.mp4,15,1
Caledonia,Glass,Caye Tiburon,7451.0,221,CONFIRMED_FROM_VIDEO,CONFIRMED_FROM_VIDEO,Screen Recording 2026-08-16 223317.mp4,5,1
Caledonia,Glass,Crownstead,5529.6,187,CONFIRMED_FROM_VIDEO,CONFIRMED_FROM_VIDEO,Screen Recording 2026-08-16 223317.mp4,8,1
Caledonia,Glass,Cumberland Hill,4133.3,162,CONFIRMED_FROM_VIDEO,CONFIRMED_FROM_VIDEO,Screen Recording 2026-08-16 223317.mp4,6,2
Caledonia,Glass,Deadman's Murcia,817.3,103,CONFIRMED_FROM_VIDEO,CONFIRMED_FROM_VIDEO,Screen Recording 2026-08-16 223317.mp4,4,2
Caledonia,Glass,Fair Harbour,3434.1,150,CONFIRMED_FROM_VIDEO,CONFIRMED_FROM_VIDEO,Screen Recording 2026-08-16 223317.mp4,9,1
Caledonia,Glass,Falmouth,9726.5,261,CONFIRMED_FROM_VIDEO,CONFIRMED_FROM_VIDEO,Screen Recording 2026-08-16 223317.mp4,4,1
Caledonia,Glass,Gyldenvale,5493.9,186,CONFIRMED_FROM_VIDEO,CONFIRMED_FROM_VIDEO,Screen Recording 2026-08-16 223317.mp4,9,1
Caledonia,Glass,Jones' Outpost,3315.2,148,CONFIRMED_FROM_VIDEO,CONFIRMED_FROM_VIDEO,Screen Recording 2026-08-16 223317.mp4,9,1
Caledonia,Glass,Kandlerova,16112.8,375,CONFIRMED_FROM_VIDEO,CONFIRMED_FROM_VIDEO,Screen Recording 2026-08-16 223317.mp4,4,2
Caledonia,Glass,La Povenglia,13279.0,324,CONFIRMED_FROM_VIDEO,CONFIRMED_FROM_VIDEO,Screen Recording 2026-08-16 223317.mp4,12,1
Caledonia,Glass,Lebarde,6171.1,198,CONFIRMED_FROM_VIDEO,CONFIRMED_FROM_VIDEO,Screen Recording 2026-08-16 223317.mp4,5,1
Caledonia,Glass,Lord Irving's Sacrifice,10324.8,272,CONFIRMED_FROM_VIDEO,CONFIRMED_FROM_VIDEO,Screen Recording 2026-08-16 223317.mp4,2,2
Caledonia,Glass,Louisbourg,8607.7,242,CONFIRMED_FROM_VIDEO,CONFIRMED_FROM_VIDEO,Screen Recording 2026-08-16 223317.mp4,4,1
Caledonia,Glass,Madalena,16752.2,386,CONFIRMED_FROM_VIDEO,CONFIRMED_FROM_VIDEO,Screen Recording 2026-08-16 223317.mp4,4,2
Caledonia,Glass,Mako's Outlook,10450.6,274,CONFIRMED_FROM_VIDEO,CONFIRMED_FROM_VIDEO,Screen Recording 2026-08-16 223317.mp4,4,2
Caledonia,Glass,Matthew's Rest,5564.1,188,CONFIRMED_FROM_VIDEO,CONFIRMED_FROM_VIDEO,Screen Recording 2026-08-16 223317.mp4,5,1
Caledonia,Glass,Maurepas,7892.6,229,CONFIRMED_FROM_VIDEO,CONFIRMED_FROM_VIDEO,Screen Recording 2026-08-16 223317.mp4,4,1
Caledonia,Glass,New Brighton,4647.4,171,CONFIRMED_FROM_VIDEO,CONFIRMED_FROM_VIDEO,Screen Recording 2026-08-16 223317.mp4,4,1
Caledonia,Glass,New Catalina,4523.3,169,CONFIRMED_FROM_VIDEO,CONFIRMED_FROM_VIDEO,Screen Recording 2026-08-16 223317.mp4,4,1
Caledonia,Glass,Pachard Town,6536.7,205,CONFIRMED_FROM_VIDEO,CONFIRMED_FROM_VIDEO,Screen Recording 2026-08-16 223317.mp4,5,1
Caledonia,Glass,Peter's Cove,9934.4,265,CONFIRMED_FROM_VIDEO,CONFIRMED_FROM_VIDEO,Screen Recording 2026-08-16 223317.mp4,5,2
Caledonia,Glass,Petit Anvers,8811.0,245,CONFIRMED_FROM_VIDEO,CONFIRMED_FROM_VIDEO,Screen Recording 2026-08-16 223317.mp4,4,1
Caledonia,Glass,Poblado de San Juan,15442.2,363,CONFIRMED_FROM_VIDEO,CONFIRMED_FROM_VIDEO,Screen Recording 2026-08-16 223317.mp4,6,2
Caledonia,Glass,Point Rocheux,8615.7,242,CONFIRMED_FROM_VIDEO,CONFIRMED_FROM_VIDEO,Screen Recording 2026-08-16 223317.mp4,4,1
Caledonia,Glass,Ponta Delgada,15807.1,369,CONFIRMED_FROM_VIDEO,CONFIRMED_FROM_VIDEO,Screen Recording 2026-08-16 223317.mp4,6,2
Caledonia,Glass,Port Antonio,10827.2,281,CONFIRMED_FROM_VIDEO,CONFIRMED_FROM_VIDEO,Screen Recording 2026-08-16 223317.mp4,4,2
Caledonia,Glass,Port Louis,3429.0,150,CONFIRMED_FROM_VIDEO,CONFIRMED_FROM_VIDEO,Screen Recording 2026-08-16 223317.mp4,9,1
Caledonia,Glass,Port Royal,10338.8,272,CONFIRMED_FROM_VIDEO,CONFIRMED_FROM_VIDEO,Screen Recording 2026-08-16 223317.mp4,4,2
Caledonia,Glass,Port-Au-Croix,7538.4,223,CONFIRMED_FROM_VIDEO,CONFIRMED_FROM_VIDEO,Screen Recording 2026-08-16 223317.mp4,3,2
Caledonia,Glass,Princeton,4367.8,166,CONFIRMED_FROM_VIDEO,CONFIRMED_FROM_VIDEO,Screen Recording 2026-08-16 223317.mp4,7,1
Caledonia,Glass,Puerto de San Fernando,13486.7,328,CONFIRMED_FROM_VIDEO,CONFIRMED_FROM_VIDEO,Screen Recording 2026-08-16 223317.mp4,8,2
Caledonia,Glass,Saint Vincent,2315.6,130,CONFIRMED_FROM_VIDEO,CONFIRMED_FROM_VIDEO,Screen Recording 2026-08-16 223317.mp4,9,1
Caledonia,Glass,Saint-Nicholas,10308.5,272,CONFIRMED_FROM_VIDEO,CONFIRMED_FROM_VIDEO,Screen Recording 2026-08-16 223317.mp4,4,2
Caledonia,Glass,Sainte Rose,9748.2,262,CONFIRMED_FROM_VIDEO,CONFIRMED_FROM_VIDEO,Screen Recording 2026-08-16 223317.mp4,4,3
Caledonia,Glass,San Polo,15187.8,358,CONFIRMED_FROM_VIDEO,CONFIRMED_FROM_VIDEO,Screen Recording 2026-08-16 223317.mp4,10,2
Caledonia,Glass,San Salvador,15185.6,358,CONFIRMED_FROM_VIDEO,CONFIRMED_FROM_VIDEO,Screen Recording 2026-08-16 223317.mp4,10,2
Caledonia,Glass,San Vito,12204.6,305,CONFIRMED_FROM_VIDEO,CONFIRMED_FROM_VIDEO,Screen Recording 2026-08-16 223317.mp4,4,2
Caledonia,Glass,Sandy Settlement,10534.1,276,CONFIRMED_FROM_VIDEO,CONFIRMED_FROM_VIDEO,Screen Recording 2026-08-16 223317.mp4,4,2
Caledonia,Glass,Santa Maria,15029.5,356,CONFIRMED_FROM_VIDEO,CONFIRMED_FROM_VIDEO,Screen Recording 2026-08-16 223317.mp4,10,2
Caledonia,Glass,Sao Bento,15354.4,361,CONFIRMED_FROM_VIDEO,CONFIRMED_FROM_VIDEO,Screen Recording 2026-08-16 223317.mp4,7,3
Caledonia,Glass,Snake Prosper,395.7,96,CONFIRMED_FROM_VIDEO,CONFIRMED_FROM_VIDEO,Screen Recording 2026-08-16 223317.mp4,6,1
Caledonia,Glass,Sugar Cove,5194.4,181,CONFIRMED_FROM_VIDEO,CONFIRMED_FROM_VIDEO,Screen Recording 2026-08-16 223317.mp4,6,1
Caledonia,Glass,Taylor's Town,9040.8,249,CONFIRMED_FROM_VIDEO,CONFIRMED_FROM_VIDEO,Screen Recording 2026-08-16 223317.mp4,4,1
Caledonia,Glass,Theresa,11437.2,292,CONFIRMED_FROM_VIDEO,CONFIRMED_FROM_VIDEO,Screen Recording 2026-08-16 223317.mp4,4,4
Caledonia,Glass,Thresher Point,8106.2,233,CONFIRMED_FROM_VIDEO,CONFIRMED_FROM_VIDEO,Screen Recording 2026-08-16 223317.mp4,6,1
Caledonia,Glass,Venta Nueva,11984.3,301,CONFIRMED_FROM_VIDEO,CONFIRMED_FROM_VIDEO,Screen Recording 2026-08-16 223317.mp4,4,2
Caledonia,Glass,Villarreal Del Mar,10792.4,280,CONFIRMED_RECORDED_RECIPROCAL_AUDIT,CONFIRMED_FROM_VIDEO,Screen Recording 2026-08-16 223317.mp4,5,1
Caledonia,Glass,White Hook,854.8,104,CONFIRMED_FROM_VIDEO,CONFIRMED_FROM_VIDEO,Screen Recording 2026-08-16 223317.mp4,9,1
Caledonia,Glass,Wyntergard,4380.0,166,CONFIRMED_FROM_VIDEO,CONFIRMED_FROM_VIDEO,Screen Recording 2026-08-16 223317.mp4,4,2
Caledonia,Glass,Yorinobu's Settlement,4368.0,166,CONFIRMED_FROM_VIDEO,CONFIRMED_FROM_VIDEO,Screen Recording 2026-08-16 223317.mp4,1,1
Castle Landing,Scales,Al-Jazair,3529.7,158,CONFIRMED_FROM_VIDEO,CONFIRMED_FROM_VIDEO,Screen Recording 2026-08-16 223317.mp4,12,1
Castle Landing,Scales,Ashbourne,8599.9,252,CONFIRMED_FROM_VIDEO,CONFIRMED_FROM_VIDEO,Screen Recording 2026-08-16 223317.mp4,6,1
Castle Landing,Scales,Belfry Heights,5132.5,187,CONFIRMED_FROM_VIDEO,CONFIRMED_FROM_VIDEO,Screen Recording 2026-08-16 223317.mp4,9,1
Castle Landing,Scales,Bucket Bay,6427.9,211,CONFIRMED_FROM_VIDEO,CONFIRMED_FROM_VIDEO,Screen Recording 2026-08-16 223317.mp4,10,1
Castle Landing,Scales,Caledonia,5240.1,189,CONFIRMED_FROM_VIDEO,CONFIRMED_FROM_VIDEO,Screen Recording 2026-08-16 223317.mp4,11,1
Castle Landing,Scales,Caveira,14808.8,366,CONFIRMED_FROM_VIDEO,CONFIRMED_FROM_VIDEO,Screen Recording 2026-08-16 223317.mp4,4,2
Castle Landing,Scales,Caye Tiburon,4514.9,176,CONFIRMED_FROM_VIDEO,CONFIRMED_FROM_VIDEO,Screen Recording 2026-08-16 223317.mp4,9,1
Castle Landing,Scales,Crownstead,9403.3,266,CONFIRMED_FROM_VIDEO,CONFIRMED_FROM_VIDEO,Screen Recording 2026-08-16 223317.mp4,8,1
Castle Landing,Scales,Cumberland Hill,3107.9,150,CONFIRMED_FROM_VIDEO,CONFIRMED_FROM_VIDEO,Screen Recording 2026-08-16 223317.mp4,3,2
Castle Landing,Scales,Deadman's Murcia,5922.5,202,CONFIRMED_FROM_VIDEO,CONFIRMED_FROM_VIDEO,Screen Recording 2026-08-16 223317.mp4,9,1
Castle Landing,Scales,Fair Harbour,6158.4,206,CONFIRMED_FROM_VIDEO,CONFIRMED_FROM_VIDEO,Screen Recording 2026-08-16 223317.mp4,9,1
Castle Landing,Scales,Falmouth,9226.1,263,CONFIRMED_FROM_VIDEO,CONFIRMED_FROM_VIDEO,Screen Recording 2026-08-16 223317.mp4,6,1
Castle Landing,Scales,Gyldenvale,9951.0,277,CONFIRMED_FROM_VIDEO,CONFIRMED_FROM_VIDEO,Screen Recording 2026-08-16 223317.mp4,8,1
Castle Landing,Scales,Jones' Outpost,2781.1,144,CONFIRMED_FROM_VIDEO,CONFIRMED_FROM_VIDEO,Screen Recording 2026-08-16 223317.mp4,5,1
Castle Landing,Scales,Kandlerova,12049.2,315,CONFIRMED_FROM_VIDEO,CONFIRMED_FROM_VIDEO,Screen Recording 2026-08-16 223317.mp4,4,2
Castle Landing,Scales,La Povenglia,9012.1,259,CONFIRMED_FROM_VIDEO,CONFIRMED_FROM_VIDEO,Screen Recording 2026-08-16 223317.mp4,6,1
Castle Landing,Scales,Lebarde,1689.0,124,CONFIRMED_FROM_VIDEO,CONFIRMED_FROM_VIDEO,Screen Recording 2026-08-16 223317.mp4,3,2
Castle Landing,Scales,Lord Irving's Sacrifice,7456.4,230,CONFIRMED_FROM_VIDEO,CONFIRMED_FROM_VIDEO,Screen Recording 2026-08-16 223317.mp4,7,1
Castle Landing,Scales,Louisbourg,11029.2,297,CONFIRMED_FROM_VIDEO,CONFIRMED_FROM_VIDEO,Screen Recording 2026-08-16 223317.mp4,4,2
Castle Landing,Scales,Madalena,16687.2,401,CONFIRMED_FROM_VIDEO,CONFIRMED_FROM_VIDEO,Screen Recording 2026-08-16 223317.mp4,4,2
Castle Landing,Scales,Mako's Outlook,7207.0,226,CONFIRMED_FROM_VIDEO,CONFIRMED_FROM_VIDEO,Screen Recording 2026-08-16 223317.mp4,9,1
Castle Landing,Scales,Matthew's Rest,7014.3,222,CONFIRMED_FROM_VIDEO,CONFIRMED_FROM_VIDEO,Screen Recording 2026-08-16 223317.mp4,8,1
Castle Landing,Scales,Maurepas,10157.2,280,CONFIRMED_FROM_VIDEO,CONFIRMED_FROM_VIDEO,Screen Recording 2026-08-16 223317.mp4,4,2
Castle Landing,Scales,New Brighton,4063.8,168,CONFIRMED_FROM_VIDEO,CONFIRMED_FROM_VIDEO,Screen Recording 2026-08-16 223317.mp4,12,1
Castle Landing,Scales,New Catalina,2709.9,143,CONFIRMED_FROM_VIDEO,CONFIRMED_FROM_VIDEO,Screen Recording 2026-08-16 223317.mp4,5,1
Castle Landing,Scales,Pachard Town,7490.6,231,CONFIRMED_FROM_VIDEO,CONFIRMED_FROM_VIDEO,Screen Recording 2026-08-16 223317.mp4,7,1
Castle Landing,Scales,Peter's Cove,5044.7,186,CONFIRMED_FROM_VIDEO,CONFIRMED_FROM_VIDEO,Screen Recording 2026-08-16 223317.mp4,10,1
Castle Landing,Scales,Petit Anvers,11898.5,313,CONFIRMED_FROM_VIDEO,CONFIRMED_FROM_VIDEO,Screen Recording 2026-08-16 223317.mp4,4,2
Castle Landing,Scales,Poblado de San Juan,13642.4,345,CONFIRMED_FROM_VIDEO,CONFIRMED_FROM_VIDEO,Screen Recording 2026-08-16 223317.mp4,4,2
Castle Landing,Scales,Point Rocheux,9382.2,266,CONFIRMED_FROM_VIDEO,CONFIRMED_FROM_VIDEO,Screen Recording 2026-08-16 223317.mp4,6,1
Castle Landing,Scales,Ponta Delgada,16677.0,401,CONFIRMED_FROM_VIDEO,CONFIRMED_FROM_VIDEO,Screen Recording 2026-08-16 223317.mp4,5,2
Castle Landing,Scales,Port Antonio,10099.2,279,CONFIRMED_FROM_VIDEO,CONFIRMED_FROM_VIDEO,Screen Recording 2026-08-16 223317.mp4,5,2
Castle Landing,Scales,Port Louis,6822.6,219,CONFIRMED_FROM_VIDEO,CONFIRMED_FROM_VIDEO,Screen Recording 2026-08-16 223317.mp4,8,2
Castle Landing,Scales,Port Royal,8487.0,250,CONFIRMED_FROM_VIDEO,CONFIRMED_FROM_VIDEO,Screen Recording 2026-08-16 223317.mp4,7,1
Castle Landing,Scales,Port-Au-Croix,8445.0,249,CONFIRMED_FROM_VIDEO,CONFIRMED_FROM_VIDEO,Screen Recording 2026-08-16 223317.mp4,5,2
Castle Landing,Scales,Princeton,1666.2,123,CONFIRMED_FROM_VIDEO,CONFIRMED_FROM_VIDEO,Screen Recording 2026-08-16 223317.mp4,5,1
Castle Landing,Scales,Puerto de San Fernando,12383.6,322,CONFIRMED_FROM_VIDEO,CONFIRMED_FROM_VIDEO,Screen Recording 2026-08-16 223317.mp4,4,2
Castle Landing,Scales,Saint Vincent,4796.2,181,CONFIRMED_FROM_VIDEO,CONFIRMED_FROM_VIDEO,Screen Recording 2026-08-16 223317.mp4,9,1
Castle Landing,Scales,Saint-Nicholas,5138.6,188,CONFIRMED_FROM_VIDEO,CONFIRMED_FROM_VIDEO,Screen Recording 2026-08-16 223317.mp4,11,1
Castle Landing,Scales,Sainte Rose,12192.4,318,CONFIRMED_FROM_VIDEO,CONFIRMED_FROM_VIDEO,Screen Recording 2026-08-16 223317.mp4,6,2
Castle Landing,Scales,San Polo,11113.1,298,CONFIRMED_FROM_VIDEO,CONFIRMED_FROM_VIDEO,Screen Recording 2026-08-16 223317.mp4,4,2
Castle Landing,Scales,San Salvador,12638.8,326,CONFIRMED_FROM_VIDEO,CONFIRMED_FROM_VIDEO,Screen Recording 2026-08-16 223317.mp4,4,2
Castle Landing,Scales,San Vito,8411.4,248,CONFIRMED_FROM_VIDEO,CONFIRMED_FROM_VIDEO,Screen Recording 2026-08-16 223317.mp4,7,1
Castle Landing,Scales,Sandy Settlement,5430.0,193,CONFIRMED_FROM_VIDEO,CONFIRMED_FROM_VIDEO,Screen Recording 2026-08-16 223317.mp4,11,1
Castle Landing,Scales,Santa Maria,13174.1,336,CONFIRMED_FROM_VIDEO,CONFIRMED_FROM_VIDEO,Screen Recording 2026-08-16 223317.mp4,4,2
Castle Landing,Scales,Sao Bento,15663.9,382,CONFIRMED_FROM_VIDEO,CONFIRMED_FROM_VIDEO,Screen Recording 2026-08-16 223317.mp4,4,2
Castle Landing,Scales,Snake Prosper,5072.2,186,CONFIRMED_FROM_VIDEO,CONFIRMED_FROM_VIDEO,Screen Recording 2026-08-16 223317.mp4,16,1
Castle Landing,Scales,Sugar Cove,3561.6,158,CONFIRMED_FROM_VIDEO,CONFIRMED_FROM_VIDEO,Screen Recording 2026-08-16 223317.mp4,12,1
Castle Landing,Scales,Taylor's Town,3805.9,163,CONFIRMED_FROM_VIDEO,CONFIRMED_FROM_VIDEO,Screen Recording 2026-08-16 223317.mp4,12,1
Castle Landing,Scales,Theresa,10187.7,281,CONFIRMED_FROM_VIDEO,CONFIRMED_FROM_VIDEO,Screen Recording 2026-08-16 223317.mp4,4,2
Castle Landing,Scales,Thresher Point,4270.3,172,CONFIRMED_FROM_VIDEO,CONFIRMED_FROM_VIDEO,Screen Recording 2026-08-16 223317.mp4,14,1
Castle Landing,Scales,Venta Nueva,12197.2,318,CONFIRMED_FROM_VIDEO,CONFIRMED_FROM_VIDEO,Screen Recording 2026-08-16 223317.mp4,6,2
Castle Landing,Scales,Villarreal Del Mar,10878.3,294,CONFIRMED_FROM_VIDEO,CONFIRMED_FROM_VIDEO,Screen Recording 2026-08-16 223317.mp4,3,2
Castle Landing,Scales,White Hook,5983.6,203,CONFIRMED_FROM_VIDEO,CONFIRMED_FROM_VIDEO,Screen Recording 2026-08-16 223317.mp4,9,1
Castle Landing,Scales,Wyntergard,8648.5,252,CONFIRMED_FROM_VIDEO,CONFIRMED_FROM_VIDEO,Screen Recording 2026-08-16 223317.mp4,7,1
Castle Landing,Scales,Yorinobu's Settlement,4956.1,184,CONFIRMED_FROM_VIDEO,CONFIRMED_FROM_VIDEO,Screen Recording 2026-08-16 223317.mp4,9,1
Caveira,Honey,Al-Jazair,12779.6,258,CONFIRMED_FROM_VIDEO,CONFIRMED_FROM_VIDEO,Screen Recording 2026-08-16 223317.mp4,4,2
Caveira,Honey,Ashbourne,11754.2,243,CONFIRMED_FROM_VIDEO,CONFIRMED_FROM_VIDEO,Screen Recording 2026-08-16 223317.mp4,4,2
Caveira,Honey,Belfry Heights,10921.0,231,CONFIRMED_FROM_VIDEO,CONFIRMED_FROM_VIDEO,Screen Recording 2026-08-16 223317.mp4,5,2
Caveira,Honey,Bucket Bay,10487.3,225,CONFIRMED_FROM_VIDEO,CONFIRMED_FROM_VIDEO,Screen Recording 2026-08-16 223317.mp4,4,2
Caveira,Honey,Caledonia,15136.0,292,CONFIRMED_FROM_VIDEO,CONFIRMED_FROM_VIDEO,Screen Recording 2026-08-16 223317.mp4,8,1
Caveira,Honey,Castle Landing,14808.8,287,CONFIRMED_FROM_VIDEO,CONFIRMED_FROM_VIDEO,Screen Recording 2026-08-16 223317.mp4,6,2
Caveira,Honey,Caye Tiburon,10538.5,225,CONFIRMED_FROM_VIDEO,CONFIRMED_FROM_VIDEO,Screen Recording 2026-08-16 223317.mp4,6,2
Caveira,Honey,Crownstead,11905.7,245,CONFIRMED_FROM_VIDEO,CONFIRMED_FROM_VIDEO,Screen Recording 2026-08-16 223317.mp4,2,2
Caveira,Honey,Cumberland Hill,17164.6,321,CONFIRMED_FROM_VIDEO,CONFIRMED_FROM_VIDEO,Screen Recording 2026-08-16 223317.mp4,3,2
Caveira,Honey,Deadman's Murcia,14846.5,288,CONFIRMED_RECORDED_RECIPROCAL_AUDIT,CONFIRMED_FROM_VIDEO,Screen Recording 2026-08-16 223317.mp4,9,1
Caveira,Honey,Fair Harbour,11790.4,243,CONFIRMED_FROM_VIDEO,CONFIRMED_FROM_VIDEO,Screen Recording 2026-08-16 223317.mp4,4,2
Caveira,Honey,Falmouth,5647.4,154,CONFIRMED_FROM_VIDEO,CONFIRMED_FROM_VIDEO,Screen Recording 2026-08-16 223317.mp4,6,1
Caveira,Honey,Gyldenvale,13226.9,264,CONFIRMED_FROM_VIDEO,CONFIRMED_FROM_VIDEO,Screen Recording 2026-08-16 223317.mp4,4,2
Caveira,Honey,Jones' Outpost,16274.2,308,CONFIRMED_FROM_VIDEO,CONFIRMED_FROM_VIDEO,Screen Recording 2026-08-16 223317.mp4,6,2
Caveira,Honey,Kandlerova,11637.0,241,CONFIRMED_FROM_VIDEO,CONFIRMED_FROM_VIDEO,Screen Recording 2026-08-16 223317.mp4,6,1
Caveira,Honey,La Povenglia,11714.7,242,CONFIRMED_FROM_VIDEO,CONFIRMED_FROM_VIDEO,Screen Recording 2026-08-16 223317.mp4,4,2
Caveira,Honey,Lebarde,13416.3,267,CONFIRMED_FROM_VIDEO,CONFIRMED_FROM_VIDEO,Screen Recording 2026-08-16 223317.mp4,4,2
Caveira,Honey,Lord Irving's Sacrifice,8559.1,197,CONFIRMED_FROM_VIDEO,CONFIRMED_FROM_VIDEO,Screen Recording 2026-08-16 223317.mp4,9,1
Caveira,Honey,Louisbourg,8360.7,194,CONFIRMED_FROM_VIDEO,CONFIRMED_FROM_VIDEO,Screen Recording 2026-08-16 223317.mp4,9,1
Caveira,Honey,Madalena,1940.9,101,CONFIRMED_FROM_VIDEO,CONFIRMED_FROM_VIDEO,Screen Recording 2026-08-16 223317.mp4,5,2
Caveira,Honey,Mako's Outlook,9272.8,207,CONFIRMED_FROM_VIDEO,CONFIRMED_FROM_VIDEO,Screen Recording 2026-08-16 223317.mp4,7,1
Caveira,Honey,Matthew's Rest,9598.9,212,CONFIRMED_FROM_VIDEO,CONFIRMED_FROM_VIDEO,Screen Recording 2026-08-16 223317.mp4,6,2
Caveira,Honey,Maurepas,8445.8,195,CONFIRMED_FROM_VIDEO,CONFIRMED_FROM_VIDEO,Screen Recording 2026-08-16 223317.mp4,7,2
Caveira,Honey,New Brighton,11263.8,236,CONFIRMED_FROM_VIDEO,CONFIRMED_FROM_VIDEO,Screen Recording 2026-08-16 223317.mp4,4,2
Caveira,Honey,New Catalina,17054.6,320,CONFIRMED_FROM_VIDEO,CONFIRMED_FROM_VIDEO,Screen Recording 2026-08-16 223317.mp4,6,2
Caveira,Honey,Pachard Town,8604.6,197,CONFIRMED_FROM_VIDEO,CONFIRMED_FROM_VIDEO,Screen Recording 2026-08-16 223317.mp4,7,1
Caveira,Honey,Peter's Cove,13610.3,270,CONFIRMED_FROM_VIDEO,CONFIRMED_FROM_VIDEO,Screen Recording 2026-08-16 223317.mp4,3,3
Caveira,Honey,Petit Anvers,9659.8,213,CONFIRMED_FROM_VIDEO,CONFIRMED_FROM_VIDEO,Screen Recording 2026-08-16 223317.mp4,6,1
Caveira,Honey,Poblado de San Juan,4256.1,134,CONFIRMED_FROM_VIDEO,CONFIRMED_FROM_VIDEO,Screen Recording 2026-08-16 223317.mp4,7,2
Caveira,Honey,Point Rocheux,6592.4,168,CONFIRMED_FROM_VIDEO,CONFIRMED_FROM_VIDEO,Screen Recording 2026-08-16 223317.mp4,3,1
Caveira,Honey,Ponta Delgada,3792.7,127,CONFIRMED_FROM_VIDEO,CONFIRMED_FROM_VIDEO,Screen Recording 2026-08-16 223317.mp4,9,1
Caveira,Honey,Port Antonio,4709.6,141,CONFIRMED_FROM_VIDEO,CONFIRMED_FROM_VIDEO,Screen Recording 2026-08-16 223317.mp4,9,1
Caveira,Honey,Port Louis,12126.6,248,CONFIRMED_FROM_VIDEO,CONFIRMED_FROM_VIDEO,Screen Recording 2026-08-16 223317.mp4,2,2
Caveira,Honey,Port Royal,6696.6,170,CONFIRMED_FROM_VIDEO,CONFIRMED_FROM_VIDEO,Screen Recording 2026-08-16 223317.mp4,9,1
Caveira,Honey,Port-Au-Croix,7636.7,183,CONFIRMED_FROM_VIDEO,CONFIRMED_FROM_VIDEO,Screen Recording 2026-08-16 223317.mp4,9,1
Caveira,Honey,Princeton,13445.2,267,CONFIRMED_FROM_VIDEO,CONFIRMED_FROM_VIDEO,Screen Recording 2026-08-16 223317.mp4,4,2
Caveira,Honey,Puerto de San Fernando,2936.4,115,CONFIRMED_FROM_VIDEO,CONFIRMED_FROM_VIDEO,Screen Recording 2026-08-16 223317.mp4,7,1
Caveira,Honey,Saint Vincent,12864.3,259,CONFIRMED_FROM_VIDEO,CONFIRMED_FROM_VIDEO,Screen Recording 2026-08-16 223317.mp4,4,2
Caveira,Honey,Saint-Nicholas,15089.1,291,CONFIRMED_FROM_VIDEO,CONFIRMED_FROM_VIDEO,Screen Recording 2026-08-16 223317.mp4,6,2
Caveira,Honey,Sainte Rose,8038.0,189,CONFIRMED_FROM_VIDEO,CONFIRMED_FROM_VIDEO,Screen Recording 2026-08-16 223317.mp4,9,1
Caveira,Honey,San Polo,11402.1,238,CONFIRMED_FROM_VIDEO,CONFIRMED_FROM_VIDEO,Screen Recording 2026-08-16 223317.mp4,4,2
Caveira,Honey,San Salvador,6452.2,166,CONFIRMED_FROM_VIDEO,CONFIRMED_FROM_VIDEO,Screen Recording 2026-08-16 223317.mp4,5,1
Caveira,Honey,San Vito,10196.8,220,CONFIRMED_FROM_VIDEO,CONFIRMED_FROM_VIDEO,Screen Recording 2026-08-16 223317.mp4,4,2
Caveira,Honey,Sandy Settlement,14695.2,286,CONFIRMED_FROM_VIDEO,CONFIRMED_FROM_VIDEO,Screen Recording 2026-08-16 223317.mp4,4,2
Caveira,Honey,Santa Maria,4420.7,137,CONFIRMED_FROM_VIDEO,CONFIRMED_FROM_VIDEO,Screen Recording 2026-08-16 223317.mp4,9,1
Caveira,Honey,Sao Bento,1930.4,100,CONFIRMED_FROM_VIDEO,CONFIRMED_FROM_VIDEO,Screen Recording 2026-08-16 223317.mp4,5,1
Caveira,Honey,Snake Prosper,14751.6,286,CONFIRMED_FROM_VIDEO,CONFIRMED_FROM_VIDEO,Screen Recording 2026-08-16 223317.mp4,4,2
Caveira,Honey,Sugar Cove,18050.6,334,CONFIRMED_FROM_VIDEO,CONFIRMED_FROM_VIDEO,Screen Recording 2026-08-16 223317.mp4,6,2
Caveira,Honey,Taylor's Town,15456.2,297,CONFIRMED_FROM_VIDEO,CONFIRMED_FROM_VIDEO,Screen Recording 2026-08-16 223317.mp4,6,2
Caveira,Honey,Theresa,4814.1,142,CONFIRMED_FROM_VIDEO,CONFIRMED_FROM_VIDEO,Screen Recording 2026-08-16 223317.mp4,11,1
Caveira,Honey,Thresher Point,11471.0,239,CONFIRMED_FROM_VIDEO,CONFIRMED_FROM_VIDEO,Screen Recording 2026-08-16 223317.mp4,6,1
Caveira,Honey,Venta Nueva,3248.8,120,CONFIRMED_FROM_VIDEO,CONFIRMED_FROM_VIDEO,Screen Recording 2026-08-16 223317.mp4,9,1
Caveira,Honey,Villarreal Del Mar,4345.1,136,CONFIRMED_FROM_VIDEO,CONFIRMED_FROM_VIDEO,Screen Recording 2026-08-16 223317.mp4,9,1
Caveira,Honey,White Hook,15755.9,301,CONFIRMED_FROM_VIDEO,CONFIRMED_FROM_VIDEO,Screen Recording 2026-08-16 223317.mp4,6,2
Caveira,Honey,Wyntergard,12868.2,259,CONFIRMED_FROM_VIDEO,CONFIRMED_FROM_VIDEO,Screen Recording 2026-08-16 223317.mp4,4,2
Caveira,Honey,Yorinobu's Settlement,10978.1,232,CONFIRMED_FROM_VIDEO,CONFIRMED_FROM_VIDEO,Screen Recording 2026-08-16 223317.mp4,4,1
Caye Tiburon,Hay,Al-Jazair,4399.9,122,CONFIRMED_FROM_VIDEO,CONFIRMED_FROM_VIDEO,Screen Recording 2026-08-16 223317.mp4,11,1
Caye Tiburon,Hay,Ashbourne,8105.6,170,CONFIRMED_FROM_VIDEO,CONFIRMED_FROM_VIDEO,Screen Recording 2026-08-16 223317.mp4,8,1
Caye Tiburon,Hay,Belfry Heights,1619.7,86,CONFIRMED_FROM_VIDEO,CONFIRMED_FROM_VIDEO,Screen Recording 2026-08-16 223317.mp4,6,1
Caye Tiburon,Hay,Bucket Bay,5218.3,133,CONFIRMED_FROM_VIDEO,CONFIRMED_FROM_VIDEO,Screen Recording 2026-08-16 223317.mp4,9,1
Caye Tiburon,Hay,Caledonia,7451.0,162,CONFIRMED_FROM_VIDEO,CONFIRMED_FROM_VIDEO,Screen Recording 2026-08-16 223317.mp4,7,1
Caye Tiburon,Hay,Castle Landing,4514.9,124,CONFIRMED_FROM_VIDEO,CONFIRMED_FROM_VIDEO,Screen Recording 2026-08-16 223317.mp4,11,1
Caye Tiburon,Hay,Caveira,10538.5,202,CONFIRMED_FROM_VIDEO,CONFIRMED_FROM_VIDEO,Screen Recording 2026-08-16 223317.mp4,4,2
Caye Tiburon,Hay,Crownstead,8875.5,180,CONFIRMED_FROM_VIDEO,CONFIRMED_FROM_VIDEO,Screen Recording 2026-08-16 223317.mp4,8,1
Caye Tiburon,Hay,Cumberland Hill,7394.5,161,CONFIRMED_FROM_VIDEO,CONFIRMED_FROM_VIDEO,Screen Recording 2026-08-16 223317.mp4,5,2
Caye Tiburon,Hay,Deadman's Murcia,7736.1,166,CONFIRMED_FROM_VIDEO,CONFIRMED_FROM_VIDEO,Screen Recording 2026-08-16 223317.mp4,6,1
Caye Tiburon,Hay,Fair Harbour,5934.8,142,CONFIRMED_FROM_VIDEO,CONFIRMED_FROM_VIDEO,Screen Recording 2026-08-16 223317.mp4,9,1
Caye Tiburon,Hay,Falmouth,5219.5,133,CONFIRMED_FROM_VIDEO,CONFIRMED_FROM_VIDEO,Screen Recording 2026-08-16 223317.mp4,13,1
Caye Tiburon,Hay,Gyldenvale,9941.2,194,CONFIRMED_FROM_VIDEO,CONFIRMED_FROM_VIDEO,Screen Recording 2026-08-16 223317.mp4,2,1
Caye Tiburon,Hay,Jones' Outpost,6731.2,153,CONFIRMED_FROM_VIDEO,CONFIRMED_FROM_VIDEO,Screen Recording 2026-08-16 223317.mp4,8,1
Caye Tiburon,Hay,Kandlerova,8693.7,178,CONFIRMED_FROM_VIDEO,CONFIRMED_FROM_VIDEO,Screen Recording 2026-08-16 223317.mp4,8,1
Caye Tiburon,Hay,La Povenglia,6009.7,143,CONFIRMED_FROM_VIDEO,CONFIRMED_FROM_VIDEO,Screen Recording 2026-08-16 223317.mp4,9,1
Caye Tiburon,Hay,Lebarde,2937.5,103,CONFIRMED_FROM_VIDEO,CONFIRMED_FROM_VIDEO,Screen Recording 2026-08-16 223317.mp4,6,1
Caye Tiburon,Hay,Lord Irving's Sacrifice,3056.3,105,CONFIRMED_FROM_VIDEO,CONFIRMED_FROM_VIDEO,Screen Recording 2026-08-16 223317.mp4,15,1
Caye Tiburon,Hay,Louisbourg,8817.0,180,CONFIRMED_FROM_VIDEO,CONFIRMED_FROM_VIDEO,Screen Recording 2026-08-16 223317.mp4,8,1
Caye Tiburon,Hay,Madalena,12460.2,227,CONFIRMED_FROM_VIDEO,CONFIRMED_FROM_VIDEO,Screen Recording 2026-08-16 223317.mp4,4,2
Caye Tiburon,Hay,Mako's Outlook,3026.2,104,CONFIRMED_FROM_VIDEO,CONFIRMED_FROM_VIDEO,Screen Recording 2026-08-16 223317.mp4,7,1
Caye Tiburon,Hay,Matthew's Rest,5197.7,133,CONFIRMED_FROM_VIDEO,CONFIRMED_FROM_VIDEO,Screen Recording 2026-08-16 223317.mp4,7,1
Caye Tiburon,Hay,Maurepas,7981.9,169,CONFIRMED_FROM_VIDEO,CONFIRMED_FROM_VIDEO,Screen Recording 2026-08-16 223317.mp4,6,1
Caye Tiburon,Hay,New Brighton,3035.8,104,CONFIRMED_FROM_VIDEO,CONFIRMED_FROM_VIDEO,Screen Recording 2026-08-16 223317.mp4,6,1
Caye Tiburon,Hay,New Catalina,7111.5,157,CONFIRMED_FROM_VIDEO,CONFIRMED_FROM_VIDEO,Screen Recording 2026-08-16 223317.mp4,7,1
Caye Tiburon,Hay,Pachard Town,5020.1,130,CONFIRMED_FROM_VIDEO,CONFIRMED_FROM_VIDEO,Screen Recording 2026-08-16 223317.mp4,11,1
Caye Tiburon,Hay,Peter's Cove,4117.9,119,CONFIRMED_FROM_VIDEO,CONFIRMED_FROM_VIDEO,Screen Recording 2026-08-16 223317.mp4,17,1
Caye Tiburon,Hay,Petit Anvers,10129.7,197,CONFIRMED_FROM_VIDEO,CONFIRMED_FROM_VIDEO,Screen Recording 2026-08-16 223317.mp4,4,2
Caye Tiburon,Hay,Poblado de San Juan,9128.0,184,CONFIRMED_FROM_VIDEO,CONFIRMED_FROM_VIDEO,Screen Recording 2026-08-16 223317.mp4,4,2
Caye Tiburon,Hay,Point Rocheux,6188.0,145,CONFIRMED_FROM_VIDEO,CONFIRMED_FROM_VIDEO,Screen Recording 2026-08-16 223317.mp4,13,1
Caye Tiburon,Hay,Ponta Delgada,12862.8,232,CONFIRMED_FROM_VIDEO,CONFIRMED_FROM_VIDEO,Screen Recording 2026-08-16 223317.mp4,4,2
Caye Tiburon,Hay,Port Antonio,5890.9,142,CONFIRMED_FROM_VIDEO,CONFIRMED_FROM_VIDEO,Screen Recording 2026-08-16 223317.mp4,8,1
Caye Tiburon,Hay,Port Louis,6761.8,153,CONFIRMED_FROM_VIDEO,CONFIRMED_FROM_VIDEO,Screen Recording 2026-08-16 223317.mp4,8,1
Caye Tiburon,Hay,Port Royal,4002.5,117,CONFIRMED_FROM_VIDEO,CONFIRMED_FROM_VIDEO,Screen Recording 2026-08-16 223317.mp4,17,1
Caye Tiburon,Hay,Port-Au-Croix,5595.3,138,CONFIRMED_FROM_VIDEO,CONFIRMED_FROM_VIDEO,Screen Recording 2026-08-16 223317.mp4,8,1
Caye Tiburon,Hay,Princeton,3646.8,112,CONFIRMED_FROM_VIDEO,CONFIRMED_FROM_VIDEO,Screen Recording 2026-08-16 223317.mp4,15,1
Caye Tiburon,Hay,Puerto de San Fernando,7953.0,168,CONFIRMED_FROM_VIDEO,CONFIRMED_FROM_VIDEO,Screen Recording 2026-08-16 223317.mp4,7,1
Caye Tiburon,Hay,Saint Vincent,5551.7,137,CONFIRMED_FROM_VIDEO,CONFIRMED_FROM_VIDEO,Screen Recording 2026-08-16 223317.mp4,8,1
Caye Tiburon,Hay,Saint-Nicholas,5376.4,135,CONFIRMED_FROM_VIDEO,CONFIRMED_FROM_VIDEO,Screen Recording 2026-08-16 223317.mp4,9,1
Caye Tiburon,Hay,Sainte Rose,9818.9,193,CONFIRMED_FROM_VIDEO,CONFIRMED_FROM_VIDEO,Screen Recording 2026-08-16 223317.mp4,6,1
Caye Tiburon,Hay,San Polo,7781.3,166,CONFIRMED_FROM_VIDEO,CONFIRMED_FROM_VIDEO,Screen Recording 2026-08-16 223317.mp4,8,1
Caye Tiburon,Hay,San Salvador,8225.6,172,CONFIRMED_FROM_VIDEO,CONFIRMED_FROM_VIDEO,Screen Recording 2026-08-16 223317.mp4,8,1
Caye Tiburon,Hay,San Vito,4770.6,127,CONFIRMED_FROM_VIDEO,CONFIRMED_FROM_VIDEO,Screen Recording 2026-08-16 223317.mp4,11,1
Caye Tiburon,Hay,Sandy Settlement,5207.3,133,CONFIRMED_FROM_VIDEO,CONFIRMED_FROM_VIDEO,Screen Recording 2026-08-16 223317.mp4,9,1
Caye Tiburon,Hay,Santa Maria,8660.4,178,CONFIRMED_FROM_VIDEO,CONFIRMED_FROM_VIDEO,Screen Recording 2026-08-16 223317.mp4,6,1
Caye Tiburon,Hay,Sao Bento,11617.1,216,CONFIRMED_FROM_VIDEO,CONFIRMED_FROM_VIDEO,Screen Recording 2026-08-16 223317.mp4,4,2
Caye Tiburon,Hay,Snake Prosper,7098.1,157,CONFIRMED_FROM_VIDEO,CONFIRMED_FROM_VIDEO,Screen Recording 2026-08-16 223317.mp4,7,1
Caye Tiburon,Hay,Sugar Cove,8037.7,169,CONFIRMED_FROM_VIDEO,CONFIRMED_FROM_VIDEO,Screen Recording 2026-08-16 223317.mp4,7,1
Caye Tiburon,Hay,Taylor's Town,5194.3,133,CONFIRMED_FROM_VIDEO,CONFIRMED_FROM_VIDEO,Screen Recording 2026-08-16 223317.mp4,7,1
Caye Tiburon,Hay,Theresa,5784.5,140,CONFIRMED_FROM_VIDEO,CONFIRMED_FROM_VIDEO,Screen Recording 2026-08-16 223317.mp4,8,1
Caye Tiburon,Hay,Thresher Point,1338.3,82,CONFIRMED_FROM_VIDEO,CONFIRMED_FROM_VIDEO,Screen Recording 2026-08-16 223317.mp4,4,2
Caye Tiburon,Hay,Venta Nueva,8284.2,173,CONFIRMED_FROM_VIDEO,CONFIRMED_FROM_VIDEO,Screen Recording 2026-08-16 223317.mp4,8,1
Caye Tiburon,Hay,Villarreal Del Mar,7010.9,156,CONFIRMED_FROM_VIDEO,CONFIRMED_FROM_VIDEO,Screen Recording 2026-08-16 223317.mp4,7,2
Caye Tiburon,Hay,White Hook,8303.0,173,CONFIRMED_FROM_VIDEO,CONFIRMED_FROM_VIDEO,Screen Recording 2026-08-16 223317.mp4,8,1
Caye Tiburon,Hay,Wyntergard,8715.9,178,CONFIRMED_FROM_VIDEO,CONFIRMED_FROM_VIDEO,Screen Recording 2026-08-16 223317.mp4,8,1
Caye Tiburon,Hay,Yorinobu's Settlement,3925.4,116,CONFIRMED_FROM_VIDEO,CONFIRMED_FROM_VIDEO,Screen Recording 2026-08-16 223317.mp4,3,1
Crownstead,Bells,Al-Jazair,5889.7,147,CONFIRMED_FROM_VIDEO,CONFIRMED_FROM_VIDEO,Screen Recording 2026-08-16 104608.mp4,5,2
Crownstead,Bells,Ashbourne,816.6,79,CONFIRMED_FROM_VIDEO,CONFIRMED_FROM_VIDEO,Screen Recording 2026-08-16 104608.mp4,2,1
Crownstead,Bells,Belfry Heights,10489.0,209,CONFIRMED_FROM_VIDEO,CONFIRMED_FROM_VIDEO,Screen Recording 2026-08-16 104608.mp4,5,1
Crownstead,Bells,Bucket Bay,3657.2,117,CONFIRMED_FROM_VIDEO,CONFIRMED_FROM_VIDEO,Screen Recording 2026-08-16 104608.mp4,5,1
Crownstead,Bells,Caledonia,5529.6,142,CONFIRMED_FROM_VIDEO,CONFIRMED_FROM_VIDEO,Screen Recording 2026-08-16 104608.mp4,5,1
Crownstead,Bells,Castle Landing,9403.3,194,CONFIRMED_FROM_VIDEO,CONFIRMED_FROM_VIDEO,Screen Recording 2026-08-16 104608.mp4,3,1
Crownstead,Bells,Caveira,11905.7,228,CONFIRMED_FROM_VIDEO,CONFIRMED_FROM_VIDEO,Screen Recording 2026-08-16 104608.mp4,6,1
Crownstead,Bells,Caye Tiburon,8875.5,187,CONFIRMED_FROM_VIDEO,CONFIRMED_FROM_VIDEO,Screen Recording 2026-08-16 104608.mp4,4,1
Crownstead,Bells,Deadman's Murcia,4785.3,132,CONFIRMED_FROM_VIDEO,CONFIRMED_FROM_VIDEO,Screen Recording 2026-08-16 104608.mp4,3,1
Crownstead,Bells,Fair Harbour,3284.3,112,CONFIRMED_FROM_VIDEO,CONFIRMED_FROM_VIDEO,Screen Recording 2026-08-16 104608.mp4,4,1
Crownstead,Bells,Falmouth,7762.6,172,CONFIRMED_FROM_VIDEO,CONFIRMED_FROM_VIDEO,Screen Recording 2026-08-16 104608.mp4,5,1
Crownstead,Bells,Griffard's Rock,7265.3,166,CONFIRMED_FROM_GRIFFARDS_DESTINATION_LIST,DERIVED,naval_route_trade_handoff_v1.json:griffards_rock_backfills,,
Crownstead,Bells,Gyldenvale,1374.6,86,CONFIRMED_FROM_VIDEO,CONFIRMED_FROM_VIDEO,Screen Recording 2026-08-16 104608.mp4,4,1
Crownstead,Bells,Jones' Outpost,8553.1,183,CONFIRMED_FROM_VIDEO,CONFIRMED_FROM_VIDEO,Screen Recording 2026-08-16 104608.mp4,5,2
Crownstead,Bells,Kandlerova,16925.0,296,CONFIRMED_FROM_VIDEO,CONFIRMED_FROM_VIDEO,Screen Recording 2026-08-16 104608.mp4,1,1
Crownstead,Bells,La Povenglia,14680.4,266,CONFIRMED_FROM_VIDEO,CONFIRMED_FROM_VIDEO,Screen Recording 2026-08-16 104608.mp4,1,1
Crownstead,Bells,Lebarde,9436.9,195,CONFIRMED_FROM_VIDEO,CONFIRMED_FROM_VIDEO,Screen Recording 2026-08-16 104608.mp4,4,1
Crownstead,Bells,Lord Irving's Sacrifice,10660.3,211,CONFIRMED_FROM_VIDEO,CONFIRMED_FROM_VIDEO,Screen Recording 2026-08-16 104608.mp4,3,1
Crownstead,Bells,Louisbourg,3811.8,119,CONFIRMED_FROM_VIDEO,CONFIRMED_FROM_VIDEO,Screen Recording 2026-08-16 104608.mp4,4,1
Crownstead,Bells,Madalena,13119.3,245,CONFIRMED_FROM_VIDEO,CONFIRMED_FROM_VIDEO,Screen Recording 2026-08-16 104608.mp4,5,1
Crownstead,Bells,Mako's Outlook,11150.0,218,CONFIRMED_FROM_VIDEO,CONFIRMED_FROM_VIDEO,Screen Recording 2026-08-16 104608.mp4,5,1
Crownstead,Bells,Matthew's Rest,3859.9,120,CONFIRMED_FROM_VIDEO,CONFIRMED_FROM_VIDEO,Screen Recording 2026-08-16 104608.mp4,6,1
Crownstead,Bells,Maurepas,3479.3,114,CONFIRMED_FROM_VIDEO,CONFIRMED_FROM_VIDEO,Screen Recording 2026-08-16 104608.mp4,5,1
Crownstead,Bells,New Brighton,6133.5,150,CONFIRMED_FROM_VIDEO,CONFIRMED_FROM_VIDEO,Screen Recording 2026-08-16 104608.mp4,5,1
Crownstead,Bells,New Catalina,9773.2,199,CONFIRMED_FROM_VIDEO,CONFIRMED_FROM_VIDEO,Screen Recording 2026-08-16 104608.mp4,4,1
Crownstead,Bells,Pachard Town,4566.4,129,CONFIRMED_FROM_VIDEO,CONFIRMED_FROM_VIDEO,Screen Recording 2026-08-16 104608.mp4,4,1
Crownstead,Bells,Peter's Cove,12697.8,239,CONFIRMED_FROM_VIDEO,CONFIRMED_FROM_VIDEO,Screen Recording 2026-08-16 104608.mp4,6,1
Crownstead,Bells,Petit Anvers,3435.3,114,CONFIRMED_FROM_VIDEO,CONFIRMED_FROM_VIDEO,Screen Recording 2026-08-16 104608.mp4,4,2
Crownstead,Bells,Poblado de San Juan,13663.4,252,CONFIRMED_FROM_VIDEO,CONFIRMED_FROM_VIDEO,Screen Recording 2026-08-16 104608.mp4,4,1
Crownstead,Bells,Point Rocheux,5671.7,144,CONFIRMED_FROM_VIDEO,CONFIRMED_FROM_VIDEO,Screen Recording 2026-08-16 104608.mp4,6,1
Crownstead,Bells,Ponta Delgada,11451.9,222,CONFIRMED_FROM_VIDEO,CONFIRMED_FROM_VIDEO,Screen Recording 2026-08-16 104608.mp4,4,1
Crownstead,Bells,Port Antonio,8772.7,186,CONFIRMED_FROM_VIDEO,CONFIRMED_FROM_VIDEO,Screen Recording 2026-08-16 104608.mp4,5,1
Crownstead,Bells,Port Louis,2581.9,102,CONFIRMED_FROM_VIDEO,CONFIRMED_FROM_VIDEO,Screen Recording 2026-08-16 104608.mp4,3,2
Crownstead,Bells,Port Royal,9607.6,197,CONFIRMED_FROM_VIDEO,CONFIRMED_FROM_VIDEO,Screen Recording 2026-08-16 104608.mp4,5,1
Crownstead,Bells,Port-Au-Croix,4955.2,134,CONFIRMED_FROM_VIDEO,CONFIRMED_FROM_VIDEO,Screen Recording 2026-08-16 104608.mp4,4,1
Crownstead,Bells,Princeton,7861.2,174,CONFIRMED_FROM_VIDEO,CONFIRMED_FROM_VIDEO,Screen Recording 2026-08-16 104608.mp4,6,1
Crownstead,Bells,Puerto de San Fernando,11262.3,220,CONFIRMED_FROM_VIDEO,CONFIRMED_FROM_VIDEO,Screen Recording 2026-08-16 104608.mp4,4,1
Crownstead,Bells,Saint Vincent,4629.2,130,CONFIRMED_FROM_VIDEO,CONFIRMED_FROM_VIDEO,Screen Recording 2026-08-16 104608.mp4,3,1
Crownstead,Bells,Saint-Nicholas,13603.8,251,CONFIRMED_FROM_VIDEO,CONFIRMED_FROM_VIDEO,Screen Recording 2026-08-16 104608.mp4,4,1
Crownstead,Bells,Sainte Rose,4731.6,131,CONFIRMED_FROM_VIDEO,CONFIRMED_FROM_VIDEO,Screen Recording 2026-08-16 104608.mp4,3,1
Crownstead,Bells,San Polo,16107.0,285,CONFIRMED_FROM_VIDEO,CONFIRMED_FROM_VIDEO,Screen Recording 2026-08-16 104608.mp4,1,1
Crownstead,Bells,San Salvador,14252.0,260,CONFIRMED_FROM_VIDEO,CONFIRMED_FROM_VIDEO,Screen Recording 2026-08-16 104608.mp4,2,2
Crownstead,Bells,San Vito,13161.4,245,CONFIRMED_FROM_VIDEO,CONFIRMED_FROM_VIDEO,Screen Recording 2026-08-16 104608.mp4,5,1
Crownstead,Bells,Sandy Settlement,13629.3,251,CONFIRMED_FROM_VIDEO,CONFIRMED_FROM_VIDEO,Screen Recording 2026-08-16 104608.mp4,5,1
Crownstead,Bells,Santa Maria,13363.3,248,CONFIRMED_FROM_VIDEO,CONFIRMED_FROM_VIDEO,Screen Recording 2026-08-16 104608.mp4,5,1
Crownstead,Bells,Sao Bento,11511.6,223,CONFIRMED_FROM_VIDEO,CONFIRMED_FROM_VIDEO,Screen Recording 2026-08-16 104608.mp4,5,2
Crownstead,Bells,Snake Prosper,5334.9,140,CONFIRMED_FROM_VIDEO,CONFIRMED_FROM_VIDEO,Screen Recording 2026-08-16 104608.mp4,4,2
Crownstead,Bells,Sugar Cove,10585.3,210,CONFIRMED_FROM_VIDEO,CONFIRMED_FROM_VIDEO,Screen Recording 2026-08-16 104608.mp4,4,1
Crownstead,Bells,Taylor's Town,12738.1,239,CONFIRMED_FROM_VIDEO,CONFIRMED_FROM_VIDEO,Screen Recording 2026-08-16 104608.mp4,5,1
Crownstead,Bells,Theresa,9777.3,199,CONFIRMED_FROM_VIDEO,CONFIRMED_FROM_VIDEO,Screen Recording 2026-08-16 104608.mp4,4,1
Crownstead,Bells,Thresher Point,10088.8,204,CONFIRMED_FROM_VIDEO,CONFIRMED_FROM_VIDEO,Screen Recording 2026-08-16 104608.mp4,4,1
Crownstead,Bells,Venta Nueva,8688.1,185,CONFIRMED_FROM_VIDEO,CONFIRMED_FROM_VIDEO,Screen Recording 2026-08-16 104608.mp4,5,1
Crownstead,Bells,Villarreal Del Mar,7888.1,174,CONFIRMED_FROM_VIDEO,CONFIRMED_FROM_VIDEO,Screen Recording 2026-08-16 104608.mp4,5,1
Crownstead,Bells,White Hook,5597.8,143,CONFIRMED_FROM_VIDEO,CONFIRMED_FROM_VIDEO,Screen Recording 2026-08-16 104608.mp4,4,1
Crownstead,Bells,Wyntergard,1267.1,85,CONFIRMED_FROM_VIDEO,CONFIRMED_FROM_VIDEO,Screen Recording 2026-08-16 104608.mp4,3,1
Cumberland Hill,Coffee,Al-Jazair,4554.4,124,CONFIRMED_FROM_VIDEO,CONFIRMED_FROM_VIDEO,Screen Recording 2026-08-16 223317.mp4,9,1
Cumberland Hill,Coffee,Ashbourne,8782.0,179,CONFIRMED_FROM_VIDEO,CONFIRMED_FROM_VIDEO,Screen Recording 2026-08-16 223317.mp4,6,1
Cumberland Hill,Coffee,Belfry Heights,8206.6,172,CONFIRMED_FROM_VIDEO,CONFIRMED_FROM_VIDEO,Screen Recording 2026-08-16 223317.mp4,6,1
Cumberland Hill,Coffee,Bucket Bay,7510.5,163,CONFIRMED_FROM_VIDEO,CONFIRMED_FROM_VIDEO,Screen Recording 2026-08-16 223317.mp4,6,1
Cumberland Hill,Coffee,Caledonia,4133.3,119,CONFIRMED_FROM_VIDEO,CONFIRMED_FROM_VIDEO,Screen Recording 2026-08-16 223317.mp4,6,1
Cumberland Hill,Coffee,Castle Landing,3107.9,105,CONFIRMED_FROM_VIDEO,CONFIRMED_FROM_VIDEO,Screen Recording 2026-08-16 223317.mp4,4,1
Cumberland Hill,Coffee,Caveira,17164.6,288,CONFIRMED_FROM_VIDEO,CONFIRMED_FROM_VIDEO,Screen Recording 2026-08-16 223317.mp4,4,2
Cumberland Hill,Coffee,Caye Tiburon,7394.5,161,CONFIRMED_FROM_VIDEO,CONFIRMED_FROM_VIDEO,Screen Recording 2026-08-16 223317.mp4,6,1
Cumberland Hill,Coffee,Crownstead,9488.9,188,CONFIRMED_FROM_VIDEO,CONFIRMED_FROM_VIDEO,Screen Recording 2026-08-16 223317.mp4,6,1
Cumberland Hill,Coffee,Deadman's Murcia,4950.6,129,CONFIRMED_FROM_VIDEO,CONFIRMED_FROM_VIDEO,Screen Recording 2026-08-16 223317.mp4,5,1
Cumberland Hill,Coffee,Fair Harbour,6697.3,152,CONFIRMED_FROM_VIDEO,CONFIRMED_FROM_VIDEO,Screen Recording 2026-08-16 223317.mp4,9,2
Cumberland Hill,Coffee,Falmouth,11517.5,215,CONFIRMED_FROM_VIDEO,CONFIRMED_FROM_VIDEO,Screen Recording 2026-08-16 223317.mp4,4,2
Cumberland Hill,Coffee,Gyldenvale,9606.0,190,CONFIRMED_FROM_VIDEO,CONFIRMED_FROM_VIDEO,Screen Recording 2026-08-16 223317.mp4,6,1
Cumberland Hill,Coffee,Jones' Outpost,984.8,78,CONFIRMED_FROM_VIDEO,CONFIRMED_FROM_VIDEO,Screen Recording 2026-08-16 223317.mp4,4,1
Cumberland Hill,Coffee,Kandlerova,15145.4,262,CONFIRMED_FROM_VIDEO,CONFIRMED_FROM_VIDEO,Screen Recording 2026-08-16 223317.mp4,4,2
Cumberland Hill,Coffee,La Povenglia,12098.7,222,CONFIRMED_FROM_VIDEO,CONFIRMED_FROM_VIDEO,Screen Recording 2026-08-16 223317.mp4,4,2
Cumberland Hill,Coffee,Lebarde,4773.3,127,CONFIRMED_FROM_VIDEO,CONFIRMED_FROM_VIDEO,Screen Recording 2026-08-16 223317.mp4,9,1
Cumberland Hill,Coffee,Lord Irving's Sacrifice,10425.6,201,CONFIRMED_FROM_VIDEO,CONFIRMED_FROM_VIDEO,Screen Recording 2026-08-16 223317.mp4,6,2
Cumberland Hill,Coffee,Louisbourg,12044.4,222,CONFIRMED_FROM_VIDEO,CONFIRMED_FROM_VIDEO,Screen Recording 2026-08-16 223317.mp4,4,2
Cumberland Hill,Coffee,Madalena,18969.0,312,CONFIRMED_FROM_VIDEO,CONFIRMED_FROM_VIDEO,Screen Recording 2026-08-16 223317.mp4,6,1
Cumberland Hill,Coffee,Mako's Outlook,10243.6,198,CONFIRMED_FROM_VIDEO,CONFIRMED_FROM_VIDEO,Screen Recording 2026-08-16 223317.mp4,4,2
Cumberland Hill,Coffee,Matthew's Rest,8313.6,173,CONFIRMED_FROM_VIDEO,CONFIRMED_FROM_VIDEO,Screen Recording 2026-08-16 223317.mp4,3,2
Cumberland Hill,Coffee,Maurepas,11228.1,211,CONFIRMED_FROM_VIDEO,CONFIRMED_FROM_VIDEO,Screen Recording 2026-08-16 223317.mp4,8,2
Cumberland Hill,Coffee,New Brighton,5912.6,142,CONFIRMED_FROM_VIDEO,CONFIRMED_FROM_VIDEO,Screen Recording 2026-08-16 223317.mp4,6,1
Cumberland Hill,Coffee,New Catalina,554.4,72,CONFIRMED_FROM_VIDEO,CONFIRMED_FROM_VIDEO,Screen Recording 2026-08-16 223317.mp4,4,1
Cumberland Hill,Coffee,Pachard Town,9067.7,183,CONFIRMED_FROM_VIDEO,CONFIRMED_FROM_VIDEO,Screen Recording 2026-08-16 223317.mp4,6,1
Cumberland Hill,Coffee,Peter's Cove,8010.9,169,CONFIRMED_FROM_VIDEO,CONFIRMED_FROM_VIDEO,Screen Recording 2026-08-16 223317.mp4,6,2
Cumberland Hill,Coffee,Petit Anvers,12552.3,228,CONFIRMED_FROM_VIDEO,CONFIRMED_FROM_VIDEO,Screen Recording 2026-08-16 223317.mp4,2,2
Cumberland Hill,Coffee,Poblado de San Juan,16452.8,279,CONFIRMED_FROM_VIDEO,CONFIRMED_FROM_VIDEO,Screen Recording 2026-08-16 223317.mp4,4,2
Cumberland Hill,Coffee,Point Rocheux,11152.4,210,CONFIRMED_FROM_VIDEO,CONFIRMED_FROM_VIDEO,Screen Recording 2026-08-16 223317.mp4,8,2
Cumberland Hill,Coffee,Ponta Delgada,18572.2,306,CONFIRMED_FROM_VIDEO,CONFIRMED_FROM_VIDEO,Screen Recording 2026-08-16 223317.mp4,4,2
Cumberland Hill,Coffee,Port Antonio,12504.4,228,CONFIRMED_FROM_VIDEO,CONFIRMED_FROM_VIDEO,Screen Recording 2026-08-16 223317.mp4,2,2
Cumberland Hill,Coffee,Port Louis,7067.7,157,CONFIRMED_FROM_VIDEO,CONFIRMED_FROM_VIDEO,Screen Recording 2026-08-16 223317.mp4,8,1
Cumberland Hill,Coffee,Port Royal,11217.8,211,CONFIRMED_FROM_VIDEO,CONFIRMED_FROM_VIDEO,Screen Recording 2026-08-16 223317.mp4,6,2
Cumberland Hill,Coffee,Port-Au-Croix,10105.4,196,CONFIRMED_FROM_VIDEO,CONFIRMED_FROM_VIDEO,Screen Recording 2026-08-16 223317.mp4,1,3
Cumberland Hill,Coffee,Princeton,3827.1,115,CONFIRMED_FROM_VIDEO,CONFIRMED_FROM_VIDEO,Screen Recording 2026-08-16 223317.mp4,6,1
Cumberland Hill,Coffee,Puerto de San Fernando,14969.9,260,CONFIRMED_FROM_VIDEO,CONFIRMED_FROM_VIDEO,Screen Recording 2026-08-16 223317.mp4,4,2
Cumberland Hill,Coffee,Saint Vincent,5156.4,132,CONFIRMED_FROM_VIDEO,CONFIRMED_FROM_VIDEO,Screen Recording 2026-08-16 223317.mp4,5,1
Cumberland Hill,Coffee,Saint-Nicholas,7809.5,167,CONFIRMED_FROM_VIDEO,CONFIRMED_FROM_VIDEO,Screen Recording 2026-08-16 223317.mp4,7,1
Cumberland Hill,Coffee,Sainte Rose,13225.6,237,CONFIRMED_FROM_VIDEO,CONFIRMED_FROM_VIDEO,Screen Recording 2026-08-16 223317.mp4,2,2
Cumberland Hill,Coffee,San Polo,14210.9,250,CONFIRMED_RECORDED_RECIPROCAL_AUDIT,CONFIRMED_FROM_VIDEO,Screen Recording 2026-08-16 223317.mp4,1,3
Cumberland Hill,Coffee,San Salvador,15612.7,268,CONFIRMED_FROM_VIDEO,CONFIRMED_FROM_VIDEO,Screen Recording 2026-08-16 223317.mp4,4,2
Cumberland Hill,Coffee,San Vito,11516.6,215,CONFIRMED_FROM_VIDEO,CONFIRMED_FROM_VIDEO,Screen Recording 2026-08-16 223317.mp4,4,2
Cumberland Hill,Coffee,Sandy Settlement,8198.5,172,CONFIRMED_FROM_VIDEO,CONFIRMED_FROM_VIDEO,Screen Recording 2026-08-16 223317.mp4,6,1
Cumberland Hill,Coffee,Santa Maria,15993.8,273,CONFIRMED_FROM_VIDEO,CONFIRMED_FROM_VIDEO,Screen Recording 2026-08-16 223317.mp4,4,2
Cumberland Hill,Coffee,Sao Bento,17784.5,296,CONFIRMED_FROM_VIDEO,CONFIRMED_FROM_VIDEO,Screen Recording 2026-08-16 223317.mp4,4,2
Cumberland Hill,Coffee,Snake Prosper,4215.2,120,CONFIRMED_FROM_VIDEO,CONFIRMED_FROM_VIDEO,Screen Recording 2026-08-16 223317.mp4,6,1
Cumberland Hill,Coffee,Sugar Cove,1099.3,79,CONFIRMED_FROM_VIDEO,CONFIRMED_FROM_VIDEO,Screen Recording 2026-08-16 223317.mp4,4,1
Cumberland Hill,Coffee,Taylor's Town,6319.9,147,CONFIRMED_FROM_VIDEO,CONFIRMED_FROM_VIDEO,Screen Recording 2026-08-16 223317.mp4,6,1
Cumberland Hill,Coffee,Theresa,12775.7,231,CONFIRMED_FROM_VIDEO,CONFIRMED_FROM_VIDEO,Screen Recording 2026-08-16 223317.mp4,2,2
Cumberland Hill,Coffee,Thresher Point,7342.8,160,CONFIRMED_FROM_VIDEO,CONFIRMED_FROM_VIDEO,Screen Recording 2026-08-16 223317.mp4,6,1
Cumberland Hill,Coffee,Venta Nueva,14294.7,251,CONFIRMED_FROM_VIDEO,CONFIRMED_FROM_VIDEO,Screen Recording 2026-08-16 223317.mp4,4,2
Cumberland Hill,Coffee,Villarreal Del Mar,12993.2,234,CONFIRMED_FROM_VIDEO,CONFIRMED_FROM_VIDEO,Screen Recording 2026-08-16 223317.mp4,4,1
Cumberland Hill,Coffee,White Hook,4521.5,124,CONFIRMED_FROM_VIDEO,CONFIRMED_FROM_VIDEO,Screen Recording 2026-08-16 223317.mp4,9,1
Cumberland Hill,Coffee,Wyntergard,8432.5,175,CONFIRMED_FROM_VIDEO,CONFIRMED_FROM_VIDEO,Screen Recording 2026-08-16 223317.mp4,4,1
Cumberland Hill,Coffee,Yorinobu's Settlement,6402.0,148,CONFIRMED_FROM_VIDEO,CONFIRMED_FROM_VIDEO,Screen Recording 2026-08-16 223317.mp4,3,2
Deadman's Murcia,Oranges,Al-Jazair,3351.1,142,CONFIRMED_FROM_VIDEO,CONFIRMED_FROM_VIDEO,Screen Recording 2026-08-16 223317.mp4,7,1
Deadman's Murcia,Oranges,Ashbourne,4213.4,157,CONFIRMED_FROM_VIDEO,CONFIRMED_FROM_VIDEO,Screen Recording 2026-08-16 223317.mp4,10,1
Deadman's Murcia,Oranges,Belfry Heights,9207.7,242,CONFIRMED_FROM_VIDEO,CONFIRMED_FROM_VIDEO,Screen Recording 2026-08-16 223317.mp4,3,1
Deadman's Murcia,Oranges,Bucket Bay,4365.0,159,CONFIRMED_FROM_VIDEO,CONFIRMED_FROM_VIDEO,Screen Recording 2026-08-16 223317.mp4,4,1
Deadman's Murcia,Oranges,Caledonia,817.3,99,CONFIRMED_FROM_VIDEO,CONFIRMED_FROM_VIDEO,Screen Recording 2026-08-16 223317.mp4,6,1
Deadman's Murcia,Oranges,Castle Landing,5922.5,186,CONFIRMED_FROM_VIDEO,CONFIRMED_FROM_VIDEO,Screen Recording 2026-08-16 223317.mp4,6,1
Deadman's Murcia,Oranges,Caveira,14846.5,337,CONFIRMED_FROM_VIDEO,CONFIRMED_FROM_VIDEO,Screen Recording 2026-08-16 223317.mp4,6,2
Deadman's Murcia,Oranges,Caye Tiburon,7736.1,217,CONFIRMED_FROM_VIDEO,CONFIRMED_FROM_VIDEO,Screen Recording 2026-08-16 223317.mp4,8,1
Deadman's Murcia,Oranges,Crownstead,4785.3,166,CONFIRMED_FROM_VIDEO,CONFIRMED_FROM_VIDEO,Screen Recording 2026-08-16 223317.mp4,6,1
Deadman's Murcia,Oranges,Cumberland Hill,4950.6,169,CONFIRMED_FROM_VIDEO,CONFIRMED_FROM_VIDEO,Screen Recording 2026-08-16 223317.mp4,5,2
Deadman's Murcia,Oranges,Fair Harbour,3057.5,137,CONFIRMED_FROM_VIDEO,CONFIRMED_FROM_VIDEO,Screen Recording 2026-08-16 223317.mp4,7,1
Deadman's Murcia,Oranges,Falmouth,9554.2,247,CONFIRMED_FROM_VIDEO,CONFIRMED_FROM_VIDEO,Screen Recording 2026-08-16 223317.mp4,4,1
Deadman's Murcia,Oranges,Gyldenvale,4686.6,165,CONFIRMED_FROM_VIDEO,CONFIRMED_FROM_VIDEO,Screen Recording 2026-08-16 223317.mp4,4,1
Deadman's Murcia,Oranges,Jones' Outpost,4126.3,155,CONFIRMED_FROM_VIDEO,CONFIRMED_FROM_VIDEO,Screen Recording 2026-08-16 223317.mp4,10,1
Deadman's Murcia,Oranges,Kandlerova,16428.5,364,CONFIRMED_FROM_VIDEO,CONFIRMED_FROM_VIDEO,Screen Recording 2026-08-16 223317.mp4,2,2
Deadman's Murcia,Oranges,La Povenglia,13656.5,317,CONFIRMED_FROM_VIDEO,CONFIRMED_FROM_VIDEO,Screen Recording 2026-08-16 223317.mp4,6,2
Deadman's Murcia,Oranges,Lebarde,6725.5,199,CONFIRMED_FROM_VIDEO,CONFIRMED_FROM_VIDEO,Screen Recording 2026-08-16 223317.mp4,8,1
Deadman's Murcia,Oranges,Lord Irving's Sacrifice,10507.3,264,CONFIRMED_FROM_VIDEO,CONFIRMED_FROM_VIDEO,Screen Recording 2026-08-16 223317.mp4,2,2
Deadman's Murcia,Oranges,Louisbourg,8012.3,221,CONFIRMED_FROM_VIDEO,CONFIRMED_FROM_VIDEO,Screen Recording 2026-08-16 223317.mp4,5,1
Deadman's Murcia,Oranges,Madalena,16409.4,364,CONFIRMED_FROM_VIDEO,CONFIRMED_FROM_VIDEO,Screen Recording 2026-08-16 223317.mp4,2,2
Deadman's Murcia,Oranges,Mako's Outlook,10690.0,267,CONFIRMED_FROM_VIDEO,CONFIRMED_FROM_VIDEO,Screen Recording 2026-08-16 223317.mp4,7,1
Deadman's Murcia,Oranges,Matthew's Rest,5248.1,174,CONFIRMED_FROM_VIDEO,CONFIRMED_FROM_VIDEO,Screen Recording 2026-08-16 223317.mp4,9,1
Deadman's Murcia,Oranges,Maurepas,7336.1,210,CONFIRMED_FROM_VIDEO,CONFIRMED_FROM_VIDEO,Screen Recording 2026-08-16 223317.mp4,7,1
Deadman's Murcia,Oranges,New Brighton,4804.1,167,CONFIRMED_FROM_VIDEO,CONFIRMED_FROM_VIDEO,Screen Recording 2026-08-16 223317.mp4,5,1
Deadman's Murcia,Oranges,New Catalina,5338.4,176,CONFIRMED_FROM_VIDEO,CONFIRMED_FROM_VIDEO,Screen Recording 2026-08-16 223317.mp4,6,1
Deadman's Murcia,Oranges,Pachard Town,6250.0,191,CONFIRMED_FROM_VIDEO,CONFIRMED_FROM_VIDEO,Screen Recording 2026-08-16 223317.mp4,8,1
Deadman's Murcia,Oranges,Peter's Cove,10473.4,263,CONFIRMED_FROM_VIDEO,CONFIRMED_FROM_VIDEO,Screen Recording 2026-08-16 223317.mp4,2,2
Deadman's Murcia,Oranges,Petit Anvers,8120.9,223,CONFIRMED_FROM_VIDEO,CONFIRMED_FROM_VIDEO,Screen Recording 2026-08-16 223317.mp4,5,1
Deadman's Murcia,Oranges,Poblado de San Juan,15374.9,346,CONFIRMED_FROM_VIDEO,CONFIRMED_FROM_VIDEO,Screen Recording 2026-08-16 223317.mp4,2,2
Deadman's Murcia,Oranges,Point Rocheux,8275.7,226,CONFIRMED_FROM_VIDEO,CONFIRMED_FROM_VIDEO,Screen Recording 2026-08-16 223317.mp4,5,1
Deadman's Murcia,Oranges,Ponta Delgada,15340.2,346,CONFIRMED_FROM_VIDEO,CONFIRMED_FROM_VIDEO,Screen Recording 2026-08-16 223317.mp4,4,2
Deadman's Murcia,Oranges,Port Antonio,10663.4,266,CONFIRMED_FROM_VIDEO,CONFIRMED_FROM_VIDEO,Screen Recording 2026-08-16 223317.mp4,1,1
Deadman's Murcia,Oranges,Port Louis,2879.2,134,CONFIRMED_FROM_VIDEO,CONFIRMED_FROM_VIDEO,Screen Recording 2026-08-16 223317.mp4,6,1
Deadman's Murcia,Oranges,Port Royal,10361.5,261,CONFIRMED_FROM_VIDEO,CONFIRMED_FROM_VIDEO,Screen Recording 2026-08-16 223317.mp4,4,2
Deadman's Murcia,Oranges,Port-Au-Croix,7213.1,208,CONFIRMED_FROM_VIDEO,CONFIRMED_FROM_VIDEO,Screen Recording 2026-08-16 223317.mp4,6,1
Deadman's Murcia,Oranges,Princeton,4904.8,168,CONFIRMED_FROM_VIDEO,CONFIRMED_FROM_VIDEO,Screen Recording 2026-08-16 223317.mp4,5,1
Deadman's Murcia,Oranges,Puerto de San Fernando,13334.5,312,CONFIRMED_FROM_VIDEO,CONFIRMED_FROM_VIDEO,Screen Recording 2026-08-16 223317.mp4,4,2
Deadman's Murcia,Oranges,Saint Vincent,2290.9,124,CONFIRMED_FROM_VIDEO,CONFIRMED_FROM_VIDEO,Screen Recording 2026-08-16 223317.mp4,6,1
Deadman's Murcia,Oranges,Saint-Nicholas,10926.1,271,CONFIRMED_FROM_VIDEO,CONFIRMED_FROM_VIDEO,Screen Recording 2026-08-16 223317.mp4,4,2
Deadman's Murcia,Oranges,Sainte Rose,9131.1,240,CONFIRMED_FROM_VIDEO,CONFIRMED_FROM_VIDEO,Screen Recording 2026-08-16 223317.mp4,5,1
Deadman's Murcia,Oranges,San Polo,15512.1,349,CONFIRMED_FROM_VIDEO,CONFIRMED_FROM_VIDEO,Screen Recording 2026-08-16 223317.mp4,2,2
Deadman's Murcia,Oranges,San Salvador,15241.4,344,CONFIRMED_FROM_VIDEO,CONFIRMED_FROM_VIDEO,Screen Recording 2026-08-16 223317.mp4,4,2
Deadman's Murcia,Oranges,San Vito,12506.6,298,CONFIRMED_FROM_VIDEO,CONFIRMED_FROM_VIDEO,Screen Recording 2026-08-16 223317.mp4,2,2
Deadman's Murcia,Oranges,Sandy Settlement,11126.1,274,CONFIRMED_FROM_VIDEO,CONFIRMED_FROM_VIDEO,Screen Recording 2026-08-16 223317.mp4,6,2
Deadman's Murcia,Oranges,Santa Maria,14975.4,340,CONFIRMED_FROM_VIDEO,CONFIRMED_FROM_VIDEO,Screen Recording 2026-08-16 223317.mp4,6,2
Deadman's Murcia,Oranges,Sao Bento,14970.0,339,CONFIRMED_FROM_VIDEO,CONFIRMED_FROM_VIDEO,Screen Recording 2026-08-16 223317.mp4,9,1
Deadman's Murcia,Oranges,Snake Prosper,852.5,99,CONFIRMED_FROM_VIDEO,CONFIRMED_FROM_VIDEO,Screen Recording 2026-08-16 223317.mp4,6,1
Deadman's Murcia,Oranges,Sugar Cove,6009.9,187,CONFIRMED_FROM_VIDEO,CONFIRMED_FROM_VIDEO,Screen Recording 2026-08-16 223317.mp4,6,1
Deadman's Murcia,Oranges,Taylor's Town,9702.5,250,CONFIRMED_FROM_VIDEO,CONFIRMED_FROM_VIDEO,Screen Recording 2026-08-16 223317.mp4,6,1
Deadman's Murcia,Oranges,Theresa,11341.7,278,CONFIRMED_FROM_VIDEO,CONFIRMED_FROM_VIDEO,Screen Recording 2026-08-16 223317.mp4,4,2
Deadman's Murcia,Oranges,Thresher Point,8497.7,229,CONFIRMED_FROM_VIDEO,CONFIRMED_FROM_VIDEO,Screen Recording 2026-08-16 223317.mp4,5,1
Deadman's Murcia,Oranges,Venta Nueva,11655.1,283,CONFIRMED_FROM_VIDEO,CONFIRMED_FROM_VIDEO,Screen Recording 2026-08-16 223317.mp4,2,2
Deadman's Murcia,Oranges,Villarreal Del Mar,10504.1,264,CONFIRMED_FROM_VIDEO,CONFIRMED_FROM_VIDEO,Screen Recording 2026-08-16 223317.mp4,1,2
Deadman's Murcia,Oranges,White Hook,930.4,101,CONFIRMED_FROM_VIDEO,CONFIRMED_FROM_VIDEO,Screen Recording 2026-08-16 223317.mp4,6,1
Deadman's Murcia,Oranges,Wyntergard,3603.2,146,CONFIRMED_FROM_VIDEO,CONFIRMED_FROM_VIDEO,Screen Recording 2026-08-16 223317.mp4,7,1
Deadman's Murcia,Oranges,Yorinobu's Settlement,4343.5,159,CONFIRMED_FROM_VIDEO,CONFIRMED_FROM_VIDEO,Screen Recording 2026-08-16 223317.mp4,4,1
Fair Harbour,Paper,Al-Jazair,2629.0,74,CONFIRMED_FROM_VIDEO,CONFIRMED_FROM_VIDEO,Screen Recording 2026-08-16 110227.mp4,3,2
Fair Harbour,Paper,Ashbourne,2468.9,73,CONFIRMED_FROM_VIDEO,CONFIRMED_FROM_VIDEO,Screen Recording 2026-08-16 110227.mp4,4,1
Fair Harbour,Paper,Belfry Heights,7547.4,122,CONFIRMED_FROM_VIDEO,CONFIRMED_FROM_VIDEO,Screen Recording 2026-08-16 110227.mp4,9,1
Fair Harbour,Paper,Bucket Bay,1332.2,62,CONFIRMED_FROM_VIDEO,CONFIRMED_FROM_VIDEO,Screen Recording 2026-08-16 110227.mp4,3,1
Fair Harbour,Paper,Caledonia,3434.1,82,CONFIRMED_FROM_VIDEO,CONFIRMED_FROM_VIDEO,Screen Recording 2026-08-16 110227.mp4,4,1
Fair Harbour,Paper,Castle Landing,6158.4,109,CONFIRMED_FROM_VIDEO,CONFIRMED_FROM_VIDEO,Screen Recording 2026-08-16 110227.mp4,5,1
Fair Harbour,Paper,Caveira,11790.4,164,CONFIRMED_FROM_VIDEO,CONFIRMED_FROM_VIDEO,Screen Recording 2026-08-16 110227.mp4,3,1
Fair Harbour,Paper,Caye Tiburon,5934.8,107,CONFIRMED_FROM_VIDEO,CONFIRMED_FROM_VIDEO,Screen Recording 2026-08-16 110227.mp4,5,1
Fair Harbour,Paper,Crownstead,3284.3,81,CONFIRMED_FROM_VIDEO,CONFIRMED_FROM_VIDEO,Screen Recording 2026-08-16 110227.mp4,4,1
Fair Harbour,Paper,Cumberland Hill,6697.3,114,CONFIRMED_FROM_VIDEO,CONFIRMED_FROM_VIDEO,Screen Recording 2026-08-16 110227.mp4,5,1
Fair Harbour,Paper,Deadman's Murcia,3057.5,79,CONFIRMED_FROM_VIDEO,CONFIRMED_FROM_VIDEO,Screen Recording 2026-08-16 110227.mp4,5,1
Fair Harbour,Paper,Falmouth,6579.3,113,CONFIRMED_FROM_VIDEO,CONFIRMED_FROM_VIDEO,Screen Recording 2026-08-16 110227.mp4,5,1
Fair Harbour,Paper,Griffard's Rock,4880.9,96,CONFIRMED_FROM_GRIFFARDS_DESTINATION_LIST,DERIVED,naval_route_trade_handoff_v1.json:griffards_rock_backfills,,
Fair Harbour,Paper,Gyldenvale,4093.4,89,CONFIRMED_FROM_VIDEO,CONFIRMED_FROM_VIDEO,Screen Recording 2026-08-16 110227.mp4,3,2
Fair Harbour,Paper,Jones' Outpost,5716.5,104,CONFIRMED_FROM_VIDEO,CONFIRMED_FROM_VIDEO,Screen Recording 2026-08-16 110227.mp4,5,1
Fair Harbour,Paper,Kandlerova,14423.5,189,CONFIRMED_FROM_VIDEO,CONFIRMED_FROM_VIDEO,Screen Recording 2026-08-16 110227.mp4,1,1
Fair Harbour,Paper,La Povenglia,11916.6,165,CONFIRMED_FROM_VIDEO,CONFIRMED_FROM_VIDEO,Screen Recording 2026-08-16 110227.mp4,3,1
Fair Harbour,Paper,Lebarde,6160.0,109,CONFIRMED_FROM_VIDEO,CONFIRMED_FROM_VIDEO,Screen Recording 2026-08-16 110227.mp4,7,1
Fair Harbour,Paper,Lord Irving's Sacrifice,8228.2,129,CONFIRMED_FROM_VIDEO,CONFIRMED_FROM_VIDEO,Screen Recording 2026-08-16 110227.mp4,6,1
Fair Harbour,Paper,Louisbourg,5364.3,101,CONFIRMED_FROM_VIDEO,CONFIRMED_FROM_VIDEO,Screen Recording 2026-08-16 110227.mp4,3,1
Fair Harbour,Paper,Madalena,13356.0,179,CONFIRMED_FROM_VIDEO,CONFIRMED_FROM_VIDEO,Screen Recording 2026-08-16 110227.mp4,2,1
Fair Harbour,Paper,Mako's Outlook,8574.1,132,CONFIRMED_FROM_VIDEO,CONFIRMED_FROM_VIDEO,Screen Recording 2026-08-16 110227.mp4,4,1
Fair Harbour,Paper,Matthew's Rest,2195.6,70,CONFIRMED_FROM_VIDEO,CONFIRMED_FROM_VIDEO,Screen Recording 2026-08-16 110227.mp4,3,2
Fair Harbour,Paper,Maurepas,4577.8,93,CONFIRMED_FROM_VIDEO,CONFIRMED_FROM_VIDEO,Screen Recording 2026-08-16 110227.mp4,5,1
Fair Harbour,Paper,New Brighton,2978.7,78,CONFIRMED_FROM_VIDEO,CONFIRMED_FROM_VIDEO,Screen Recording 2026-08-16 110227.mp4,5,1
Fair Harbour,Paper,New Catalina,6879.5,116,CONFIRMED_FROM_VIDEO,CONFIRMED_FROM_VIDEO,Screen Recording 2026-08-16 110227.mp4,7,1
Fair Harbour,Paper,Pachard Town,3205.3,80,CONFIRMED_FROM_VIDEO,CONFIRMED_FROM_VIDEO,Screen Recording 2026-08-16 110227.mp4,4,1
Fair Harbour,Paper,Peter's Cove,9525.7,142,CONFIRMED_FROM_VIDEO,CONFIRMED_FROM_VIDEO,Screen Recording 2026-08-16 110227.mp4,4,2
Fair Harbour,Paper,Petit Anvers,5895.1,106,CONFIRMED_FROM_VIDEO,CONFIRMED_FROM_VIDEO,Screen Recording 2026-08-16 110227.mp4,5,1
Fair Harbour,Paper,Poblado de San Juan,12494.9,171,CONFIRMED_FROM_VIDEO,CONFIRMED_FROM_VIDEO,Screen Recording 2026-08-16 110227.mp4,2,1
Fair Harbour,Paper,Point Rocheux,5219.3,100,CONFIRMED_FROM_VIDEO,CONFIRMED_FROM_VIDEO,Screen Recording 2026-08-16 110227.mp4,5,1
Fair Harbour,Paper,Ponta Delgada,12376.9,169,CONFIRMED_FROM_VIDEO,CONFIRMED_FROM_VIDEO,Screen Recording 2026-08-16 110227.mp4,2,1
Fair Harbour,Paper,Port Antonio,7690.1,124,CONFIRMED_FROM_VIDEO,CONFIRMED_FROM_VIDEO,Screen Recording 2026-08-16 110227.mp4,8,1
Fair Harbour,Paper,Port Louis,829.5,57,CONFIRMED_FROM_VIDEO,CONFIRMED_FROM_VIDEO,Screen Recording 2026-08-16 110227.mp4,3,1
Fair Harbour,Paper,Port Royal,7689.6,124,CONFIRMED_FROM_VIDEO,CONFIRMED_FROM_VIDEO,Screen Recording 2026-08-16 110227.mp4,8,1
Fair Harbour,Paper,Port-Au-Croix,4155.6,89,CONFIRMED_FROM_VIDEO,CONFIRMED_FROM_VIDEO,Screen Recording 2026-08-16 110227.mp4,3,1
Fair Harbour,Paper,Princeton,4584.4,93,CONFIRMED_FROM_VIDEO,CONFIRMED_FROM_VIDEO,Screen Recording 2026-08-16 110227.mp4,5,1
Fair Harbour,Paper,Puerto de San Fernando,10360.5,150,CONFIRMED_FROM_VIDEO,CONFIRMED_FROM_VIDEO,Screen Recording 2026-08-16 110227.mp4,3,1
Fair Harbour,Paper,Saint Vincent,1543.8,64,CONFIRMED_FROM_VIDEO,CONFIRMED_FROM_VIDEO,Screen Recording 2026-08-16 110227.mp4,3,1
Fair Harbour,Paper,Saint-Nicholas,10360.2,150,CONFIRMED_FROM_VIDEO,CONFIRMED_FROM_VIDEO,Screen Recording 2026-08-16 110227.mp4,4,1
Fair Harbour,Paper,Sainte Rose,6540.4,113,CONFIRMED_FROM_VIDEO,CONFIRMED_FROM_VIDEO,Screen Recording 2026-08-16 110227.mp4,6,1
Fair Harbour,Paper,San Polo,13549.8,181,CONFIRMED_FROM_VIDEO,CONFIRMED_FROM_VIDEO,Screen Recording 2026-08-16 110227.mp4,2,1
Fair Harbour,Paper,San Salvador,12572.4,171,CONFIRMED_FROM_VIDEO,CONFIRMED_FROM_VIDEO,Screen Recording 2026-08-16 110227.mp4,2,1
Fair Harbour,Paper,San Vito,10535.0,151,CONFIRMED_FROM_VIDEO,CONFIRMED_FROM_VIDEO,Screen Recording 2026-08-16 110227.mp4,4,1
Fair Harbour,Paper,Sandy Settlement,10412.5,150,CONFIRMED_FROM_VIDEO,CONFIRMED_FROM_VIDEO,Screen Recording 2026-08-16 110227.mp4,4,1
Fair Harbour,Paper,Santa Maria,12116.5,167,CONFIRMED_FROM_VIDEO,CONFIRMED_FROM_VIDEO,Screen Recording 2026-08-16 110227.mp4,2,1
Fair Harbour,Paper,Sao Bento,11932.5,165,CONFIRMED_FROM_VIDEO,CONFIRMED_FROM_VIDEO,Screen Recording 2026-08-16 110227.mp4,2,1
Fair Harbour,Paper,Snake Prosper,3079.9,79,CONFIRMED_FROM_VIDEO,CONFIRMED_FROM_VIDEO,Screen Recording 2026-08-16 110227.mp4,4,1
Fair Harbour,Paper,Sugar Cove,7787.3,125,CONFIRMED_FROM_VIDEO,CONFIRMED_FROM_VIDEO,Screen Recording 2026-08-16 110227.mp4,6,1
Fair Harbour,Paper,Taylor's Town,9457.8,141,CONFIRMED_FROM_VIDEO,CONFIRMED_FROM_VIDEO,Screen Recording 2026-08-16 110227.mp4,3,1
Fair Harbour,Paper,Theresa,8447.8,131,CONFIRMED_FROM_VIDEO,CONFIRMED_FROM_VIDEO,Screen Recording 2026-08-16 110227.mp4,6,1
Fair Harbour,Paper,Thresher Point,7034.2,117,CONFIRMED_FROM_VIDEO,CONFIRMED_FROM_VIDEO,Screen Recording 2026-08-16 110227.mp4,7,1
Fair Harbour,Paper,Venta Nueva,8598.3,133,CONFIRMED_FROM_VIDEO,CONFIRMED_FROM_VIDEO,Screen Recording 2026-08-16 110227.mp4,4,1
Fair Harbour,Paper,Villarreal Del Mar,7449.8,121,CONFIRMED_FROM_VIDEO,CONFIRMED_FROM_VIDEO,Screen Recording 2026-08-16 110227.mp4,7,1
Fair Harbour,Paper,White Hook,3974.7,88,CONFIRMED_FROM_VIDEO,CONFIRMED_FROM_VIDEO,Screen Recording 2026-08-16 110227.mp4,5,1
Fair Harbour,Paper,Wyntergard,2813.0,76,CONFIRMED_FROM_VIDEO,CONFIRMED_FROM_VIDEO,Screen Recording 2026-08-16 110227.mp4,5,1
Falmouth,Sugar,Al-Jazair,7173.9,146,CONFIRMED_FROM_VIDEO,CONFIRMED_FROM_VIDEO,Screen Recording 2026-08-16 223317.mp4,6,1
Falmouth,Sugar,Ashbourne,7316.7,148,CONFIRMED_FROM_VIDEO,CONFIRMED_FROM_VIDEO,Screen Recording 2026-08-16 223317.mp4,6,1
Falmouth,Sugar,Belfry Heights,6064.2,133,CONFIRMED_FROM_VIDEO,CONFIRMED_FROM_VIDEO,Screen Recording 2026-08-16 223317.mp4,5,1
Falmouth,Sugar,Bucket Bay,5249.2,123,CONFIRMED_FROM_VIDEO,CONFIRMED_FROM_VIDEO,Screen Recording 2026-08-16 223317.mp4,6,1
Falmouth,Sugar,Caledonia,9726.5,177,CONFIRMED_FROM_VIDEO,CONFIRMED_FROM_VIDEO,Screen Recording 2026-08-16 223317.mp4,16,1
Falmouth,Sugar,Castle Landing,9226.1,171,CONFIRMED_FROM_VIDEO,CONFIRMED_FROM_VIDEO,Screen Recording 2026-08-16 223317.mp4,9,1
Falmouth,Sugar,Caveira,5647.4,128,CONFIRMED_FROM_VIDEO,CONFIRMED_FROM_VIDEO,Screen Recording 2026-08-16 223317.mp4,6,1
Falmouth,Sugar,Caye Tiburon,5219.5,123,CONFIRMED_FROM_VIDEO,CONFIRMED_FROM_VIDEO,Screen Recording 2026-08-16 223317.mp4,4,1
Falmouth,Sugar,Crownstead,7762.6,153,CONFIRMED_FROM_VIDEO,CONFIRMED_FROM_VIDEO,Screen Recording 2026-08-16 223317.mp4,8,1
Falmouth,Sugar,Cumberland Hill,11517.5,198,CONFIRMED_FROM_VIDEO,CONFIRMED_FROM_VIDEO,Screen Recording 2026-08-16 223317.mp4,3,2
Falmouth,Sugar,Deadman's Murcia,9554.2,175,CONFIRMED_FROM_VIDEO,CONFIRMED_FROM_VIDEO,Screen Recording 2026-08-16 223317.mp4,7,1
Falmouth,Sugar,Fair Harbour,6579.3,139,CONFIRMED_FROM_VIDEO,CONFIRMED_FROM_VIDEO,Screen Recording 2026-08-16 223317.mp4,6,1
Falmouth,Sugar,Gyldenvale,9130.6,170,CONFIRMED_FROM_VIDEO,CONFIRMED_FROM_VIDEO,Screen Recording 2026-08-16 223317.mp4,9,1
Falmouth,Sugar,Jones' Outpost,10631.5,188,CONFIRMED_FROM_VIDEO,CONFIRMED_FROM_VIDEO,Screen Recording 2026-08-16 223317.mp4,6,2
Falmouth,Sugar,Kandlerova,10019.9,180,CONFIRMED_FROM_VIDEO,CONFIRMED_FROM_VIDEO,Screen Recording 2026-08-16 223317.mp4,3,1
Falmouth,Sugar,La Povenglia,8629.5,164,CONFIRMED_FROM_VIDEO,CONFIRMED_FROM_VIDEO,Screen Recording 2026-08-16 223317.mp4,9,1
Falmouth,Sugar,Lebarde,7937.4,155,CONFIRMED_FROM_VIDEO,CONFIRMED_FROM_VIDEO,Screen Recording 2026-08-16 223317.mp4,12,1
Falmouth,Sugar,Lord Irving's Sacrifice,4417.9,113,CONFIRMED_FROM_VIDEO,CONFIRMED_FROM_VIDEO,Screen Recording 2026-08-16 223317.mp4,5,1
Falmouth,Sugar,Louisbourg,5483.8,126,CONFIRMED_FROM_VIDEO,CONFIRMED_FROM_VIDEO,Screen Recording 2026-08-16 223317.mp4,4,2
Falmouth,Sugar,Madalena,7479.2,150,CONFIRMED_FROM_VIDEO,CONFIRMED_FROM_VIDEO,Screen Recording 2026-08-16 223317.mp4,8,1
Falmouth,Sugar,Mako's Outlook,5173.5,122,CONFIRMED_FROM_VIDEO,CONFIRMED_FROM_VIDEO,Screen Recording 2026-08-16 223317.mp4,3,1
Falmouth,Sugar,Matthew's Rest,4444.3,113,CONFIRMED_FROM_VIDEO,CONFIRMED_FROM_VIDEO,Screen Recording 2026-08-16 223317.mp4,5,2
Falmouth,Sugar,Maurepas,4972.3,120,CONFIRMED_FROM_VIDEO,CONFIRMED_FROM_VIDEO,Screen Recording 2026-08-16 223317.mp4,3,1
Falmouth,Sugar,New Brighton,5623.1,127,CONFIRMED_FROM_VIDEO,CONFIRMED_FROM_VIDEO,Screen Recording 2026-08-16 223317.mp4,4,1
Falmouth,Sugar,New Catalina,11409.6,197,CONFIRMED_FROM_VIDEO,CONFIRMED_FROM_VIDEO,Screen Recording 2026-08-16 223317.mp4,6,2
Falmouth,Sugar,Pachard Town,3446.7,101,CONFIRMED_FROM_VIDEO,CONFIRMED_FROM_VIDEO,Screen Recording 2026-08-16 223317.mp4,7,2
Falmouth,Sugar,Peter's Cove,8934.0,167,CONFIRMED_FROM_VIDEO,CONFIRMED_FROM_VIDEO,Screen Recording 2026-08-16 223317.mp4,9,1
Falmouth,Sugar,Petit Anvers,7073.1,145,CONFIRMED_FROM_VIDEO,CONFIRMED_FROM_VIDEO,Screen Recording 2026-08-16 223317.mp4,5,1
Falmouth,Sugar,Poblado de San Juan,5984.3,132,CONFIRMED_FROM_VIDEO,CONFIRMED_FROM_VIDEO,Screen Recording 2026-08-16 223317.mp4,2,4
Falmouth,Sugar,Point Rocheux,2288.2,87,CONFIRMED_FROM_VIDEO,CONFIRMED_FROM_VIDEO,Screen Recording 2026-08-16 223317.mp4,5,2
Falmouth,Sugar,Ponta Delgada,7643.3,152,CONFIRMED_FROM_VIDEO,CONFIRMED_FROM_VIDEO,Screen Recording 2026-08-16 223317.mp4,8,1
Falmouth,Sugar,Port Antonio,1111.1,73,CONFIRMED_FROM_VIDEO,CONFIRMED_FROM_VIDEO,Screen Recording 2026-08-16 223317.mp4,3,1
Falmouth,Sugar,Port Louis,7101.7,145,CONFIRMED_FROM_VIDEO,CONFIRMED_FROM_VIDEO,Screen Recording 2026-08-16 223317.mp4,4,1
Falmouth,Sugar,Port Royal,2496.4,90,CONFIRMED_FROM_VIDEO,CONFIRMED_FROM_VIDEO,Screen Recording 2026-08-16 223317.mp4,8,1
Falmouth,Sugar,Port-Au-Croix,2808.6,94,CONFIRMED_FROM_VIDEO,CONFIRMED_FROM_VIDEO,Screen Recording 2026-08-16 223317.mp4,8,1
Falmouth,Sugar,Princeton,7810.7,154,CONFIRMED_FROM_VIDEO,CONFIRMED_FROM_VIDEO,Screen Recording 2026-08-16 223317.mp4,6,1
Falmouth,Sugar,Puerto de San Fernando,3783.3,105,CONFIRMED_FROM_VIDEO,CONFIRMED_FROM_VIDEO,Screen Recording 2026-08-16 223317.mp4,8,1
Falmouth,Sugar,Saint Vincent,7414.1,149,CONFIRMED_FROM_VIDEO,CONFIRMED_FROM_VIDEO,Screen Recording 2026-08-16 223317.mp4,6,1
Falmouth,Sugar,Saint-Nicholas,10353.1,184,CONFIRMED_FROM_VIDEO,CONFIRMED_FROM_VIDEO,Screen Recording 2026-08-16 223317.mp4,6,2
Falmouth,Sugar,Sainte Rose,6032.8,132,CONFIRMED_FROM_VIDEO,CONFIRMED_FROM_VIDEO,Screen Recording 2026-08-16 223317.mp4,6,1
Falmouth,Sugar,San Polo,9370.2,172,CONFIRMED_FROM_VIDEO,CONFIRMED_FROM_VIDEO,Screen Recording 2026-08-16 223317.mp4,7,1
Falmouth,Sugar,San Salvador,6524.5,138,CONFIRMED_FROM_VIDEO,CONFIRMED_FROM_VIDEO,Screen Recording 2026-08-16 223317.mp4,6,1
Falmouth,Sugar,San Vito,6911.8,143,CONFIRMED_FROM_VIDEO,CONFIRMED_FROM_VIDEO,Screen Recording 2026-08-16 223317.mp4,6,1
Falmouth,Sugar,Sandy Settlement,10067.3,181,CONFIRMED_FROM_VIDEO,CONFIRMED_FROM_VIDEO,Screen Recording 2026-08-16 223317.mp4,3,1
Falmouth,Sugar,Santa Maria,5645.3,128,CONFIRMED_FROM_VIDEO,CONFIRMED_FROM_VIDEO,Screen Recording 2026-08-16 223317.mp4,6,1
Falmouth,Sugar,Sao Bento,6456.5,137,CONFIRMED_FROM_VIDEO,CONFIRMED_FROM_VIDEO,Screen Recording 2026-08-16 223317.mp4,2,2
Falmouth,Sugar,Snake Prosper,9333.0,172,CONFIRMED_FROM_VIDEO,CONFIRMED_FROM_VIDEO,Screen Recording 2026-08-16 223317.mp4,7,1
Falmouth,Sugar,Sugar Cove,12406.6,209,CONFIRMED_FROM_VIDEO,CONFIRMED_FROM_VIDEO,Screen Recording 2026-08-16 223317.mp4,6,2
Falmouth,Sugar,Taylor's Town,10387.1,185,CONFIRMED_FROM_VIDEO,CONFIRMED_FROM_VIDEO,Screen Recording 2026-08-16 223317.mp4,6,2
Falmouth,Sugar,Theresa,2014.7,84,CONFIRMED_FROM_VIDEO,CONFIRMED_FROM_VIDEO,Screen Recording 2026-08-16 223317.mp4,3,2
Falmouth,Sugar,Thresher Point,6376.4,137,CONFIRMED_FROM_VIDEO,CONFIRMED_FROM_VIDEO,Screen Recording 2026-08-16 223317.mp4,4,1
Falmouth,Sugar,Venta Nueva,3065.0,97,CONFIRMED_FROM_VIDEO,CONFIRMED_FROM_VIDEO,Screen Recording 2026-08-16 223317.mp4,8,1
Falmouth,Sugar,Villarreal Del Mar,1807.4,82,CONFIRMED_FROM_VIDEO,CONFIRMED_FROM_VIDEO,Screen Recording 2026-08-16 223317.mp4,6,1
Falmouth,Sugar,White Hook,10422.3,185,CONFIRMED_FROM_VIDEO,CONFIRMED_FROM_VIDEO,Screen Recording 2026-08-16 223317.mp4,6,2
Falmouth,Sugar,Wyntergard,8367.1,160,CONFIRMED_FROM_VIDEO,CONFIRMED_FROM_VIDEO,Screen Recording 2026-08-16 223317.mp4,13,1
Falmouth,Sugar,Yorinobu's Settlement,5424.8,125,CONFIRMED_FROM_VIDEO,CONFIRMED_FROM_VIDEO,Screen Recording 2026-08-16 223317.mp4,1,
Griffard's Rock,Grapes,Al-Jazair,4495.6,166,CONFIRMED_FROM_VIDEO,CONFIRMED_FROM_VIDEO,Screen Recording 2026-08-16 205504.mp4,3,1
Griffard's Rock,Grapes,Ashbourne,6578.2,203,CONFIRMED_FROM_VIDEO,CONFIRMED_FROM_VIDEO,Screen Recording 2026-08-16 205504.mp4,8,2
Griffard's Rock,Grapes,Belfry Heights,3669.0,152,CONFIRMED_FROM_VIDEO,CONFIRMED_FROM_VIDEO,Screen Recording 2026-08-16 205504.mp4,6,1
Griffard's Rock,Grapes,Bucket Bay,3774.3,154,CONFIRMED_FROM_VIDEO,CONFIRMED_FROM_VIDEO,Screen Recording 2026-08-16 205504.mp4,3,1
Griffard's Rock,Grapes,Caledonia,7396.0,217,CONFIRMED_FROM_VIDEO,CONFIRMED_FROM_VIDEO,Screen Recording 2026-08-16 205504.mp4,7,1
Griffard's Rock,Grapes,Castle Landing,6143.0,195,CONFIRMED_FROM_VIDEO,CONFIRMED_FROM_VIDEO,Screen Recording 2026-08-16 205504.mp4,6,3
Griffard's Rock,Grapes,Caveira,8678.8,239,CONFIRMED_FROM_VIDEO,CONFIRMED_FROM_VIDEO,Screen Recording 2026-08-16 205504.mp4,3,1
Griffard's Rock,Grapes,Caye Tiburon,2363.0,129,CONFIRMED_FROM_VIDEO,CONFIRMED_FROM_VIDEO,Screen Recording 2026-08-16 205504.mp4,2,1
Griffard's Rock,Grapes,Crownstead,7265.3,215,CONFIRMED_FROM_VIDEO,CONFIRMED_FROM_VIDEO,Screen Recording 2026-08-16 205504.mp4,7,1
Griffard's Rock,Grapes,Deadman's Murcia,7429.5,218,CONFIRMED_FROM_VIDEO,CONFIRMED_FROM_VIDEO,Screen Recording 2026-08-16 205504.mp4,6,1
Griffard's Rock,Grapes,Fair Harbour,4880.9,173,CONFIRMED_FROM_VIDEO,CONFIRMED_FROM_VIDEO,Screen Recording 2026-08-16 205504.mp4,3,1
Griffard's Rock,Grapes,Falmouth,3088.1,142,CONFIRMED_FROM_VIDEO,CONFIRMED_FROM_VIDEO,Screen Recording 2026-08-16 205504.mp4,4,1
Griffard's Rock,Grapes,Gyldenvale,8488.4,236,CONFIRMED_FROM_VIDEO,CONFIRMED_FROM_VIDEO,Screen Recording 2026-08-16 205504.mp4,7,1
Griffard's Rock,Grapes,Jones' Outpost,7722.1,223,CONFIRMED_FROM_VIDEO,CONFIRMED_FROM_VIDEO,Screen Recording 2026-08-16 205504.mp4,6,1
Griffard's Rock,Grapes,Kandlerova,9677.6,257,CONFIRMED_FROM_VIDEO,CONFIRMED_FROM_VIDEO,Screen Recording 2026-08-16 205504.mp4,2,1
Griffard's Rock,Grapes,La Povenglia,7460.3,218,CONFIRMED_FROM_VIDEO,CONFIRMED_FROM_VIDEO,Screen Recording 2026-08-16 205504.mp4,5,2
Griffard's Rock,Grapes,Lebarde,4866.0,173,CONFIRMED_FROM_VIDEO,CONFIRMED_FROM_VIDEO,Screen Recording 2026-08-16 205504.mp4,2,2
Griffard's Rock,Grapes,Lord Irving's Sacrifice,3413.2,147,CONFIRMED_FROM_VIDEO,CONFIRMED_FROM_VIDEO,Screen Recording 2026-08-16 205504.mp4,6,1
Griffard's Rock,Grapes,Louisbourg,6582.4,203,CONFIRMED_FROM_VIDEO,CONFIRMED_FROM_VIDEO,Screen Recording 2026-08-16 205504.mp4,7,1
Griffard's Rock,Grapes,Madalena,10545.9,272,CONFIRMED_FROM_VIDEO,CONFIRMED_FROM_VIDEO,Screen Recording 2026-08-16 205504.mp4,2,1
Griffard's Rock,Grapes,Mako's Outlook,3887.0,156,CONFIRMED_FROM_VIDEO,CONFIRMED_FROM_VIDEO,Screen Recording 2026-08-16 205504.mp4,4,1
Griffard's Rock,Grapes,Matthew's Rest,3406.7,147,CONFIRMED_FROM_VIDEO,CONFIRMED_FROM_VIDEO,Screen Recording 2026-08-16 205504.mp4,6,1
Griffard's Rock,Grapes,Maurepas,5783.1,189,CONFIRMED_FROM_VIDEO,CONFIRMED_FROM_VIDEO,Screen Recording 2026-08-16 205504.mp4,3,1
Griffard's Rock,Grapes,New Brighton,2839.2,137,CONFIRMED_FROM_VIDEO,CONFIRMED_FROM_VIDEO,Screen Recording 2026-08-16 205504.mp4,2,2
Griffard's Rock,Grapes,New Catalina,8407.9,235,CONFIRMED_FROM_VIDEO,CONFIRMED_FROM_VIDEO,Screen Recording 2026-08-16 205504.mp4,7,1
Griffard's Rock,Grapes,Pachard Town,2915.1,139,CONFIRMED_FROM_VIDEO,CONFIRMED_FROM_VIDEO,Screen Recording 2026-08-16 205504.mp4,4,1
Griffard's Rock,Grapes,Peter's Cove,6430.7,200,CONFIRMED_FROM_VIDEO,CONFIRMED_FROM_VIDEO,Screen Recording 2026-08-16 205504.mp4,7,1
Griffard's Rock,Grapes,Petit Anvers,7983.2,227,CONFIRMED_FROM_VIDEO,CONFIRMED_FROM_VIDEO,Screen Recording 2026-08-16 205504.mp4,7,1
Griffard's Rock,Grapes,Poblado de San Juan,8109.5,229,CONFIRMED_FROM_VIDEO,CONFIRMED_FROM_VIDEO,Screen Recording 2026-08-16 205504.mp4,6,1
Griffard's Rock,Grapes,Point Rocheux,3826.9,154,CONFIRMED_FROM_VIDEO,CONFIRMED_FROM_VIDEO,Screen Recording 2026-08-16 205504.mp4,4,1
Griffard's Rock,Grapes,Ponta Delgada,10658.7,274,CONFIRMED_FROM_VIDEO,CONFIRMED_FROM_VIDEO,Screen Recording 2026-08-16 205504.mp4,2,1
Griffard's Rock,Grapes,Port Antonio,3974.2,157,CONFIRMED_FROM_VIDEO,CONFIRMED_FROM_VIDEO,Screen Recording 2026-08-16 205504.mp4,4,1
Griffard's Rock,Grapes,Port Louis,5630.2,186,CONFIRMED_FROM_VIDEO,CONFIRMED_FROM_VIDEO,Screen Recording 2026-08-16 205504.mp4,4,1
Griffard's Rock,Grapes,Port Royal,2942.8,139,CONFIRMED_FROM_VIDEO,CONFIRMED_FROM_VIDEO,Screen Recording 2026-08-16 205504.mp4,4,1
Griffard's Rock,Grapes,Port-Au-Croix,3301.6,145,CONFIRMED_FROM_VIDEO,CONFIRMED_FROM_VIDEO,Screen Recording 2026-08-16 205504.mp4,6,1
Griffard's Rock,Grapes,Princeton,4779.5,171,CONFIRMED_FROM_VIDEO,CONFIRMED_FROM_VIDEO,Screen Recording 2026-08-16 205504.mp4,3,1
Griffard's Rock,Grapes,Puerto de San Fernando,6418.1,200,CONFIRMED_FROM_VIDEO,CONFIRMED_FROM_VIDEO,Screen Recording 2026-08-16 205504.mp4,7,1
Griffard's Rock,Grapes,Saint Vincent,5143.2,178,CONFIRMED_FROM_VIDEO,CONFIRMED_FROM_VIDEO,Screen Recording 2026-08-16 205504.mp4,3,1
Griffard's Rock,Grapes,Saint-Nicholas,7732.2,223,CONFIRMED_FROM_VIDEO,CONFIRMED_FROM_VIDEO,Screen Recording 2026-08-16 205504.mp4,6,1
Griffard's Rock,Grapes,Sainte Rose,7528.3,219,CONFIRMED_FROM_VIDEO,CONFIRMED_FROM_VIDEO,Screen Recording 2026-08-16 205504.mp4,6,1
Griffard's Rock,Grapes,San Polo,8845.9,242,CONFIRMED_FROM_VIDEO,CONFIRMED_FROM_VIDEO,Screen Recording 2026-08-16 205504.mp4,4,1
Griffard's Rock,Grapes,San Salvador,7811.9,224,CONFIRMED_FROM_VIDEO,CONFIRMED_FROM_VIDEO,Screen Recording 2026-08-16 205504.mp4,6,1
Griffard's Rock,Grapes,San Vito,5899.9,191,CONFIRMED_FROM_VIDEO,CONFIRMED_FROM_VIDEO,Screen Recording 2026-08-16 205504.mp4,4,1
Griffard's Rock,Grapes,Sandy Settlement,7540.6,219,CONFIRMED_FROM_VIDEO,CONFIRMED_FROM_VIDEO,Screen Recording 2026-08-16 205504.mp4,5,1
Griffard's Rock,Grapes,Santa Maria,7678.9,222,CONFIRMED_FROM_VIDEO,CONFIRMED_FROM_VIDEO,Screen Recording 2026-08-16 205504.mp4,6,1
Griffard's Rock,Grapes,Sao Bento,9541.6,254,CONFIRMED_FROM_VIDEO,CONFIRMED_FROM_VIDEO,Screen Recording 2026-08-16 205504.mp4,2,2
Griffard's Rock,Grapes,Snake Prosper,7004.3,210,CONFIRMED_FROM_VIDEO,CONFIRMED_FROM_VIDEO,Screen Recording 2026-08-16 205504.mp4,6,1
Griffard's Rock,Grapes,Sugar Cove,9397.1,252,CONFIRMED_FROM_VIDEO,CONFIRMED_FROM_VIDEO,Screen Recording 2026-08-16 205504.mp4,3,1
Griffard's Rock,Grapes,Taylor's Town,7527.2,219,CONFIRMED_FROM_VIDEO,CONFIRMED_FROM_VIDEO,Screen Recording 2026-08-16 205504.mp4,6,1
Griffard's Rock,Grapes,Theresa,4236.8,162,CONFIRMED_FROM_VIDEO,CONFIRMED_FROM_VIDEO,Screen Recording 2026-08-16 205504.mp4,4,1
Griffard's Rock,Grapes,Thresher Point,3674.1,152,CONFIRMED_FROM_VIDEO,CONFIRMED_FROM_VIDEO,Screen Recording 2026-08-16 205504.mp4,4,1
Griffard's Rock,Grapes,Venta Nueva,6108.9,194,CONFIRMED_FROM_VIDEO,CONFIRMED_FROM_VIDEO,Screen Recording 2026-08-16 205504.mp4,4,1
Griffard's Rock,Grapes,Villarreal Del Mar,4800.4,172,CONFIRMED_FROM_VIDEO,CONFIRMED_FROM_VIDEO,Screen Recording 2026-08-16 205504.mp4,3,1
Griffard's Rock,Grapes,White Hook,8188.4,231,CONFIRMED_FROM_VIDEO,CONFIRMED_FROM_VIDEO,Screen Recording 2026-08-16 205504.mp4,5,1
Griffard's Rock,Grapes,Wyntergard,7397.7,217,CONFIRMED_FROM_VIDEO,CONFIRMED_FROM_VIDEO,Screen Recording 2026-08-16 205504.mp4,7,1
Gyldenvale,Wheat,Al-Jazair,6535.7,205,CONFIRMED_FROM_VIDEO,CONFIRMED_FROM_VIDEO,Screen Recording 2026-08-16 104156.mp4,6,1
Gyldenvale,Wheat,Ashbourne,1914.0,123,CONFIRMED_FROM_VIDEO,CONFIRMED_FROM_VIDEO,Screen Recording 2026-08-16 104156.mp4,2,1
Gyldenvale,Wheat,Belfry Heights,11560.9,294,CONFIRMED_FROM_VIDEO,CONFIRMED_FROM_VIDEO,Screen Recording 2026-08-16 104156.mp4,5,1
Gyldenvale,Wheat,Bucket Bay,4769.9,173,CONFIRMED_FROM_VIDEO,CONFIRMED_FROM_VIDEO,Screen Recording 2026-08-16 104156.mp4,4,1
Gyldenvale,Wheat,Caledonia,5493.9,186,CONFIRMED_FROM_VIDEO,CONFIRMED_FROM_VIDEO,Screen Recording 2026-08-16 104156.mp4,6,1
Gyldenvale,Wheat,Castle Landing,9951.0,265,CONFIRMED_FROM_VIDEO,CONFIRMED_FROM_VIDEO,Screen Recording 2026-08-16 104156.mp4,3,2
Gyldenvale,Wheat,Caveira,13226.9,324,CONFIRMED_FROM_VIDEO,CONFIRMED_FROM_VIDEO,Screen Recording 2026-08-16 104156.mp4,5,1
Gyldenvale,Wheat,Caye Tiburon,9941.2,265,CONFIRMED_FROM_VIDEO,CONFIRMED_FROM_VIDEO,Screen Recording 2026-08-16 104156.mp4,4,1
Gyldenvale,Wheat,Crownstead,1374.6,113,CONFIRMED_FROM_VIDEO,CONFIRMED_FROM_VIDEO,Screen Recording 2026-08-16 104156.mp4,2,1
Gyldenvale,Wheat,Deadman's Murcia,4686.6,172,CONFIRMED_FROM_VIDEO,CONFIRMED_FROM_VIDEO,Screen Recording 2026-08-16 104156.mp4,3,1
Gyldenvale,Wheat,Fair Harbour,4093.4,161,CONFIRMED_FROM_VIDEO,CONFIRMED_FROM_VIDEO,Screen Recording 2026-08-16 104156.mp4,2,1
Gyldenvale,Wheat,Falmouth,9130.6,251,CONFIRMED_FROM_VIDEO,CONFIRMED_FROM_VIDEO,Screen Recording 2026-08-16 104156.mp4,5,1
Gyldenvale,Wheat,Griffard's Rock,8488.4,239,CONFIRMED_FROM_GRIFFARDS_DESTINATION_LIST,DERIVED,naval_route_trade_handoff_v1.json:griffards_rock_backfills,,
Gyldenvale,Wheat,Jones' Outpost,8726.9,244,CONFIRMED_FROM_VIDEO,CONFIRMED_FROM_VIDEO,Screen Recording 2026-08-16 104156.mp4,4,2
Gyldenvale,Wheat,Kandlerova,18165.6,411,CONFIRMED_FROM_VIDEO,CONFIRMED_FROM_VIDEO,Screen Recording 2026-08-16 104156.mp4,2,1
Gyldenvale,Wheat,La Povenglia,15837.7,370,CONFIRMED_FROM_VIDEO,CONFIRMED_FROM_VIDEO,Screen Recording 2026-08-16 104156.mp4,4,1
Gyldenvale,Wheat,Lebarde,10193.5,270,CONFIRMED_FROM_VIDEO,CONFIRMED_FROM_VIDEO,Screen Recording 2026-08-16 104156.mp4,4,1
Gyldenvale,Wheat,Lord Irving's Sacrifice,11899.1,300,CONFIRMED_FROM_VIDEO,CONFIRMED_FROM_VIDEO,Screen Recording 2026-08-16 104156.mp4,6,1
Gyldenvale,Wheat,Louisbourg,5002.5,178,CONFIRMED_FROM_VIDEO,CONFIRMED_FROM_VIDEO,Screen Recording 2026-08-16 104156.mp4,5,1
Gyldenvale,Wheat,Madalena,14387.2,344,CONFIRMED_FROM_VIDEO,CONFIRMED_FROM_VIDEO,Screen Recording 2026-08-16 104156.mp4,6,1
Gyldenvale,Wheat,Mako's Outlook,12355.4,308,CONFIRMED_FROM_VIDEO,CONFIRMED_FROM_VIDEO,Screen Recording 2026-08-16 104156.mp4,5,1
Gyldenvale,Wheat,Matthew's Rest,5110.1,179,CONFIRMED_FROM_VIDEO,CONFIRMED_FROM_VIDEO,Screen Recording 2026-08-16 104156.mp4,4,1
Gyldenvale,Wheat,Maurepas,4781.7,174,CONFIRMED_FROM_VIDEO,CONFIRMED_FROM_VIDEO,Screen Recording 2026-08-16 104156.mp4,5,2
Gyldenvale,Wheat,New Brighton,7062.9,214,CONFIRMED_FROM_VIDEO,CONFIRMED_FROM_VIDEO,Screen Recording 2026-08-16 104156.mp4,5,2
Gyldenvale,Wheat,New Catalina,9954.3,265,CONFIRMED_FROM_VIDEO,CONFIRMED_FROM_VIDEO,Screen Recording 2026-08-16 104156.mp4,4,1
Gyldenvale,Wheat,Pachard Town,5885.8,193,CONFIRMED_FROM_VIDEO,CONFIRMED_FROM_VIDEO,Screen Recording 2026-08-16 104156.mp4,6,1
Gyldenvale,Wheat,Peter's Cove,13619.2,330,CONFIRMED_FROM_VIDEO,CONFIRMED_FROM_VIDEO,Screen Recording 2026-08-16 104156.mp4,6,1
Gyldenvale,Wheat,Petit Anvers,4299.6,165,CONFIRMED_FROM_VIDEO,CONFIRMED_FROM_VIDEO,Screen Recording 2026-08-16 104156.mp4,3,1
Gyldenvale,Wheat,Poblado de San Juan,15037.9,356,CONFIRMED_FROM_VIDEO,CONFIRMED_FROM_VIDEO,Screen Recording 2026-08-16 104156.mp4,5,1
Gyldenvale,Wheat,Point Rocheux,7045.8,214,CONFIRMED_FROM_VIDEO,CONFIRMED_FROM_VIDEO,Screen Recording 2026-08-16 104156.mp4,5,2
Gyldenvale,Wheat,Ponta Delgada,12596.8,312,CONFIRMED_FROM_VIDEO,CONFIRMED_FROM_VIDEO,Screen Recording 2026-08-16 104156.mp4,5,1
Gyldenvale,Wheat,Port Antonio,10145.8,269,CONFIRMED_FROM_VIDEO,CONFIRMED_FROM_VIDEO,Screen Recording 2026-08-16 104156.mp4,5,1
Gyldenvale,Wheat,Port Louis,3281.7,147,CONFIRMED_FROM_VIDEO,CONFIRMED_FROM_VIDEO,Screen Recording 2026-08-16 104156.mp4,2,1
Gyldenvale,Wheat,Port Royal,10927.8,283,CONFIRMED_FROM_VIDEO,CONFIRMED_FROM_VIDEO,Screen Recording 2026-08-16 104156.mp4,4,1
Gyldenvale,Wheat,Port-Au-Croix,6322.1,201,CONFIRMED_FROM_VIDEO,CONFIRMED_FROM_VIDEO,Screen Recording 2026-08-16 104156.mp4,6,3
Gyldenvale,Wheat,Princeton,8511.3,240,CONFIRMED_FROM_VIDEO,CONFIRMED_FROM_VIDEO,Screen Recording 2026-08-16 104156.mp4,5,1
Gyldenvale,Wheat,Puerto de San Fernando,12635.6,313,CONFIRMED_FROM_VIDEO,CONFIRMED_FROM_VIDEO,Screen Recording 2026-08-16 104156.mp4,3,1
Gyldenvale,Wheat,Saint Vincent,5173.4,181,CONFIRMED_FROM_VIDEO,CONFIRMED_FROM_VIDEO,Screen Recording 2026-08-16 104156.mp4,4,1
Gyldenvale,Wheat,Saint-Nicholas,14431.2,345,CONFIRMED_FROM_VIDEO,CONFIRMED_FROM_VIDEO,Screen Recording 2026-08-16 104156.mp4,6,2
Gyldenvale,Wheat,Sainte Rose,5787.8,191,CONFIRMED_FROM_VIDEO,CONFIRMED_FROM_VIDEO,Screen Recording 2026-08-16 104156.mp4,6,1
Gyldenvale,Wheat,San Polo,17331.7,396,CONFIRMED_FROM_VIDEO,CONFIRMED_FROM_VIDEO,Screen Recording 2026-08-16 104156.mp4,2,2
Gyldenvale,Wheat,San Salvador,15609.1,366,CONFIRMED_FROM_VIDEO,CONFIRMED_FROM_VIDEO,Screen Recording 2026-08-16 104156.mp4,4,1
Gyldenvale,Wheat,San Vito,14359.7,344,CONFIRMED_FROM_VIDEO,CONFIRMED_FROM_VIDEO,Screen Recording 2026-08-16 104156.mp4,5,1
Gyldenvale,Wheat,Sandy Settlement,14498.4,346,CONFIRMED_FROM_VIDEO,CONFIRMED_FROM_VIDEO,Screen Recording 2026-08-16 104156.mp4,7,2
Gyldenvale,Wheat,Santa Maria,14737.1,350,CONFIRMED_FROM_VIDEO,CONFIRMED_FROM_VIDEO,Screen Recording 2026-08-16 104156.mp4,6,1
Gyldenvale,Wheat,Sao Bento,12759.7,315,CONFIRMED_FROM_VIDEO,CONFIRMED_FROM_VIDEO,Screen Recording 2026-08-16 104156.mp4,5,1
Gyldenvale,Wheat,Snake Prosper,5391.8,184,CONFIRMED_FROM_VIDEO,CONFIRMED_FROM_VIDEO,Screen Recording 2026-08-16 104156.mp4,6,1
Gyldenvale,Wheat,Sugar Cove,10681.4,278,CONFIRMED_FROM_VIDEO,CONFIRMED_FROM_VIDEO,Screen Recording 2026-08-16 104156.mp4,4,1
Gyldenvale,Wheat,Taylor's Town,13464.4,328,CONFIRMED_FROM_VIDEO,CONFIRMED_FROM_VIDEO,Screen Recording 2026-08-16 104156.mp4,4,1
Gyldenvale,Wheat,Theresa,11144.9,287,CONFIRMED_FROM_VIDEO,CONFIRMED_FROM_VIDEO,Screen Recording 2026-08-16 104156.mp4,4,1
Gyldenvale,Wheat,Thresher Point,11098.5,286,CONFIRMED_FROM_VIDEO,CONFIRMED_FROM_VIDEO,Screen Recording 2026-08-16 104156.mp4,4,2
Gyldenvale,Wheat,Venta Nueva,10025.5,267,CONFIRMED_FROM_VIDEO,CONFIRMED_FROM_VIDEO,Screen Recording 2026-08-16 104156.mp4,4,1
Gyldenvale,Wheat,Villarreal Del Mar,9253.7,253,CONFIRMED_FROM_VIDEO,CONFIRMED_FROM_VIDEO,Screen Recording 2026-08-16 104156.mp4,5,1
Gyldenvale,Wheat,White Hook,5349.6,184,CONFIRMED_FROM_VIDEO,CONFIRMED_FROM_VIDEO,Screen Recording 2026-08-16 104156.mp4,3,2
Gyldenvale,Wheat,Wyntergard,1312.6,112,CONFIRMED_FROM_VIDEO,CONFIRMED_FROM_VIDEO,Screen Recording 2026-08-16 104156.mp4,2,1
Gyldenvale,Wheat,Yorinobu's Settlement,6045.3,196,CONFIRMED_FROM_VIDEO,CONFIRMED_FROM_VIDEO,Screen Recording 2026-08-16 104156.mp4,1,1
Jones' Outpost,Salmon,Al-Jazair,3593.1,168,CONFIRMED_FROM_VIDEO,CONFIRMED_FROM_VIDEO,Screen Recording 2026-08-16 223317.mp4,7,1
Jones' Outpost,Salmon,Ashbourne,7833.1,250,CONFIRMED_FROM_VIDEO,CONFIRMED_FROM_VIDEO,Screen Recording 2026-08-16 223317.mp4,5,1
Jones' Outpost,Salmon,Belfry Heights,7685.6,247,CONFIRMED_FROM_VIDEO,CONFIRMED_FROM_VIDEO,Screen Recording 2026-08-16 223317.mp4,5,1
Jones' Outpost,Salmon,Bucket Bay,6528.2,225,CONFIRMED_FROM_VIDEO,CONFIRMED_FROM_VIDEO,Screen Recording 2026-08-16 223317.mp4,8,1
Jones' Outpost,Salmon,Caledonia,3315.2,162,CONFIRMED_FROM_VIDEO,CONFIRMED_FROM_VIDEO,Screen Recording 2026-08-16 223317.mp4,6,1
Jones' Outpost,Salmon,Castle Landing,2781.1,152,CONFIRMED_FROM_VIDEO,CONFIRMED_FROM_VIDEO,Screen Recording 2026-08-16 223317.mp4,6,1
Jones' Outpost,Salmon,Caveira,16274.2,415,CONFIRMED_FROM_VIDEO,CONFIRMED_FROM_VIDEO,Screen Recording 2026-08-16 223317.mp4,4,2
Jones' Outpost,Salmon,Caye Tiburon,6731.2,229,CONFIRMED_FROM_VIDEO,CONFIRMED_FROM_VIDEO,Screen Recording 2026-08-16 223317.mp4,6,1
Jones' Outpost,Salmon,Crownstead,8553.1,264,CONFIRMED_FROM_VIDEO,CONFIRMED_FROM_VIDEO,Screen Recording 2026-08-16 223317.mp4,1,1
Jones' Outpost,Salmon,Cumberland Hill,984.8,117,CONFIRMED_FROM_VIDEO,CONFIRMED_FROM_VIDEO,Screen Recording 2026-08-16 223317.mp4,2,2
Jones' Outpost,Salmon,Deadman's Murcia,4126.3,178,CONFIRMED_FROM_VIDEO,CONFIRMED_FROM_VIDEO,Screen Recording 2026-08-16 223317.mp4,13,1
Jones' Outpost,Salmon,Fair Harbour,5716.5,209,CONFIRMED_FROM_VIDEO,CONFIRMED_FROM_VIDEO,Screen Recording 2026-08-16 223317.mp4,7,2
Jones' Outpost,Salmon,Falmouth,10631.5,305,CONFIRMED_FROM_VIDEO,CONFIRMED_FROM_VIDEO,Screen Recording 2026-08-16 223317.mp4,4,2
Jones' Outpost,Salmon,Gyldenvale,8726.9,268,CONFIRMED_FROM_VIDEO,CONFIRMED_FROM_VIDEO,Screen Recording 2026-08-16 223317.mp4,4,1
Jones' Outpost,Salmon,Kandlerova,14775.8,386,CONFIRMED_FROM_VIDEO,CONFIRMED_FROM_VIDEO,Screen Recording 2026-08-16 223317.mp4,4,2
Jones' Outpost,Salmon,La Povenglia,11758.3,327,CONFIRMED_FROM_VIDEO,CONFIRMED_FROM_VIDEO,Screen Recording 2026-08-16 223317.mp4,2,2
Jones' Outpost,Salmon,Lebarde,4326.1,182,CONFIRMED_FROM_VIDEO,CONFIRMED_FROM_VIDEO,Screen Recording 2026-08-16 223317.mp4,7,1
Jones' Outpost,Salmon,Lord Irving's Sacrifice,9784.9,288,CONFIRMED_FROM_VIDEO,CONFIRMED_FROM_VIDEO,Screen Recording 2026-08-16 223317.mp4,4,1
Jones' Outpost,Salmon,Louisbourg,11060.2,313,CONFIRMED_FROM_VIDEO,CONFIRMED_FROM_VIDEO,Screen Recording 2026-08-16 223317.mp4,4,2
Jones' Outpost,Salmon,Madalena,18061.8,450,CONFIRMED_FROM_VIDEO,CONFIRMED_FROM_VIDEO,Screen Recording 2026-08-16 223317.mp4,4,2
Jones' Outpost,Salmon,Mako's Outlook,9661.2,286,CONFIRMED_FROM_VIDEO,CONFIRMED_FROM_VIDEO,Screen Recording 2026-08-16 223317.mp4,4,1
Jones' Outpost,Salmon,Matthew's Rest,7336.4,241,CONFIRMED_FROM_VIDEO,CONFIRMED_FROM_VIDEO,Screen Recording 2026-08-16 223317.mp4,5,1
Jones' Outpost,Salmon,Maurepas,10243.3,297,CONFIRMED_FROM_VIDEO,CONFIRMED_FROM_VIDEO,Screen Recording 2026-08-16 223317.mp4,4,2
Jones' Outpost,Salmon,New Brighton,5010.5,195,CONFIRMED_FROM_VIDEO,CONFIRMED_FROM_VIDEO,Screen Recording 2026-08-16 223317.mp4,7,1
Jones' Outpost,Salmon,New Catalina,1228.1,121,CONFIRMED_FROM_VIDEO,CONFIRMED_FROM_VIDEO,Screen Recording 2026-08-16 223317.mp4,6,1
Jones' Outpost,Salmon,Pachard Town,8103.9,256,CONFIRMED_FROM_VIDEO,CONFIRMED_FROM_VIDEO,Screen Recording 2026-08-16 223317.mp4,4,1
Jones' Outpost,Salmon,Peter's Cove,7821.7,250,CONFIRMED_FROM_VIDEO,CONFIRMED_FROM_VIDEO,Screen Recording 2026-08-16 223317.mp4,5,1
Jones' Outpost,Salmon,Petit Anvers,11580.8,323,CONFIRMED_FROM_VIDEO,CONFIRMED_FROM_VIDEO,Screen Recording 2026-08-16 223317.mp4,4,2
Jones' Outpost,Salmon,Poblado de San Juan,15698.9,404,CONFIRMED_FROM_VIDEO,CONFIRMED_FROM_VIDEO,Screen Recording 2026-08-16 223317.mp4,4,2
Jones' Outpost,Salmon,Point Rocheux,10196.8,296,CONFIRMED_FROM_VIDEO,CONFIRMED_FROM_VIDEO,Screen Recording 2026-08-16 223317.mp4,3,3
Jones' Outpost,Salmon,Ponta Delgada,17615.1,441,CONFIRMED_FROM_VIDEO,CONFIRMED_FROM_VIDEO,Screen Recording 2026-08-16 223317.mp4,3,3
Jones' Outpost,Salmon,Port Antonio,11637.5,324,CONFIRMED_FROM_VIDEO,CONFIRMED_FROM_VIDEO,Screen Recording 2026-08-16 223317.mp4,4,2
Jones' Outpost,Salmon,Port Louis,6103.6,217,CONFIRMED_FROM_VIDEO,CONFIRMED_FROM_VIDEO,Screen Recording 2026-08-16 223317.mp4,7,1
Jones' Outpost,Salmon,Port Royal,10451.7,301,CONFIRMED_FROM_VIDEO,CONFIRMED_FROM_VIDEO,Screen Recording 2026-08-16 223317.mp4,4,2
Jones' Outpost,Salmon,Port-Au-Croix,9143.9,276,CONFIRMED_FROM_VIDEO,CONFIRMED_FROM_VIDEO,Screen Recording 2026-08-16 223317.mp4,4,1
Jones' Outpost,Salmon,Princeton,3092.9,158,CONFIRMED_FROM_VIDEO,CONFIRMED_FROM_VIDEO,Screen Recording 2026-08-16 223317.mp4,6,1
Jones' Outpost,Salmon,Puerto de San Fernando,14140.1,373,CONFIRMED_FROM_VIDEO,CONFIRMED_FROM_VIDEO,Screen Recording 2026-08-16 223317.mp4,4,2
Jones' Outpost,Salmon,Saint Vincent,4174.3,179,CONFIRMED_FROM_VIDEO,CONFIRMED_FROM_VIDEO,Screen Recording 2026-08-16 223317.mp4,10,1
Jones' Outpost,Salmon,Saint-Nicholas,7804.3,250,CONFIRMED_FROM_VIDEO,CONFIRMED_FROM_VIDEO,Screen Recording 2026-08-16 223317.mp4,5,1
Jones' Outpost,Salmon,Sainte Rose,12241.7,336,CONFIRMED_RECORDED_RECIPROCAL_AUDIT,CONFIRMED_FROM_VIDEO,Screen Recording 2026-08-16 223317.mp4,1,1
Jones' Outpost,Salmon,San Polo,13837.5,367,CONFIRMED_FROM_VIDEO,CONFIRMED_FROM_VIDEO,Screen Recording 2026-08-16 223317.mp4,4,2
Jones' Outpost,Salmon,San Salvador,14953.6,389,CONFIRMED_FROM_VIDEO,CONFIRMED_FROM_VIDEO,Screen Recording 2026-08-16 223317.mp4,4,2
Jones' Outpost,Salmon,San Vito,11052.9,313,CONFIRMED_FROM_VIDEO,CONFIRMED_FROM_VIDEO,Screen Recording 2026-08-16 223317.mp4,4,2
Jones' Outpost,Salmon,Sandy Settlement,8143.5,256,CONFIRMED_FROM_VIDEO,CONFIRMED_FROM_VIDEO,Screen Recording 2026-08-16 223317.mp4,6,1
Jones' Outpost,Salmon,Santa Maria,15245.2,395,CONFIRMED_FROM_VIDEO,CONFIRMED_FROM_VIDEO,Screen Recording 2026-08-16 223317.mp4,4,2
Jones' Outpost,Salmon,Sao Bento,16853.9,426,CONFIRMED_FROM_VIDEO,CONFIRMED_FROM_VIDEO,Screen Recording 2026-08-16 223317.mp4,4,2
Jones' Outpost,Salmon,Snake Prosper,3344.1,163,CONFIRMED_FROM_VIDEO,CONFIRMED_FROM_VIDEO,Screen Recording 2026-08-16 223317.mp4,6,1
Jones' Outpost,Salmon,Sugar Cove,2071.1,138,CONFIRMED_FROM_VIDEO,CONFIRMED_FROM_VIDEO,Screen Recording 2026-08-16 223317.mp4,6,1
Jones' Outpost,Salmon,Taylor's Town,6369.1,222,CONFIRMED_FROM_VIDEO,CONFIRMED_FROM_VIDEO,Screen Recording 2026-08-16 223317.mp4,6,1
Jones' Outpost,Salmon,Theresa,11954.3,331,CONFIRMED_FROM_VIDEO,CONFIRMED_FROM_VIDEO,Screen Recording 2026-08-16 223317.mp4,2,2
Jones' Outpost,Salmon,Thresher Point,6828.5,231,CONFIRMED_FROM_VIDEO,CONFIRMED_FROM_VIDEO,Screen Recording 2026-08-16 223317.mp4,5,1
Jones' Outpost,Salmon,Venta Nueva,13367.4,358,CONFIRMED_RECORDED_RECIPROCAL_AUDIT,CONFIRMED_FROM_VIDEO,Screen Recording 2026-08-16 223317.mp4,1,1
Jones' Outpost,Salmon,Villarreal Del Mar,12072.0,333,CONFIRMED_FROM_VIDEO,CONFIRMED_FROM_VIDEO,Screen Recording 2026-08-16 223317.mp4,4,1
Jones' Outpost,Salmon,White Hook,3818.9,172,CONFIRMED_FROM_VIDEO,CONFIRMED_FROM_VIDEO,Screen Recording 2026-08-16 223317.mp4,12,1
Jones' Outpost,Salmon,Wyntergard,7526.2,244,CONFIRMED_FROM_VIDEO,CONFIRMED_FROM_VIDEO,Screen Recording 2026-08-16 223317.mp4,5,1
Jones' Outpost,Salmon,Yorinobu's Settlement,5445.7,204,CONFIRMED_FROM_VIDEO,CONFIRMED_FROM_VIDEO,Screen Recording 2026-08-16 223317.mp4,3,2
Kandlerova,Truffles,Al-Jazair,13084.4,289,CONFIRMED_FROM_VIDEO,CONFIRMED_FROM_VIDEO,Screen Recording 2026-08-16 223317.mp4,4,2
Kandlerova,Truffles,Ashbourne,16254.2,340,CONFIRMED_FROM_VIDEO,CONFIRMED_FROM_VIDEO,Screen Recording 2026-08-16 223317.mp4,6,2
Kandlerova,Truffles,Belfry Heights,7267.4,196,CONFIRMED_FROM_VIDEO,CONFIRMED_FROM_VIDEO,Screen Recording 2026-08-16 223317.mp4,5,2
Kandlerova,Truffles,Bucket Bay,13433.7,295,CONFIRMED_FROM_VIDEO,CONFIRMED_FROM_VIDEO,Screen Recording 2026-08-16 223317.mp4,4,2
Kandlerova,Truffles,Caledonia,16112.8,338,CONFIRMED_FROM_VIDEO,CONFIRMED_FROM_VIDEO,Screen Recording 2026-08-16 223317.mp4,6,2
Kandlerova,Truffles,Castle Landing,12049.2,273,CONFIRMED_FROM_VIDEO,CONFIRMED_FROM_VIDEO,Screen Recording 2026-08-16 223317.mp4,4,3
Kandlerova,Truffles,Caveira,11637.0,266,CONFIRMED_FROM_VIDEO,CONFIRMED_FROM_VIDEO,Screen Recording 2026-08-16 223317.mp4,4,3
Kandlerova,Truffles,Caye Tiburon,8693.7,219,CONFIRMED_FROM_VIDEO,CONFIRMED_FROM_VIDEO,Screen Recording 2026-08-16 223317.mp4,6,1
Kandlerova,Truffles,Crownstead,16925.0,351,CONFIRMED_FROM_VIDEO,CONFIRMED_FROM_VIDEO,Screen Recording 2026-08-16 223317.mp4,6,1
Kandlerova,Truffles,Cumberland Hill,15145.4,322,CONFIRMED_FROM_VIDEO,CONFIRMED_FROM_VIDEO,Screen Recording 2026-08-16 223317.mp4,2,2
Kandlerova,Truffles,Deadman's Murcia,16428.5,343,CONFIRMED_RECORDED_RECIPROCAL_AUDIT,CONFIRMED_FROM_VIDEO,Screen Recording 2026-08-16 223317.mp4,8,1
Kandlerova,Truffles,Fair Harbour,14423.5,311,CONFIRMED_FROM_VIDEO,CONFIRMED_FROM_VIDEO,Screen Recording 2026-08-16 223317.mp4,2,1
Kandlerova,Truffles,Falmouth,10019.9,240,CONFIRMED_FROM_VIDEO,CONFIRMED_FROM_VIDEO,Screen Recording 2026-08-16 223317.mp4,2,1
Kandlerova,Truffles,Gyldenvale,18165.6,371,CONFIRMED_FROM_VIDEO,CONFIRMED_FROM_VIDEO,Screen Recording 2026-08-16 223317.mp4,4,2
Kandlerova,Truffles,Jones' Outpost,14775.8,316,CONFIRMED_FROM_VIDEO,CONFIRMED_FROM_VIDEO,Screen Recording 2026-08-16 223317.mp4,2,2
Kandlerova,Truffles,La Povenglia,3063.7,129,CONFIRMED_FROM_VIDEO,CONFIRMED_FROM_VIDEO,Screen Recording 2026-08-16 223317.mp4,5,1
Kandlerova,Truffles,Lebarde,10450.7,247,CONFIRMED_FROM_VIDEO,CONFIRMED_FROM_VIDEO,Screen Recording 2026-08-16 223317.mp4,4,2
Kandlerova,Truffles,Lord Irving's Sacrifice,6267.2,180,CONFIRMED_FROM_VIDEO,CONFIRMED_FROM_VIDEO,Screen Recording 2026-08-16 223317.mp4,6,1
Kandlerova,Truffles,Louisbourg,15460.5,327,CONFIRMED_FROM_VIDEO,CONFIRMED_FROM_VIDEO,Screen Recording 2026-08-16 223317.mp4,4,2
Kandlerova,Truffles,Madalena,13237.4,292,CONFIRMED_FROM_VIDEO,CONFIRMED_FROM_VIDEO,Screen Recording 2026-08-16 223317.mp4,4,2
Kandlerova,Truffles,Mako's Outlook,5849.6,174,CONFIRMED_FROM_VIDEO,CONFIRMED_FROM_VIDEO,Screen Recording 2026-08-16 223317.mp4,11,1
Kandlerova,Truffles,Matthew's Rest,13068.2,289,CONFIRMED_FROM_VIDEO,CONFIRMED_FROM_VIDEO,Screen Recording 2026-08-16 223317.mp4,4,2
Kandlerova,Truffles,Maurepas,14850.1,318,CONFIRMED_FROM_VIDEO,CONFIRMED_FROM_VIDEO,Screen Recording 2026-08-16 223317.mp4,2,2
Kandlerova,Truffles,New Brighton,11693.1,267,CONFIRMED_FROM_VIDEO,CONFIRMED_FROM_VIDEO,Screen Recording 2026-08-16 223317.mp4,2,2
Kandlerova,Truffles,New Catalina,14700.6,315,CONFIRMED_FROM_VIDEO,CONFIRMED_FROM_VIDEO,Screen Recording 2026-08-16 223317.mp4,2,1
Kandlerova,Truffles,Pachard Town,12418.5,279,CONFIRMED_FROM_VIDEO,CONFIRMED_FROM_VIDEO,Screen Recording 2026-08-16 223317.mp4,4,2
Kandlerova,Truffles,Peter's Cove,7351.6,198,CONFIRMED_FROM_VIDEO,CONFIRMED_FROM_VIDEO,Screen Recording 2026-08-16 223317.mp4,9,1
Kandlerova,Truffles,Petit Anvers,17032.7,353,CONFIRMED_FROM_VIDEO,CONFIRMED_FROM_VIDEO,Screen Recording 2026-08-16 223317.mp4,4,2
Kandlerova,Truffles,Poblado de San Juan,7562.1,201,CONFIRMED_FROM_VIDEO,CONFIRMED_FROM_VIDEO,Screen Recording 2026-08-16 223317.mp4,4,2
Kandlerova,Truffles,Point Rocheux,12237.8,276,CONFIRMED_FROM_VIDEO,CONFIRMED_FROM_VIDEO,Screen Recording 2026-08-16 223317.mp4,4,2
Kandlerova,Truffles,Ponta Delgada,15342.8,325,CONFIRMED_FROM_VIDEO,CONFIRMED_FROM_VIDEO,Screen Recording 2026-08-16 223317.mp4,4,2
Kandlerova,Truffles,Port Antonio,9554.4,233,CONFIRMED_FROM_VIDEO,CONFIRMED_FROM_VIDEO,Screen Recording 2026-08-16 223317.mp4,7,1
Kandlerova,Truffles,Port Louis,15221.0,324,CONFIRMED_FROM_VIDEO,CONFIRMED_FROM_VIDEO,Screen Recording 2026-08-16 223317.mp4,5,1
Kandlerova,Truffles,Port Royal,7598.2,202,CONFIRMED_FROM_VIDEO,CONFIRMED_FROM_VIDEO,Screen Recording 2026-08-16 223317.mp4,6,1
Kandlerova,Truffles,Port-Au-Croix,12370.6,278,CONFIRMED_FROM_VIDEO,CONFIRMED_FROM_VIDEO,Screen Recording 2026-08-16 223317.mp4,4,2
Kandlerova,Truffles,Princeton,11968.3,271,CONFIRMED_FROM_VIDEO,CONFIRMED_FROM_VIDEO,Screen Recording 2026-08-16 223317.mp4,2,2
Kandlerova,Truffles,Puerto de San Fernando,8971.7,224,CONFIRMED_FROM_VIDEO,CONFIRMED_FROM_VIDEO,Screen Recording 2026-08-16 223317.mp4,6,1
Kandlerova,Truffles,Saint Vincent,14234.6,308,CONFIRMED_FROM_VIDEO,CONFIRMED_FROM_VIDEO,Screen Recording 2026-08-16 223317.mp4,1,
Kandlerova,Truffles,Saint-Nicholas,8239.4,212,CONFIRMED_FROM_VIDEO,CONFIRMED_FROM_VIDEO,Screen Recording 2026-08-16 223317.mp4,6,1
Kandlerova,Truffles,Sainte Rose,16051.3,337,CONFIRMED_FROM_VIDEO,CONFIRMED_FROM_VIDEO,Screen Recording 2026-08-16 223317.mp4,6,2
Kandlerova,Truffles,San Polo,938.8,95,CONFIRMED_FROM_VIDEO,CONFIRMED_FROM_VIDEO,Screen Recording 2026-08-16 223317.mp4,5,1
Kandlerova,Truffles,San Salvador,5250.2,164,CONFIRMED_FROM_VIDEO,CONFIRMED_FROM_VIDEO,Screen Recording 2026-08-16 223317.mp4,11,1
Kandlerova,Truffles,San Vito,3924.8,143,CONFIRMED_FROM_VIDEO,CONFIRMED_FROM_VIDEO,Screen Recording 2026-08-16 223317.mp4,11,1
Kandlerova,Truffles,Sandy Settlement,7700.2,203,CONFIRMED_FROM_VIDEO,CONFIRMED_FROM_VIDEO,Screen Recording 2026-08-16 223317.mp4,4,1
Kandlerova,Truffles,Santa Maria,7277.5,196,CONFIRMED_FROM_VIDEO,CONFIRMED_FROM_VIDEO,Screen Recording 2026-08-16 223317.mp4,6,1
Kandlerova,Truffles,Sao Bento,13514.9,296,CONFIRMED_FROM_VIDEO,CONFIRMED_FROM_VIDEO,Screen Recording 2026-08-16 223317.mp4,2,2
Kandlerova,Truffles,Snake Prosper,15771.7,332,CONFIRMED_FROM_VIDEO,CONFIRMED_FROM_VIDEO,Screen Recording 2026-08-16 223317.mp4,8,2
Kandlerova,Truffles,Sugar Cove,15392.9,326,CONFIRMED_FROM_VIDEO,CONFIRMED_FROM_VIDEO,Screen Recording 2026-08-16 223317.mp4,4,2
Kandlerova,Truffles,Taylor's Town,9595.8,234,CONFIRMED_FROM_VIDEO,CONFIRMED_FROM_VIDEO,Screen Recording 2026-08-16 223317.mp4,6,2
Kandlerova,Truffles,Theresa,8466.7,215,CONFIRMED_FROM_VIDEO,CONFIRMED_FROM_VIDEO,Screen Recording 2026-08-16 223317.mp4,6,1
Kandlerova,Truffles,Thresher Point,8061.7,209,CONFIRMED_FROM_VIDEO,CONFIRMED_FROM_VIDEO,Screen Recording 2026-08-16 223317.mp4,6,1
Kandlerova,Truffles,Venta Nueva,11813.6,269,CONFIRMED_FROM_VIDEO,CONFIRMED_FROM_VIDEO,Screen Recording 2026-08-16 223317.mp4,2,2
Kandlerova,Truffles,Villarreal Del Mar,11238.6,260,CONFIRMED_RECORDED_RECIPROCAL_AUDIT,CONFIRMED_FROM_VIDEO,Screen Recording 2026-08-16 223317.mp4,6,1
Kandlerova,Truffles,White Hook,16967.5,351,CONFIRMED_FROM_VIDEO,CONFIRMED_FROM_VIDEO,Screen Recording 2026-08-16 223317.mp4,4,2
Kandlerova,Truffles,Wyntergard,17062.1,353,CONFIRMED_FROM_VIDEO,CONFIRMED_FROM_VIDEO,Screen Recording 2026-08-16 223317.mp4,4,2
Kandlerova,Truffles,Yorinobu's Settlement,12449.1,279,CONFIRMED_FROM_VIDEO,CONFIRMED_FROM_VIDEO,Screen Recording 2026-08-16 223317.mp4,2,2
La Povenglia,Herbs,Al-Jazair,10307.3,184,CONFIRMED_FROM_VIDEO,CONFIRMED_FROM_VIDEO,Screen Recording 2026-08-16 223317.mp4,4,2
La Povenglia,Herbs,Ashbourne,13953.5,227,CONFIRMED_FROM_VIDEO,CONFIRMED_FROM_VIDEO,Screen Recording 2026-08-16 223317.mp4,4,2
La Povenglia,Herbs,Belfry Heights,4454.6,113,CONFIRMED_FROM_VIDEO,CONFIRMED_FROM_VIDEO,Screen Recording 2026-08-16 223317.mp4,5,1
La Povenglia,Herbs,Bucket Bay,11068.0,193,CONFIRMED_FROM_VIDEO,CONFIRMED_FROM_VIDEO,Screen Recording 2026-08-16 223317.mp4,7,1
La Povenglia,Herbs,Caledonia,13279.0,219,CONFIRMED_FROM_VIDEO,CONFIRMED_FROM_VIDEO,Screen Recording 2026-08-16 223317.mp4,8,1
La Povenglia,Herbs,Castle Landing,9012.1,168,CONFIRMED_FROM_VIDEO,CONFIRMED_FROM_VIDEO,Screen Recording 2026-08-16 223317.mp4,5,1
La Povenglia,Herbs,Caveira,11714.7,201,CONFIRMED_FROM_VIDEO,CONFIRMED_FROM_VIDEO,Screen Recording 2026-08-16 223317.mp4,4,2
La Povenglia,Herbs,Caye Tiburon,6009.7,132,CONFIRMED_FROM_VIDEO,CONFIRMED_FROM_VIDEO,Screen Recording 2026-08-16 223317.mp4,6,2
La Povenglia,Herbs,Crownstead,14680.4,236,CONFIRMED_FROM_VIDEO,CONFIRMED_FROM_VIDEO,Screen Recording 2026-08-16 223317.mp4,2,2
La Povenglia,Herbs,Cumberland Hill,12098.7,205,CONFIRMED_RECORDED_RECIPROCAL_AUDIT,CONFIRMED_FROM_VIDEO,Screen Recording 2026-08-16 223317.mp4,3,1
La Povenglia,Herbs,Deadman's Murcia,13656.5,224,CONFIRMED_RECORDED_RECIPROCAL_AUDIT,CONFIRMED_FROM_VIDEO,Screen Recording 2026-08-16 223317.mp4,12,1
La Povenglia,Herbs,Fair Harbour,11916.6,203,CONFIRMED_FROM_VIDEO,CONFIRMED_FROM_VIDEO,Screen Recording 2026-08-16 223317.mp4,4,2
La Povenglia,Herbs,Falmouth,8629.5,164,CONFIRMED_FROM_VIDEO,CONFIRMED_FROM_VIDEO,Screen Recording 2026-08-16 223317.mp4,7,1
La Povenglia,Herbs,Gyldenvale,15837.7,250,CONFIRMED_FROM_VIDEO,CONFIRMED_FROM_VIDEO,Screen Recording 2026-08-16 223317.mp4,2,2
La Povenglia,Herbs,Jones' Outpost,11758.3,201,CONFIRMED_FROM_VIDEO,CONFIRMED_FROM_VIDEO,Screen Recording 2026-08-16 223317.mp4,4,2
La Povenglia,Herbs,Kandlerova,3063.7,97,CONFIRMED_FROM_VIDEO,CONFIRMED_FROM_VIDEO,Screen Recording 2026-08-16 223317.mp4,9,1
La Povenglia,Herbs,Lebarde,7443.9,149,CONFIRMED_FROM_VIDEO,CONFIRMED_FROM_VIDEO,Screen Recording 2026-08-16 223317.mp4,7,1
La Povenglia,Herbs,Lord Irving's Sacrifice,4288.3,111,CONFIRMED_FROM_VIDEO,CONFIRMED_FROM_VIDEO,Screen Recording 2026-08-16 223317.mp4,9,1
La Povenglia,Herbs,Louisbourg,13774.2,225,CONFIRMED_FROM_VIDEO,CONFIRMED_FROM_VIDEO,Screen Recording 2026-08-16 223317.mp4,4,2
La Povenglia,Herbs,Madalena,13533.8,222,CONFIRMED_FROM_VIDEO,CONFIRMED_FROM_VIDEO,Screen Recording 2026-08-16 223317.mp4,6,2
La Povenglia,Herbs,Mako's Outlook,3625.8,104,CONFIRMED_FROM_VIDEO,CONFIRMED_FROM_VIDEO,Screen Recording 2026-08-16 223317.mp4,9,1
La Povenglia,Herbs,Matthew's Rest,10845.2,190,CONFIRMED_FROM_VIDEO,CONFIRMED_FROM_VIDEO,Screen Recording 2026-08-16 223317.mp4,4,2
La Povenglia,Herbs,Maurepas,13062.3,217,CONFIRMED_FROM_VIDEO,CONFIRMED_FROM_VIDEO,Screen Recording 2026-08-16 223317.mp4,6,2
La Povenglia,Herbs,New Brighton,9044.9,169,CONFIRMED_FROM_VIDEO,CONFIRMED_FROM_VIDEO,Screen Recording 2026-08-16 223317.mp4,5,1
La Povenglia,Herbs,New Catalina,11646.8,200,CONFIRMED_FROM_VIDEO,CONFIRMED_FROM_VIDEO,Screen Recording 2026-08-16 223317.mp4,4,2
La Povenglia,Herbs,Pachard Town,10353.0,184,CONFIRMED_FROM_VIDEO,CONFIRMED_FROM_VIDEO,Screen Recording 2026-08-16 223317.mp4,11,1
La Povenglia,Herbs,Peter's Cove,4305.3,112,CONFIRMED_FROM_VIDEO,CONFIRMED_FROM_VIDEO,Screen Recording 2026-08-16 223317.mp4,5,1
La Povenglia,Herbs,Petit Anvers,15283.7,243,CONFIRMED_FROM_VIDEO,CONFIRMED_FROM_VIDEO,Screen Recording 2026-08-16 223317.mp4,2,2
La Povenglia,Herbs,Poblado de San Juan,8228.9,159,CONFIRMED_FROM_VIDEO,CONFIRMED_FROM_VIDEO,Screen Recording 2026-08-16 223317.mp4,4,2
La Povenglia,Herbs,Point Rocheux,10628.1,188,CONFIRMED_FROM_VIDEO,CONFIRMED_FROM_VIDEO,Screen Recording 2026-08-16 223317.mp4,4,2
La Povenglia,Herbs,Ponta Delgada,15138.7,242,CONFIRMED_FROM_VIDEO,CONFIRMED_FROM_VIDEO,Screen Recording 2026-08-16 223317.mp4,2,2
La Povenglia,Herbs,Port Antonio,8491.6,162,CONFIRMED_FROM_VIDEO,CONFIRMED_FROM_VIDEO,Screen Recording 2026-08-16 223317.mp4,9,1
La Povenglia,Herbs,Port Louis,12737.2,213,CONFIRMED_FROM_VIDEO,CONFIRMED_FROM_VIDEO,Screen Recording 2026-08-16 223317.mp4,6,2
La Povenglia,Herbs,Port Royal,6144.8,134,CONFIRMED_FROM_VIDEO,CONFIRMED_FROM_VIDEO,Screen Recording 2026-08-16 223317.mp4,6,1
La Povenglia,Herbs,Port-Au-Croix,10521.1,186,CONFIRMED_FROM_VIDEO,CONFIRMED_FROM_VIDEO,Screen Recording 2026-08-16 223317.mp4,6,2
La Povenglia,Herbs,Princeton,9034.4,168,CONFIRMED_FROM_VIDEO,CONFIRMED_FROM_VIDEO,Screen Recording 2026-08-16 223317.mp4,6,1
La Povenglia,Herbs,Puerto de San Fernando,8803.5,166,CONFIRMED_FROM_VIDEO,CONFIRMED_FROM_VIDEO,Screen Recording 2026-08-16 223317.mp4,6,1
La Povenglia,Herbs,Saint Vincent,11539.0,198,CONFIRMED_FROM_VIDEO,CONFIRMED_FROM_VIDEO,Screen Recording 2026-08-16 223317.mp4,7,1
La Povenglia,Herbs,Saint-Nicholas,5306.7,124,CONFIRMED_FROM_VIDEO,CONFIRMED_FROM_VIDEO,Screen Recording 2026-08-16 223317.mp4,9,1
La Povenglia,Herbs,Sainte Rose,14534.7,234,CONFIRMED_FROM_VIDEO,CONFIRMED_FROM_VIDEO,Screen Recording 2026-08-16 223317.mp4,2,2
La Povenglia,Herbs,San Polo,2148.1,86,CONFIRMED_FROM_VIDEO,CONFIRMED_FROM_VIDEO,Screen Recording 2026-08-16 223317.mp4,8,2
La Povenglia,Herbs,San Salvador,6107.8,133,CONFIRMED_FROM_VIDEO,CONFIRMED_FROM_VIDEO,Screen Recording 2026-08-16 223317.mp4,6,1
La Povenglia,Herbs,San Vito,1718.2,81,CONFIRMED_FROM_VIDEO,CONFIRMED_FROM_VIDEO,Screen Recording 2026-08-16 223317.mp4,3,2
La Povenglia,Herbs,Sandy Settlement,4763.1,117,CONFIRMED_FROM_VIDEO,CONFIRMED_FROM_VIDEO,Screen Recording 2026-08-16 223317.mp4,6,1
La Povenglia,Herbs,Santa Maria,7820.5,154,CONFIRMED_FROM_VIDEO,CONFIRMED_FROM_VIDEO,Screen Recording 2026-08-16 223317.mp4,7,1
La Povenglia,Herbs,Sao Bento,13428.2,221,CONFIRMED_FROM_VIDEO,CONFIRMED_FROM_VIDEO,Screen Recording 2026-08-16 223317.mp4,6,2
La Povenglia,Herbs,Snake Prosper,12955.5,215,CONFIRMED_FROM_VIDEO,CONFIRMED_FROM_VIDEO,Screen Recording 2026-08-16 223317.mp4,6,2
La Povenglia,Herbs,Sugar Cove,12330.3,208,CONFIRMED_FROM_VIDEO,CONFIRMED_FROM_VIDEO,Screen Recording 2026-08-16 223317.mp4,4,2
La Povenglia,Herbs,Taylor's Town,6587.5,139,CONFIRMED_FROM_VIDEO,CONFIRMED_FROM_VIDEO,Screen Recording 2026-08-16 223317.mp4,6,1
La Povenglia,Herbs,Theresa,7577.5,151,CONFIRMED_FROM_VIDEO,CONFIRMED_FROM_VIDEO,Screen Recording 2026-08-16 223317.mp4,7,1
La Povenglia,Herbs,Thresher Point,5172.9,122,CONFIRMED_FROM_VIDEO,CONFIRMED_FROM_VIDEO,Screen Recording 2026-08-16 223317.mp4,6,1
La Povenglia,Herbs,Venta Nueva,11037.8,192,CONFIRMED_FROM_VIDEO,CONFIRMED_FROM_VIDEO,Screen Recording 2026-08-16 223317.mp4,4,2
La Povenglia,Herbs,Villarreal Del Mar,10171.8,182,CONFIRMED_FROM_VIDEO,CONFIRMED_FROM_VIDEO,Screen Recording 2026-08-16 223317.mp4,1,2
La Povenglia,Herbs,White Hook,14132.3,230,CONFIRMED_FROM_VIDEO,CONFIRMED_FROM_VIDEO,Screen Recording 2026-08-16 223317.mp4,4,2
La Povenglia,Herbs,Wyntergard,14657.6,236,CONFIRMED_FROM_VIDEO,CONFIRMED_FROM_VIDEO,Screen Recording 2026-08-16 223317.mp4,2,2
La Povenglia,Herbs,Yorinobu's Settlement,9908.2,179,CONFIRMED_FROM_VIDEO,CONFIRMED_FROM_VIDEO,Screen Recording 2026-08-16 223317.mp4,4,1
Lebarde,Crumpets,Al-Jazair,3685.9,141,CONFIRMED_FROM_VIDEO,CONFIRMED_FROM_VIDEO,Screen Recording 2026-08-16 223317.mp4,11,1
Lebarde,Crumpets,Ashbourne,8620.3,221,CONFIRMED_FROM_VIDEO,CONFIRMED_FROM_VIDEO,Screen Recording 2026-08-16 223317.mp4,9,1
Lebarde,Crumpets,Belfry Heights,3444.0,137,CONFIRMED_FROM_VIDEO,CONFIRMED_FROM_VIDEO,Screen Recording 2026-08-16 223317.mp4,10,2
Lebarde,Crumpets,Bucket Bay,6069.6,180,CONFIRMED_FROM_VIDEO,CONFIRMED_FROM_VIDEO,Screen Recording 2026-08-16 223317.mp4,6,1
Lebarde,Crumpets,Caledonia,6171.1,182,CONFIRMED_FROM_VIDEO,CONFIRMED_FROM_VIDEO,Screen Recording 2026-08-16 223317.mp4,4,1
Lebarde,Crumpets,Castle Landing,1689.0,109,CONFIRMED_FROM_VIDEO,CONFIRMED_FROM_VIDEO,Screen Recording 2026-08-16 223317.mp4,7,1
Lebarde,Crumpets,Caveira,13416.3,299,CONFIRMED_FROM_VIDEO,CONFIRMED_FROM_VIDEO,Screen Recording 2026-08-16 223317.mp4,4,2
Lebarde,Crumpets,Caye Tiburon,2937.5,129,CONFIRMED_FROM_VIDEO,CONFIRMED_FROM_VIDEO,Screen Recording 2026-08-16 223317.mp4,12,1
Lebarde,Crumpets,Crownstead,9436.9,235,CONFIRMED_FROM_VIDEO,CONFIRMED_FROM_VIDEO,Screen Recording 2026-08-16 223317.mp4,5,1
Lebarde,Crumpets,Cumberland Hill,4773.3,159,CONFIRMED_FROM_VIDEO,CONFIRMED_FROM_VIDEO,Screen Recording 2026-08-16 223317.mp4,4,3
Lebarde,Crumpets,Deadman's Murcia,6725.5,191,CONFIRMED_FROM_VIDEO,CONFIRMED_FROM_VIDEO,Screen Recording 2026-08-16 223317.mp4,4,1
Lebarde,Crumpets,Fair Harbour,6160.0,181,CONFIRMED_FROM_VIDEO,CONFIRMED_FROM_VIDEO,Screen Recording 2026-08-16 223317.mp4,4,2
Lebarde,Crumpets,Falmouth,7937.4,210,CONFIRMED_FROM_VIDEO,CONFIRMED_FROM_VIDEO,Screen Recording 2026-08-16 223317.mp4,4,1
Lebarde,Crumpets,Gyldenvale,10193.5,247,CONFIRMED_FROM_VIDEO,CONFIRMED_FROM_VIDEO,Screen Recording 2026-08-16 223317.mp4,4,3
Lebarde,Crumpets,Jones' Outpost,4326.1,152,CONFIRMED_FROM_VIDEO,CONFIRMED_FROM_VIDEO,Screen Recording 2026-08-16 223317.mp4,5,2
Lebarde,Crumpets,Kandlerova,10450.7,251,CONFIRMED_RECORDED_RECIPROCAL_AUDIT,CONFIRMED_FROM_VIDEO,Screen Recording 2026-08-16 223317.mp4,1,1
Lebarde,Crumpets,La Povenglia,7443.9,202,CONFIRMED_FROM_VIDEO,CONFIRMED_FROM_VIDEO,Screen Recording 2026-08-16 223317.mp4,5,1
Lebarde,Crumpets,Lord Irving's Sacrifice,5791.4,175,CONFIRMED_FROM_VIDEO,CONFIRMED_FROM_VIDEO,Screen Recording 2026-08-16 223317.mp4,6,1
Lebarde,Crumpets,Louisbourg,10470.9,251,CONFIRMED_FROM_VIDEO,CONFIRMED_FROM_VIDEO,Screen Recording 2026-08-16 223317.mp4,4,2
Lebarde,Crumpets,Madalena,15322.4,330,CONFIRMED_FROM_VIDEO,CONFIRMED_FROM_VIDEO,Screen Recording 2026-08-16 223317.mp4,4,2
Lebarde,Crumpets,Mako's Outlook,5520.6,171,CONFIRMED_FROM_VIDEO,CONFIRMED_FROM_VIDEO,Screen Recording 2026-08-16 223317.mp4,6,1
Lebarde,Crumpets,Matthew's Rest,6468.7,186,CONFIRMED_FROM_VIDEO,CONFIRMED_FROM_VIDEO,Screen Recording 2026-08-16 223317.mp4,4,1
Lebarde,Crumpets,Maurepas,9594.4,237,CONFIRMED_FROM_VIDEO,CONFIRMED_FROM_VIDEO,Screen Recording 2026-08-16 223317.mp4,5,1
Lebarde,Crumpets,New Brighton,3469.7,138,CONFIRMED_FROM_VIDEO,CONFIRMED_FROM_VIDEO,Screen Recording 2026-08-16 223317.mp4,12,1
Lebarde,Crumpets,New Catalina,4396.1,153,CONFIRMED_FROM_VIDEO,CONFIRMED_FROM_VIDEO,Screen Recording 2026-08-16 223317.mp4,6,1
Lebarde,Crumpets,Pachard Town,6732.4,191,CONFIRMED_FROM_VIDEO,CONFIRMED_FROM_VIDEO,Screen Recording 2026-08-16 223317.mp4,5,1
Lebarde,Crumpets,Peter's Cove,3763.9,142,CONFIRMED_FROM_VIDEO,CONFIRMED_FROM_VIDEO,Screen Recording 2026-08-16 223317.mp4,12,1
Lebarde,Crumpets,Petit Anvers,11523.6,269,CONFIRMED_FROM_VIDEO,CONFIRMED_FROM_VIDEO,Screen Recording 2026-08-16 223317.mp4,4,2
Lebarde,Crumpets,Poblado de San Juan,12028.0,277,CONFIRMED_FROM_VIDEO,CONFIRMED_FROM_VIDEO,Screen Recording 2026-08-16 223317.mp4,5,1
Lebarde,Crumpets,Point Rocheux,8418.3,218,CONFIRMED_FROM_VIDEO,CONFIRMED_FROM_VIDEO,Screen Recording 2026-08-16 223317.mp4,4,1
Lebarde,Crumpets,Ponta Delgada,15520.4,333,CONFIRMED_FROM_VIDEO,CONFIRMED_FROM_VIDEO,Screen Recording 2026-08-16 223317.mp4,4,2
Lebarde,Crumpets,Port Antonio,8725.2,223,CONFIRMED_FROM_VIDEO,CONFIRMED_FROM_VIDEO,Screen Recording 2026-08-16 223317.mp4,6,1
Lebarde,Crumpets,Port Louis,6929.7,194,CONFIRMED_FROM_VIDEO,CONFIRMED_FROM_VIDEO,Screen Recording 2026-08-16 223317.mp4,6,1
Lebarde,Crumpets,Port Royal,6940.1,194,CONFIRMED_FROM_VIDEO,CONFIRMED_FROM_VIDEO,Screen Recording 2026-08-16 223317.mp4,5,1
Lebarde,Crumpets,Port-Au-Croix,7585.3,205,CONFIRMED_FROM_VIDEO,CONFIRMED_FROM_VIDEO,Screen Recording 2026-08-16 223317.mp4,4,2
Lebarde,Crumpets,Princeton,1821.4,111,CONFIRMED_FROM_VIDEO,CONFIRMED_FROM_VIDEO,Screen Recording 2026-08-16 223317.mp4,10,3
Lebarde,Crumpets,Puerto de San Fernando,10884.4,258,CONFIRMED_RECORDED_RECIPROCAL_AUDIT,CONFIRMED_FROM_VIDEO,Screen Recording 2026-08-16 223317.mp4,1,1
Lebarde,Crumpets,Saint Vincent,5080.4,164,CONFIRMED_FROM_VIDEO,CONFIRMED_FROM_VIDEO,Screen Recording 2026-08-16 223317.mp4,6,1
Lebarde,Crumpets,Saint-Nicholas,4271.5,151,CONFIRMED_FROM_VIDEO,CONFIRMED_FROM_VIDEO,Screen Recording 2026-08-16 223317.mp4,12,1
Lebarde,Crumpets,Sainte Rose,11592.3,270,CONFIRMED_FROM_VIDEO,CONFIRMED_FROM_VIDEO,Screen Recording 2026-08-16 223317.mp4,4,2
Lebarde,Crumpets,San Polo,9512.2,236,CONFIRMED_FROM_VIDEO,CONFIRMED_FROM_VIDEO,Screen Recording 2026-08-16 223317.mp4,5,1
Lebarde,Crumpets,San Salvador,10963.9,259,CONFIRMED_FROM_VIDEO,CONFIRMED_FROM_VIDEO,Screen Recording 2026-08-16 223317.mp4,2,1
Lebarde,Crumpets,San Vito,6749.0,191,CONFIRMED_FROM_VIDEO,CONFIRMED_FROM_VIDEO,Screen Recording 2026-08-16 223317.mp4,4,1
Lebarde,Crumpets,Sandy Settlement,4417.5,153,CONFIRMED_FROM_VIDEO,CONFIRMED_FROM_VIDEO,Screen Recording 2026-08-16 223317.mp4,4,1
Lebarde,Crumpets,Santa Maria,11556.8,269,CONFIRMED_FROM_VIDEO,CONFIRMED_FROM_VIDEO,Screen Recording 2026-08-16 223317.mp4,4,2
Lebarde,Crumpets,Sao Bento,14392.4,315,CONFIRMED_FROM_VIDEO,CONFIRMED_FROM_VIDEO,Screen Recording 2026-08-16 223317.mp4,4,2
Lebarde,Crumpets,Snake Prosper,5917.3,177,CONFIRMED_FROM_VIDEO,CONFIRMED_FROM_VIDEO,Screen Recording 2026-08-16 223317.mp4,7,1
Lebarde,Crumpets,Sugar Cove,5245.6,166,CONFIRMED_FROM_VIDEO,CONFIRMED_FROM_VIDEO,Screen Recording 2026-08-16 223317.mp4,6,1
Lebarde,Crumpets,Taylor's Town,3303.7,135,CONFIRMED_FROM_VIDEO,CONFIRMED_FROM_VIDEO,Screen Recording 2026-08-16 223317.mp4,12,1
Lebarde,Crumpets,Theresa,8705.3,223,CONFIRMED_FROM_VIDEO,CONFIRMED_FROM_VIDEO,Screen Recording 2026-08-16 223317.mp4,6,1
Lebarde,Crumpets,Thresher Point,2581.4,123,CONFIRMED_FROM_VIDEO,CONFIRMED_FROM_VIDEO,Screen Recording 2026-08-16 223317.mp4,12,1
Lebarde,Crumpets,Venta Nueva,10974.6,260,CONFIRMED_FROM_VIDEO,CONFIRMED_FROM_VIDEO,Screen Recording 2026-08-16 223317.mp4,4,2
Lebarde,Crumpets,Villarreal Del Mar,9666.1,238,CONFIRMED_FROM_VIDEO,CONFIRMED_FROM_VIDEO,Screen Recording 2026-08-16 223317.mp4,5,1
Lebarde,Crumpets,White Hook,6990.8,195,CONFIRMED_FROM_VIDEO,CONFIRMED_FROM_VIDEO,Screen Recording 2026-08-16 223317.mp4,5,1
Lebarde,Crumpets,Wyntergard,8882.8,226,CONFIRMED_FROM_VIDEO,CONFIRMED_FROM_VIDEO,Screen Recording 2026-08-16 223317.mp4,5,2
Lebarde,Crumpets,Yorinobu's Settlement,4521.9,155,CONFIRMED_FROM_VIDEO,CONFIRMED_FROM_VIDEO,Screen Recording 2026-08-16 223317.mp4,2,1
Lord Irving's Sacrifice,Wool,Al-Jazair,7267.7,169,CONFIRMED_FROM_VIDEO,CONFIRMED_FROM_VIDEO,Screen Recording 2026-08-16 113109.mp4,4,1
Lord Irving's Sacrifice,Wool,Ashbourne,9987.1,206,CONFIRMED_FROM_VIDEO,CONFIRMED_FROM_VIDEO,Screen Recording 2026-08-16 113109.mp4,3,1
Lord Irving's Sacrifice,Wool,Belfry Heights,2548.2,104,CONFIRMED_FROM_VIDEO,CONFIRMED_FROM_VIDEO,Screen Recording 2026-08-16 113109.mp4,3,1
Lord Irving's Sacrifice,Wool,Bucket Bay,7181.3,167,CONFIRMED_FROM_VIDEO,CONFIRMED_FROM_VIDEO,Screen Recording 2026-08-16 113109.mp4,3,1
Lord Irving's Sacrifice,Wool,Caledonia,10324.8,211,CONFIRMED_FROM_VIDEO,CONFIRMED_FROM_VIDEO,Screen Recording 2026-08-16 113109.mp4,4,1
Lord Irving's Sacrifice,Wool,Castle Landing,7456.4,171,CONFIRMED_FROM_VIDEO,CONFIRMED_FROM_VIDEO,Screen Recording 2026-08-16 113109.mp4,3,1
Lord Irving's Sacrifice,Wool,Caveira,8559.1,186,CONFIRMED_FROM_VIDEO,CONFIRMED_FROM_VIDEO,Screen Recording 2026-08-16 113109.mp4,3,1
Lord Irving's Sacrifice,Wool,Caye Tiburon,3056.3,111,CONFIRMED_FROM_VIDEO,CONFIRMED_FROM_VIDEO,Screen Recording 2026-08-16 113109.mp4,5,2
Lord Irving's Sacrifice,Wool,Crownstead,10660.3,215,CONFIRMED_FROM_VIDEO,CONFIRMED_FROM_VIDEO,Screen Recording 2026-08-16 113109.mp4,2,1
Lord Irving's Sacrifice,Wool,Cumberland Hill,10425.6,212,CONFIRMED_FROM_VIDEO,CONFIRMED_FROM_VIDEO,Screen Recording 2026-08-16 113109.mp4,2,1
Lord Irving's Sacrifice,Wool,Deadman's Murcia,10507.3,213,CONFIRMED_FROM_VIDEO,CONFIRMED_FROM_VIDEO,Screen Recording 2026-08-16 113109.mp4,2,1
Lord Irving's Sacrifice,Wool,Fair Harbour,8228.2,182,CONFIRMED_FROM_VIDEO,CONFIRMED_FROM_VIDEO,Screen Recording 2026-08-16 113109.mp4,3,1
Lord Irving's Sacrifice,Wool,Falmouth,4417.9,129,CONFIRMED_FROM_VIDEO,CONFIRMED_FROM_VIDEO,Screen Recording 2026-08-16 113109.mp4,3,1
Lord Irving's Sacrifice,Wool,Griffard's Rock,3413.2,116,CONFIRMED_FROM_GRIFFARDS_DESTINATION_LIST,DERIVED,naval_route_trade_handoff_v1.json:griffards_rock_backfills,,
Lord Irving's Sacrifice,Wool,Gyldenvale,11899.1,232,CONFIRMED_FROM_VIDEO,CONFIRMED_FROM_VIDEO,Screen Recording 2026-08-16 113109.mp4,1,1
Lord Irving's Sacrifice,Wool,Jones' Outpost,9784.9,203,CONFIRMED_FROM_VIDEO,CONFIRMED_FROM_VIDEO,Screen Recording 2026-08-16 113109.mp4,4,1
Lord Irving's Sacrifice,Wool,Kandlerova,6267.2,155,CONFIRMED_FROM_VIDEO,CONFIRMED_FROM_VIDEO,Screen Recording 2026-08-16 113109.mp4,3,1
Lord Irving's Sacrifice,Wool,La Povenglia,4288.3,128,CONFIRMED_FROM_VIDEO,CONFIRMED_FROM_VIDEO,Screen Recording 2026-08-16 113109.mp4,3,1
Lord Irving's Sacrifice,Wool,Lebarde,5791.4,148,CONFIRMED_FROM_VIDEO,CONFIRMED_FROM_VIDEO,Screen Recording 2026-08-16 113109.mp4,4,1
Lord Irving's Sacrifice,Wool,Louisbourg,9490.8,199,CONFIRMED_FROM_VIDEO,CONFIRMED_FROM_VIDEO,Screen Recording 2026-08-16 113109.mp4,4,1
Lord Irving's Sacrifice,Wool,Madalena,10493.2,213,CONFIRMED_FROM_VIDEO,CONFIRMED_FROM_VIDEO,Screen Recording 2026-08-16 113109.mp4,2,1
Lord Irving's Sacrifice,Wool,Mako's Outlook,772.3,79,CONFIRMED_FROM_VIDEO,CONFIRMED_FROM_VIDEO,Screen Recording 2026-08-16 113109.mp4,2,1
Lord Irving's Sacrifice,Wool,Maurepas,8793.2,190,CONFIRMED_FROM_VIDEO,CONFIRMED_FROM_VIDEO,Screen Recording 2026-08-16 113109.mp4,4,1
Lord Irving's Sacrifice,Wool,New Brighton,5704.1,147,CONFIRMED_FROM_VIDEO,CONFIRMED_FROM_VIDEO,Screen Recording 2026-08-16 113109.mp4,3,1
Lord Irving's Sacrifice,Wool,New Catalina,10116.9,208,CONFIRMED_FROM_VIDEO,CONFIRMED_FROM_VIDEO,Screen Recording 2026-08-16 113109.mp4,4,1
Lord Irving's Sacrifice,Wool,Pachard Town,6184.8,154,CONFIRMED_FROM_VIDEO,CONFIRMED_FROM_VIDEO,Screen Recording 2026-08-16 113109.mp4,2,1
Lord Irving's Sacrifice,Wool,Peter's Cove,5054.2,138,CONFIRMED_FROM_VIDEO,CONFIRMED_FROM_VIDEO,Screen Recording 2026-08-16 113109.mp4,3,1
Lord Irving's Sacrifice,Wool,Petit Anvers,11011.9,220,CONFIRMED_FROM_VIDEO,CONFIRMED_FROM_VIDEO,Screen Recording 2026-08-16 113109.mp4,2,1
Lord Irving's Sacrifice,Wool,Poblado de San Juan,6325.6,156,CONFIRMED_FROM_VIDEO,CONFIRMED_FROM_VIDEO,Screen Recording 2026-08-16 113109.mp4,3,1
Lord Irving's Sacrifice,Wool,Point Rocheux,6341.0,156,CONFIRMED_FROM_VIDEO,CONFIRMED_FROM_VIDEO,Screen Recording 2026-08-16 113109.mp4,3,1
Lord Irving's Sacrifice,Wool,Ponta Delgada,11525.5,227,CONFIRMED_FROM_VIDEO,CONFIRMED_FROM_VIDEO,Screen Recording 2026-08-16 113109.mp4,1,1
Lord Irving's Sacrifice,Wool,Port Antonio,4492.9,131,CONFIRMED_FROM_VIDEO,CONFIRMED_FROM_VIDEO,Screen Recording 2026-08-16 113109.mp4,3,1
Lord Irving's Sacrifice,Wool,Port Louis,9005.7,193,CONFIRMED_FROM_VIDEO,CONFIRMED_FROM_VIDEO,Screen Recording 2026-08-16 113109.mp4,5,1
Lord Irving's Sacrifice,Wool,Port Royal,2046.6,97,CONFIRMED_FROM_VIDEO,CONFIRMED_FROM_VIDEO,Screen Recording 2026-08-16 113109.mp4,3,1
Lord Irving's Sacrifice,Wool,Port-Au-Croix,6257.9,155,CONFIRMED_FROM_VIDEO,CONFIRMED_FROM_VIDEO,Screen Recording 2026-08-16 113109.mp4,3,1
Lord Irving's Sacrifice,Wool,Princeton,6703.2,161,CONFIRMED_FROM_VIDEO,CONFIRMED_FROM_VIDEO,Screen Recording 2026-08-16 113109.mp4,2,1
Lord Irving's Sacrifice,Wool,Puerto de San Fernando,5692.4,147,CONFIRMED_FROM_VIDEO,CONFIRMED_FROM_VIDEO,Screen Recording 2026-08-16 113109.mp4,2,1
Lord Irving's Sacrifice,Wool,Saint Vincent,8235.6,182,CONFIRMED_FROM_VIDEO,CONFIRMED_FROM_VIDEO,Screen Recording 2026-08-16 113109.mp4,3,1
Lord Irving's Sacrifice,Wool,Saint-Nicholas,6533.2,159,CONFIRMED_FROM_VIDEO,CONFIRMED_FROM_VIDEO,Screen Recording 2026-08-16 113109.mp4,2,1
Lord Irving's Sacrifice,Wool,Sainte Rose,10248.2,210,CONFIRMED_FROM_VIDEO,CONFIRMED_FROM_VIDEO,Screen Recording 2026-08-16 113109.mp4,4,1
Lord Irving's Sacrifice,Wool,San Polo,5450.2,144,CONFIRMED_FROM_VIDEO,CONFIRMED_FROM_VIDEO,Screen Recording 2026-08-16 113109.mp4,3,1
Lord Irving's Sacrifice,Wool,San Salvador,5189.4,140,CONFIRMED_FROM_VIDEO,CONFIRMED_FROM_VIDEO,Screen Recording 2026-08-16 113109.mp4,3,1
Lord Irving's Sacrifice,Wool,San Vito,2605.4,105,CONFIRMED_FROM_VIDEO,CONFIRMED_FROM_VIDEO,Screen Recording 2026-08-16 113109.mp4,4,1
Lord Irving's Sacrifice,Wool,Sandy Settlement,6136.5,153,CONFIRMED_FROM_VIDEO,CONFIRMED_FROM_VIDEO,Screen Recording 2026-08-16 113109.mp4,2,1
Lord Irving's Sacrifice,Wool,Santa Maria,5850.1,149,CONFIRMED_FROM_VIDEO,CONFIRMED_FROM_VIDEO,Screen Recording 2026-08-16 113109.mp4,3,1
Lord Irving's Sacrifice,Wool,Sao Bento,9992.9,206,CONFIRMED_FROM_VIDEO,CONFIRMED_FROM_VIDEO,Screen Recording 2026-08-16 113109.mp4,4,1
Lord Irving's Sacrifice,Wool,Snake Prosper,9952.5,206,CONFIRMED_FROM_VIDEO,CONFIRMED_FROM_VIDEO,Screen Recording 2026-08-16 113109.mp4,3,1
Lord Irving's Sacrifice,Wool,Sugar Cove,11014.5,220,CONFIRMED_FROM_VIDEO,CONFIRMED_FROM_VIDEO,Screen Recording 2026-08-16 113109.mp4,2,1
Lord Irving's Sacrifice,Wool,Taylor's Town,7022.0,165,CONFIRMED_FROM_VIDEO,CONFIRMED_FROM_VIDEO,Screen Recording 2026-08-16 113109.mp4,4,1
Lord Irving's Sacrifice,Wool,Theresa,3835.2,121,CONFIRMED_FROM_VIDEO,CONFIRMED_FROM_VIDEO,Screen Recording 2026-08-16 113109.mp4,2,2
Lord Irving's Sacrifice,Wool,Thresher Point,3307.7,114,CONFIRMED_FROM_VIDEO,CONFIRMED_FROM_VIDEO,Screen Recording 2026-08-16 113109.mp4,2,1
Lord Irving's Sacrifice,Wool,Venta Nueva,7116.6,167,CONFIRMED_FROM_VIDEO,CONFIRMED_FROM_VIDEO,Screen Recording 2026-08-16 113109.mp4,4,1
Lord Irving's Sacrifice,Wool,Villarreal Del Mar,6084.7,152,CONFIRMED_FROM_VIDEO,CONFIRMED_FROM_VIDEO,Screen Recording 2026-08-16 113109.mp4,2,2
Lord Irving's Sacrifice,Wool,White Hook,11163.1,222,CONFIRMED_FROM_VIDEO,CONFIRMED_FROM_VIDEO,Screen Recording 2026-08-16 113109.mp4,1,1
Lord Irving's Sacrifice,Wool,Wyntergard,10808.3,217,CONFIRMED_FROM_VIDEO,CONFIRMED_FROM_VIDEO,Screen Recording 2026-08-16 113109.mp4,1,1
Louisbourg,Lace,Al-Jazair,7678.4,206,CONFIRMED_FROM_SCREENSHOT,CONFIRMED_FROM_SCREENSHOT,Louisbourg sell4.png,1,1
Louisbourg,Lace,Ashbourne,3970.9,146,CONFIRMED_FROM_SCREENSHOT,CONFIRMED_FROM_SCREENSHOT,Louisbourg sell6.png; Louisbourg sell7.png,2,1
Louisbourg,Lace,Belfry Heights,10247.4,248,CONFIRMED_FROM_SCREENSHOT,CONFIRMED_FROM_SCREENSHOT,Louisbourg sell3.png,1,1
Louisbourg,Lace,Bucket Bay,4634.5,157,CONFIRMED_FROM_SCREENSHOT,CONFIRMED_FROM_SCREENSHOT,Louisbourg sell6.png; Louisbourg sell7.png,2,1
Louisbourg,Lace,Caledonia,8607.7,221,CONFIRMED_FROM_SCREENSHOT,CONFIRMED_FROM_SCREENSHOT,Louisbourg sell4.png,1,1
Louisbourg,Lace,Castle Landing,11029.2,260,CONFIRMED_FROM_SCREENSHOT,CONFIRMED_FROM_SCREENSHOT,Louisbourg sell2.png,1,1
Louisbourg,Lace,Caveira,8360.7,217,CONFIRMED_FROM_SCREENSHOT,CONFIRMED_FROM_SCREENSHOT,Louisbourg sell4.png,1,1
Louisbourg,Lace,Caye Tiburon,8817.0,225,CONFIRMED_FROM_SCREENSHOT,CONFIRMED_FROM_SCREENSHOT,Louisbourg sell3.png,1,1
Louisbourg,Lace,Crownstead,3811.8,143,CONFIRMED_FROM_SCREENSHOT,CONFIRMED_FROM_SCREENSHOT,Louisbourg sell6.png; Louisbourg sell7.png,2,1
Louisbourg,Lace,Cumberland Hill,12044.4,277,CONFIRMED_FROM_SCREENSHOT,CONFIRMED_FROM_SCREENSHOT,Louisbourg sell2.png,1,2
Louisbourg,Lace,Deadman's Murcia,8012.3,211,CONFIRMED_FROM_SCREENSHOT,CONFIRMED_FROM_SCREENSHOT,Louisbourg sell4.png,1,1
Louisbourg,Lace,Fair Harbour,5364.3,168,CONFIRMED_FROM_SCREENSHOT,CONFIRMED_FROM_SCREENSHOT,Louisbourg sell5.png,1,1
Louisbourg,Lace,Falmouth,5483.8,170,CONFIRMED_FROM_SCREENSHOT,CONFIRMED_FROM_SCREENSHOT,Louisbourg sell5.png,1,1
Louisbourg,Lace,Griffard's Rock,6582.4,188,CONFIRMED_FROM_GRIFFARDS_DESTINATION_LIST,DERIVED,naval_route_trade_handoff_v1.json:griffards_rock_backfills,,
Louisbourg,Lace,Gyldenvale,5002.5,163,CONFIRMED_FROM_SCREENSHOT,CONFIRMED_FROM_SCREENSHOT,Louisbourg sell5.png,1,1
Louisbourg,Lace,Jones' Outpost,11060.2,261,CONFIRMED_FROM_SCREENSHOT,CONFIRMED_FROM_SCREENSHOT,Louisbourg sell2.png,1,1
Louisbourg,Lace,Kandlerova,15460.5,332,CONFIRMED_FROM_SCREENSHOT,CONFIRMED_FROM_SCREENSHOT,Louisbourg sell1.png,1,1
Louisbourg,Lace,La Povenglia,13774.2,305,CONFIRMED_FROM_SCREENSHOT,CONFIRMED_FROM_SCREENSHOT,Louisbourg sell1.png,1,1
Louisbourg,Lace,Lebarde,10470.9,251,CONFIRMED_FROM_SCREENSHOT,CONFIRMED_FROM_SCREENSHOT,Louisbourg sell3.png,1,1
Louisbourg,Lace,Lord Irving's Sacrifice,9490.8,235,CONFIRMED_FROM_SCREENSHOT,CONFIRMED_FROM_SCREENSHOT,Louisbourg sell3.png,1,1
Louisbourg,Lace,Madalena,9404.8,234,CONFIRMED_FROM_SCREENSHOT,CONFIRMED_FROM_SCREENSHOT,Louisbourg sell3.png,1,1
Louisbourg,Lace,Mako's Outlook,10157.6,246,CONFIRMED_FROM_SCREENSHOT,CONFIRMED_FROM_SCREENSHOT,Louisbourg sell3.png,1,1
Louisbourg,Lace,Matthew's Rest,4026.9,147,CONFIRMED_FROM_SCREENSHOT,CONFIRMED_FROM_SCREENSHOT,Louisbourg sell6.png; Louisbourg sell7.png,2,1
Louisbourg,Lace,Maurepas,877.6,96,CONFIRMED_FROM_SCREENSHOT,CONFIRMED_FROM_SCREENSHOT,Louisbourg sell7.png,1,1
Louisbourg,Lace,New Brighton,7040.2,196,CONFIRMED_FROM_SCREENSHOT,CONFIRMED_FROM_SCREENSHOT,Louisbourg sell5.png,1,1
Louisbourg,Lace,New Catalina,12192.4,279,CONFIRMED_FROM_SCREENSHOT,CONFIRMED_FROM_SCREENSHOT,Louisbourg sell1.png,1,1
Louisbourg,Lace,Pachard Town,3821.9,143,CONFIRMED_FROM_SCREENSHOT,CONFIRMED_FROM_SCREENSHOT,Louisbourg sell6.png; Louisbourg sell7.png,2,1
Louisbourg,Lace,Peter's Cove,12934.0,291,CONFIRMED_FROM_SCREENSHOT,CONFIRMED_FROM_SCREENSHOT,Louisbourg sell1.png,1,1
Louisbourg,Lace,Petit Anvers,1592.2,107,CONFIRMED_FROM_SCREENSHOT,CONFIRMED_FROM_SCREENSHOT,Louisbourg sell6.png; Louisbourg sell7.png,2,1
Louisbourg,Lace,Poblado de San Juan,10783.5,256,CONFIRMED_FROM_SCREENSHOT,CONFIRMED_FROM_SCREENSHOT,Louisbourg sell2.png,1,1
Louisbourg,Lace,Point Rocheux,3223.3,134,CONFIRMED_FROM_SCREENSHOT,CONFIRMED_FROM_SCREENSHOT,Louisbourg sell6.png; Louisbourg sell7.png,2,1
Louisbourg,Lace,Ponta Delgada,7640.5,205,CONFIRMED_FROM_SCREENSHOT,CONFIRMED_FROM_SCREENSHOT,Louisbourg sell4.png,1,1
Louisbourg,Lace,Port Antonio,6211.1,182,CONFIRMED_FROM_SCREENSHOT,CONFIRMED_FROM_SCREENSHOT,Louisbourg sell5.png,1,1
Louisbourg,Lace,Port Louis,5179.7,165,CONFIRMED_FROM_SCREENSHOT,CONFIRMED_FROM_SCREENSHOT,Louisbourg sell5.png,1,1
Louisbourg,Lace,Port Royal,7863.8,209,CONFIRMED_FROM_SCREENSHOT,CONFIRMED_FROM_SCREENSHOT,Louisbourg sell4.png,1,1
Louisbourg,Lace,Port-Au-Croix,3296.0,135,CONFIRMED_FROM_SCREENSHOT,CONFIRMED_FROM_SCREENSHOT,Louisbourg sell6.png; Louisbourg sell7.png,2,1
Louisbourg,Lace,Princeton,9363.2,233,CONFIRMED_FROM_SCREENSHOT,CONFIRMED_FROM_SCREENSHOT,Louisbourg sell3.png,1,1
Louisbourg,Lace,Puerto de San Fernando,8285.1,216,CONFIRMED_FROM_SCREENSHOT,CONFIRMED_FROM_SCREENSHOT,Louisbourg sell4.png,1,1
Louisbourg,Lace,Saint Vincent,6892.4,193,CONFIRMED_FROM_SCREENSHOT,CONFIRMED_FROM_SCREENSHOT,Louisbourg sell5.png,1,1
Louisbourg,Lace,Saint-Nicholas,14132.6,311,CONFIRMED_FROM_SCREENSHOT,CONFIRMED_FROM_SCREENSHOT,Louisbourg sell1.png,1,1
Louisbourg,Lace,Sainte Rose,1183.4,100,CONFIRMED_FROM_SCREENSHOT,CONFIRMED_FROM_SCREENSHOT,Louisbourg sell6.png; Louisbourg sell7.png,2,1
Louisbourg,Lace,San Polo,14765.7,321,CONFIRMED_FROM_SCREENSHOT,CONFIRMED_FROM_SCREENSHOT,Louisbourg sell1.png,1,1
Louisbourg,Lace,San Salvador,11843.2,274,CONFIRMED_FROM_SCREENSHOT,CONFIRMED_FROM_SCREENSHOT,Louisbourg sell2.png,1,1
Louisbourg,Lace,San Vito,12094.0,278,CONFIRMED_FROM_SCREENSHOT,CONFIRMED_FROM_SCREENSHOT,Louisbourg sell1.png,1,1
Louisbourg,Lace,Sandy Settlement,14010.0,309,CONFIRMED_FROM_SCREENSHOT,CONFIRMED_FROM_SCREENSHOT,Louisbourg sell1.png,1,1
Louisbourg,Lace,Santa Maria,10568.0,253,CONFIRMED_FROM_SCREENSHOT,CONFIRMED_FROM_SCREENSHOT,Louisbourg sell3.png,1,1
Louisbourg,Lace,Sao Bento,7764.1,207,CONFIRMED_FROM_SCREENSHOT,CONFIRMED_FROM_SCREENSHOT,Louisbourg sell4.png,1,1
Louisbourg,Lace,Snake Prosper,8308.3,216,CONFIRMED_FROM_SCREENSHOT,CONFIRMED_FROM_SCREENSHOT,Louisbourg sell4.png,1,1
Louisbourg,Lace,Sugar Cove,13125.8,295,CONFIRMED_FROM_SCREENSHOT,CONFIRMED_FROM_SCREENSHOT,Louisbourg sell1.png,1,1
Louisbourg,Lace,Taylor's Town,13641.7,303,CONFIRMED_FROM_SCREENSHOT,CONFIRMED_FROM_SCREENSHOT,Louisbourg sell1.png,1,1
Louisbourg,Lace,Theresa,7338.6,201,CONFIRMED_FROM_SCREENSHOT,CONFIRMED_FROM_SCREENSHOT,Louisbourg sell4.png,1,1
Louisbourg,Lace,Thresher Point,10154.7,246,CONFIRMED_FROM_SCREENSHOT,CONFIRMED_FROM_SCREENSHOT,Louisbourg sell3.png,1,1
Louisbourg,Lace,Venta Nueva,5286.2,167,CONFIRMED_FROM_SCREENSHOT,CONFIRMED_FROM_SCREENSHOT,Louisbourg sell5.png,1,1
Louisbourg,Lace,Villarreal Del Mar,4848.0,160,CONFIRMED_FROM_SCREENSHOT,CONFIRMED_FROM_SCREENSHOT,Louisbourg sell6.png,1,1
Louisbourg,Lace,White Hook,8921.7,226,CONFIRMED_FROM_SCREENSHOT,CONFIRMED_FROM_SCREENSHOT,Louisbourg sell3.png,1,1
Louisbourg,Lace,Wyntergard,4991.7,162,CONFIRMED_FROM_SCREENSHOT,CONFIRMED_FROM_SCREENSHOT,Louisbourg sell5.png,1,1
Louisbourg,Lace,Yorinobu's Settlement,6074.7,180,CONFIRMED_FROM_SCREENSHOT,CONFIRMED_FROM_SCREENSHOT,Louisbourg sell5.png,1,1
Madalena,Cheese,Al-Jazair,14528.2,269,CONFIRMED_FROM_VIDEO,CONFIRMED_FROM_VIDEO,Screen Recording 2026-08-16 223317.mp4,4,2
Madalena,Cheese,Ashbourne,13063.8,248,CONFIRMED_FROM_VIDEO,CONFIRMED_FROM_VIDEO,Screen Recording 2026-08-16 223317.mp4,6,2
Madalena,Cheese,Belfry Heights,12861.8,246,CONFIRMED_FROM_VIDEO,CONFIRMED_FROM_VIDEO,Screen Recording 2026-08-16 223317.mp4,8,2
Madalena,Cheese,Bucket Bay,12084.9,235,CONFIRMED_FROM_VIDEO,CONFIRMED_FROM_VIDEO,Screen Recording 2026-08-16 223317.mp4,4,2
Madalena,Cheese,Caledonia,16752.2,299,CONFIRMED_FROM_VIDEO,CONFIRMED_FROM_VIDEO,Screen Recording 2026-08-16 223317.mp4,4,2
Madalena,Cheese,Castle Landing,16687.2,298,CONFIRMED_FROM_VIDEO,CONFIRMED_FROM_VIDEO,Screen Recording 2026-08-16 223317.mp4,4,2
Madalena,Cheese,Caveira,1940.9,95,CONFIRMED_FROM_VIDEO,CONFIRMED_FROM_VIDEO,Screen Recording 2026-08-16 223317.mp4,4,1
Madalena,Cheese,Caye Tiburon,12460.2,240,CONFIRMED_FROM_VIDEO,CONFIRMED_FROM_VIDEO,Screen Recording 2026-08-16 223317.mp4,4,2
Madalena,Cheese,Crownstead,13119.3,249,CONFIRMED_FROM_VIDEO,CONFIRMED_FROM_VIDEO,Screen Recording 2026-08-16 223317.mp4,6,2
Madalena,Cheese,Cumberland Hill,18969.0,330,CONFIRMED_FROM_VIDEO,CONFIRMED_FROM_VIDEO,Screen Recording 2026-08-16 223317.mp4,4,1
Madalena,Cheese,Deadman's Murcia,16409.4,294,CONFIRMED_RECORDED_RECIPROCAL_AUDIT,CONFIRMED_FROM_VIDEO,Screen Recording 2026-08-16 223317.mp4,7,1
Madalena,Cheese,Fair Harbour,13356.0,252,CONFIRMED_FROM_VIDEO,CONFIRMED_FROM_VIDEO,Screen Recording 2026-08-16 223317.mp4,5,1
Madalena,Cheese,Falmouth,7479.2,172,CONFIRMED_FROM_VIDEO,CONFIRMED_FROM_VIDEO,Screen Recording 2026-08-16 223317.mp4,6,1
Madalena,Cheese,Gyldenvale,14387.2,267,CONFIRMED_FROM_VIDEO,CONFIRMED_FROM_VIDEO,Screen Recording 2026-08-16 223317.mp4,4,2
Madalena,Cheese,Jones' Outpost,18061.8,317,CONFIRMED_FROM_VIDEO,CONFIRMED_FROM_VIDEO,Screen Recording 2026-08-16 223317.mp4,4,2
Madalena,Cheese,Kandlerova,13237.4,251,CONFIRMED_FROM_VIDEO,CONFIRMED_FROM_VIDEO,Screen Recording 2026-08-16 223317.mp4,4,2
Madalena,Cheese,La Povenglia,13533.8,255,CONFIRMED_FROM_VIDEO,CONFIRMED_FROM_VIDEO,Screen Recording 2026-08-16 223317.mp4,4,2
Madalena,Cheese,Lebarde,15322.4,279,CONFIRMED_FROM_VIDEO,CONFIRMED_FROM_VIDEO,Screen Recording 2026-08-16 223317.mp4,4,2
Madalena,Cheese,Lord Irving's Sacrifice,10493.2,213,CONFIRMED_FROM_VIDEO,CONFIRMED_FROM_VIDEO,Screen Recording 2026-08-16 223317.mp4,2,2
Madalena,Cheese,Louisbourg,9404.8,198,CONFIRMED_FROM_VIDEO,CONFIRMED_FROM_VIDEO,Screen Recording 2026-08-16 223317.mp4,7,1
Madalena,Cheese,Mako's Outlook,11200.9,223,CONFIRMED_FROM_VIDEO,CONFIRMED_FROM_VIDEO,Screen Recording 2026-08-16 223317.mp4,4,2
Madalena,Cheese,Matthew's Rest,11188.5,223,CONFIRMED_FROM_VIDEO,CONFIRMED_FROM_VIDEO,Screen Recording 2026-08-16 223317.mp4,4,2
Madalena,Cheese,Maurepas,9642.5,201,CONFIRMED_FROM_VIDEO,CONFIRMED_FROM_VIDEO,Screen Recording 2026-08-16 223317.mp4,13,1
Madalena,Cheese,New Brighton,13057.0,248,CONFIRMED_FROM_VIDEO,CONFIRMED_FROM_VIDEO,Screen Recording 2026-08-16 223317.mp4,9,1
Madalena,Cheese,New Catalina,18879.8,328,CONFIRMED_FROM_VIDEO,CONFIRMED_FROM_VIDEO,Screen Recording 2026-08-16 223317.mp4,4,2
Madalena,Cheese,Pachard Town,10223.0,209,CONFIRMED_FROM_VIDEO,CONFIRMED_FROM_VIDEO,Screen Recording 2026-08-16 223317.mp4,9,1
Madalena,Cheese,Peter's Cove,15546.2,283,CONFIRMED_FROM_VIDEO,CONFIRMED_FROM_VIDEO,Screen Recording 2026-08-16 223317.mp4,4,2
Madalena,Cheese,Petit Anvers,10519.1,213,CONFIRMED_FROM_VIDEO,CONFIRMED_FROM_VIDEO,Screen Recording 2026-08-16 223317.mp4,4,2
Madalena,Cheese,Poblado de San Juan,5691.3,147,CONFIRMED_FROM_VIDEO,CONFIRMED_FROM_VIDEO,Screen Recording 2026-08-16 223317.mp4,4,2
Madalena,Cheese,Point Rocheux,8139.2,181,CONFIRMED_FROM_VIDEO,CONFIRMED_FROM_VIDEO,Screen Recording 2026-08-16 223317.mp4,8,1
Madalena,Cheese,Ponta Delgada,2988.0,110,CONFIRMED_FROM_VIDEO,CONFIRMED_FROM_VIDEO,Screen Recording 2026-08-16 223317.mp4,4,1
Madalena,Cheese,Port Antonio,6599.0,159,CONFIRMED_FROM_VIDEO,CONFIRMED_FROM_VIDEO,Screen Recording 2026-08-16 223317.mp4,9,1
Madalena,Cheese,Port Louis,13619.6,256,CONFIRMED_FROM_VIDEO,CONFIRMED_FROM_VIDEO,Screen Recording 2026-08-16 223317.mp4,3,3
Madalena,Cheese,Port Royal,8637.1,188,CONFIRMED_FROM_VIDEO,CONFIRMED_FROM_VIDEO,Screen Recording 2026-08-16 223317.mp4,8,1
Madalena,Cheese,Port-Au-Croix,9213.9,195,CONFIRMED_FROM_VIDEO,CONFIRMED_FROM_VIDEO,Screen Recording 2026-08-16 223317.mp4,6,1
Madalena,Cheese,Princeton,15289.7,279,CONFIRMED_FROM_VIDEO,CONFIRMED_FROM_VIDEO,Screen Recording 2026-08-16 223317.mp4,4,2
Madalena,Cheese,Puerto de San Fernando,4834.7,135,CONFIRMED_FROM_VIDEO,CONFIRMED_FROM_VIDEO,Screen Recording 2026-08-16 223317.mp4,4,1
Madalena,Cheese,Saint Vincent,14517.8,268,CONFIRMED_FROM_VIDEO,CONFIRMED_FROM_VIDEO,Screen Recording 2026-08-16 223317.mp4,4,2
Madalena,Cheese,Saint-Nicholas,17025.1,303,CONFIRMED_FROM_VIDEO,CONFIRMED_FROM_VIDEO,Screen Recording 2026-08-16 223317.mp4,4,2
Madalena,Cheese,Sainte Rose,8865.7,191,CONFIRMED_FROM_VIDEO,CONFIRMED_FROM_VIDEO,Screen Recording 2026-08-16 223317.mp4,6,2
Madalena,Cheese,San Polo,13079.9,249,CONFIRMED_FROM_VIDEO,CONFIRMED_FROM_VIDEO,Screen Recording 2026-08-16 223317.mp4,6,2
Madalena,Cheese,San Salvador,7990.8,179,CONFIRMED_FROM_VIDEO,CONFIRMED_FROM_VIDEO,Screen Recording 2026-08-16 223317.mp4,8,1
Madalena,Cheese,San Vito,12059.6,235,CONFIRMED_FROM_VIDEO,CONFIRMED_FROM_VIDEO,Screen Recording 2026-08-16 223317.mp4,4,2
Madalena,Cheese,Sandy Settlement,16627.5,297,CONFIRMED_FROM_VIDEO,CONFIRMED_FROM_VIDEO,Screen Recording 2026-08-16 223317.mp4,4,2
Madalena,Cheese,Santa Maria,5960.5,151,CONFIRMED_FROM_VIDEO,CONFIRMED_FROM_VIDEO,Screen Recording 2026-08-16 223317.mp4,6,1
Madalena,Cheese,Sao Bento,1682.4,92,CONFIRMED_FROM_VIDEO,CONFIRMED_FROM_VIDEO,Screen Recording 2026-08-16 223317.mp4,4,1
Madalena,Cheese,Snake Prosper,16375.0,294,CONFIRMED_FROM_VIDEO,CONFIRMED_FROM_VIDEO,Screen Recording 2026-08-16 223317.mp4,6,1
Madalena,Cheese,Sugar Cove,19878.4,342,CONFIRMED_FROM_VIDEO,CONFIRMED_FROM_VIDEO,Screen Recording 2026-08-16 223317.mp4,4,2
Madalena,Cheese,Taylor's Town,17396.6,308,CONFIRMED_FROM_VIDEO,CONFIRMED_FROM_VIDEO,Screen Recording 2026-08-16 223317.mp4,4,2
Madalena,Cheese,Theresa,6754.1,162,CONFIRMED_FROM_VIDEO,CONFIRMED_FROM_VIDEO,Screen Recording 2026-08-16 223317.mp4,10,1
Madalena,Cheese,Thresher Point,13408.3,253,CONFIRMED_FROM_VIDEO,CONFIRMED_FROM_VIDEO,Screen Recording 2026-08-16 223317.mp4,4,2
Madalena,Cheese,Venta Nueva,4769.6,134,CONFIRMED_FROM_VIDEO,CONFIRMED_FROM_VIDEO,Screen Recording 2026-08-16 223317.mp4,4,1
Madalena,Cheese,Villarreal Del Mar,6011.7,151,CONFIRMED_FROM_VIDEO,CONFIRMED_FROM_VIDEO,Screen Recording 2026-08-16 223317.mp4,6,1
Madalena,Cheese,White Hook,17330.5,307,CONFIRMED_FROM_VIDEO,CONFIRMED_FROM_VIDEO,Screen Recording 2026-08-16 223317.mp4,4,2
Madalena,Cheese,Wyntergard,14169.2,264,CONFIRMED_FROM_VIDEO,CONFIRMED_FROM_VIDEO,Screen Recording 2026-08-16 223317.mp4,4,2
Madalena,Cheese,Yorinobu's Settlement,12701.0,243,CONFIRMED_FROM_VIDEO,CONFIRMED_FROM_VIDEO,Screen Recording 2026-08-16 223317.mp4,6,1
Mako's Outlook,Spyglasses,Al-Jazair,7388.8,198,CONFIRMED_FROM_VIDEO,CONFIRMED_FROM_VIDEO,Screen Recording 2026-08-16 113333.mp4,3,1
Mako's Outlook,Spyglasses,Ashbourne,10451.4,247,CONFIRMED_FROM_VIDEO,CONFIRMED_FROM_VIDEO,Screen Recording 2026-08-16 113333.mp4,2,1
Mako's Outlook,Spyglasses,Belfry Heights,2117.0,114,CONFIRMED_FROM_VIDEO,CONFIRMED_FROM_VIDEO,Screen Recording 2026-08-16 113333.mp4,3,2
Mako's Outlook,Spyglasses,Bucket Bay,7601.1,202,CONFIRMED_FROM_VIDEO,CONFIRMED_FROM_VIDEO,Screen Recording 2026-08-16 113333.mp4,3,1
Mako's Outlook,Spyglasses,Caledonia,10450.6,247,CONFIRMED_FROM_VIDEO,CONFIRMED_FROM_VIDEO,Screen Recording 2026-08-16 113333.mp4,3,1
Mako's Outlook,Spyglasses,Castle Landing,7207.0,195,CONFIRMED_FROM_VIDEO,CONFIRMED_FROM_VIDEO,Screen Recording 2026-08-16 113333.mp4,3,1
Mako's Outlook,Spyglasses,Caveira,9272.8,228,CONFIRMED_FROM_VIDEO,CONFIRMED_FROM_VIDEO,Screen Recording 2026-08-16 113333.mp4,3,1
Mako's Outlook,Spyglasses,Caye Tiburon,3026.2,128,CONFIRMED_FROM_VIDEO,CONFIRMED_FROM_VIDEO,Screen Recording 2026-08-16 113333.mp4,3,1
Mako's Outlook,Spyglasses,Crownstead,11150.0,258,CONFIRMED_FROM_VIDEO,CONFIRMED_FROM_VIDEO,Screen Recording 2026-08-16 113333.mp4,2,1
Mako's Outlook,Spyglasses,Deadman's Murcia,10690.0,251,CONFIRMED_FROM_VIDEO,CONFIRMED_FROM_VIDEO,Screen Recording 2026-08-16 113333.mp4,2,1
Mako's Outlook,Spyglasses,Fair Harbour,8574.1,217,CONFIRMED_FROM_VIDEO,CONFIRMED_FROM_VIDEO,Screen Recording 2026-08-16 113333.mp4,3,1
Mako's Outlook,Spyglasses,Falmouth,5173.5,163,CONFIRMED_FROM_VIDEO,CONFIRMED_FROM_VIDEO,Screen Recording 2026-08-16 113333.mp4,4,1
Mako's Outlook,Spyglasses,Griffard's Rock,3887.0,142,CONFIRMED_FROM_GRIFFARDS_DESTINATION_LIST,DERIVED,naval_route_trade_handoff_v1.json:griffards_rock_backfills,,
Mako's Outlook,Spyglasses,Gyldenvale,12355.4,278,CONFIRMED_FROM_VIDEO,CONFIRMED_FROM_VIDEO,Screen Recording 2026-08-16 113333.mp4,1,2
Mako's Outlook,Spyglasses,Jones' Outpost,9661.2,235,CONFIRMED_FROM_VIDEO,CONFIRMED_FROM_VIDEO,Screen Recording 2026-08-16 113333.mp4,3,1
Mako's Outlook,Spyglasses,Kandlerova,5849.6,174,CONFIRMED_FROM_VIDEO,CONFIRMED_FROM_VIDEO,Screen Recording 2026-08-16 113333.mp4,3,1
Mako's Outlook,Spyglasses,La Povenglia,3625.8,138,CONFIRMED_FROM_VIDEO,CONFIRMED_FROM_VIDEO,Screen Recording 2026-08-16 113333.mp4,4,1
Mako's Outlook,Spyglasses,Lebarde,5520.6,168,CONFIRMED_FROM_VIDEO,CONFIRMED_FROM_VIDEO,Screen Recording 2026-08-16 113333.mp4,4,1
Mako's Outlook,Spyglasses,Lord Irving's Sacrifice,772.3,92,CONFIRMED_FROM_VIDEO,CONFIRMED_FROM_VIDEO,Screen Recording 2026-08-16 113333.mp4,3,1
Mako's Outlook,Spyglasses,Louisbourg,10157.6,243,CONFIRMED_FROM_VIDEO,CONFIRMED_FROM_VIDEO,Screen Recording 2026-08-16 113333.mp4,3,1
Mako's Outlook,Spyglasses,Madalena,11200.9,259,CONFIRMED_FROM_VIDEO,CONFIRMED_FROM_VIDEO,Screen Recording 2026-08-16 113333.mp4,2,1
Mako's Outlook,Spyglasses,Matthew's Rest,7293.2,197,CONFIRMED_FROM_VIDEO,CONFIRMED_FROM_VIDEO,Screen Recording 2026-08-16 113333.mp4,3,1
Mako's Outlook,Spyglasses,Maurepas,9437.8,231,CONFIRMED_FROM_VIDEO,CONFIRMED_FROM_VIDEO,Screen Recording 2026-08-16 113333.mp4,2,1
Mako's Outlook,Spyglasses,New Brighton,5900.1,174,CONFIRMED_FROM_VIDEO,CONFIRMED_FROM_VIDEO,Screen Recording 2026-08-16 113333.mp4,2,1
Mako's Outlook,Spyglasses,New Catalina,9901.9,238,CONFIRMED_FROM_VIDEO,CONFIRMED_FROM_VIDEO,Screen Recording 2026-08-16 113333.mp4,2,1
Mako's Outlook,Spyglasses,Pachard Town,6745.7,188,CONFIRMED_FROM_VIDEO,CONFIRMED_FROM_VIDEO,Screen Recording 2026-08-16 113333.mp4,3,1
Mako's Outlook,Spyglasses,Peter's Cove,4373.0,150,CONFIRMED_FROM_VIDEO,CONFIRMED_FROM_VIDEO,Screen Recording 2026-08-16 113333.mp4,5,1
Mako's Outlook,Spyglasses,Petit Anvers,11659.5,267,CONFIRMED_FROM_VIDEO,CONFIRMED_FROM_VIDEO,Screen Recording 2026-08-16 113333.mp4,2,1
Mako's Outlook,Spyglasses,Poblado de San Juan,6828.7,189,CONFIRMED_FROM_VIDEO,CONFIRMED_FROM_VIDEO,Screen Recording 2026-08-16 113333.mp4,3,1
Mako's Outlook,Spyglasses,Point Rocheux,7041.1,193,CONFIRMED_FROM_VIDEO,CONFIRMED_FROM_VIDEO,Screen Recording 2026-08-16 113333.mp4,3,1
Mako's Outlook,Spyglasses,Ponta Delgada,12287.3,277,CONFIRMED_FROM_VIDEO,CONFIRMED_FROM_VIDEO,Screen Recording 2026-08-16 113333.mp4,2,1
Mako's Outlook,Spyglasses,Port Antonio,5265.0,164,CONFIRMED_FROM_VIDEO,CONFIRMED_FROM_VIDEO,Screen Recording 2026-08-16 113333.mp4,5,1
Mako's Outlook,Spyglasses,Port Louis,9371.8,230,CONFIRMED_FROM_VIDEO,CONFIRMED_FROM_VIDEO,Screen Recording 2026-08-16 113333.mp4,2,1
Mako's Outlook,Spyglasses,Port Royal,2818.6,125,CONFIRMED_FROM_VIDEO,CONFIRMED_FROM_VIDEO,Screen Recording 2026-08-16 113333.mp4,6,1
Mako's Outlook,Spyglasses,Port-Au-Croix,6896.0,190,CONFIRMED_FROM_VIDEO,CONFIRMED_FROM_VIDEO,Screen Recording 2026-08-16 113333.mp4,3,1
Mako's Outlook,Spyglasses,Princeton,6618.2,186,CONFIRMED_FROM_VIDEO,CONFIRMED_FROM_VIDEO,Screen Recording 2026-08-16 113333.mp4,2,1
Mako's Outlook,Spyglasses,Puerto de San Fernando,6380.8,182,CONFIRMED_FROM_VIDEO,CONFIRMED_FROM_VIDEO,Screen Recording 2026-08-16 113333.mp4,3,1
Mako's Outlook,Spyglasses,Saint Vincent,8449.0,215,CONFIRMED_FROM_VIDEO,CONFIRMED_FROM_VIDEO,Screen Recording 2026-08-16 113333.mp4,2,1
Mako's Outlook,Spyglasses,Saint-Nicholas,5848.0,174,CONFIRMED_FROM_VIDEO,CONFIRMED_FROM_VIDEO,Screen Recording 2026-08-16 113333.mp4,3,1
Mako's Outlook,Spyglasses,Sainte Rose,10946.6,255,CONFIRMED_FROM_VIDEO,CONFIRMED_FROM_VIDEO,Screen Recording 2026-08-16 113333.mp4,1,1
Mako's Outlook,Spyglasses,San Polo,4985.7,160,CONFIRMED_FROM_VIDEO,CONFIRMED_FROM_VIDEO,Screen Recording 2026-08-16 113333.mp4,4,1
Mako's Outlook,Spyglasses,San Salvador,5475.0,168,CONFIRMED_FROM_VIDEO,CONFIRMED_FROM_VIDEO,Screen Recording 2026-08-16 113333.mp4,4,1
Mako's Outlook,Spyglasses,San Vito,2013.1,112,CONFIRMED_FROM_VIDEO,CONFIRMED_FROM_VIDEO,Screen Recording 2026-08-16 113333.mp4,3,2
Mako's Outlook,Spyglasses,Sandy Settlement,5431.1,167,CONFIRMED_FROM_VIDEO,CONFIRMED_FROM_VIDEO,Screen Recording 2026-08-16 113333.mp4,4,1
Mako's Outlook,Spyglasses,Santa Maria,6354.5,182,CONFIRMED_FROM_VIDEO,CONFIRMED_FROM_VIDEO,Screen Recording 2026-08-16 113333.mp4,3,1
Mako's Outlook,Spyglasses,Sao Bento,10739.3,252,CONFIRMED_FROM_VIDEO,CONFIRMED_FROM_VIDEO,Screen Recording 2026-08-16 113333.mp4,3,1
Mako's Outlook,Spyglasses,Snake Prosper,10089.3,241,CONFIRMED_FROM_VIDEO,CONFIRMED_FROM_VIDEO,Screen Recording 2026-08-16 113333.mp4,3,1
Mako's Outlook,Spyglasses,Sugar Cove,10766.2,252,CONFIRMED_FROM_VIDEO,CONFIRMED_FROM_VIDEO,Screen Recording 2026-08-16 113333.mp4,3,1
Mako's Outlook,Spyglasses,Taylor's Town,6431.3,183,CONFIRMED_FROM_VIDEO,CONFIRMED_FROM_VIDEO,Screen Recording 2026-08-16 113333.mp4,3,1
Mako's Outlook,Spyglasses,Theresa,4587.9,153,CONFIRMED_FROM_VIDEO,CONFIRMED_FROM_VIDEO,Screen Recording 2026-08-16 113333.mp4,4,1
Mako's Outlook,Spyglasses,Thresher Point,2954.2,127,CONFIRMED_FROM_VIDEO,CONFIRMED_FROM_VIDEO,Screen Recording 2026-08-16 113333.mp4,6,1
Mako's Outlook,Spyglasses,Venta Nueva,7888.5,206,CONFIRMED_FROM_VIDEO,CONFIRMED_FROM_VIDEO,Screen Recording 2026-08-16 113333.mp4,3,1
Mako's Outlook,Spyglasses,Villarreal Del Mar,6854.1,190,CONFIRMED_FROM_VIDEO,CONFIRMED_FROM_VIDEO,Screen Recording 2026-08-16 113333.mp4,3,1
Mako's Outlook,Spyglasses,White Hook,11298.6,261,CONFIRMED_FROM_VIDEO,CONFIRMED_FROM_VIDEO,Screen Recording 2026-08-16 113333.mp4,2,1
Mako's Outlook,Spyglasses,Wyntergard,11226.1,260,CONFIRMED_FROM_VIDEO,CONFIRMED_FROM_VIDEO,Screen Recording 2026-08-16 113333.mp4,2,1
Matthew's Rest,Shale,Al-Jazair,3789.1,160,CONFIRMED_FROM_VIDEO,CONFIRMED_FROM_VIDEO,Screen Recording 2026-08-16 110744.mp4,4,1
Matthew's Rest,Shale,Ashbourne,3196.3,150,CONFIRMED_FROM_VIDEO,CONFIRMED_FROM_VIDEO,Screen Recording 2026-08-16 110744.mp4,6,1
Matthew's Rest,Shale,Belfry Heights,6773.1,215,CONFIRMED_FROM_VIDEO,CONFIRMED_FROM_VIDEO,Screen Recording 2026-08-16 110744.mp4,8,1
Matthew's Rest,Shale,Bucket Bay,897.0,108,CONFIRMED_FROM_VIDEO,CONFIRMED_FROM_VIDEO,Screen Recording 2026-08-16 110744.mp4,1,3
Matthew's Rest,Shale,Caledonia,5564.1,193,CONFIRMED_FROM_VIDEO,CONFIRMED_FROM_VIDEO,Screen Recording 2026-08-16 110744.mp4,7,1
Matthew's Rest,Shale,Castle Landing,7014.3,219,CONFIRMED_FROM_VIDEO,CONFIRMED_FROM_VIDEO,Screen Recording 2026-08-16 110744.mp4,7,2
Matthew's Rest,Shale,Caveira,9598.9,266,CONFIRMED_FROM_VIDEO,CONFIRMED_FROM_VIDEO,Screen Recording 2026-08-16 110744.mp4,6,1
Matthew's Rest,Shale,Caye Tiburon,5197.7,186,CONFIRMED_FROM_VIDEO,CONFIRMED_FROM_VIDEO,Screen Recording 2026-08-16 110744.mp4,5,1
Matthew's Rest,Shale,Crownstead,3859.9,162,CONFIRMED_FROM_VIDEO,CONFIRMED_FROM_VIDEO,Screen Recording 2026-08-16 110744.mp4,4,1
Matthew's Rest,Shale,Cumberland Hill,8313.6,243,CONFIRMED_FROM_VIDEO,CONFIRMED_FROM_VIDEO,Screen Recording 2026-08-16 110744.mp4,5,1
Matthew's Rest,Shale,Deadman's Murcia,5248.1,187,CONFIRMED_FROM_VIDEO,CONFIRMED_FROM_VIDEO,Screen Recording 2026-08-16 110744.mp4,8,1
Matthew's Rest,Shale,Fair Harbour,2195.6,131,CONFIRMED_FROM_VIDEO,CONFIRMED_FROM_VIDEO,Screen Recording 2026-08-16 110744.mp4,3,1
Matthew's Rest,Shale,Falmouth,4444.3,172,CONFIRMED_FROM_VIDEO,CONFIRMED_FROM_VIDEO,Screen Recording 2026-08-16 110744.mp4,4,2
Matthew's Rest,Shale,Griffard's Rock,3406.7,153,CONFIRMED_FROM_GRIFFARDS_DESTINATION_LIST,DERIVED,naval_route_trade_handoff_v1.json:griffards_rock_backfills,,
Matthew's Rest,Shale,Gyldenvale,5110.1,185,CONFIRMED_FROM_VIDEO,CONFIRMED_FROM_VIDEO,Screen Recording 2026-08-16 110744.mp4,4,1
Matthew's Rest,Shale,Jones' Outpost,7336.4,225,CONFIRMED_FROM_VIDEO,CONFIRMED_FROM_VIDEO,Screen Recording 2026-08-16 110744.mp4,6,2
Matthew's Rest,Shale,Kandlerova,13068.2,330,CONFIRMED_FROM_VIDEO,CONFIRMED_FROM_VIDEO,Screen Recording 2026-08-16 110744.mp4,1,1
Matthew's Rest,Shale,La Povenglia,10845.2,289,CONFIRMED_FROM_VIDEO,CONFIRMED_FROM_VIDEO,Screen Recording 2026-08-16 110744.mp4,3,1
Matthew's Rest,Shale,Lebarde,6468.7,209,CONFIRMED_FROM_VIDEO,CONFIRMED_FROM_VIDEO,Screen Recording 2026-08-16 110744.mp4,8,1
Matthew's Rest,Shale,Lord Irving's Sacrifice,6801.9,215,CONFIRMED_FROM_VIDEO,CONFIRMED_FROM_VIDEO,Screen Recording 2026-08-16 110744.mp4,5,2
Matthew's Rest,Shale,Louisbourg,4026.9,165,CONFIRMED_FROM_VIDEO,CONFIRMED_FROM_VIDEO,Screen Recording 2026-08-16 110744.mp4,4,1
Matthew's Rest,Shale,Madalena,11188.5,295,CONFIRMED_FROM_VIDEO,CONFIRMED_FROM_VIDEO,Screen Recording 2026-08-16 110744.mp4,2,1
Matthew's Rest,Shale,Mako's Outlook,7293.2,224,CONFIRMED_FROM_VIDEO,CONFIRMED_FROM_VIDEO,Screen Recording 2026-08-16 110744.mp4,7,1
Matthew's Rest,Shale,Maurepas,3150.7,149,CONFIRMED_FROM_VIDEO,CONFIRMED_FROM_VIDEO,Screen Recording 2026-08-16 110744.mp4,5,1
Matthew's Rest,Shale,New Brighton,3016.6,146,CONFIRMED_FROM_VIDEO,CONFIRMED_FROM_VIDEO,Screen Recording 2026-08-16 110744.mp4,4,1
Matthew's Rest,Shale,New Catalina,8385.2,244,CONFIRMED_FROM_VIDEO,CONFIRMED_FROM_VIDEO,Screen Recording 2026-08-16 110744.mp4,6,2
Matthew's Rest,Shale,Pachard Town,1015.0,110,CONFIRMED_FROM_VIDEO,CONFIRMED_FROM_VIDEO,Screen Recording 2026-08-16 110744.mp4,2,1
Matthew's Rest,Shale,Peter's Cove,9221.1,260,CONFIRMED_FROM_VIDEO,CONFIRMED_FROM_VIDEO,Screen Recording 2026-08-16 110744.mp4,5,2
Matthew's Rest,Shale,Petit Anvers,5076.9,184,CONFIRMED_FROM_VIDEO,CONFIRMED_FROM_VIDEO,Screen Recording 2026-08-16 110744.mp4,4,1
Matthew's Rest,Shale,Poblado de San Juan,10411.8,281,CONFIRMED_FROM_VIDEO,CONFIRMED_FROM_VIDEO,Screen Recording 2026-08-16 110744.mp4,4,3
Matthew's Rest,Shale,Point Rocheux,3052.0,147,CONFIRMED_FROM_VIDEO,CONFIRMED_FROM_VIDEO,Screen Recording 2026-08-16 110744.mp4,5,1
Matthew's Rest,Shale,Ponta Delgada,10357.0,280,CONFIRMED_FROM_VIDEO,CONFIRMED_FROM_VIDEO,Screen Recording 2026-08-16 110744.mp4,4,2
Matthew's Rest,Shale,Port Antonio,5548.9,193,CONFIRMED_FROM_VIDEO,CONFIRMED_FROM_VIDEO,Screen Recording 2026-08-16 110744.mp4,7,1
Matthew's Rest,Shale,Port Louis,2657.4,140,CONFIRMED_FROM_VIDEO,CONFIRMED_FROM_VIDEO,Screen Recording 2026-08-16 110744.mp4,3,2
Matthew's Rest,Shale,Port Royal,5869.8,198,CONFIRMED_FROM_VIDEO,CONFIRMED_FROM_VIDEO,Screen Recording 2026-08-16 110744.mp4,8,1
Matthew's Rest,Shale,Port-Au-Croix,1974.6,127,CONFIRMED_FROM_VIDEO,CONFIRMED_FROM_VIDEO,Screen Recording 2026-08-16 110744.mp4,2,1
Matthew's Rest,Shale,Princeton,5348.6,189,CONFIRMED_FROM_VIDEO,CONFIRMED_FROM_VIDEO,Screen Recording 2026-08-16 110744.mp4,8,1
Matthew's Rest,Shale,Puerto de San Fernando,8208.6,241,CONFIRMED_FROM_VIDEO,CONFIRMED_FROM_VIDEO,Screen Recording 2026-08-16 110744.mp4,5,1
Matthew's Rest,Shale,Saint Vincent,3377.0,153,CONFIRMED_FROM_VIDEO,CONFIRMED_FROM_VIDEO,Screen Recording 2026-08-16 110744.mp4,4,1
Matthew's Rest,Shale,Saint-Nicholas,10304.7,279,CONFIRMED_FROM_VIDEO,CONFIRMED_FROM_VIDEO,Screen Recording 2026-08-16 110744.mp4,5,1
Matthew's Rest,Shale,Sainte Rose,5180.4,186,CONFIRMED_FROM_VIDEO,CONFIRMED_FROM_VIDEO,Screen Recording 2026-08-16 110744.mp4,4,1
Matthew's Rest,Shale,San Polo,12247.2,315,CONFIRMED_FROM_VIDEO,CONFIRMED_FROM_VIDEO,Screen Recording 2026-08-16 110744.mp4,2,1
Matthew's Rest,Shale,San Salvador,10669.9,286,CONFIRMED_FROM_VIDEO,CONFIRMED_FROM_VIDEO,Screen Recording 2026-08-16 110744.mp4,2,1
Matthew's Rest,Shale,San Vito,9305.7,261,CONFIRMED_FROM_VIDEO,CONFIRMED_FROM_VIDEO,Screen Recording 2026-08-16 110744.mp4,5,2
Matthew's Rest,Shale,Sandy Settlement,10241.7,278,CONFIRMED_FROM_VIDEO,CONFIRMED_FROM_VIDEO,Screen Recording 2026-08-16 110744.mp4,6,1
Matthew's Rest,Shale,Santa Maria,10052.7,275,CONFIRMED_FROM_VIDEO,CONFIRMED_FROM_VIDEO,Screen Recording 2026-08-16 110744.mp4,7,1
Matthew's Rest,Shale,Sao Bento,9800.1,270,CONFIRMED_FROM_VIDEO,CONFIRMED_FROM_VIDEO,Screen Recording 2026-08-16 110744.mp4,6,2
Matthew's Rest,Shale,Snake Prosper,5189.3,186,CONFIRMED_FROM_VIDEO,CONFIRMED_FROM_VIDEO,Screen Recording 2026-08-16 110744.mp4,6,1
Matthew's Rest,Shale,Sugar Cove,9357.1,262,CONFIRMED_FROM_VIDEO,CONFIRMED_FROM_VIDEO,Screen Recording 2026-08-16 110744.mp4,6,1
Matthew's Rest,Shale,Taylor's Town,9691.7,268,CONFIRMED_FROM_VIDEO,CONFIRMED_FROM_VIDEO,Screen Recording 2026-08-16 110744.mp4,6,1
Matthew's Rest,Shale,Theresa,6378.0,208,CONFIRMED_FROM_VIDEO,CONFIRMED_FROM_VIDEO,Screen Recording 2026-08-16 110744.mp4,8,1
Matthew's Rest,Shale,Thresher Point,6490.3,210,CONFIRMED_FROM_VIDEO,CONFIRMED_FROM_VIDEO,Screen Recording 2026-08-16 110744.mp4,6,1
Matthew's Rest,Shale,Venta Nueva,6422.2,208,CONFIRMED_FROM_VIDEO,CONFIRMED_FROM_VIDEO,Screen Recording 2026-08-16 110744.mp4,9,1
Matthew's Rest,Shale,Villarreal Del Mar,5256.0,187,CONFIRMED_FROM_VIDEO,CONFIRMED_FROM_VIDEO,Screen Recording 2026-08-16 110744.mp4,9,1
Matthew's Rest,Shale,White Hook,6157.7,204,CONFIRMED_FROM_VIDEO,CONFIRMED_FROM_VIDEO,Screen Recording 2026-08-16 110744.mp4,8,2
Matthew's Rest,Shale,Wyntergard,4105.7,166,CONFIRMED_FROM_VIDEO,CONFIRMED_FROM_VIDEO,Screen Recording 2026-08-16 110744.mp4,3,1
Maurepas,Pelts,Al-Jazair,6826.4,177,CONFIRMED_FROM_SCREENSHOT,CONFIRMED_FROM_SCREENSHOT,Maurepas sell4.png,2,1
Maurepas,Pelts,Ashbourne,3468.0,127,CONFIRMED_FROM_SCREENSHOT,CONFIRMED_FROM_SCREENSHOT,Maurepa Sell7.png; Maurepas Sell6.png,3,1
Maurepas,Pelts,Belfry Heights,9436.7,217,CONFIRMED_FROM_SCREENSHOT,CONFIRMED_FROM_SCREENSHOT,Maurepas sell3.png,2,1
Maurepas,Pelts,Bucket Bay,3778.2,132,CONFIRMED_FROM_SCREENSHOT,CONFIRMED_FROM_SCREENSHOT,Maurepa Sell7.png; Maurepas Sell6.png,3,1
Maurepas,Pelts,Caledonia,7892.6,193,CONFIRMED_FROM_SCREENSHOT,CONFIRMED_FROM_SCREENSHOT,Maurepas sell4.png,2,1
Maurepas,Pelts,Castle Landing,10157.2,227,CONFIRMED_RECORDED_RECIPROCAL_AUDIT,CONFIRMED_FROM_SCREENSHOT,Maurepas sell3.png,2,1
Maurepas,Pelts,Caveira,8445.8,202,CONFIRMED_FROM_SCREENSHOT,CONFIRMED_FROM_SCREENSHOT,Maurepas sell3.png,2,1
Maurepas,Pelts,Caye Tiburon,7981.9,195,CONFIRMED_FROM_SCREENSHOT,CONFIRMED_FROM_SCREENSHOT,Maurepas sell4.png,2,1
Maurepas,Pelts,Crownstead,3479.3,127,CONFIRMED_FROM_SCREENSHOT,CONFIRMED_FROM_SCREENSHOT,Maurepa Sell7.png; Maurepas Sell6.png,3,1
Maurepas,Pelts,Cumberland Hill,11228.1,243,CONFIRMED_FROM_SCREENSHOT,CONFIRMED_FROM_SCREENSHOT,Maurepas sell2.png,2,1
Maurepas,Pelts,Deadman's Murcia,7336.1,185,CONFIRMED_FROM_SCREENSHOT,CONFIRMED_FROM_SCREENSHOT,Maurepas sell4.png,2,1
Maurepas,Pelts,Fair Harbour,4577.8,144,CONFIRMED_FROM_SCREENSHOT,CONFIRMED_FROM_SCREENSHOT,Maurepas sell5.png,2,1
Maurepas,Pelts,Falmouth,4972.3,150,CONFIRMED_FROM_SCREENSHOT,CONFIRMED_FROM_SCREENSHOT,Maurepas sell5.png,2,1
Maurepas,Pelts,Griffard's Rock,5783.1,162,CONFIRMED_FROM_GRIFFARDS_DESTINATION_LIST,DERIVED,naval_route_trade_handoff_v1.json:griffards_rock_backfills,,
Maurepas,Pelts,Gyldenvale,4781.7,147,CONFIRMED_FROM_SCREENSHOT,CONFIRMED_FROM_SCREENSHOT,Maurepas sell5.png,2,1
Maurepas,Pelts,Jones' Outpost,10243.3,229,CONFIRMED_FROM_SCREENSHOT,CONFIRMED_FROM_SCREENSHOT,Maurepas sell2.png,2,1
Maurepas,Pelts,Kandlerova,14850.1,298,CONFIRMED_FROM_SCREENSHOT,CONFIRMED_FROM_SCREENSHOT,Maurepas sell1.png,2,1
Maurepas,Pelts,La Povenglia,13062.3,271,CONFIRMED_FROM_SCREENSHOT,CONFIRMED_FROM_SCREENSHOT,Maurepas sell1.png,2,1
Maurepas,Pelts,Lebarde,9594.4,219,CONFIRMED_FROM_SCREENSHOT,CONFIRMED_FROM_SCREENSHOT,Maurepas sell3.png,2,1
Maurepas,Pelts,Lord Irving's Sacrifice,8793.2,207,CONFIRMED_FROM_SCREENSHOT,CONFIRMED_FROM_SCREENSHOT,Maurepas sell3.png,2,1
Maurepas,Pelts,Louisbourg,877.6,87,CONFIRMED_FROM_SCREENSHOT,CONFIRMED_FROM_SCREENSHOT,Maurepa Sell7.png,1,1
Maurepas,Pelts,Madalena,9642.5,220,CONFIRMED_FROM_SCREENSHOT,CONFIRMED_FROM_SCREENSHOT,Maurepas sell3.png,2,1
Maurepas,Pelts,Mako's Outlook,9437.8,217,CONFIRMED_FROM_SCREENSHOT,CONFIRMED_FROM_SCREENSHOT,Maurepas sell3.png,2,1
Maurepas,Pelts,Matthew's Rest,3150.7,122,CONFIRMED_FROM_SCREENSHOT,CONFIRMED_FROM_SCREENSHOT,Maurepa Sell7.png; Maurepas Sell6.png,3,1
Maurepas,Pelts,New Brighton,6163.0,167,CONFIRMED_FROM_SCREENSHOT,CONFIRMED_FROM_SCREENSHOT,Maurepas sell5.png,2,1
Maurepas,Pelts,New Catalina,11362.2,245,CONFIRMED_FROM_SCREENSHOT,CONFIRMED_FROM_SCREENSHOT,Maurepas sell2.png,2,1
Maurepas,Pelts,Pachard Town,2969.3,120,CONFIRMED_FROM_SCREENSHOT,CONFIRMED_FROM_SCREENSHOT,Maurepa Sell7.png; Maurepas Sell6.png,3,1
Maurepas,Pelts,Peter's Cove,12095.2,256,CONFIRMED_FROM_SCREENSHOT,CONFIRMED_FROM_SCREENSHOT,Maurepas sell1.png,2,1
Maurepas,Pelts,Petit Anvers,2221.9,108,CONFIRMED_FROM_SCREENSHOT,CONFIRMED_FROM_SCREENSHOT,Maurepa Sell7.png; Maurepas Sell6.png,3,1
Maurepas,Pelts,Poblado de San Juan,10535.7,233,CONFIRMED_FROM_SCREENSHOT,CONFIRMED_FROM_SCREENSHOT,Maurepas sell2.png,2,1
Maurepas,Pelts,Point Rocheux,2684.8,115,CONFIRMED_FROM_SCREENSHOT,CONFIRMED_FROM_SCREENSHOT,Maurepa Sell7.png; Maurepas Sell6.png,3,1
Maurepas,Pelts,Ponta Delgada,8108.8,197,CONFIRMED_FROM_SCREENSHOT,CONFIRMED_FROM_SCREENSHOT,Maurepas sell4.png,2,1
Maurepas,Pelts,Port Antonio,5804.9,162,CONFIRMED_FROM_SCREENSHOT,CONFIRMED_FROM_SCREENSHOT,Maurepas sell5.png,2,1
Maurepas,Pelts,Port Louis,4469.0,142,CONFIRMED_FROM_SCREENSHOT,CONFIRMED_FROM_SCREENSHOT,Maurepas Sell6.png,2,1
Maurepas,Pelts,Port Royal,7257.7,184,CONFIRMED_FROM_SCREENSHOT,CONFIRMED_FROM_SCREENSHOT,Maurepas sell4.png,2,1
Maurepas,Pelts,Port-Au-Croix,2542.1,113,CONFIRMED_FROM_SCREENSHOT,CONFIRMED_FROM_SCREENSHOT,Maurepa Sell7.png; Maurepas Sell6.png,3,1
Maurepas,Pelts,Princeton,8491.0,202,CONFIRMED_FROM_SCREENSHOT,CONFIRMED_FROM_SCREENSHOT,Maurepas sell3.png,2,1
Maurepas,Pelts,Puerto de San Fernando,8061.2,196,CONFIRMED_FROM_SCREENSHOT,CONFIRMED_FROM_SCREENSHOT,Maurepas sell4.png,2,1
Maurepas,Pelts,Saint Vincent,6088.4,166,CONFIRMED_FROM_SCREENSHOT,CONFIRMED_FROM_SCREENSHOT,Maurepas sell5.png,2,1
Maurepas,Pelts,Saint-Nicholas,13278.5,274,CONFIRMED_FROM_SCREENSHOT,CONFIRMED_FROM_SCREENSHOT,Maurepas sell1.png,2,1
Maurepas,Pelts,Sainte Rose,2038.0,106,CONFIRMED_FROM_SCREENSHOT,CONFIRMED_FROM_SCREENSHOT,Maurepa Sell7.png; Maurepas Sell6.png,3,1
Maurepas,Pelts,San Polo,14129.6,287,CONFIRMED_FROM_SCREENSHOT,CONFIRMED_FROM_SCREENSHOT,Maurepas sell1.png,2,1
Maurepas,Pelts,San Salvador,11442.3,247,CONFIRMED_FROM_SCREENSHOT,CONFIRMED_FROM_SCREENSHOT,Maurepas sell1.png,2,1
Maurepas,Pelts,San Vito,11398.5,246,CONFIRMED_FROM_SCREENSHOT,CONFIRMED_FROM_SCREENSHOT,Maurepas sell1.png,2,1
Maurepas,Pelts,Sandy Settlement,13164.4,272,CONFIRMED_FROM_SCREENSHOT,CONFIRMED_FROM_SCREENSHOT,Maurepas sell1.png,2,1
Maurepas,Pelts,Santa Maria,10287.2,229,CONFIRMED_FROM_SCREENSHOT,CONFIRMED_FROM_SCREENSHOT,Maurepas sell2.png,2,1
Maurepas,Pelts,Sao Bento,8045.4,196,CONFIRMED_FROM_SCREENSHOT,CONFIRMED_FROM_SCREENSHOT,Maurepas sell4.png,2,1
Maurepas,Pelts,Snake Prosper,7577.8,189,CONFIRMED_FROM_SCREENSHOT,CONFIRMED_FROM_SCREENSHOT,Maurepas sell4.png,2,1
Maurepas,Pelts,Sugar Cove,12304.0,260,CONFIRMED_FROM_SCREENSHOT,CONFIRMED_FROM_SCREENSHOT,Maurepas sell1.png,2,1
Maurepas,Pelts,Taylor's Town,12771.1,267,CONFIRMED_FROM_SCREENSHOT,CONFIRMED_FROM_SCREENSHOT,Maurepas sell1.png,2,1
Maurepas,Pelts,Theresa,6908.7,179,CONFIRMED_FROM_SCREENSHOT,CONFIRMED_FROM_SCREENSHOT,Maurepas sell4.png,2,1
Maurepas,Pelts,Thresher Point,9317.7,215,CONFIRMED_FROM_SCREENSHOT,CONFIRMED_FROM_SCREENSHOT,Maurepas sell3.png,2,1
Maurepas,Pelts,Venta Nueva,5259.9,154,CONFIRMED_FROM_SCREENSHOT,CONFIRMED_FROM_SCREENSHOT,Maurepas sell5.png,2,1
Maurepas,Pelts,Villarreal Del Mar,4613.1,144,CONFIRMED_FROM_SCREENSHOT,CONFIRMED_FROM_SCREENSHOT,Maurepas sell5.png,2,1
Maurepas,Pelts,White Hook,8257.0,199,CONFIRMED_FROM_SCREENSHOT,CONFIRMED_FROM_SCREENSHOT,Maurepas sell3.png,2,1
Maurepas,Pelts,Wyntergard,4551.3,143,CONFIRMED_FROM_SCREENSHOT,CONFIRMED_FROM_SCREENSHOT,Maurepas sell5.png,2,1
Maurepas,Pelts,Yorinobu's Settlement,5201.5,153,CONFIRMED_FROM_SCREENSHOT,CONFIRMED_FROM_SCREENSHOT,Maurepas sell5.png,2,1
New Brighton,Dyes,Al-Jazair,1659.6,108,CONFIRMED_FROM_VIDEO,CONFIRMED_FROM_VIDEO,Screen Recording 2026-08-16 223317.mp4,9,1
New Brighton,Dyes,Ashbourne,5327.0,168,CONFIRMED_FROM_VIDEO,CONFIRMED_FROM_VIDEO,Screen Recording 2026-08-16 223317.mp4,4,1
New Brighton,Dyes,Belfry Heights,4617.8,156,CONFIRMED_FROM_VIDEO,CONFIRMED_FROM_VIDEO,Screen Recording 2026-08-16 223317.mp4,6,1
New Brighton,Dyes,Bucket Bay,2614.3,124,CONFIRMED_FROM_VIDEO,CONFIRMED_FROM_VIDEO,Screen Recording 2026-08-16 223317.mp4,10,1
New Brighton,Dyes,Caledonia,4647.4,157,CONFIRMED_FROM_VIDEO,CONFIRMED_FROM_VIDEO,Screen Recording 2026-08-16 223317.mp4,4,1
New Brighton,Dyes,Castle Landing,4063.8,147,CONFIRMED_FROM_VIDEO,CONFIRMED_FROM_VIDEO,Screen Recording 2026-08-16 223317.mp4,5,1
New Brighton,Dyes,Caveira,11263.8,264,CONFIRMED_FROM_VIDEO,CONFIRMED_FROM_VIDEO,Screen Recording 2026-08-16 223317.mp4,6,2
New Brighton,Dyes,Caye Tiburon,3035.8,131,CONFIRMED_FROM_VIDEO,CONFIRMED_FROM_VIDEO,Screen Recording 2026-08-16 223317.mp4,14,2
New Brighton,Dyes,Crownstead,6133.5,181,CONFIRMED_FROM_VIDEO,CONFIRMED_FROM_VIDEO,Screen Recording 2026-08-16 223317.mp4,8,1
New Brighton,Dyes,Cumberland Hill,5912.6,177,CONFIRMED_FROM_VIDEO,CONFIRMED_FROM_VIDEO,Screen Recording 2026-08-16 223317.mp4,4,2
New Brighton,Dyes,Deadman's Murcia,4804.1,159,CONFIRMED_FROM_VIDEO,CONFIRMED_FROM_VIDEO,Screen Recording 2026-08-16 223317.mp4,4,1
New Brighton,Dyes,Fair Harbour,2978.7,130,CONFIRMED_FROM_VIDEO,CONFIRMED_FROM_VIDEO,Screen Recording 2026-08-16 223317.mp4,12,1
New Brighton,Dyes,Falmouth,5623.1,173,CONFIRMED_FROM_VIDEO,CONFIRMED_FROM_VIDEO,Screen Recording 2026-08-16 223317.mp4,9,1
New Brighton,Dyes,Gyldenvale,7062.9,196,CONFIRMED_FROM_VIDEO,CONFIRMED_FROM_VIDEO,Screen Recording 2026-08-16 223317.mp4,3,2
New Brighton,Dyes,Jones' Outpost,5010.5,163,CONFIRMED_FROM_VIDEO,CONFIRMED_FROM_VIDEO,Screen Recording 2026-08-16 223317.mp4,4,1
New Brighton,Dyes,Kandlerova,11693.1,271,CONFIRMED_FROM_VIDEO,CONFIRMED_FROM_VIDEO,Screen Recording 2026-08-16 223317.mp4,4,2
New Brighton,Dyes,La Povenglia,9044.9,228,CONFIRMED_FROM_VIDEO,CONFIRMED_FROM_VIDEO,Screen Recording 2026-08-16 223317.mp4,2,1
New Brighton,Dyes,Lebarde,3469.7,138,CONFIRMED_FROM_VIDEO,CONFIRMED_FROM_VIDEO,Screen Recording 2026-08-16 223317.mp4,14,1
New Brighton,Dyes,Lord Irving's Sacrifice,5704.1,174,CONFIRMED_FROM_VIDEO,CONFIRMED_FROM_VIDEO,Screen Recording 2026-08-16 223317.mp4,6,1
New Brighton,Dyes,Louisbourg,7040.2,196,CONFIRMED_FROM_VIDEO,CONFIRMED_FROM_VIDEO,Screen Recording 2026-08-16 223317.mp4,3,2
New Brighton,Dyes,Madalena,13057.0,293,CONFIRMED_FROM_VIDEO,CONFIRMED_FROM_VIDEO,Screen Recording 2026-08-16 223317.mp4,6,1
New Brighton,Dyes,Mako's Outlook,5900.1,177,CONFIRMED_FROM_VIDEO,CONFIRMED_FROM_VIDEO,Screen Recording 2026-08-16 223317.mp4,6,1
New Brighton,Dyes,Matthew's Rest,3016.6,130,CONFIRMED_FROM_VIDEO,CONFIRMED_FROM_VIDEO,Screen Recording 2026-08-16 223317.mp4,12,1
New Brighton,Dyes,Maurepas,6163.0,181,CONFIRMED_FROM_VIDEO,CONFIRMED_FROM_VIDEO,Screen Recording 2026-08-16 223317.mp4,6,1
New Brighton,Dyes,New Catalina,5847.3,176,CONFIRMED_FROM_VIDEO,CONFIRMED_FROM_VIDEO,Screen Recording 2026-08-16 223317.mp4,6,1
New Brighton,Dyes,Pachard Town,3427.0,137,CONFIRMED_FROM_VIDEO,CONFIRMED_FROM_VIDEO,Screen Recording 2026-08-16 223317.mp4,14,1
New Brighton,Dyes,Peter's Cove,6570.5,188,CONFIRMED_FROM_VIDEO,CONFIRMED_FROM_VIDEO,Screen Recording 2026-08-16 223317.mp4,7,1
New Brighton,Dyes,Petit Anvers,8054.4,212,CONFIRMED_FROM_VIDEO,CONFIRMED_FROM_VIDEO,Screen Recording 2026-08-16 223317.mp4,4,1
New Brighton,Dyes,Poblado de San Juan,10948.3,259,CONFIRMED_FROM_VIDEO,CONFIRMED_FROM_VIDEO,Screen Recording 2026-08-16 223317.mp4,4,1
New Brighton,Dyes,Point Rocheux,5369.8,169,CONFIRMED_FROM_VIDEO,CONFIRMED_FROM_VIDEO,Screen Recording 2026-08-16 223317.mp4,4,1
New Brighton,Dyes,Ponta Delgada,12752.3,288,CONFIRMED_FROM_VIDEO,CONFIRMED_FROM_VIDEO,Screen Recording 2026-08-16 223317.mp4,4,2
New Brighton,Dyes,Port Antonio,6644.7,189,CONFIRMED_FROM_VIDEO,CONFIRMED_FROM_VIDEO,Screen Recording 2026-08-16 223317.mp4,6,1
New Brighton,Dyes,Port Louis,3806.0,143,CONFIRMED_FROM_VIDEO,CONFIRMED_FROM_VIDEO,Screen Recording 2026-08-16 223317.mp4,5,1
New Brighton,Dyes,Port Royal,5750.7,175,CONFIRMED_FROM_VIDEO,CONFIRMED_FROM_VIDEO,Screen Recording 2026-08-16 223317.mp4,6,1
New Brighton,Dyes,Port-Au-Croix,4394.9,153,CONFIRMED_FROM_VIDEO,CONFIRMED_FROM_VIDEO,Screen Recording 2026-08-16 223317.mp4,5,1
New Brighton,Dyes,Princeton,2425.1,121,CONFIRMED_FROM_VIDEO,CONFIRMED_FROM_VIDEO,Screen Recording 2026-08-16 223317.mp4,9,1
New Brighton,Dyes,Puerto de San Fernando,9201.6,231,CONFIRMED_FROM_VIDEO,CONFIRMED_FROM_VIDEO,Screen Recording 2026-08-16 223317.mp4,8,1
New Brighton,Dyes,Saint Vincent,2549.1,123,CONFIRMED_FROM_VIDEO,CONFIRMED_FROM_VIDEO,Screen Recording 2026-08-16 223317.mp4,9,1
New Brighton,Dyes,Saint-Nicholas,7488.2,203,CONFIRMED_FROM_VIDEO,CONFIRMED_FROM_VIDEO,Screen Recording 2026-08-16 223317.mp4,7,1
New Brighton,Dyes,Sainte Rose,8183.3,214,CONFIRMED_FROM_VIDEO,CONFIRMED_FROM_VIDEO,Screen Recording 2026-08-16 223317.mp4,4,1
New Brighton,Dyes,San Polo,10791.5,257,CONFIRMED_FROM_VIDEO,CONFIRMED_FROM_VIDEO,Screen Recording 2026-08-16 223317.mp4,6,2
New Brighton,Dyes,San Salvador,10552.7,253,CONFIRMED_FROM_VIDEO,CONFIRMED_FROM_VIDEO,Screen Recording 2026-08-16 223317.mp4,6,2
New Brighton,Dyes,San Vito,7770.0,208,CONFIRMED_FROM_VIDEO,CONFIRMED_FROM_VIDEO,Screen Recording 2026-08-16 223317.mp4,4,1
New Brighton,Dyes,Sandy Settlement,7497.4,203,CONFIRMED_FROM_VIDEO,CONFIRMED_FROM_VIDEO,Screen Recording 2026-08-16 223317.mp4,4,1
New Brighton,Dyes,Santa Maria,10516.0,252,CONFIRMED_FROM_VIDEO,CONFIRMED_FROM_VIDEO,Screen Recording 2026-08-16 223317.mp4,8,1
New Brighton,Dyes,Sao Bento,11884.6,274,CONFIRMED_FROM_VIDEO,CONFIRMED_FROM_VIDEO,Screen Recording 2026-08-16 223317.mp4,4,2
New Brighton,Dyes,Snake Prosper,4266.1,151,CONFIRMED_FROM_VIDEO,CONFIRMED_FROM_VIDEO,Screen Recording 2026-08-16 223317.mp4,8,1
New Brighton,Dyes,Sugar Cove,6847.4,193,CONFIRMED_FROM_VIDEO,CONFIRMED_FROM_VIDEO,Screen Recording 2026-08-16 223317.mp4,5,1
New Brighton,Dyes,Taylor's Town,6738.4,191,CONFIRMED_FROM_VIDEO,CONFIRMED_FROM_VIDEO,Screen Recording 2026-08-16 223317.mp4,5,1
New Brighton,Dyes,Theresa,7047.8,196,CONFIRMED_FROM_VIDEO,CONFIRMED_FROM_VIDEO,Screen Recording 2026-08-16 223317.mp4,3,2
New Brighton,Dyes,Thresher Point,4061.1,147,CONFIRMED_FROM_VIDEO,CONFIRMED_FROM_VIDEO,Screen Recording 2026-08-16 223317.mp4,5,1
New Brighton,Dyes,Venta Nueva,8392.8,218,CONFIRMED_FROM_VIDEO,CONFIRMED_FROM_VIDEO,Screen Recording 2026-08-16 223317.mp4,5,1
New Brighton,Dyes,Villarreal Del Mar,7085.7,196,CONFIRMED_FROM_VIDEO,CONFIRMED_FROM_VIDEO,Screen Recording 2026-08-16 223317.mp4,2,2
New Brighton,Dyes,White Hook,5473.2,170,CONFIRMED_FROM_VIDEO,CONFIRMED_FROM_VIDEO,Screen Recording 2026-08-16 223317.mp4,4,1
New Brighton,Dyes,Wyntergard,5791.5,175,CONFIRMED_FROM_VIDEO,CONFIRMED_FROM_VIDEO,Screen Recording 2026-08-16 223317.mp4,6,1
New Brighton,Dyes,Yorinobu's Settlement,1075.4,99,CONFIRMED_FROM_VIDEO,CONFIRMED_FROM_VIDEO,Screen Recording 2026-08-16 223317.mp4,8,2
New Catalina,Pierogi,Al-Jazair,4598.6,166,CONFIRMED_FROM_VIDEO,CONFIRMED_FROM_VIDEO,Screen Recording 2026-08-16 223317.mp4,9,1
New Catalina,Pierogi,Ashbourne,9046.0,242,CONFIRMED_FROM_VIDEO,CONFIRMED_FROM_VIDEO,Screen Recording 2026-08-16 223317.mp4,5,1
New Catalina,Pierogi,Belfry Heights,7839.9,221,CONFIRMED_FROM_VIDEO,CONFIRMED_FROM_VIDEO,Screen Recording 2026-08-16 223317.mp4,7,1
New Catalina,Pierogi,Bucket Bay,7611.5,218,CONFIRMED_FROM_VIDEO,CONFIRMED_FROM_VIDEO,Screen Recording 2026-08-16 223317.mp4,4,1
New Catalina,Pierogi,Caledonia,4523.3,164,CONFIRMED_FROM_VIDEO,CONFIRMED_FROM_VIDEO,Screen Recording 2026-08-16 223317.mp4,7,1
New Catalina,Pierogi,Castle Landing,2709.9,133,CONFIRMED_FROM_VIDEO,CONFIRMED_FROM_VIDEO,Screen Recording 2026-08-16 223317.mp4,4,1
New Catalina,Pierogi,Caveira,17054.6,380,CONFIRMED_FROM_VIDEO,CONFIRMED_FROM_VIDEO,Screen Recording 2026-08-16 223317.mp4,6,2
New Catalina,Pierogi,Caye Tiburon,7111.5,209,CONFIRMED_FROM_VIDEO,CONFIRMED_FROM_VIDEO,Screen Recording 2026-08-16 223317.mp4,4,1
New Catalina,Pierogi,Crownstead,9773.2,255,CONFIRMED_FROM_VIDEO,CONFIRMED_FROM_VIDEO,Screen Recording 2026-08-16 223317.mp4,6,1
New Catalina,Pierogi,Cumberland Hill,554.4,96,CONFIRMED_FROM_VIDEO,CONFIRMED_FROM_VIDEO,Screen Recording 2026-08-16 223317.mp4,3,2
New Catalina,Pierogi,Deadman's Murcia,5338.4,178,CONFIRMED_FROM_VIDEO,CONFIRMED_FROM_VIDEO,Screen Recording 2026-08-16 223317.mp4,5,1
New Catalina,Pierogi,Fair Harbour,6879.5,205,CONFIRMED_FROM_VIDEO,CONFIRMED_FROM_VIDEO,Screen Recording 2026-08-16 223317.mp4,5,1
New Catalina,Pierogi,Falmouth,11409.6,283,CONFIRMED_FROM_VIDEO,CONFIRMED_FROM_VIDEO,Screen Recording 2026-08-16 223317.mp4,4,2
New Catalina,Pierogi,Gyldenvale,9954.3,258,CONFIRMED_FROM_VIDEO,CONFIRMED_FROM_VIDEO,Screen Recording 2026-08-16 223317.mp4,6,1
New Catalina,Pierogi,Jones' Outpost,1228.1,107,CONFIRMED_FROM_VIDEO,CONFIRMED_FROM_VIDEO,Screen Recording 2026-08-16 223317.mp4,4,1
New Catalina,Pierogi,Kandlerova,14700.6,340,CONFIRMED_FROM_VIDEO,CONFIRMED_FROM_VIDEO,Screen Recording 2026-08-16 223317.mp4,6,2
New Catalina,Pierogi,La Povenglia,11646.8,287,CONFIRMED_FROM_VIDEO,CONFIRMED_FROM_VIDEO,Screen Recording 2026-08-16 223317.mp4,4,2
New Catalina,Pierogi,Lebarde,4396.1,162,CONFIRMED_FROM_VIDEO,CONFIRMED_FROM_VIDEO,Screen Recording 2026-08-16 223317.mp4,7,1
New Catalina,Pierogi,Lord Irving's Sacrifice,10116.9,261,CONFIRMED_FROM_VIDEO,CONFIRMED_FROM_VIDEO,Screen Recording 2026-08-16 223317.mp4,4,3
New Catalina,Pierogi,Louisbourg,12192.4,297,CONFIRMED_FROM_VIDEO,CONFIRMED_FROM_VIDEO,Screen Recording 2026-08-16 223317.mp4,6,2
New Catalina,Pierogi,Madalena,18879.8,412,CONFIRMED_FROM_VIDEO,CONFIRMED_FROM_VIDEO,Screen Recording 2026-08-16 223317.mp4,6,2
New Catalina,Pierogi,Mako's Outlook,9901.9,257,CONFIRMED_FROM_VIDEO,CONFIRMED_FROM_VIDEO,Screen Recording 2026-08-16 223317.mp4,3,1
New Catalina,Pierogi,Matthew's Rest,8385.2,231,CONFIRMED_FROM_VIDEO,CONFIRMED_FROM_VIDEO,Screen Recording 2026-08-16 223317.mp4,6,1
New Catalina,Pierogi,Maurepas,11362.2,282,CONFIRMED_FROM_VIDEO,CONFIRMED_FROM_VIDEO,Screen Recording 2026-08-16 223317.mp4,4,2
New Catalina,Pierogi,New Brighton,5847.3,187,CONFIRMED_FROM_VIDEO,CONFIRMED_FROM_VIDEO,Screen Recording 2026-08-16 223317.mp4,5,1
New Catalina,Pierogi,Pachard Town,9094.7,243,CONFIRMED_FROM_VIDEO,CONFIRMED_FROM_VIDEO,Screen Recording 2026-08-16 223317.mp4,5,1
New Catalina,Pierogi,Peter's Cove,7520.1,216,CONFIRMED_FROM_VIDEO,CONFIRMED_FROM_VIDEO,Screen Recording 2026-08-16 223317.mp4,4,1
New Catalina,Pierogi,Petit Anvers,12763.7,306,CONFIRMED_FROM_VIDEO,CONFIRMED_FROM_VIDEO,Screen Recording 2026-08-16 223317.mp4,6,2
New Catalina,Pierogi,Poblado de San Juan,16211.3,366,CONFIRMED_FROM_VIDEO,CONFIRMED_FROM_VIDEO,Screen Recording 2026-08-16 223317.mp4,6,2
New Catalina,Pierogi,Point Rocheux,11155.1,279,CONFIRMED_FROM_VIDEO,CONFIRMED_FROM_VIDEO,Screen Recording 2026-08-16 223317.mp4,4,2
New Catalina,Pierogi,Ponta Delgada,18570.5,407,CONFIRMED_FROM_VIDEO,CONFIRMED_FROM_VIDEO,Screen Recording 2026-08-16 223317.mp4,5,3
New Catalina,Pierogi,Port Antonio,12372.3,300,CONFIRMED_FROM_VIDEO,CONFIRMED_FROM_VIDEO,Screen Recording 2026-08-16 223317.mp4,6,2
New Catalina,Pierogi,Port Louis,7303.4,212,CONFIRMED_FROM_VIDEO,CONFIRMED_FROM_VIDEO,Screen Recording 2026-08-16 223317.mp4,4,1
New Catalina,Pierogi,Port Royal,10994.1,276,CONFIRMED_FROM_VIDEO,CONFIRMED_FROM_VIDEO,Screen Recording 2026-08-16 223317.mp4,2,1
New Catalina,Pierogi,Port-Au-Croix,10123.9,261,CONFIRMED_FROM_VIDEO,CONFIRMED_FROM_VIDEO,Screen Recording 2026-08-16 223317.mp4,8,2
New Catalina,Pierogi,Princeton,3633.5,149,CONFIRMED_FROM_VIDEO,CONFIRMED_FROM_VIDEO,Screen Recording 2026-08-16 223317.mp4,4,1
New Catalina,Pierogi,Puerto de San Fernando,14795.6,341,CONFIRMED_FROM_VIDEO,CONFIRMED_FROM_VIDEO,Screen Recording 2026-08-16 223317.mp4,6,2
New Catalina,Pierogi,Saint Vincent,5336.2,178,CONFIRMED_FROM_VIDEO,CONFIRMED_FROM_VIDEO,Screen Recording 2026-08-16 223317.mp4,5,1
New Catalina,Pierogi,Saint-Nicholas,7278.6,212,CONFIRMED_FROM_VIDEO,CONFIRMED_FROM_VIDEO,Screen Recording 2026-08-16 223317.mp4,4,1
New Catalina,Pierogi,Sainte Rose,13375.5,317,CONFIRMED_FROM_VIDEO,CONFIRMED_FROM_VIDEO,Screen Recording 2026-08-16 223317.mp4,6,2
New Catalina,Pierogi,San Polo,13768.3,324,CONFIRMED_FROM_VIDEO,CONFIRMED_FROM_VIDEO,Screen Recording 2026-08-16 223317.mp4,6,2
New Catalina,Pierogi,San Salvador,15306.2,350,CONFIRMED_FROM_VIDEO,CONFIRMED_FROM_VIDEO,Screen Recording 2026-08-16 223317.mp4,6,2
New Catalina,Pierogi,San Vito,11114.1,278,CONFIRMED_FROM_VIDEO,CONFIRMED_FROM_VIDEO,Screen Recording 2026-08-16 223317.mp4,4,2
New Catalina,Pierogi,Sandy Settlement,7675.9,219,CONFIRMED_FROM_VIDEO,CONFIRMED_FROM_VIDEO,Screen Recording 2026-08-16 223317.mp4,4,2
New Catalina,Pierogi,Santa Maria,15748.6,358,CONFIRMED_FROM_VIDEO,CONFIRMED_FROM_VIDEO,Screen Recording 2026-08-16 223317.mp4,6,2
New Catalina,Pierogi,Sao Bento,17731.6,392,CONFIRMED_FROM_VIDEO,CONFIRMED_FROM_VIDEO,Screen Recording 2026-08-16 223317.mp4,6,2
New Catalina,Pierogi,Snake Prosper,4568.4,165,CONFIRMED_FROM_VIDEO,CONFIRMED_FROM_VIDEO,Screen Recording 2026-08-16 223317.mp4,7,1
New Catalina,Pierogi,Sugar Cove,1000.2,104,CONFIRMED_FROM_VIDEO,CONFIRMED_FROM_VIDEO,Screen Recording 2026-08-16 223317.mp4,4,1
New Catalina,Pierogi,Taylor's Town,5783.0,186,CONFIRMED_FROM_VIDEO,CONFIRMED_FROM_VIDEO,Screen Recording 2026-08-16 223317.mp4,5,1
New Catalina,Pierogi,Theresa,12596.7,304,CONFIRMED_FROM_VIDEO,CONFIRMED_FROM_VIDEO,Screen Recording 2026-08-16 223317.mp4,6,2
New Catalina,Pierogi,Thresher Point,6976.7,207,CONFIRMED_FROM_VIDEO,CONFIRMED_FROM_VIDEO,Screen Recording 2026-08-16 223317.mp4,6,1
New Catalina,Pierogi,Venta Nueva,14239.8,332,CONFIRMED_FROM_VIDEO,CONFIRMED_FROM_VIDEO,Screen Recording 2026-08-16 223317.mp4,12,2
New Catalina,Pierogi,Villarreal Del Mar,12930.7,309,CONFIRMED_RECORDED_RECIPROCAL_AUDIT,CONFIRMED_FROM_VIDEO,Screen Recording 2026-08-16 223317.mp4,9,1
New Catalina,Pierogi,White Hook,4970.9,172,CONFIRMED_FROM_VIDEO,CONFIRMED_FROM_VIDEO,Screen Recording 2026-08-16 223317.mp4,9,1
New Catalina,Pierogi,Wyntergard,8753.8,237,CONFIRMED_FROM_VIDEO,CONFIRMED_FROM_VIDEO,Screen Recording 2026-08-16 223317.mp4,6,1
New Catalina,Pierogi,Yorinobu's Settlement,6421.0,197,CONFIRMED_FROM_VIDEO,CONFIRMED_FROM_VIDEO,Screen Recording 2026-08-16 223317.mp4,7,1
Pachard Town,Jewelry,Al-Jazair,4513.3,216,CONFIRMED_FROM_VIDEO,CONFIRMED_FROM_VIDEO,Screen Recording 2026-08-16 111220.mp4,5,1
Pachard Town,Jewelry,Ashbourne,3996.0,205,CONFIRMED_FROM_VIDEO,CONFIRMED_FROM_VIDEO,Screen Recording 2026-08-16 111220.mp4,2,1
Pachard Town,Jewelry,Belfry Heights,6508.9,262,CONFIRMED_FROM_VIDEO,CONFIRMED_FROM_VIDEO,Screen Recording 2026-08-16 111220.mp4,3,1
Pachard Town,Jewelry,Bucket Bay,1885.1,157,CONFIRMED_FROM_VIDEO,CONFIRMED_FROM_VIDEO,Screen Recording 2026-08-16 111220.mp4,4,1
Pachard Town,Jewelry,Caledonia,6536.7,262,CONFIRMED_FROM_VIDEO,CONFIRMED_FROM_VIDEO,Screen Recording 2026-08-16 111220.mp4,3,1
Pachard Town,Jewelry,Castle Landing,7490.6,284,CONFIRMED_FROM_VIDEO,CONFIRMED_FROM_VIDEO,Screen Recording 2026-08-16 111220.mp4,3,1
Pachard Town,Jewelry,Caveira,8604.6,310,CONFIRMED_FROM_VIDEO,CONFIRMED_FROM_VIDEO,Screen Recording 2026-08-16 111220.mp4,3,1
Pachard Town,Jewelry,Caye Tiburon,5020.1,228,CONFIRMED_FROM_VIDEO,CONFIRMED_FROM_VIDEO,Screen Recording 2026-08-16 111220.mp4,4,1
Pachard Town,Jewelry,Crownstead,4566.4,218,CONFIRMED_FROM_VIDEO,CONFIRMED_FROM_VIDEO,Screen Recording 2026-08-16 111220.mp4,4,1
Pachard Town,Jewelry,Deadman's Murcia,6250.0,256,CONFIRMED_FROM_VIDEO,CONFIRMED_FROM_VIDEO,Screen Recording 2026-08-16 111220.mp4,3,1
Pachard Town,Jewelry,Fair Harbour,3205.3,187,CONFIRMED_FROM_VIDEO,CONFIRMED_FROM_VIDEO,Screen Recording 2026-08-16 111220.mp4,5,1
Pachard Town,Jewelry,Falmouth,3446.7,192,CONFIRMED_FROM_VIDEO,CONFIRMED_FROM_VIDEO,Screen Recording 2026-08-16 111220.mp4,6,1
Pachard Town,Jewelry,Griffard's Rock,2915.1,180,CONFIRMED_FROM_GRIFFARDS_DESTINATION_LIST,DERIVED,naval_route_trade_handoff_v1.json:griffards_rock_backfills,,
Pachard Town,Jewelry,Gyldenvale,5885.8,248,CONFIRMED_FROM_VIDEO,CONFIRMED_FROM_VIDEO,Screen Recording 2026-08-16 111220.mp4,3,1
Pachard Town,Jewelry,Jones' Outpost,8103.9,298,CONFIRMED_FROM_VIDEO,CONFIRMED_FROM_VIDEO,Screen Recording 2026-08-16 111220.mp4,3,1
Pachard Town,Jewelry,Kandlerova,12418.5,396,CONFIRMED_FROM_VIDEO,CONFIRMED_FROM_VIDEO,Screen Recording 2026-08-16 111220.mp4,2,1
Pachard Town,Jewelry,La Povenglia,10353.0,349,CONFIRMED_FROM_VIDEO,CONFIRMED_FROM_VIDEO,Screen Recording 2026-08-16 111220.mp4,2,1
Pachard Town,Jewelry,Lebarde,6732.4,267,CONFIRMED_FROM_VIDEO,CONFIRMED_FROM_VIDEO,Screen Recording 2026-08-16 111220.mp4,3,1
Pachard Town,Jewelry,Lord Irving's Sacrifice,6184.8,254,CONFIRMED_FROM_VIDEO,CONFIRMED_FROM_VIDEO,Screen Recording 2026-08-16 111220.mp4,4,1
Pachard Town,Jewelry,Louisbourg,3821.9,201,CONFIRMED_FROM_VIDEO,CONFIRMED_FROM_VIDEO,Screen Recording 2026-08-16 111220.mp4,3,1
Pachard Town,Jewelry,Madalena,10223.0,346,CONFIRMED_FROM_VIDEO,CONFIRMED_FROM_VIDEO,Screen Recording 2026-08-16 111220.mp4,2,1
Pachard Town,Jewelry,Mako's Outlook,6745.7,267,CONFIRMED_FROM_VIDEO,CONFIRMED_FROM_VIDEO,Screen Recording 2026-08-16 111220.mp4,3,1
Pachard Town,Jewelry,Matthew's Rest,1015.0,137,CONFIRMED_FROM_VIDEO,CONFIRMED_FROM_VIDEO,Screen Recording 2026-08-16 111220.mp4,3,1
Pachard Town,Jewelry,Maurepas,2969.3,181,CONFIRMED_FROM_VIDEO,CONFIRMED_FROM_VIDEO,Screen Recording 2026-08-16 111220.mp4,4,1
Pachard Town,Jewelry,New Brighton,3427.0,192,CONFIRMED_FROM_VIDEO,CONFIRMED_FROM_VIDEO,Screen Recording 2026-08-16 111220.mp4,6,1
Pachard Town,Jewelry,New Catalina,9094.7,321,CONFIRMED_FROM_VIDEO,CONFIRMED_FROM_VIDEO,Screen Recording 2026-08-16 111220.mp4,4,1
Pachard Town,Jewelry,Peter's Cove,9128.6,321,CONFIRMED_FROM_VIDEO,CONFIRMED_FROM_VIDEO,Screen Recording 2026-08-16 111220.mp4,4,1
Pachard Town,Jewelry,Petit Anvers,5114.0,230,CONFIRMED_FROM_VIDEO,CONFIRMED_FROM_VIDEO,Screen Recording 2026-08-16 111220.mp4,4,1
Pachard Town,Jewelry,Poblado de San Juan,9426.1,328,CONFIRMED_FROM_VIDEO,CONFIRMED_FROM_VIDEO,Screen Recording 2026-08-16 111220.mp4,3,1
Pachard Town,Jewelry,Point Rocheux,2119.7,162,CONFIRMED_FROM_VIDEO,CONFIRMED_FROM_VIDEO,Screen Recording 2026-08-16 111220.mp4,4,1
Pachard Town,Jewelry,Ponta Delgada,9516.2,330,CONFIRMED_FROM_VIDEO,CONFIRMED_FROM_VIDEO,Screen Recording 2026-08-16 111220.mp4,3,1
Pachard Town,Jewelry,Port Antonio,4545.8,217,CONFIRMED_FROM_VIDEO,CONFIRMED_FROM_VIDEO,Screen Recording 2026-08-16 111220.mp4,5,1
Pachard Town,Jewelry,Port Louis,3662.8,197,CONFIRMED_FROM_VIDEO,CONFIRMED_FROM_VIDEO,Screen Recording 2026-08-16 111220.mp4,6,1
Pachard Town,Jewelry,Port Royal,5043.3,228,CONFIRMED_FROM_VIDEO,CONFIRMED_FROM_VIDEO,Screen Recording 2026-08-16 111220.mp4,4,1
Pachard Town,Jewelry,Port-Au-Croix,1044.3,138,CONFIRMED_FROM_VIDEO,CONFIRMED_FROM_VIDEO,Screen Recording 2026-08-16 111220.mp4,3,1
Pachard Town,Jewelry,Princeton,5847.2,247,CONFIRMED_FROM_VIDEO,CONFIRMED_FROM_VIDEO,Screen Recording 2026-08-16 111220.mp4,3,1
Pachard Town,Jewelry,Puerto de San Fernando,7199.4,278,CONFIRMED_FROM_VIDEO,CONFIRMED_FROM_VIDEO,Screen Recording 2026-08-16 111220.mp4,2,2
Pachard Town,Jewelry,Saint Vincent,4298.8,212,CONFIRMED_FROM_VIDEO,CONFIRMED_FROM_VIDEO,Screen Recording 2026-08-16 111220.mp4,4,1
Pachard Town,Jewelry,Saint-Nicholas,10311.2,348,CONFIRMED_FROM_VIDEO,CONFIRMED_FROM_VIDEO,Screen Recording 2026-08-16 111220.mp4,2,1
Pachard Town,Jewelry,Sainte Rose,4889.0,225,CONFIRMED_FROM_VIDEO,CONFIRMED_FROM_VIDEO,Screen Recording 2026-08-16 111220.mp4,3,1
Pachard Town,Jewelry,San Polo,11628.4,378,CONFIRMED_FROM_VIDEO,CONFIRMED_FROM_VIDEO,Screen Recording 2026-08-16 111220.mp4,2,1
Pachard Town,Jewelry,San Salvador,9764.8,336,CONFIRMED_FROM_VIDEO,CONFIRMED_FROM_VIDEO,Screen Recording 2026-08-16 111220.mp4,3,1
Pachard Town,Jewelry,San Vito,8751.9,313,CONFIRMED_FROM_VIDEO,CONFIRMED_FROM_VIDEO,Screen Recording 2026-08-16 111220.mp4,3,1
Pachard Town,Jewelry,Sandy Settlement,10195.1,346,CONFIRMED_FROM_VIDEO,CONFIRMED_FROM_VIDEO,Screen Recording 2026-08-16 111220.mp4,2,1
Pachard Town,Jewelry,Santa Maria,9075.5,320,CONFIRMED_FROM_VIDEO,CONFIRMED_FROM_VIDEO,Screen Recording 2026-08-16 111220.mp4,4,1
Pachard Town,Jewelry,Sao Bento,8869.7,316,CONFIRMED_FROM_VIDEO,CONFIRMED_FROM_VIDEO,Screen Recording 2026-08-16 111220.mp4,4,1
Pachard Town,Jewelry,Snake Prosper,6155.8,254,CONFIRMED_FROM_VIDEO,CONFIRMED_FROM_VIDEO,Screen Recording 2026-08-16 111220.mp4,3,1
Pachard Town,Jewelry,Sugar Cove,10082.1,343,CONFIRMED_FROM_VIDEO,CONFIRMED_FROM_VIDEO,Screen Recording 2026-08-16 111220.mp4,2,1
Pachard Town,Jewelry,Taylor's Town,9841.0,338,CONFIRMED_FROM_VIDEO,CONFIRMED_FROM_VIDEO,Screen Recording 2026-08-16 111220.mp4,2,1
Pachard Town,Jewelry,Theresa,5406.4,237,CONFIRMED_FROM_VIDEO,CONFIRMED_FROM_VIDEO,Screen Recording 2026-08-16 111220.mp4,4,1
Pachard Town,Jewelry,Thresher Point,6353.3,258,CONFIRMED_FROM_VIDEO,CONFIRMED_FROM_VIDEO,Screen Recording 2026-08-16 111220.mp4,3,1
Pachard Town,Jewelry,Venta Nueva,5453.4,238,CONFIRMED_FROM_VIDEO,CONFIRMED_FROM_VIDEO,Screen Recording 2026-08-16 111220.mp4,3,2
Pachard Town,Jewelry,Villarreal Del Mar,4259.5,211,CONFIRMED_FROM_VIDEO,CONFIRMED_FROM_VIDEO,Screen Recording 2026-08-16 111220.mp4,4,1
Pachard Town,Jewelry,White Hook,7153.5,276,CONFIRMED_FROM_VIDEO,CONFIRMED_FROM_VIDEO,Screen Recording 2026-08-16 111220.mp4,4,1
Pachard Town,Jewelry,Wyntergard,4986.8,227,CONFIRMED_FROM_VIDEO,CONFIRMED_FROM_VIDEO,Screen Recording 2026-08-16 111220.mp4,4,1
Peter's Cove,Tuna,Al-Jazair,7301.7,188,CONFIRMED_FROM_VIDEO,CONFIRMED_FROM_VIDEO,Screen Recording 2026-08-16 223317.mp4,6,1
Peter's Cove,Tuna,Ashbourne,11895.2,258,CONFIRMED_FROM_VIDEO,CONFIRMED_FROM_VIDEO,Screen Recording 2026-08-16 223317.mp4,4,2
Peter's Cove,Tuna,Belfry Heights,2871.8,120,CONFIRMED_FROM_VIDEO,CONFIRMED_FROM_VIDEO,Screen Recording 2026-08-16 223317.mp4,12,1
Peter's Cove,Tuna,Bucket Bay,9094.3,215,CONFIRMED_FROM_VIDEO,CONFIRMED_FROM_VIDEO,Screen Recording 2026-08-16 223317.mp4,4,1
Peter's Cove,Tuna,Caledonia,9934.4,228,CONFIRMED_FROM_VIDEO,CONFIRMED_FROM_VIDEO,Screen Recording 2026-08-16 223317.mp4,6,1
Peter's Cove,Tuna,Castle Landing,5044.7,153,CONFIRMED_FROM_VIDEO,CONFIRMED_FROM_VIDEO,Screen Recording 2026-08-16 223317.mp4,5,1
Peter's Cove,Tuna,Caveira,13610.3,284,CONFIRMED_FROM_VIDEO,CONFIRMED_FROM_VIDEO,Screen Recording 2026-08-16 223317.mp4,4,2
Peter's Cove,Tuna,Caye Tiburon,4117.9,139,CONFIRMED_FROM_VIDEO,CONFIRMED_FROM_VIDEO,Screen Recording 2026-08-16 223317.mp4,12,1
Peter's Cove,Tuna,Crownstead,12697.8,270,CONFIRMED_FROM_VIDEO,CONFIRMED_FROM_VIDEO,Screen Recording 2026-08-16 223317.mp4,4,2
Peter's Cove,Tuna,Cumberland Hill,8010.9,198,CONFIRMED_FROM_VIDEO,CONFIRMED_FROM_VIDEO,Screen Recording 2026-08-16 223317.mp4,4,2
Peter's Cove,Tuna,Deadman's Murcia,10473.4,236,CONFIRMED_RECORDED_RECIPROCAL_AUDIT,CONFIRMED_FROM_VIDEO,Screen Recording 2026-08-16 223317.mp4,7,1
Peter's Cove,Tuna,Fair Harbour,9525.7,222,CONFIRMED_FROM_VIDEO,CONFIRMED_FROM_VIDEO,Screen Recording 2026-08-16 223317.mp4,6,1
Peter's Cove,Tuna,Falmouth,8934.0,212,CONFIRMED_FROM_VIDEO,CONFIRMED_FROM_VIDEO,Screen Recording 2026-08-16 223317.mp4,6,1
Peter's Cove,Tuna,Gyldenvale,13619.2,284,CONFIRMED_FROM_VIDEO,CONFIRMED_FROM_VIDEO,Screen Recording 2026-08-16 223317.mp4,4,2
Peter's Cove,Tuna,Jones' Outpost,7821.7,196,CONFIRMED_FROM_VIDEO,CONFIRMED_FROM_VIDEO,Screen Recording 2026-08-16 223317.mp4,5,3
Peter's Cove,Tuna,Kandlerova,7351.6,188,CONFIRMED_FROM_VIDEO,CONFIRMED_FROM_VIDEO,Screen Recording 2026-08-16 223317.mp4,8,1
Peter's Cove,Tuna,La Povenglia,4305.3,142,CONFIRMED_FROM_VIDEO,CONFIRMED_FROM_VIDEO,Screen Recording 2026-08-16 223317.mp4,12,1
Peter's Cove,Tuna,Lebarde,3763.9,134,CONFIRMED_FROM_VIDEO,CONFIRMED_FROM_VIDEO,Screen Recording 2026-08-16 223317.mp4,12,1
Peter's Cove,Tuna,Lord Irving's Sacrifice,5054.2,153,CONFIRMED_FROM_VIDEO,CONFIRMED_FROM_VIDEO,Screen Recording 2026-08-16 223317.mp4,7,1
Peter's Cove,Tuna,Louisbourg,12934.0,273,CONFIRMED_FROM_VIDEO,CONFIRMED_FROM_VIDEO,Screen Recording 2026-08-16 223317.mp4,6,1
Peter's Cove,Tuna,Madalena,15546.2,313,CONFIRMED_FROM_VIDEO,CONFIRMED_FROM_VIDEO,Screen Recording 2026-08-16 223317.mp4,4,2
Peter's Cove,Tuna,Mako's Outlook,4373.0,143,CONFIRMED_FROM_VIDEO,CONFIRMED_FROM_VIDEO,Screen Recording 2026-08-16 223317.mp4,12,1
Peter's Cove,Tuna,Matthew's Rest,9221.1,217,CONFIRMED_FROM_VIDEO,CONFIRMED_FROM_VIDEO,Screen Recording 2026-08-16 223317.mp4,6,1
Peter's Cove,Tuna,Maurepas,12095.2,261,CONFIRMED_RECORDED_RECIPROCAL_AUDIT,CONFIRMED_FROM_VIDEO,Screen Recording 2026-08-16 223317.mp4,1,1
Peter's Cove,Tuna,New Brighton,6570.5,176,CONFIRMED_FROM_VIDEO,CONFIRMED_FROM_VIDEO,Screen Recording 2026-08-16 223317.mp4,6,1
Peter's Cove,Tuna,New Catalina,7520.1,191,CONFIRMED_FROM_VIDEO,CONFIRMED_FROM_VIDEO,Screen Recording 2026-08-16 223317.mp4,6,1
Peter's Cove,Tuna,Pachard Town,9128.6,215,CONFIRMED_FROM_VIDEO,CONFIRMED_FROM_VIDEO,Screen Recording 2026-08-16 223317.mp4,6,1
Peter's Cove,Tuna,Petit Anvers,14226.2,293,CONFIRMED_FROM_VIDEO,CONFIRMED_FROM_VIDEO,Screen Recording 2026-08-16 223317.mp4,4,2
Peter's Cove,Tuna,Poblado de San Juan,11092.2,245,CONFIRMED_FROM_VIDEO,CONFIRMED_FROM_VIDEO,Screen Recording 2026-08-16 223317.mp4,4,2
Peter's Cove,Tuna,Point Rocheux,10242.0,232,CONFIRMED_FROM_VIDEO,CONFIRMED_FROM_VIDEO,Screen Recording 2026-08-16 223317.mp4,8,1
Peter's Cove,Tuna,Ponta Delgada,16439.9,327,CONFIRMED_FROM_VIDEO,CONFIRMED_FROM_VIDEO,Screen Recording 2026-08-16 223317.mp4,4,2
Peter's Cove,Tuna,Port Antonio,9328.6,219,CONFIRMED_FROM_VIDEO,CONFIRMED_FROM_VIDEO,Screen Recording 2026-08-16 223317.mp4,6,1
Peter's Cove,Tuna,Port Louis,10342.1,234,CONFIRMED_FROM_VIDEO,CONFIRMED_FROM_VIDEO,Screen Recording 2026-08-16 223317.mp4,6,2
Peter's Cove,Tuna,Port Royal,6973.9,183,CONFIRMED_FROM_VIDEO,CONFIRMED_FROM_VIDEO,Screen Recording 2026-08-16 223317.mp4,9,1
Peter's Cove,Tuna,Port-Au-Croix,9706.8,224,CONFIRMED_FROM_VIDEO,CONFIRMED_FROM_VIDEO,Screen Recording 2026-08-16 223317.mp4,6,1
Peter's Cove,Tuna,Princeton,5573.2,161,CONFIRMED_FROM_VIDEO,CONFIRMED_FROM_VIDEO,Screen Recording 2026-08-16 223317.mp4,6,1
Peter's Cove,Tuna,Puerto de San Fernando,10743.6,240,CONFIRMED_FROM_VIDEO,CONFIRMED_FROM_VIDEO,Screen Recording 2026-08-16 223317.mp4,4,2
Peter's Cove,Tuna,Saint Vincent,8681.5,209,CONFIRMED_FROM_VIDEO,CONFIRMED_FROM_VIDEO,Screen Recording 2026-08-16 223317.mp4,6,1
Peter's Cove,Tuna,Saint-Nicholas,1479.0,99,CONFIRMED_FROM_VIDEO,CONFIRMED_FROM_VIDEO,Screen Recording 2026-08-16 223317.mp4,7,1
Peter's Cove,Tuna,Sainte Rose,13934.2,289,CONFIRMED_FROM_VIDEO,CONFIRMED_FROM_VIDEO,Screen Recording 2026-08-16 223317.mp4,4,2
Peter's Cove,Tuna,San Polo,6451.0,175,CONFIRMED_FROM_VIDEO,CONFIRMED_FROM_VIDEO,Screen Recording 2026-08-16 223317.mp4,6,1
Peter's Cove,Tuna,San Salvador,9421.0,220,CONFIRMED_FROM_VIDEO,CONFIRMED_FROM_VIDEO,Screen Recording 2026-08-16 223317.mp4,6,1
Peter's Cove,Tuna,San Vito,4381.1,143,CONFIRMED_FROM_VIDEO,CONFIRMED_FROM_VIDEO,Screen Recording 2026-08-16 223317.mp4,12,1
Peter's Cove,Tuna,Sandy Settlement,1133.5,94,CONFIRMED_FROM_VIDEO,CONFIRMED_FROM_VIDEO,Screen Recording 2026-08-16 223317.mp4,7,1
Peter's Cove,Tuna,Santa Maria,10625.1,238,CONFIRMED_FROM_VIDEO,CONFIRMED_FROM_VIDEO,Screen Recording 2026-08-16 223317.mp4,4,2
Peter's Cove,Tuna,Sao Bento,14990.5,305,CONFIRMED_FROM_VIDEO,CONFIRMED_FROM_VIDEO,Screen Recording 2026-08-16 223317.mp4,4,2
Peter's Cove,Tuna,Snake Prosper,9675.2,224,CONFIRMED_FROM_VIDEO,CONFIRMED_FROM_VIDEO,Screen Recording 2026-08-16 223317.mp4,4,2
Peter's Cove,Tuna,Sugar Cove,8119.3,200,CONFIRMED_FROM_VIDEO,CONFIRMED_FROM_VIDEO,Screen Recording 2026-08-16 223317.mp4,6,1
Peter's Cove,Tuna,Taylor's Town,2332.6,112,CONFIRMED_FROM_VIDEO,CONFIRMED_FROM_VIDEO,Screen Recording 2026-08-16 223317.mp4,8,1
Peter's Cove,Tuna,Theresa,8843.2,211,CONFIRMED_FROM_VIDEO,CONFIRMED_FROM_VIDEO,Screen Recording 2026-08-16 223317.mp4,5,1
Peter's Cove,Tuna,Thresher Point,2779.7,119,CONFIRMED_FROM_VIDEO,CONFIRMED_FROM_VIDEO,Screen Recording 2026-08-16 223317.mp4,10,2
Peter's Cove,Tuna,Venta Nueva,11912.3,258,CONFIRMED_FROM_VIDEO,CONFIRMED_FROM_VIDEO,Screen Recording 2026-08-16 223317.mp4,4,2
Peter's Cove,Tuna,Villarreal Del Mar,10732.8,240,CONFIRMED_FROM_VIDEO,CONFIRMED_FROM_VIDEO,Screen Recording 2026-08-16 223317.mp4,3,2
Peter's Cove,Tuna,White Hook,10754.4,240,CONFIRMED_FROM_VIDEO,CONFIRMED_FROM_VIDEO,Screen Recording 2026-08-16 223317.mp4,4,2
Peter's Cove,Tuna,Wyntergard,12330.8,264,CONFIRMED_FROM_VIDEO,CONFIRMED_FROM_VIDEO,Screen Recording 2026-08-16 223317.mp4,4,2
Peter's Cove,Tuna,Yorinobu's Settlement,7625.2,193,CONFIRMED_FROM_VIDEO,CONFIRMED_FROM_VIDEO,Screen Recording 2026-08-16 223317.mp4,2,1
Petit Anvers,Chocolate,Al-Jazair,8423.8,228,CONFIRMED_FROM_SCREENSHOT,CONFIRMED_FROM_SCREENSHOT,Petit Sell4.png,1,1
Petit Anvers,Chocolate,Ashbourne,3907.5,151,CONFIRMED_FROM_SCREENSHOT,CONFIRMED_FROM_SCREENSHOT,Petit Sell6.png,1,1
Petit Anvers,Chocolate,Belfry Heights,11618.9,283,CONFIRMED_FROM_SCREENSHOT,CONFIRMED_FROM_SCREENSHOT,Petit Sell3.png,1,1
Petit Anvers,Chocolate,Bucket Bay,5488.5,178,CONFIRMED_FROM_SCREENSHOT,CONFIRMED_FROM_SCREENSHOT,Petit Sell5.png,1,1
Petit Anvers,Chocolate,Caledonia,8811.0,235,CONFIRMED_FROM_SCREENSHOT,CONFIRMED_FROM_SCREENSHOT,Petit Sell4.png,1,1
Petit Anvers,Chocolate,Castle Landing,11898.5,287,CONFIRMED_FROM_SCREENSHOT,CONFIRMED_FROM_SCREENSHOT,Petit Sell2.png,1,1
Petit Anvers,Chocolate,Caveira,9659.8,249,CONFIRMED_FROM_SCREENSHOT,CONFIRMED_FROM_SCREENSHOT,Petit Sell4.png,1,1
Petit Anvers,Chocolate,Caye Tiburon,10129.7,257,CONFIRMED_FROM_SCREENSHOT,CONFIRMED_FROM_SCREENSHOT,Petit Sell3.png,1,1
Petit Anvers,Chocolate,Crownstead,3435.3,143,CONFIRMED_FROM_SCREENSHOT,CONFIRMED_FROM_SCREENSHOT,Petit Sell6.png,1,1
Petit Anvers,Chocolate,Cumberland Hill,12552.3,298,CONFIRMED_FROM_SCREENSHOT,CONFIRMED_FROM_SCREENSHOT,Petit Sell2.png,1,1
Petit Anvers,Chocolate,Deadman's Murcia,8120.9,223,CONFIRMED_FROM_SCREENSHOT,CONFIRMED_FROM_SCREENSHOT,Petit Sell4.png,1,1
Petit Anvers,Chocolate,Fair Harbour,5895.1,185,CONFIRMED_FROM_SCREENSHOT,CONFIRMED_FROM_SCREENSHOT,Petit Sell5.png,1,1
Petit Anvers,Chocolate,Falmouth,7073.1,205,CONFIRMED_FROM_SCREENSHOT,CONFIRMED_FROM_SCREENSHOT,Petit Sell5.png,1,1
Petit Anvers,Chocolate,Griffard's Rock,7983.2,221,CONFIRMED_FROM_GRIFFARDS_DESTINATION_LIST,DERIVED,naval_route_trade_handoff_v1.json:griffards_rock_backfills,,
Petit Anvers,Chocolate,Gyldenvale,4299.6,158,CONFIRMED_FROM_SCREENSHOT,CONFIRMED_FROM_SCREENSHOT,Petit Sell6.png,1,1
Petit Anvers,Chocolate,Jones' Outpost,11580.8,282,CONFIRMED_FROM_SCREENSHOT,CONFIRMED_FROM_SCREENSHOT,Petit Sell3.png,1,1
Petit Anvers,Chocolate,Kandlerova,17032.7,375,CONFIRMED_FROM_SCREENSHOT,CONFIRMED_FROM_SCREENSHOT,Petit Sell1.png,1,1
Petit Anvers,Chocolate,La Povenglia,15283.7,345,CONFIRMED_FROM_SCREENSHOT,CONFIRMED_FROM_SCREENSHOT,Petit Sell1.png,1,1
Petit Anvers,Chocolate,Lebarde,11523.6,281,CONFIRMED_FROM_SCREENSHOT,CONFIRMED_FROM_SCREENSHOT,Petit Sell3.png,1,1
Petit Anvers,Chocolate,Lord Irving's Sacrifice,11011.9,272,CONFIRMED_FROM_SCREENSHOT,CONFIRMED_FROM_SCREENSHOT,Petit Sell3.png,1,1
Petit Anvers,Chocolate,Louisbourg,1592.2,112,CONFIRMED_FROM_SCREENSHOT,CONFIRMED_FROM_SCREENSHOT,Petit Sell6.png,1,1
Petit Anvers,Chocolate,Madalena,10519.1,264,CONFIRMED_FROM_SCREENSHOT,CONFIRMED_FROM_SCREENSHOT,Petit Sell3.png,1,1
Petit Anvers,Chocolate,Mako's Outlook,11659.5,283,CONFIRMED_FROM_SCREENSHOT,CONFIRMED_FROM_SCREENSHOT,Petit Sell3.png,1,1
Petit Anvers,Chocolate,Matthew's Rest,5076.9,171,CONFIRMED_FROM_SCREENSHOT,CONFIRMED_FROM_SCREENSHOT,Petit Sell6.png,1,1
Petit Anvers,Chocolate,Maurepas,2221.9,123,CONFIRMED_FROM_SCREENSHOT,CONFIRMED_FROM_SCREENSHOT,Petit Sell6.png,1,1
Petit Anvers,Chocolate,New Catalina,12763.7,302,CONFIRMED_FROM_SCREENSHOT,CONFIRMED_FROM_SCREENSHOT,Petit Sell2.png,1,1
Petit Anvers,Chocolate,Pachard Town,5114.0,172,CONFIRMED_FROM_SCREENSHOT,CONFIRMED_FROM_SCREENSHOT,Petit Sell5.png,1,1
Petit Anvers,Chocolate,Peter's Cove,14226.2,327,CONFIRMED_FROM_SCREENSHOT,CONFIRMED_FROM_SCREENSHOT,Petit Sell1.png,1,1
Petit Anvers,Chocolate,Poblado de San Juan,12313.9,294,CONFIRMED_FROM_SCREENSHOT,CONFIRMED_FROM_SCREENSHOT,Petit Sell2.png,1,1
Petit Anvers,Chocolate,Point Rocheux,4803.4,167,CONFIRMED_FROM_SCREENSHOT,CONFIRMED_FROM_SCREENSHOT,Petit Sell6.png,1,1
Petit Anvers,Chocolate,Ponta Delgada,8430.8,228,CONFIRMED_FROM_SCREENSHOT,CONFIRMED_FROM_SCREENSHOT,Petit Sell4.png,1,1
Petit Anvers,Chocolate,Port Antonio,7799.1,218,CONFIRMED_FROM_SCREENSHOT,CONFIRMED_FROM_SCREENSHOT,Petit Sell5.png,1,1
Petit Anvers,Chocolate,Port Louis,5493.5,178,CONFIRMED_FROM_SCREENSHOT,CONFIRMED_FROM_SCREENSHOT,Petit Sell5.png,1,1
Petit Anvers,Chocolate,Port Royal,9434.5,245,CONFIRMED_FROM_SCREENSHOT,CONFIRMED_FROM_SCREENSHOT,Petit Sell4.png,1,1
Petit Anvers,Chocolate,Port-Au-Croix,4764.0,166,CONFIRMED_FROM_SCREENSHOT,CONFIRMED_FROM_SCREENSHOT,Petit Sell6.png,1,1
Petit Anvers,Chocolate,Princeton,10248.5,259,CONFIRMED_FROM_SCREENSHOT,CONFIRMED_FROM_SCREENSHOT,Petit Sell3.png,1,1
Petit Anvers,Chocolate,Puerto de San Fernando,9811.2,252,CONFIRMED_FROM_SCREENSHOT,CONFIRMED_FROM_SCREENSHOT,Petit Sell3.png,1,1
Petit Anvers,Chocolate,Saint Vincent,7432.1,211,CONFIRMED_FROM_SCREENSHOT,CONFIRMED_FROM_SCREENSHOT,Petit Sell5.png,1,1
Petit Anvers,Chocolate,Saint-Nicholas,15362.4,346,CONFIRMED_FROM_SCREENSHOT,CONFIRMED_FROM_SCREENSHOT,Petit Sell1.png,1,1
Petit Anvers,Chocolate,Sainte Rose,1653.5,113,CONFIRMED_FROM_SCREENSHOT,CONFIRMED_FROM_SCREENSHOT,Petit Sell6.png,1,1
Petit Anvers,Chocolate,San Polo,16326.8,363,CONFIRMED_FROM_SCREENSHOT,CONFIRMED_FROM_SCREENSHOT,Petit Sell1.png,1,1
Petit Anvers,Chocolate,San Salvador,13425.7,313,CONFIRMED_FROM_SCREENSHOT,CONFIRMED_FROM_SCREENSHOT,Petit Sell2.png,1,1
Petit Anvers,Chocolate,San Vito,13617.3,316,CONFIRMED_FROM_SCREENSHOT,CONFIRMED_FROM_SCREENSHOT,Petit Sell2.png,1,1
Petit Anvers,Chocolate,Sandy Settlement,15275.8,345,CONFIRMED_FROM_SCREENSHOT,CONFIRMED_FROM_SCREENSHOT,Petit Sell1.png,1,1
Petit Anvers,Chocolate,Santa Maria,12113.7,291,CONFIRMED_FROM_SCREENSHOT,CONFIRMED_FROM_SCREENSHOT,Petit Sell2.png,1,1
Petit Anvers,Chocolate,Sao Bento,8844.5,235,CONFIRMED_FROM_SCREENSHOT,CONFIRMED_FROM_SCREENSHOT,Petit Sell4.png,1,1
Petit Anvers,Chocolate,Snake Prosper,8563.9,231,CONFIRMED_FROM_SCREENSHOT,CONFIRMED_FROM_SCREENSHOT,Petit Sell4.png,1,1
Petit Anvers,Chocolate,Sugar Cove,13649.4,317,CONFIRMED_FROM_SCREENSHOT,CONFIRMED_FROM_SCREENSHOT,Petit Sell1.png,1,1
Petit Anvers,Chocolate,Taylor's Town,14766.8,336,CONFIRMED_FROM_SCREENSHOT,CONFIRMED_FROM_SCREENSHOT,Petit Sell1.png,1,1
Petit Anvers,Chocolate,Theresa,8928.2,237,CONFIRMED_FROM_SCREENSHOT,CONFIRMED_FROM_SCREENSHOT,Petit Sell4.png,1,1
Petit Anvers,Chocolate,Thresher Point,11458.3,280,CONFIRMED_FROM_SCREENSHOT,CONFIRMED_FROM_SCREENSHOT,Petit Sell3.png,1,1
Petit Anvers,Chocolate,Venta Nueva,6719.8,199,CONFIRMED_FROM_SCREENSHOT,CONFIRMED_FROM_SCREENSHOT,Petit Sell5.png,1,1
Petit Anvers,Chocolate,Villarreal Del Mar,6398.0,194,CONFIRMED_FROM_SCREENSHOT,CONFIRMED_FROM_SCREENSHOT,Petit Sell5.png,1,1
Petit Anvers,Chocolate,White Hook,8977.6,238,CONFIRMED_FROM_SCREENSHOT,CONFIRMED_FROM_SCREENSHOT,Petit Sell4.png,1,1
Petit Anvers,Chocolate,Wyntergard,4702.4,165,CONFIRMED_FROM_SCREENSHOT,CONFIRMED_FROM_SCREENSHOT,Petit Sell6.png,1,1
Petit Anvers,Chocolate,Yorinobu's Settlement,7019.9,204,CONFIRMED_FROM_SCREENSHOT,CONFIRMED_FROM_SCREENSHOT,Petit Sell5.png,1,1
Poblado de San Juan,stuff,Al-Jazair,12604.9,273,CONFIRMED_FROM_VIDEO,CONFIRMED_FROM_VIDEO,Screen Recording 2026-08-16 223317.mp4,6,2
Poblado de San Juan,stuff,Ashbourne,13272.5,283,CONFIRMED_RECORDED_RECIPROCAL_AUDIT,CONFIRMED_FROM_VIDEO,Screen Recording 2026-08-16 223317.mp4,1,1
Poblado de San Juan,stuff,Belfry Heights,8870.5,215,CONFIRMED_FROM_VIDEO,CONFIRMED_FROM_VIDEO,Screen Recording 2026-08-16 223317.mp4,1,1
Poblado de San Juan,stuff,Bucket Bay,11179.5,251,CONFIRMED_FROM_VIDEO,CONFIRMED_FROM_VIDEO,Screen Recording 2026-08-16 223317.mp4,6,2
Poblado de San Juan,stuff,Caledonia,15442.2,317,CONFIRMED_FROM_VIDEO,CONFIRMED_FROM_VIDEO,Screen Recording 2026-08-16 223317.mp4,6,2
Poblado de San Juan,stuff,Castle Landing,13642.4,289,CONFIRMED_RECORDED_RECIPROCAL_AUDIT,CONFIRMED_FROM_VIDEO,Screen Recording 2026-08-16 223317.mp4,1,1
Poblado de San Juan,stuff,Caveira,4256.1,143,CONFIRMED_FROM_VIDEO,CONFIRMED_FROM_VIDEO,Screen Recording 2026-08-16 223317.mp4,11,1
Poblado de San Juan,stuff,Caye Tiburon,9128.0,219,CONFIRMED_FROM_VIDEO,CONFIRMED_FROM_VIDEO,Screen Recording 2026-08-16 223317.mp4,6,1
Poblado de San Juan,stuff,Crownstead,13663.4,289,CONFIRMED_RECORDED_RECIPROCAL_AUDIT,CONFIRMED_FROM_VIDEO,Screen Recording 2026-08-16 223317.mp4,1,1
Poblado de San Juan,stuff,Cumberland Hill,16452.8,333,CONFIRMED_FROM_VIDEO,CONFIRMED_FROM_VIDEO,Screen Recording 2026-08-16 223317.mp4,3,2
Poblado de San Juan,stuff,Deadman's Murcia,15374.9,316,CONFIRMED_RECORDED_RECIPROCAL_AUDIT,CONFIRMED_FROM_VIDEO,Screen Recording 2026-08-16 223317.mp4,9,1
Poblado de San Juan,stuff,Fair Harbour,12494.9,271,CONFIRMED_FROM_VIDEO,CONFIRMED_FROM_VIDEO,Screen Recording 2026-08-16 223317.mp4,6,2
Poblado de San Juan,stuff,Falmouth,5984.3,170,CONFIRMED_FROM_VIDEO,CONFIRMED_FROM_VIDEO,Screen Recording 2026-08-16 223317.mp4,8,1
Poblado de San Juan,stuff,Gyldenvale,15037.9,311,CONFIRMED_FROM_VIDEO,CONFIRMED_FROM_VIDEO,Screen Recording 2026-08-16 223317.mp4,6,2
Poblado de San Juan,stuff,Jones' Outpost,15698.9,321,CONFIRMED_FROM_VIDEO,CONFIRMED_FROM_VIDEO,Screen Recording 2026-08-16 223317.mp4,6,2
Poblado de San Juan,stuff,Kandlerova,7562.1,195,CONFIRMED_FROM_VIDEO,CONFIRMED_FROM_VIDEO,Screen Recording 2026-08-16 223317.mp4,7,1
Poblado de San Juan,stuff,La Povenglia,8228.9,205,CONFIRMED_FROM_VIDEO,CONFIRMED_FROM_VIDEO,Screen Recording 2026-08-16 223317.mp4,1,1
Poblado de San Juan,stuff,Lebarde,12028.0,264,CONFIRMED_FROM_VIDEO,CONFIRMED_FROM_VIDEO,Screen Recording 2026-08-16 223317.mp4,8,1
Poblado de San Juan,stuff,Lord Irving's Sacrifice,6325.6,176,CONFIRMED_FROM_VIDEO,CONFIRMED_FROM_VIDEO,Screen Recording 2026-08-16 223317.mp4,6,1
Poblado de San Juan,stuff,Louisbourg,10783.5,245,CONFIRMED_FROM_VIDEO,CONFIRMED_FROM_VIDEO,Screen Recording 2026-08-16 223317.mp4,4,2
Poblado de San Juan,stuff,Madalena,5691.3,166,CONFIRMED_FROM_VIDEO,CONFIRMED_FROM_VIDEO,Screen Recording 2026-08-16 223317.mp4,18,1
Poblado de San Juan,stuff,Mako's Outlook,6828.7,183,CONFIRMED_FROM_VIDEO,CONFIRMED_FROM_VIDEO,Screen Recording 2026-08-16 223317.mp4,6,1
Poblado de San Juan,stuff,Matthew's Rest,10411.8,239,CONFIRMED_FROM_VIDEO,CONFIRMED_FROM_VIDEO,Screen Recording 2026-08-16 223317.mp4,4,2
Poblado de San Juan,stuff,Maurepas,10535.7,241,CONFIRMED_FROM_VIDEO,CONFIRMED_FROM_VIDEO,Screen Recording 2026-08-16 223317.mp4,4,2
Poblado de San Juan,stuff,New Brighton,10948.3,247,CONFIRMED_FROM_VIDEO,CONFIRMED_FROM_VIDEO,Screen Recording 2026-08-16 223317.mp4,4,1
Poblado de San Juan,stuff,New Catalina,16211.3,329,CONFIRMED_FROM_VIDEO,CONFIRMED_FROM_VIDEO,Screen Recording 2026-08-16 223317.mp4,6,2
Poblado de San Juan,stuff,Pachard Town,9426.1,224,CONFIRMED_FROM_VIDEO,CONFIRMED_FROM_VIDEO,Screen Recording 2026-08-16 223317.mp4,7,1
Poblado de San Juan,stuff,Peter's Cove,11092.2,249,CONFIRMED_FROM_VIDEO,CONFIRMED_FROM_VIDEO,Screen Recording 2026-08-16 223317.mp4,6,2
Poblado de San Juan,stuff,Petit Anvers,12313.9,268,CONFIRMED_FROM_VIDEO,CONFIRMED_FROM_VIDEO,Screen Recording 2026-08-16 223317.mp4,6,2
Poblado de San Juan,stuff,Point Rocheux,8000.7,202,CONFIRMED_FROM_VIDEO,CONFIRMED_FROM_VIDEO,Screen Recording 2026-08-16 223317.mp4,7,1
Poblado de San Juan,stuff,Ponta Delgada,8048.7,202,CONFIRMED_FROM_VIDEO,CONFIRMED_FROM_VIDEO,Screen Recording 2026-08-16 223317.mp4,6,1
Poblado de San Juan,stuff,Port Antonio,4910.9,154,CONFIRMED_FROM_VIDEO,CONFIRMED_FROM_VIDEO,Screen Recording 2026-08-16 223317.mp4,16,1
Poblado de San Juan,stuff,Port Louis,13064.5,280,CONFIRMED_FROM_VIDEO,CONFIRMED_FROM_VIDEO,Screen Recording 2026-08-16 223317.mp4,4,2
Poblado de San Juan,stuff,Port Royal,5248.8,159,CONFIRMED_FROM_VIDEO,CONFIRMED_FROM_VIDEO,Screen Recording 2026-08-16 223317.mp4,17,1
Poblado de San Juan,stuff,Port-Au-Croix,8754.9,213,CONFIRMED_FROM_VIDEO,CONFIRMED_FROM_VIDEO,Screen Recording 2026-08-16 223317.mp4,1,1
Poblado de San Juan,stuff,Princeton,12629.8,273,CONFIRMED_FROM_VIDEO,CONFIRMED_FROM_VIDEO,Screen Recording 2026-08-16 223317.mp4,6,2
Poblado de San Juan,stuff,Puerto de San Fernando,2503.1,116,CONFIRMED_FROM_VIDEO,CONFIRMED_FROM_VIDEO,Screen Recording 2026-08-16 223317.mp4,10,1
Poblado de San Juan,stuff,Saint Vincent,13140.0,281,CONFIRMED_FROM_VIDEO,CONFIRMED_FROM_VIDEO,Screen Recording 2026-08-16 223317.mp4,7,1
Poblado de San Juan,stuff,Saint-Nicholas,12527.2,272,CONFIRMED_FROM_VIDEO,CONFIRMED_FROM_VIDEO,Screen Recording 2026-08-16 223317.mp4,6,2
Poblado de San Juan,stuff,Sainte Rose,10878.3,246,CONFIRMED_FROM_VIDEO,CONFIRMED_FROM_VIDEO,Screen Recording 2026-08-16 223317.mp4,4,2
Poblado de San Juan,stuff,San Polo,7469.2,193,CONFIRMED_FROM_VIDEO,CONFIRMED_FROM_VIDEO,Screen Recording 2026-08-16 223317.mp4,7,1
Poblado de San Juan,stuff,San Salvador,2313.5,113,CONFIRMED_FROM_VIDEO,CONFIRMED_FROM_VIDEO,Screen Recording 2026-08-16 223317.mp4,10,1
Poblado de San Juan,stuff,San Vito,7004.8,186,CONFIRMED_FROM_VIDEO,CONFIRMED_FROM_VIDEO,Screen Recording 2026-08-16 223317.mp4,6,1
Poblado de San Juan,stuff,Sandy Settlement,12052.9,264,CONFIRMED_RECORDED_RECIPROCAL_AUDIT,CONFIRMED_FROM_VIDEO,Screen Recording 2026-08-16 223317.mp4,5,1
Poblado de San Juan,stuff,Santa Maria,475.5,85,CONFIRMED_FROM_VIDEO,CONFIRMED_FROM_VIDEO,Screen Recording 2026-08-16 223317.mp4,10,1
Poblado de San Juan,stuff,Sao Bento,6186.3,173,CONFIRMED_FROM_VIDEO,CONFIRMED_FROM_VIDEO,Screen Recording 2026-08-16 223317.mp4,8,1
Poblado de San Juan,stuff,Snake Prosper,15046.9,311,CONFIRMED_FROM_VIDEO,CONFIRMED_FROM_VIDEO,Screen Recording 2026-08-16 223317.mp4,6,2
Poblado de San Juan,stuff,Sugar Cove,17155.6,343,CONFIRMED_FROM_VIDEO,CONFIRMED_FROM_VIDEO,Screen Recording 2026-08-16 223317.mp4,6,2
Poblado de San Juan,stuff,Taylor's Town,13249.5,283,CONFIRMED_RECORDED_RECIPROCAL_AUDIT,CONFIRMED_FROM_VIDEO,Screen Recording 2026-08-16 223317.mp4,1,1
Poblado de San Juan,stuff,Theresa,4047.2,140,CONFIRMED_FROM_VIDEO,CONFIRMED_FROM_VIDEO,Screen Recording 2026-08-16 223317.mp4,10,1
Poblado de San Juan,stuff,Thresher Point,9626.0,227,CONFIRMED_FROM_VIDEO,CONFIRMED_FROM_VIDEO,Screen Recording 2026-08-16 223317.mp4,7,1
Poblado de San Juan,stuff,Venta Nueva,5726.0,166,CONFIRMED_FROM_VIDEO,CONFIRMED_FROM_VIDEO,Screen Recording 2026-08-16 223317.mp4,18,1
Poblado de San Juan,stuff,Villarreal Del Mar,5940.5,170,CONFIRMED_FROM_VIDEO,CONFIRMED_FROM_VIDEO,Screen Recording 2026-08-16 223317.mp4,18,1
Poblado de San Juan,stuff,White Hook,16197.4,329,CONFIRMED_FROM_VIDEO,CONFIRMED_FROM_VIDEO,Screen Recording 2026-08-16 223317.mp4,6,2
Poblado de San Juan,stuff,Wyntergard,14339.1,300,CONFIRMED_FROM_VIDEO,CONFIRMED_FROM_VIDEO,Screen Recording 2026-08-16 223317.mp4,6,2
Poblado de San Juan,stuff,Yorinobu's Settlement,11074.9,249,CONFIRMED_FROM_VIDEO,CONFIRMED_FROM_VIDEO,Screen Recording 2026-08-16 223317.mp4,4,2
Point Rocheux,Candles,Al-Jazair,6603.9,131,CONFIRMED_FROM_VIDEO,CONFIRMED_FROM_VIDEO,Screen Recording 2026-08-16 111947.mp4,4,1
Point Rocheux,Candles,Ashbourne,5342.3,116,CONFIRMED_FROM_VIDEO,CONFIRMED_FROM_VIDEO,Screen Recording 2026-08-16 111947.mp4,5,1
Point Rocheux,Candles,Belfry Heights,7424.4,140,CONFIRMED_FROM_VIDEO,CONFIRMED_FROM_VIDEO,Screen Recording 2026-08-16 111947.mp4,7,1
Point Rocheux,Candles,Bucket Bay,3948.9,101,CONFIRMED_FROM_VIDEO,CONFIRMED_FROM_VIDEO,Screen Recording 2026-08-16 111947.mp4,3,1
Point Rocheux,Candles,Caledonia,8615.7,153,CONFIRMED_FROM_VIDEO,CONFIRMED_FROM_VIDEO,Screen Recording 2026-08-16 111947.mp4,6,1
Point Rocheux,Candles,Castle Landing,9382.2,162,CONFIRMED_FROM_VIDEO,CONFIRMED_FROM_VIDEO,Screen Recording 2026-08-16 111947.mp4,7,1
Point Rocheux,Candles,Caveira,6592.4,130,CONFIRMED_FROM_VIDEO,CONFIRMED_FROM_VIDEO,Screen Recording 2026-08-16 111947.mp4,6,1
Point Rocheux,Candles,Caye Tiburon,6188.0,126,CONFIRMED_FROM_VIDEO,CONFIRMED_FROM_VIDEO,Screen Recording 2026-08-16 111947.mp4,4,2
Point Rocheux,Candles,Crownstead,5671.7,120,CONFIRMED_FROM_VIDEO,CONFIRMED_FROM_VIDEO,Screen Recording 2026-08-16 111947.mp4,5,1
Point Rocheux,Candles,Deadman's Murcia,8275.7,149,CONFIRMED_FROM_VIDEO,CONFIRMED_FROM_VIDEO,Screen Recording 2026-08-16 111947.mp4,7,1
Point Rocheux,Candles,Fair Harbour,5219.3,115,CONFIRMED_FROM_VIDEO,CONFIRMED_FROM_VIDEO,Screen Recording 2026-08-16 111947.mp4,4,1
Point Rocheux,Candles,Falmouth,2288.2,82,CONFIRMED_FROM_VIDEO,CONFIRMED_FROM_VIDEO,Screen Recording 2026-08-16 111947.mp4,1,1
Point Rocheux,Candles,Griffard's Rock,3826.9,99,CONFIRMED_FROM_GRIFFARDS_DESTINATION_LIST,DERIVED,naval_route_trade_handoff_v1.json:griffards_rock_backfills,,
Point Rocheux,Candles,Gyldenvale,7045.8,136,CONFIRMED_FROM_VIDEO,CONFIRMED_FROM_VIDEO,Screen Recording 2026-08-16 111947.mp4,6,1
Point Rocheux,Candles,Jones' Outpost,10196.8,171,CONFIRMED_FROM_VIDEO,CONFIRMED_FROM_VIDEO,Screen Recording 2026-08-16 111947.mp4,6,2
Point Rocheux,Candles,Kandlerova,12237.8,194,CONFIRMED_FROM_VIDEO,CONFIRMED_FROM_VIDEO,Screen Recording 2026-08-16 111947.mp4,2,1
Point Rocheux,Candles,La Povenglia,10628.1,176,CONFIRMED_FROM_VIDEO,CONFIRMED_FROM_VIDEO,Screen Recording 2026-08-16 111947.mp4,7,1
Point Rocheux,Candles,Lebarde,8418.3,151,CONFIRMED_FROM_VIDEO,CONFIRMED_FROM_VIDEO,Screen Recording 2026-08-16 111947.mp4,7,2
Point Rocheux,Candles,Lord Irving's Sacrifice,6341.0,128,CONFIRMED_FROM_VIDEO,CONFIRMED_FROM_VIDEO,Screen Recording 2026-08-16 111947.mp4,5,1
Point Rocheux,Candles,Louisbourg,3223.3,93,CONFIRMED_FROM_VIDEO,CONFIRMED_FROM_VIDEO,Screen Recording 2026-08-16 111947.mp4,2,1
Point Rocheux,Candles,Madalena,8139.2,148,CONFIRMED_FROM_VIDEO,CONFIRMED_FROM_VIDEO,Screen Recording 2026-08-16 111947.mp4,6,1
Point Rocheux,Candles,Mako's Outlook,7041.1,135,CONFIRMED_FROM_VIDEO,CONFIRMED_FROM_VIDEO,Screen Recording 2026-08-16 111947.mp4,6,1
Point Rocheux,Candles,Matthew's Rest,3052.0,91,CONFIRMED_FROM_VIDEO,CONFIRMED_FROM_VIDEO,Screen Recording 2026-08-16 111947.mp4,2,1
Point Rocheux,Candles,Maurepas,2684.8,86,CONFIRMED_FROM_VIDEO,CONFIRMED_FROM_VIDEO,Screen Recording 2026-08-16 111947.mp4,2,1
Point Rocheux,Candles,New Brighton,5369.8,117,CONFIRMED_FROM_VIDEO,CONFIRMED_FROM_VIDEO,Screen Recording 2026-08-16 111947.mp4,5,1
Point Rocheux,Candles,New Catalina,11155.1,182,CONFIRMED_FROM_VIDEO,CONFIRMED_FROM_VIDEO,Screen Recording 2026-08-16 111947.mp4,6,1
Point Rocheux,Candles,Pachard Town,2119.7,80,CONFIRMED_FROM_VIDEO,CONFIRMED_FROM_VIDEO,Screen Recording 2026-08-16 111947.mp4,1,1
Point Rocheux,Candles,Peter's Cove,10242.0,171,CONFIRMED_FROM_VIDEO,CONFIRMED_FROM_VIDEO,Screen Recording 2026-08-16 111947.mp4,8,1
Point Rocheux,Candles,Petit Anvers,4803.4,110,CONFIRMED_FROM_VIDEO,CONFIRMED_FROM_VIDEO,Screen Recording 2026-08-16 111947.mp4,3,2
Point Rocheux,Candles,Poblado de San Juan,8000.7,146,CONFIRMED_FROM_VIDEO,CONFIRMED_FROM_VIDEO,Screen Recording 2026-08-16 111947.mp4,4,3
Point Rocheux,Candles,Ponta Delgada,7419.9,140,CONFIRMED_FROM_VIDEO,CONFIRMED_FROM_VIDEO,Screen Recording 2026-08-16 111947.mp4,7,1
Point Rocheux,Candles,Port Antonio,3157.1,92,CONFIRMED_FROM_VIDEO,CONFIRMED_FROM_VIDEO,Screen Recording 2026-08-16 111947.mp4,2,1
Point Rocheux,Candles,Port Louis,5534.9,119,CONFIRMED_FROM_VIDEO,CONFIRMED_FROM_VIDEO,Screen Recording 2026-08-16 111947.mp4,5,1
Point Rocheux,Candles,Port Royal,4643.1,108,CONFIRMED_FROM_VIDEO,CONFIRMED_FROM_VIDEO,Screen Recording 2026-08-16 111947.mp4,4,1
Point Rocheux,Candles,Port-Au-Croix,1082.4,68,CONFIRMED_FROM_VIDEO,CONFIRMED_FROM_VIDEO,Screen Recording 2026-08-16 111947.mp4,1,1
Point Rocheux,Candles,Princeton,7783.9,144,CONFIRMED_FROM_VIDEO,CONFIRMED_FROM_VIDEO,Screen Recording 2026-08-16 111947.mp4,5,2
Point Rocheux,Candles,Puerto de San Fernando,5591.7,119,CONFIRMED_FROM_VIDEO,CONFIRMED_FROM_VIDEO,Screen Recording 2026-08-16 111947.mp4,4,1
Point Rocheux,Candles,Saint Vincent,6409.4,128,CONFIRMED_FROM_VIDEO,CONFIRMED_FROM_VIDEO,Screen Recording 2026-08-16 111947.mp4,4,1
Point Rocheux,Candles,Saint-Nicholas,11558.9,186,CONFIRMED_FROM_VIDEO,CONFIRMED_FROM_VIDEO,Screen Recording 2026-08-16 111947.mp4,4,1
Point Rocheux,Candles,Sainte Rose,3907.4,100,CONFIRMED_FROM_VIDEO,CONFIRMED_FROM_VIDEO,Screen Recording 2026-08-16 111947.mp4,3,1
Point Rocheux,Candles,San Polo,11549.5,186,CONFIRMED_FROM_VIDEO,CONFIRMED_FROM_VIDEO,Screen Recording 2026-08-16 111947.mp4,3,1
Point Rocheux,Candles,San Salvador,8773.9,155,CONFIRMED_FROM_VIDEO,CONFIRMED_FROM_VIDEO,Screen Recording 2026-08-16 111947.mp4,8,2
Point Rocheux,Candles,San Vito,8929.6,157,CONFIRMED_FROM_VIDEO,CONFIRMED_FROM_VIDEO,Screen Recording 2026-08-16 111947.mp4,7,1
Point Rocheux,Candles,Sandy Settlement,11359.2,184,CONFIRMED_FROM_VIDEO,CONFIRMED_FROM_VIDEO,Screen Recording 2026-08-16 111947.mp4,5,3
Point Rocheux,Candles,Santa Maria,7716.2,143,CONFIRMED_FROM_VIDEO,CONFIRMED_FROM_VIDEO,Screen Recording 2026-08-16 111947.mp4,7,1
Point Rocheux,Candles,Sao Bento,6754.9,132,CONFIRMED_FROM_VIDEO,CONFIRMED_FROM_VIDEO,Screen Recording 2026-08-16 111947.mp4,6,1
Point Rocheux,Candles,Snake Prosper,8241.2,149,CONFIRMED_FROM_VIDEO,CONFIRMED_FROM_VIDEO,Screen Recording 2026-08-16 111947.mp4,6,1
Point Rocheux,Candles,Sugar Cove,12148.8,193,CONFIRMED_FROM_VIDEO,CONFIRMED_FROM_VIDEO,Screen Recording 2026-08-16 111947.mp4,2,1
Point Rocheux,Candles,Taylor's Town,11311.7,184,CONFIRMED_FROM_VIDEO,CONFIRMED_FROM_VIDEO,Screen Recording 2026-08-16 111947.mp4,4,1
Point Rocheux,Candles,Theresa,4237.9,104,CONFIRMED_FROM_VIDEO,CONFIRMED_FROM_VIDEO,Screen Recording 2026-08-16 111947.mp4,3,1
Point Rocheux,Candles,Thresher Point,7499.4,141,CONFIRMED_FROM_VIDEO,CONFIRMED_FROM_VIDEO,Screen Recording 2026-08-16 111947.mp4,8,1
Point Rocheux,Candles,Venta Nueva,3379.4,94,CONFIRMED_FROM_VIDEO,CONFIRMED_FROM_VIDEO,Screen Recording 2026-08-16 111947.mp4,3,1
Point Rocheux,Candles,Villarreal Del Mar,2297.8,82,CONFIRMED_FROM_VIDEO,CONFIRMED_FROM_VIDEO,Screen Recording 2026-08-16 111947.mp4,1,1
Point Rocheux,Candles,White Hook,9193.9,160,CONFIRMED_FROM_VIDEO,CONFIRMED_FROM_VIDEO,Screen Recording 2026-08-16 111947.mp4,4,2
Point Rocheux,Candles,Wyntergard,6441.7,129,CONFIRMED_FROM_VIDEO,CONFIRMED_FROM_VIDEO,Screen Recording 2026-08-16 111947.mp4,6,1
Ponta Delgada,Pineapple,Al-Jazair,14022.1,295,CONFIRMED_FROM_VIDEO,CONFIRMED_FROM_VIDEO,Screen Recording 2026-08-16 223317.mp4,8,2
Ponta Delgada,Pineapple,Ashbourne,11564.8,257,CONFIRMED_FROM_VIDEO,CONFIRMED_FROM_VIDEO,Screen Recording 2026-08-16 223317.mp4,4,2
Ponta Delgada,Pineapple,Belfry Heights,13607.3,288,CONFIRMED_FROM_VIDEO,CONFIRMED_FROM_VIDEO,Screen Recording 2026-08-16 223317.mp4,4,2
Ponta Delgada,Pineapple,Bucket Bay,11232.1,252,CONFIRMED_FROM_VIDEO,CONFIRMED_FROM_VIDEO,Screen Recording 2026-08-16 223317.mp4,6,2
Ponta Delgada,Pineapple,Caledonia,15807.1,323,CONFIRMED_FROM_VIDEO,CONFIRMED_FROM_VIDEO,Screen Recording 2026-08-16 223317.mp4,4,2
Ponta Delgada,Pineapple,Castle Landing,16677.0,336,CONFIRMED_FROM_VIDEO,CONFIRMED_FROM_VIDEO,Screen Recording 2026-08-16 223317.mp4,8,1
Ponta Delgada,Pineapple,Caveira,3792.7,136,CONFIRMED_FROM_VIDEO,CONFIRMED_FROM_VIDEO,Screen Recording 2026-08-16 223317.mp4,23,1
Ponta Delgada,Pineapple,Caye Tiburon,12862.8,277,CONFIRMED_FROM_VIDEO,CONFIRMED_FROM_VIDEO,Screen Recording 2026-08-16 223317.mp4,6,3
Ponta Delgada,Pineapple,Crownstead,11451.9,255,CONFIRMED_FROM_VIDEO,CONFIRMED_FROM_VIDEO,Screen Recording 2026-08-16 223317.mp4,6,2
Ponta Delgada,Pineapple,Cumberland Hill,18572.2,365,CONFIRMED_FROM_VIDEO,CONFIRMED_FROM_VIDEO,Screen Recording 2026-08-16 223317.mp4,3,2
Ponta Delgada,Pineapple,Deadman's Murcia,15340.2,315,CONFIRMED_RECORDED_RECIPROCAL_AUDIT,CONFIRMED_FROM_VIDEO,Screen Recording 2026-08-16 223317.mp4,9,1
Ponta Delgada,Pineapple,Fair Harbour,12376.9,269,CONFIRMED_FROM_VIDEO,CONFIRMED_FROM_VIDEO,Screen Recording 2026-08-16 223317.mp4,6,2
Ponta Delgada,Pineapple,Falmouth,7643.3,196,CONFIRMED_FROM_VIDEO,CONFIRMED_FROM_VIDEO,Screen Recording 2026-08-16 223317.mp4,6,2
Ponta Delgada,Pineapple,Gyldenvale,12596.8,273,CONFIRMED_FROM_VIDEO,CONFIRMED_FROM_VIDEO,Screen Recording 2026-08-16 223317.mp4,6,2
Ponta Delgada,Pineapple,Jones' Outpost,17615.1,351,CONFIRMED_FROM_VIDEO,CONFIRMED_FROM_VIDEO,Screen Recording 2026-08-16 223317.mp4,6,2
Ponta Delgada,Pineapple,Kandlerova,15342.8,315,CONFIRMED_FROM_VIDEO,CONFIRMED_FROM_VIDEO,Screen Recording 2026-08-16 223317.mp4,6,2
Ponta Delgada,Pineapple,La Povenglia,15138.7,312,CONFIRMED_FROM_VIDEO,CONFIRMED_FROM_VIDEO,Screen Recording 2026-08-16 223317.mp4,6,2
Ponta Delgada,Pineapple,Lebarde,15520.4,318,CONFIRMED_FROM_VIDEO,CONFIRMED_FROM_VIDEO,Screen Recording 2026-08-16 223317.mp4,6,2
Ponta Delgada,Pineapple,Lord Irving's Sacrifice,11525.5,256,CONFIRMED_FROM_VIDEO,CONFIRMED_FROM_VIDEO,Screen Recording 2026-08-16 223317.mp4,4,2
Ponta Delgada,Pineapple,Louisbourg,7640.5,196,CONFIRMED_FROM_VIDEO,CONFIRMED_FROM_VIDEO,Screen Recording 2026-08-16 223317.mp4,19,2
Ponta Delgada,Pineapple,Madalena,2988.0,124,CONFIRMED_FROM_VIDEO,CONFIRMED_FROM_VIDEO,Screen Recording 2026-08-16 223317.mp4,23,1
Ponta Delgada,Pineapple,Mako's Outlook,12287.3,268,CONFIRMED_FROM_VIDEO,CONFIRMED_FROM_VIDEO,Screen Recording 2026-08-16 223317.mp4,6,2
Ponta Delgada,Pineapple,Matthew's Rest,10357.0,238,CONFIRMED_FROM_VIDEO,CONFIRMED_FROM_VIDEO,Screen Recording 2026-08-16 223317.mp4,9,1
Ponta Delgada,Pineapple,Maurepas,8108.8,203,CONFIRMED_FROM_VIDEO,CONFIRMED_FROM_VIDEO,Screen Recording 2026-08-16 223317.mp4,9,1
Ponta Delgada,Pineapple,New Brighton,12752.3,275,CONFIRMED_FROM_VIDEO,CONFIRMED_FROM_VIDEO,Screen Recording 2026-08-16 223317.mp4,6,2
Ponta Delgada,Pineapple,New Catalina,18570.5,365,CONFIRMED_FROM_VIDEO,CONFIRMED_FROM_VIDEO,Screen Recording 2026-08-16 223317.mp4,5,3
Ponta Delgada,Pineapple,Pachard Town,9516.2,225,CONFIRMED_FROM_VIDEO,CONFIRMED_FROM_VIDEO,Screen Recording 2026-08-16 223317.mp4,9,1
Ponta Delgada,Pineapple,Peter's Cove,16439.9,332,CONFIRMED_FROM_VIDEO,CONFIRMED_FROM_VIDEO,Screen Recording 2026-08-16 223317.mp4,6,2
Ponta Delgada,Pineapple,Petit Anvers,8430.8,208,CONFIRMED_FROM_VIDEO,CONFIRMED_FROM_VIDEO,Screen Recording 2026-08-16 223317.mp4,8,1
Ponta Delgada,Pineapple,Poblado de San Juan,8048.7,202,CONFIRMED_FROM_VIDEO,CONFIRMED_FROM_VIDEO,Screen Recording 2026-08-16 223317.mp4,5,2
Ponta Delgada,Pineapple,Point Rocheux,7419.9,193,CONFIRMED_FROM_VIDEO,CONFIRMED_FROM_VIDEO,Screen Recording 2026-08-16 223317.mp4,30,1
Ponta Delgada,Pineapple,Port Antonio,7111.6,188,CONFIRMED_FROM_VIDEO,CONFIRMED_FROM_VIDEO,Screen Recording 2026-08-16 223317.mp4,27,1
Ponta Delgada,Pineapple,Port Louis,12465.6,271,CONFIRMED_FROM_VIDEO,CONFIRMED_FROM_VIDEO,Screen Recording 2026-08-16 223317.mp4,6,2
Ponta Delgada,Pineapple,Port Royal,9501.9,225,CONFIRMED_FROM_VIDEO,CONFIRMED_FROM_VIDEO,Screen Recording 2026-08-16 223317.mp4,9,1
Ponta Delgada,Pineapple,Port-Au-Croix,8473.3,209,CONFIRMED_FROM_VIDEO,CONFIRMED_FROM_VIDEO,Screen Recording 2026-08-16 223317.mp4,12,1
Ponta Delgada,Pineapple,Princeton,15134.7,312,CONFIRMED_FROM_VIDEO,CONFIRMED_FROM_VIDEO,Screen Recording 2026-08-16 223317.mp4,6,2
Ponta Delgada,Pineapple,Puerto de San Fernando,6410.2,177,CONFIRMED_FROM_VIDEO,CONFIRMED_FROM_VIDEO,Screen Recording 2026-08-16 223317.mp4,24,1
Ponta Delgada,Pineapple,Saint Vincent,13726.7,290,CONFIRMED_FROM_VIDEO,CONFIRMED_FROM_VIDEO,Screen Recording 2026-08-16 223317.mp4,4,2
Ponta Delgada,Pineapple,Saint-Nicholas,17894.8,355,CONFIRMED_FROM_VIDEO,CONFIRMED_FROM_VIDEO,Screen Recording 2026-08-16 223317.mp4,6,2
Ponta Delgada,Pineapple,Sainte Rose,6827.5,183,CONFIRMED_FROM_VIDEO,CONFIRMED_FROM_VIDEO,Screen Recording 2026-08-16 223317.mp4,24,1
Ponta Delgada,Pineapple,San Polo,15044.4,311,CONFIRMED_FROM_VIDEO,CONFIRMED_FROM_VIDEO,Screen Recording 2026-08-16 223317.mp4,6,2
Ponta Delgada,Pineapple,San Salvador,10217.6,236,CONFIRMED_FROM_VIDEO,CONFIRMED_FROM_VIDEO,Screen Recording 2026-08-16 223317.mp4,6,2
Ponta Delgada,Pineapple,San Vito,13524.4,287,CONFIRMED_FROM_VIDEO,CONFIRMED_FROM_VIDEO,Screen Recording 2026-08-16 223317.mp4,4,2
Ponta Delgada,Pineapple,Sandy Settlement,17563.5,350,CONFIRMED_FROM_VIDEO,CONFIRMED_FROM_VIDEO,Screen Recording 2026-08-16 223317.mp4,6,2
Ponta Delgada,Pineapple,Santa Maria,8199.9,205,CONFIRMED_FROM_VIDEO,CONFIRMED_FROM_VIDEO,Screen Recording 2026-08-16 223317.mp4,8,1
Ponta Delgada,Pineapple,Sao Bento,1862.4,106,CONFIRMED_FROM_VIDEO,CONFIRMED_FROM_VIDEO,Screen Recording 2026-08-16 223317.mp4,22,2
Ponta Delgada,Pineapple,Snake Prosper,15456.8,317,CONFIRMED_FROM_VIDEO,CONFIRMED_FROM_VIDEO,Screen Recording 2026-08-16 223317.mp4,6,2
Ponta Delgada,Pineapple,Sugar Cove,19565.8,381,CONFIRMED_FROM_VIDEO,CONFIRMED_FROM_VIDEO,Screen Recording 2026-08-16 223317.mp4,6,2
Ponta Delgada,Pineapple,Taylor's Town,18020.1,357,CONFIRMED_FROM_VIDEO,CONFIRMED_FROM_VIDEO,Screen Recording 2026-08-16 223317.mp4,6,2
Ponta Delgada,Pineapple,Theresa,7707.1,197,CONFIRMED_FROM_VIDEO,CONFIRMED_FROM_VIDEO,Screen Recording 2026-08-16 223317.mp4,7,1
Ponta Delgada,Pineapple,Thresher Point,13997.2,294,CONFIRMED_FROM_VIDEO,CONFIRMED_FROM_VIDEO,Screen Recording 2026-08-16 223317.mp4,6,2
Ponta Delgada,Pineapple,Venta Nueva,4579.1,148,CONFIRMED_FROM_VIDEO,CONFIRMED_FROM_VIDEO,Screen Recording 2026-08-16 223317.mp4,23,1
Ponta Delgada,Pineapple,Villarreal Del Mar,5863.0,168,CONFIRMED_FROM_VIDEO,CONFIRMED_FROM_VIDEO,Screen Recording 2026-08-16 223317.mp4,24,1
Ponta Delgada,Pineapple,White Hook,16270.3,330,CONFIRMED_FROM_VIDEO,CONFIRMED_FROM_VIDEO,Screen Recording 2026-08-16 223317.mp4,10,2
Ponta Delgada,Pineapple,Wyntergard,12620.4,273,CONFIRMED_FROM_VIDEO,CONFIRMED_FROM_VIDEO,Screen Recording 2026-08-16 223317.mp4,6,2
Ponta Delgada,Pineapple,Yorinobu's Settlement,12170.7,266,CONFIRMED_FROM_VIDEO,CONFIRMED_FROM_VIDEO,Screen Recording 2026-08-16 223317.mp4,1,
Port Antonio,Ginger,Al-Jazair,8227.1,212,CONFIRMED_FROM_VIDEO,CONFIRMED_FROM_VIDEO,Screen Recording 2026-08-16 223317.mp4,5,1
Port Antonio,Ginger,Ashbourne,8363.0,214,CONFIRMED_FROM_VIDEO,CONFIRMED_FROM_VIDEO,Screen Recording 2026-08-16 223317.mp4,6,1
Port Antonio,Ginger,Belfry Heights,6500.2,184,CONFIRMED_FROM_VIDEO,CONFIRMED_FROM_VIDEO,Screen Recording 2026-08-16 223317.mp4,10,2
Port Antonio,Ginger,Bucket Bay,6359.6,182,CONFIRMED_FROM_VIDEO,CONFIRMED_FROM_VIDEO,Screen Recording 2026-08-16 223317.mp4,6,1
Port Antonio,Ginger,Caledonia,10827.2,253,CONFIRMED_FROM_VIDEO,CONFIRMED_FROM_VIDEO,Screen Recording 2026-08-16 223317.mp4,4,2
Port Antonio,Ginger,Castle Landing,10099.2,242,CONFIRMED_FROM_VIDEO,CONFIRMED_FROM_VIDEO,Screen Recording 2026-08-16 223317.mp4,3,2
Port Antonio,Ginger,Caveira,4709.6,155,CONFIRMED_FROM_VIDEO,CONFIRMED_FROM_VIDEO,Screen Recording 2026-08-16 223317.mp4,4,1
Port Antonio,Ginger,Caye Tiburon,5890.9,174,CONFIRMED_FROM_VIDEO,CONFIRMED_FROM_VIDEO,Screen Recording 2026-08-16 223317.mp4,9,1
Port Antonio,Ginger,Crownstead,8772.7,220,CONFIRMED_FROM_VIDEO,CONFIRMED_FROM_VIDEO,Screen Recording 2026-08-16 223317.mp4,8,1
Port Antonio,Ginger,Cumberland Hill,12504.4,280,CONFIRMED_FROM_VIDEO,CONFIRMED_FROM_VIDEO,Screen Recording 2026-08-16 223317.mp4,2,2
Port Antonio,Ginger,Deadman's Murcia,10663.4,251,CONFIRMED_RECORDED_RECIPROCAL_AUDIT,CONFIRMED_FROM_VIDEO,Screen Recording 2026-08-16 223317.mp4,7,1
Port Antonio,Ginger,Fair Harbour,7690.1,203,CONFIRMED_FROM_VIDEO,CONFIRMED_FROM_VIDEO,Screen Recording 2026-08-16 223317.mp4,9,1
Port Antonio,Ginger,Falmouth,1111.1,98,CONFIRMED_FROM_VIDEO,CONFIRMED_FROM_VIDEO,Screen Recording 2026-08-16 223317.mp4,8,1
Port Antonio,Ginger,Gyldenvale,10145.8,242,CONFIRMED_FROM_VIDEO,CONFIRMED_FROM_VIDEO,Screen Recording 2026-08-16 223317.mp4,4,2
Port Antonio,Ginger,Jones' Outpost,11637.5,266,CONFIRMED_FROM_VIDEO,CONFIRMED_FROM_VIDEO,Screen Recording 2026-08-16 223317.mp4,4,2
Port Antonio,Ginger,Kandlerova,9554.4,233,CONFIRMED_FROM_VIDEO,CONFIRMED_FROM_VIDEO,Screen Recording 2026-08-16 223317.mp4,6,2
Port Antonio,Ginger,La Povenglia,8491.6,216,CONFIRMED_FROM_VIDEO,CONFIRMED_FROM_VIDEO,Screen Recording 2026-08-16 223317.mp4,6,1
Port Antonio,Ginger,Lebarde,8725.2,220,CONFIRMED_FROM_VIDEO,CONFIRMED_FROM_VIDEO,Screen Recording 2026-08-16 223317.mp4,9,1
Port Antonio,Ginger,Lord Irving's Sacrifice,4492.9,152,CONFIRMED_FROM_VIDEO,CONFIRMED_FROM_VIDEO,Screen Recording 2026-08-16 223317.mp4,9,1
Port Antonio,Ginger,Louisbourg,6211.1,179,CONFIRMED_FROM_VIDEO,CONFIRMED_FROM_VIDEO,Screen Recording 2026-08-16 223317.mp4,6,1
Port Antonio,Ginger,Madalena,6599.0,186,CONFIRMED_FROM_VIDEO,CONFIRMED_FROM_VIDEO,Screen Recording 2026-08-16 223317.mp4,6,1
Port Antonio,Ginger,Mako's Outlook,5265.0,164,CONFIRMED_FROM_VIDEO,CONFIRMED_FROM_VIDEO,Screen Recording 2026-08-16 223317.mp4,4,1
Port Antonio,Ginger,Matthew's Rest,5548.9,169,CONFIRMED_FROM_VIDEO,CONFIRMED_FROM_VIDEO,Screen Recording 2026-08-16 223317.mp4,6,1
Port Antonio,Ginger,Maurepas,5804.9,173,CONFIRMED_FROM_VIDEO,CONFIRMED_FROM_VIDEO,Screen Recording 2026-08-16 223317.mp4,5,1
Port Antonio,Ginger,New Brighton,6644.7,186,CONFIRMED_FROM_VIDEO,CONFIRMED_FROM_VIDEO,Screen Recording 2026-08-16 223317.mp4,6,1
Port Antonio,Ginger,New Catalina,12372.3,278,CONFIRMED_FROM_VIDEO,CONFIRMED_FROM_VIDEO,Screen Recording 2026-08-16 223317.mp4,4,2
Port Antonio,Ginger,Pachard Town,4545.8,153,CONFIRMED_FROM_VIDEO,CONFIRMED_FROM_VIDEO,Screen Recording 2026-08-16 223317.mp4,4,1
Port Antonio,Ginger,Peter's Cove,9328.6,229,CONFIRMED_FROM_VIDEO,CONFIRMED_FROM_VIDEO,Screen Recording 2026-08-16 223317.mp4,6,1
Port Antonio,Ginger,Petit Anvers,7799.1,205,CONFIRMED_FROM_VIDEO,CONFIRMED_FROM_VIDEO,Screen Recording 2026-08-16 223317.mp4,9,1
Port Antonio,Ginger,Poblado de San Juan,4910.9,159,CONFIRMED_FROM_VIDEO,CONFIRMED_FROM_VIDEO,Screen Recording 2026-08-16 223317.mp4,3,2
Port Antonio,Ginger,Point Rocheux,3157.1,131,CONFIRMED_FROM_VIDEO,CONFIRMED_FROM_VIDEO,Screen Recording 2026-08-16 223317.mp4,8,1
Port Antonio,Ginger,Ponta Delgada,7111.6,194,CONFIRMED_FROM_VIDEO,CONFIRMED_FROM_VIDEO,Screen Recording 2026-08-16 223317.mp4,6,1
Port Antonio,Ginger,Port Louis,8205.8,211,CONFIRMED_FROM_VIDEO,CONFIRMED_FROM_VIDEO,Screen Recording 2026-08-16 223317.mp4,6,1
Port Antonio,Ginger,Port Royal,2446.5,119,CONFIRMED_FROM_VIDEO,CONFIRMED_FROM_VIDEO,Screen Recording 2026-08-16 223317.mp4,5,2
Port Antonio,Ginger,Port-Au-Croix,3844.6,142,CONFIRMED_FROM_VIDEO,CONFIRMED_FROM_VIDEO,Screen Recording 2026-08-16 223317.mp4,8,1
Port Antonio,Ginger,Princeton,8750.5,220,CONFIRMED_FROM_VIDEO,CONFIRMED_FROM_VIDEO,Screen Recording 2026-08-16 223317.mp4,4,3
Port Antonio,Ginger,Puerto de San Fernando,2672.3,123,CONFIRMED_FROM_VIDEO,CONFIRMED_FROM_VIDEO,Screen Recording 2026-08-16 223317.mp4,8,1
Port Antonio,Ginger,Saint Vincent,8513.0,216,CONFIRMED_FROM_VIDEO,CONFIRMED_FROM_VIDEO,Screen Recording 2026-08-16 223317.mp4,6,1
Port Antonio,Ginger,Saint-Nicholas,10783.6,253,CONFIRMED_FROM_VIDEO,CONFIRMED_FROM_VIDEO,Screen Recording 2026-08-16 223317.mp4,4,2
Port Antonio,Ginger,Sainte Rose,6598.7,186,CONFIRMED_FROM_VIDEO,CONFIRMED_FROM_VIDEO,Screen Recording 2026-08-16 223317.mp4,6,1
Port Antonio,Ginger,San Polo,8981.8,224,CONFIRMED_FROM_VIDEO,CONFIRMED_FROM_VIDEO,Screen Recording 2026-08-16 223317.mp4,6,1
Port Antonio,Ginger,San Salvador,5641.1,170,CONFIRMED_FROM_VIDEO,CONFIRMED_FROM_VIDEO,Screen Recording 2026-08-16 223317.mp4,6,1
Port Antonio,Ginger,San Vito,6785.5,189,CONFIRMED_FROM_VIDEO,CONFIRMED_FROM_VIDEO,Screen Recording 2026-08-16 223317.mp4,6,1
Port Antonio,Ginger,Sandy Settlement,10453.3,247,CONFIRMED_FROM_VIDEO,CONFIRMED_FROM_VIDEO,Screen Recording 2026-08-16 223317.mp4,4,2
Port Antonio,Ginger,Santa Maria,4593.0,153,CONFIRMED_FROM_VIDEO,CONFIRMED_FROM_VIDEO,Screen Recording 2026-08-16 223317.mp4,12,1
Port Antonio,Ginger,Sao Bento,5739.9,172,CONFIRMED_FROM_VIDEO,CONFIRMED_FROM_VIDEO,Screen Recording 2026-08-16 223317.mp4,6,1
Port Antonio,Ginger,Snake Prosper,10433.0,247,CONFIRMED_FROM_VIDEO,CONFIRMED_FROM_VIDEO,Screen Recording 2026-08-16 223317.mp4,9,2
Port Antonio,Ginger,Sugar Cove,13364.8,294,CONFIRMED_FROM_VIDEO,CONFIRMED_FROM_VIDEO,Screen Recording 2026-08-16 223317.mp4,4,2
Port Antonio,Ginger,Taylor's Town,10958.9,255,CONFIRMED_FROM_VIDEO,CONFIRMED_FROM_VIDEO,Screen Recording 2026-08-16 223317.mp4,3,1
Port Antonio,Ginger,Theresa,1135.5,98,CONFIRMED_FROM_VIDEO,CONFIRMED_FROM_VIDEO,Screen Recording 2026-08-16 223317.mp4,5,2
Port Antonio,Ginger,Thresher Point,6932.3,191,CONFIRMED_FROM_VIDEO,CONFIRMED_FROM_VIDEO,Screen Recording 2026-08-16 223317.mp4,8,1
Port Antonio,Ginger,Venta Nueva,2624.4,122,CONFIRMED_FROM_VIDEO,CONFIRMED_FROM_VIDEO,Screen Recording 2026-08-16 223317.mp4,8,1
Port Antonio,Ginger,Villarreal Del Mar,1700.6,107,CONFIRMED_FROM_VIDEO,CONFIRMED_FROM_VIDEO,Screen Recording 2026-08-16 223317.mp4,8,1
Port Antonio,Ginger,White Hook,11528.8,264,CONFIRMED_FROM_VIDEO,CONFIRMED_FROM_VIDEO,Screen Recording 2026-08-16 223317.mp4,4,2
Port Antonio,Ginger,Wyntergard,9428.2,231,CONFIRMED_FROM_VIDEO,CONFIRMED_FROM_VIDEO,Screen Recording 2026-08-16 223317.mp4,6,1
Port Antonio,Ginger,Yorinobu's Settlement,6507.3,184,CONFIRMED_FROM_VIDEO,CONFIRMED_FROM_VIDEO,Screen Recording 2026-08-16 223317.mp4,1,1
Port Louis,Pelts,Al-Jazair,3319.5,137,CONFIRMED_FROM_VIDEO,CONFIRMED_FROM_VIDEO,Screen Recording 2026-08-16 110000.mp4,6,1
Port Louis,Pelts,Ashbourne,1788.6,112,CONFIRMED_FROM_VIDEO,CONFIRMED_FROM_VIDEO,Screen Recording 2026-08-16 110000.mp4,2,1
Port Louis,Pelts,Belfry Heights,8375.5,221,CONFIRMED_FROM_VIDEO,CONFIRMED_FROM_VIDEO,Screen Recording 2026-08-16 110000.mp4,5,1
Port Louis,Pelts,Bucket Bay,1918.1,114,CONFIRMED_FROM_VIDEO,CONFIRMED_FROM_VIDEO,Screen Recording 2026-08-16 110000.mp4,3,1
Port Louis,Pelts,Caledonia,3429.0,139,CONFIRMED_FROM_VIDEO,CONFIRMED_FROM_VIDEO,Screen Recording 2026-08-16 110000.mp4,6,1
Port Louis,Pelts,Castle Landing,6822.6,195,CONFIRMED_FROM_VIDEO,CONFIRMED_FROM_VIDEO,Screen Recording 2026-08-16 110000.mp4,3,1
Port Louis,Pelts,Caveira,12126.6,283,CONFIRMED_FROM_VIDEO,CONFIRMED_FROM_VIDEO,Screen Recording 2026-08-16 110000.mp4,3,1
Port Louis,Pelts,Caye Tiburon,6761.8,194,CONFIRMED_FROM_VIDEO,CONFIRMED_FROM_VIDEO,Screen Recording 2026-08-16 110000.mp4,4,2
Port Louis,Pelts,Crownstead,2581.9,125,CONFIRMED_FROM_VIDEO,CONFIRMED_FROM_VIDEO,Screen Recording 2026-08-16 110000.mp4,4,2
Port Louis,Pelts,Cumberland Hill,7067.7,199,CONFIRMED_FROM_VIDEO,CONFIRMED_FROM_VIDEO,Screen Recording 2026-08-16 110000.mp4,3,1
Port Louis,Pelts,Deadman's Murcia,2879.2,130,CONFIRMED_FROM_VIDEO,CONFIRMED_FROM_VIDEO,Screen Recording 2026-08-16 110000.mp4,6,2
Port Louis,Pelts,Fair Harbour,829.5,96,CONFIRMED_FROM_VIDEO,CONFIRMED_FROM_VIDEO,Screen Recording 2026-08-16 110000.mp4,1,2
Port Louis,Pelts,Falmouth,7101.7,200,CONFIRMED_FROM_VIDEO,CONFIRMED_FROM_VIDEO,Screen Recording 2026-08-16 110000.mp4,3,1
Port Louis,Pelts,Griffard's Rock,5630.2,175,CONFIRMED_FROM_GRIFFARDS_DESTINATION_LIST,DERIVED,naval_route_trade_handoff_v1.json:griffards_rock_backfills,,
Port Louis,Pelts,Gyldenvale,3281.7,137,CONFIRMED_FROM_VIDEO,CONFIRMED_FROM_VIDEO,Screen Recording 2026-08-16 110000.mp4,6,1
Port Louis,Pelts,Jones' Outpost,6103.6,183,CONFIRMED_FROM_VIDEO,CONFIRMED_FROM_VIDEO,Screen Recording 2026-08-16 110000.mp4,5,1
Port Louis,Pelts,Kandlerova,15221.0,334,CONFIRMED_FROM_VIDEO,CONFIRMED_FROM_VIDEO,Screen Recording 2026-08-16 110000.mp4,1,1
Port Louis,Pelts,La Povenglia,12737.2,293,CONFIRMED_FROM_VIDEO,CONFIRMED_FROM_VIDEO,Screen Recording 2026-08-16 110000.mp4,2,1
Port Louis,Pelts,Lebarde,6929.7,197,CONFIRMED_FROM_VIDEO,CONFIRMED_FROM_VIDEO,Screen Recording 2026-08-16 110000.mp4,3,1
Port Louis,Pelts,Lord Irving's Sacrifice,9005.7,231,CONFIRMED_FROM_VIDEO,CONFIRMED_FROM_VIDEO,Screen Recording 2026-08-16 110000.mp4,3,1
Port Louis,Pelts,Louisbourg,5179.7,168,CONFIRMED_FROM_VIDEO,CONFIRMED_FROM_VIDEO,Screen Recording 2026-08-16 110000.mp4,4,2
Port Louis,Pelts,Madalena,13619.6,307,CONFIRMED_FROM_VIDEO,CONFIRMED_FROM_VIDEO,Screen Recording 2026-08-16 110000.mp4,2,1
Port Louis,Pelts,Mako's Outlook,9371.8,237,CONFIRMED_FROM_VIDEO,CONFIRMED_FROM_VIDEO,Screen Recording 2026-08-16 110000.mp4,5,1
Port Louis,Pelts,Matthew's Rest,2657.4,125,CONFIRMED_FROM_VIDEO,CONFIRMED_FROM_VIDEO,Screen Recording 2026-08-16 110000.mp4,4,1
Port Louis,Pelts,Maurepas,4469.0,156,CONFIRMED_FROM_VIDEO,CONFIRMED_FROM_VIDEO,Screen Recording 2026-08-16 110000.mp4,6,2
Port Louis,Pelts,New Brighton,3806.0,145,CONFIRMED_FROM_VIDEO,CONFIRMED_FROM_VIDEO,Screen Recording 2026-08-16 110000.mp4,5,1
Port Louis,Pelts,New Catalina,7303.4,203,CONFIRMED_FROM_VIDEO,CONFIRMED_FROM_VIDEO,Screen Recording 2026-08-16 110000.mp4,3,1
Port Louis,Pelts,Pachard Town,3662.8,143,CONFIRMED_FROM_VIDEO,CONFIRMED_FROM_VIDEO,Screen Recording 2026-08-16 110000.mp4,5,1
Port Louis,Pelts,Peter's Cove,10342.1,253,CONFIRMED_FROM_VIDEO,CONFIRMED_FROM_VIDEO,Screen Recording 2026-08-16 110000.mp4,4,2
Port Louis,Pelts,Petit Anvers,5493.5,173,CONFIRMED_FROM_VIDEO,CONFIRMED_FROM_VIDEO,Screen Recording 2026-08-16 110000.mp4,4,1
Port Louis,Pelts,Poblado de San Juan,13064.5,298,CONFIRMED_FROM_VIDEO,CONFIRMED_FROM_VIDEO,Screen Recording 2026-08-16 110000.mp4,2,1
Port Louis,Pelts,Point Rocheux,5534.9,174,CONFIRMED_FROM_VIDEO,CONFIRMED_FROM_VIDEO,Screen Recording 2026-08-16 110000.mp4,4,1
Port Louis,Pelts,Ponta Delgada,12465.6,288,CONFIRMED_FROM_VIDEO,CONFIRMED_FROM_VIDEO,Screen Recording 2026-08-16 110000.mp4,2,2
Port Louis,Pelts,Port Antonio,8205.8,218,CONFIRMED_FROM_VIDEO,CONFIRMED_FROM_VIDEO,Screen Recording 2026-08-16 110000.mp4,5,1
Port Louis,Pelts,Port Royal,8377.7,221,CONFIRMED_FROM_VIDEO,CONFIRMED_FROM_VIDEO,Screen Recording 2026-08-16 110000.mp4,5,1
Port Louis,Pelts,Port-Au-Croix,4515.7,157,CONFIRMED_FROM_VIDEO,CONFIRMED_FROM_VIDEO,Screen Recording 2026-08-16 110000.mp4,5,1
Port Louis,Pelts,Princeton,5298.4,170,CONFIRMED_FROM_VIDEO,CONFIRMED_FROM_VIDEO,Screen Recording 2026-08-16 110000.mp4,5,1
Port Louis,Pelts,Puerto de San Fernando,10862.2,262,CONFIRMED_FROM_VIDEO,CONFIRMED_FROM_VIDEO,Screen Recording 2026-08-16 110000.mp4,4,1
Port Louis,Pelts,Saint Vincent,2052.6,116,CONFIRMED_FROM_VIDEO,CONFIRMED_FROM_VIDEO,Screen Recording 2026-08-16 110000.mp4,4,1
Port Louis,Pelts,Saint-Nicholas,11153.2,267,CONFIRMED_FROM_VIDEO,CONFIRMED_FROM_VIDEO,Screen Recording 2026-08-16 110000.mp4,4,1
Port Louis,Pelts,Sainte Rose,6326.8,187,CONFIRMED_FROM_VIDEO,CONFIRMED_FROM_VIDEO,Screen Recording 2026-08-16 110000.mp4,5,1
Port Louis,Pelts,San Polo,14352.7,319,CONFIRMED_FROM_VIDEO,CONFIRMED_FROM_VIDEO,Screen Recording 2026-08-16 110000.mp4,1,1
Port Louis,Pelts,San Salvador,13240.8,301,CONFIRMED_FROM_VIDEO,CONFIRMED_FROM_VIDEO,Screen Recording 2026-08-16 110000.mp4,2,1
Port Louis,Pelts,San Vito,11341.9,270,CONFIRMED_FROM_VIDEO,CONFIRMED_FROM_VIDEO,Screen Recording 2026-08-16 110000.mp4,4,1
Port Louis,Pelts,Sandy Settlement,11216.7,268,CONFIRMED_FROM_VIDEO,CONFIRMED_FROM_VIDEO,Screen Recording 2026-08-16 110000.mp4,5,1
Port Louis,Pelts,Santa Maria,12700.2,292,CONFIRMED_FROM_VIDEO,CONFIRMED_FROM_VIDEO,Screen Recording 2026-08-16 110000.mp4,2,1
Port Louis,Pelts,Sao Bento,12142.9,283,CONFIRMED_FROM_VIDEO,CONFIRMED_FROM_VIDEO,Screen Recording 2026-08-16 110000.mp4,3,1
Port Louis,Pelts,Snake Prosper,3130.7,134,CONFIRMED_FROM_VIDEO,CONFIRMED_FROM_VIDEO,Screen Recording 2026-08-16 110000.mp4,7,1
Port Louis,Pelts,Sugar Cove,8166.4,217,CONFIRMED_FROM_VIDEO,CONFIRMED_FROM_VIDEO,Screen Recording 2026-08-16 110000.mp4,5,1
Port Louis,Pelts,Taylor's Town,10216.9,251,CONFIRMED_FROM_VIDEO,CONFIRMED_FROM_VIDEO,Screen Recording 2026-08-16 110000.mp4,3,2
Port Louis,Pelts,Theresa,9024.6,231,CONFIRMED_FROM_VIDEO,CONFIRMED_FROM_VIDEO,Screen Recording 2026-08-16 110000.mp4,5,1
Port Louis,Pelts,Thresher Point,7863.2,212,CONFIRMED_FROM_VIDEO,CONFIRMED_FROM_VIDEO,Screen Recording 2026-08-16 110000.mp4,5,1
Port Louis,Pelts,Venta Nueva,8898.3,229,CONFIRMED_FROM_VIDEO,CONFIRMED_FROM_VIDEO,Screen Recording 2026-08-16 110000.mp4,6,1
Port Louis,Pelts,Villarreal Del Mar,7815.0,211,CONFIRMED_FROM_VIDEO,CONFIRMED_FROM_VIDEO,Screen Recording 2026-08-16 110000.mp4,4,1
Port Louis,Pelts,White Hook,3807.4,145,CONFIRMED_FROM_VIDEO,CONFIRMED_FROM_VIDEO,Screen Recording 2026-08-16 110000.mp4,6,1
Port Louis,Pelts,Wyntergard,1989.4,115,CONFIRMED_FROM_VIDEO,CONFIRMED_FROM_VIDEO,Screen Recording 2026-08-16 110000.mp4,3,1
Port Royal,Cotton,Al-Jazair,7409.8,242,CONFIRMED_FROM_VIDEO,CONFIRMED_FROM_VIDEO,Screen Recording 2026-08-16 223317.mp4,8,1
Port Royal,Cotton,Ashbourne,9029.3,274,CONFIRMED_FROM_VIDEO,CONFIRMED_FROM_VIDEO,Screen Recording 2026-08-16 223317.mp4,5,1
Port Royal,Cotton,Belfry Heights,4225.9,180,CONFIRMED_FROM_VIDEO,CONFIRMED_FROM_VIDEO,Screen Recording 2026-08-16 223317.mp4,8,3
Port Royal,Cotton,Bucket Bay,6463.3,224,CONFIRMED_FROM_VIDEO,CONFIRMED_FROM_VIDEO,Screen Recording 2026-08-16 223317.mp4,7,1
Port Royal,Cotton,Caledonia,10338.8,299,CONFIRMED_FROM_VIDEO,CONFIRMED_FROM_VIDEO,Screen Recording 2026-08-16 223317.mp4,4,2
Port Royal,Cotton,Castle Landing,8487.0,263,CONFIRMED_FROM_VIDEO,CONFIRMED_FROM_VIDEO,Screen Recording 2026-08-16 223317.mp4,6,1
Port Royal,Cotton,Caveira,6696.6,228,CONFIRMED_FROM_VIDEO,CONFIRMED_FROM_VIDEO,Screen Recording 2026-08-16 223317.mp4,8,1
Port Royal,Cotton,Caye Tiburon,4002.5,176,CONFIRMED_FROM_VIDEO,CONFIRMED_FROM_VIDEO,Screen Recording 2026-08-16 223317.mp4,15,1
Port Royal,Cotton,Crownstead,9607.6,285,CONFIRMED_FROM_VIDEO,CONFIRMED_FROM_VIDEO,Screen Recording 2026-08-16 223317.mp4,5,1
Port Royal,Cotton,Cumberland Hill,11217.8,316,CONFIRMED_FROM_VIDEO,CONFIRMED_FROM_VIDEO,Screen Recording 2026-08-16 223317.mp4,2,2
Port Royal,Cotton,Deadman's Murcia,10361.5,300,CONFIRMED_RECORDED_RECIPROCAL_AUDIT,CONFIRMED_FROM_VIDEO,Screen Recording 2026-08-16 223317.mp4,7,1
Port Royal,Cotton,Fair Harbour,7689.6,247,CONFIRMED_FROM_VIDEO,CONFIRMED_FROM_VIDEO,Screen Recording 2026-08-16 223317.mp4,6,1
Port Royal,Cotton,Falmouth,2496.4,146,CONFIRMED_FROM_VIDEO,CONFIRMED_FROM_VIDEO,Screen Recording 2026-08-16 223317.mp4,11,1
Port Royal,Cotton,Gyldenvale,10927.8,311,CONFIRMED_FROM_VIDEO,CONFIRMED_FROM_VIDEO,Screen Recording 2026-08-16 223317.mp4,4,2
Port Royal,Cotton,Jones' Outpost,10451.7,301,CONFIRMED_FROM_VIDEO,CONFIRMED_FROM_VIDEO,Screen Recording 2026-08-16 223317.mp4,4,2
Port Royal,Cotton,Kandlerova,7598.2,246,CONFIRMED_FROM_VIDEO,CONFIRMED_FROM_VIDEO,Screen Recording 2026-08-16 223317.mp4,8,1
Port Royal,Cotton,La Povenglia,6144.8,217,CONFIRMED_FROM_VIDEO,CONFIRMED_FROM_VIDEO,Screen Recording 2026-08-16 223317.mp4,4,1
Port Royal,Cotton,Lebarde,6940.1,233,CONFIRMED_FROM_VIDEO,CONFIRMED_FROM_VIDEO,Screen Recording 2026-08-16 223317.mp4,4,1
Port Royal,Cotton,Lord Irving's Sacrifice,2046.6,137,CONFIRMED_FROM_VIDEO,CONFIRMED_FROM_VIDEO,Screen Recording 2026-08-16 223317.mp4,11,1
Port Royal,Cotton,Louisbourg,7863.8,251,CONFIRMED_FROM_VIDEO,CONFIRMED_FROM_VIDEO,Screen Recording 2026-08-16 223317.mp4,6,1
Port Royal,Cotton,Madalena,8637.1,266,CONFIRMED_FROM_VIDEO,CONFIRMED_FROM_VIDEO,Screen Recording 2026-08-16 223317.mp4,6,1
Port Royal,Cotton,Mako's Outlook,2818.6,152,CONFIRMED_FROM_VIDEO,CONFIRMED_FROM_VIDEO,Screen Recording 2026-08-16 223317.mp4,15,1
Port Royal,Cotton,Matthew's Rest,5869.8,212,CONFIRMED_FROM_VIDEO,CONFIRMED_FROM_VIDEO,Screen Recording 2026-08-16 223317.mp4,4,1
Port Royal,Cotton,Maurepas,7257.7,239,CONFIRMED_FROM_VIDEO,CONFIRMED_FROM_VIDEO,Screen Recording 2026-08-16 223317.mp4,5,1
Port Royal,Cotton,New Brighton,5750.7,210,CONFIRMED_FROM_VIDEO,CONFIRMED_FROM_VIDEO,Screen Recording 2026-08-16 223317.mp4,4,1
Port Royal,Cotton,New Catalina,10994.1,312,CONFIRMED_FROM_VIDEO,CONFIRMED_FROM_VIDEO,Screen Recording 2026-08-16 223317.mp4,3,1
Port Royal,Cotton,Pachard Town,5043.3,196,CONFIRMED_FROM_VIDEO,CONFIRMED_FROM_VIDEO,Screen Recording 2026-08-16 223317.mp4,5,2
Port Royal,Cotton,Peter's Cove,6973.9,233,CONFIRMED_FROM_VIDEO,CONFIRMED_FROM_VIDEO,Screen Recording 2026-08-16 223317.mp4,5,2
Port Royal,Cotton,Petit Anvers,9434.5,281,CONFIRMED_FROM_VIDEO,CONFIRMED_FROM_VIDEO,Screen Recording 2026-08-16 223317.mp4,5,1
Port Royal,Cotton,Poblado de San Juan,5248.8,200,CONFIRMED_FROM_VIDEO,CONFIRMED_FROM_VIDEO,Screen Recording 2026-08-16 223317.mp4,3,2
Port Royal,Cotton,Point Rocheux,4643.1,188,CONFIRMED_FROM_VIDEO,CONFIRMED_FROM_VIDEO,Screen Recording 2026-08-16 223317.mp4,5,1
Port Royal,Cotton,Ponta Delgada,9501.9,283,CONFIRMED_FROM_VIDEO,CONFIRMED_FROM_VIDEO,Screen Recording 2026-08-16 223317.mp4,5,1
Port Royal,Cotton,Port Antonio,2446.5,145,CONFIRMED_FROM_VIDEO,CONFIRMED_FROM_VIDEO,Screen Recording 2026-08-16 223317.mp4,7,2
Port Royal,Cotton,Port Louis,8377.7,261,CONFIRMED_FROM_VIDEO,CONFIRMED_FROM_VIDEO,Screen Recording 2026-08-16 223317.mp4,4,1
Port Royal,Cotton,Port-Au-Croix,4818.6,191,CONFIRMED_FROM_VIDEO,CONFIRMED_FROM_VIDEO,Screen Recording 2026-08-16 223317.mp4,3,1
Port Royal,Cotton,Princeton,7391.2,242,CONFIRMED_FROM_VIDEO,CONFIRMED_FROM_VIDEO,Screen Recording 2026-08-16 223317.mp4,5,1
Port Royal,Cotton,Puerto de San Fernando,3971.7,175,CONFIRMED_FROM_VIDEO,CONFIRMED_FROM_VIDEO,Screen Recording 2026-08-16 223317.mp4,15,1
Port Royal,Cotton,Saint Vincent,8080.3,255,CONFIRMED_FROM_VIDEO,CONFIRMED_FROM_VIDEO,Screen Recording 2026-08-16 223317.mp4,4,1
Port Royal,Cotton,Saint-Nicholas,8445.3,262,CONFIRMED_FROM_VIDEO,CONFIRMED_FROM_VIDEO,Screen Recording 2026-08-16 223317.mp4,7,2
Port Royal,Cotton,Sainte Rose,8498.5,263,CONFIRMED_FROM_VIDEO,CONFIRMED_FROM_VIDEO,Screen Recording 2026-08-16 223317.mp4,9,1
Port Royal,Cotton,San Polo,6908.5,232,CONFIRMED_FROM_VIDEO,CONFIRMED_FROM_VIDEO,Screen Recording 2026-08-16 223317.mp4,6,1
Port Royal,Cotton,San Salvador,4892.4,193,CONFIRMED_FROM_VIDEO,CONFIRMED_FROM_VIDEO,Screen Recording 2026-08-16 223317.mp4,6,1
Port Royal,Cotton,San Vito,4426.7,184,CONFIRMED_FROM_VIDEO,CONFIRMED_FROM_VIDEO,Screen Recording 2026-08-16 223317.mp4,5,1
Port Royal,Cotton,Sandy Settlement,8085.1,255,CONFIRMED_FROM_VIDEO,CONFIRMED_FROM_VIDEO,Screen Recording 2026-08-16 223317.mp4,4,1
Port Royal,Cotton,Santa Maria,4799.7,191,CONFIRMED_FROM_VIDEO,CONFIRMED_FROM_VIDEO,Screen Recording 2026-08-16 223317.mp4,3,1
Port Royal,Cotton,Sao Bento,8016.6,254,CONFIRMED_FROM_VIDEO,CONFIRMED_FROM_VIDEO,Screen Recording 2026-08-16 223317.mp4,4,1
Port Royal,Cotton,Snake Prosper,9947.2,291,CONFIRMED_FROM_VIDEO,CONFIRMED_FROM_VIDEO,Screen Recording 2026-08-16 223317.mp4,12,1
Port Royal,Cotton,Sugar Cove,11952.6,331,CONFIRMED_FROM_VIDEO,CONFIRMED_FROM_VIDEO,Screen Recording 2026-08-16 223317.mp4,4,2
Port Royal,Cotton,Taylor's Town,8759.7,268,CONFIRMED_FROM_VIDEO,CONFIRMED_FROM_VIDEO,Screen Recording 2026-08-16 223317.mp4,5,1
Port Royal,Cotton,Theresa,1884.8,134,CONFIRMED_FROM_VIDEO,CONFIRMED_FROM_VIDEO,Screen Recording 2026-08-16 223317.mp4,11,1
Port Royal,Cotton,Thresher Point,4791.8,191,CONFIRMED_FROM_VIDEO,CONFIRMED_FROM_VIDEO,Screen Recording 2026-08-16 223317.mp4,3,1
Port Royal,Cotton,Venta Nueva,5070.0,196,CONFIRMED_FROM_VIDEO,CONFIRMED_FROM_VIDEO,Screen Recording 2026-08-16 223317.mp4,5,2
Port Royal,Cotton,Villarreal Del Mar,4062.2,177,CONFIRMED_FROM_VIDEO,CONFIRMED_FROM_VIDEO,Screen Recording 2026-08-16 223317.mp4,17,3
Port Royal,Cotton,White Hook,11130.1,315,CONFIRMED_FROM_VIDEO,CONFIRMED_FROM_VIDEO,Screen Recording 2026-08-16 223317.mp4,4,2
Port Royal,Cotton,Wyntergard,9975.3,292,CONFIRMED_FROM_VIDEO,CONFIRMED_FROM_VIDEO,Screen Recording 2026-08-16 223317.mp4,7,1
Port Royal,Cotton,Yorinobu's Settlement,6018.1,215,CONFIRMED_FROM_VIDEO,CONFIRMED_FROM_VIDEO,Screen Recording 2026-08-16 223317.mp4,1,1
Port-Au-Croix,Baguettes,Al-Jazair,5551.7,148,CONFIRMED_FROM_VIDEO,CONFIRMED_FROM_VIDEO,Screen Recording 2026-08-16 111849.mp4,2,1
Port-Au-Croix,Baguettes,Ashbourne,4518.6,133,CONFIRMED_FROM_VIDEO,CONFIRMED_FROM_VIDEO,Screen Recording 2026-08-16 111849.mp4,3,1
Port-Au-Croix,Baguettes,Belfry Heights,6970.5,168,CONFIRMED_FROM_VIDEO,CONFIRMED_FROM_VIDEO,Screen Recording 2026-08-16 111849.mp4,3,1
Port-Au-Croix,Baguettes,Bucket Bay,2871.0,110,CONFIRMED_FROM_VIDEO,CONFIRMED_FROM_VIDEO,Screen Recording 2026-08-16 111849.mp4,3,1
Port-Au-Croix,Baguettes,Caledonia,7538.4,176,CONFIRMED_FROM_VIDEO,CONFIRMED_FROM_VIDEO,Screen Recording 2026-08-16 111849.mp4,4,1
Port-Au-Croix,Baguettes,Castle Landing,8445.0,188,CONFIRMED_FROM_VIDEO,CONFIRMED_FROM_VIDEO,Screen Recording 2026-08-16 111849.mp4,4,1
Port-Au-Croix,Baguettes,Caveira,7636.7,177,CONFIRMED_FROM_VIDEO,CONFIRMED_FROM_VIDEO,Screen Recording 2026-08-16 111849.mp4,3,1
Port-Au-Croix,Baguettes,Caye Tiburon,5595.3,148,CONFIRMED_FROM_VIDEO,CONFIRMED_FROM_VIDEO,Screen Recording 2026-08-16 111849.mp4,3,1
Port-Au-Croix,Baguettes,Crownstead,4955.2,139,CONFIRMED_FROM_VIDEO,CONFIRMED_FROM_VIDEO,Screen Recording 2026-08-16 111849.mp4,4,1
Port-Au-Croix,Baguettes,Cumberland Hill,10105.4,211,CONFIRMED_FROM_VIDEO,CONFIRMED_FROM_VIDEO,Screen Recording 2026-08-16 111849.mp4,4,1
Port-Au-Croix,Baguettes,Deadman's Murcia,7213.1,171,CONFIRMED_FROM_VIDEO,CONFIRMED_FROM_VIDEO,Screen Recording 2026-08-16 111849.mp4,4,1
Port-Au-Croix,Baguettes,Fair Harbour,4155.6,128,CONFIRMED_FROM_VIDEO,CONFIRMED_FROM_VIDEO,Screen Recording 2026-08-16 111849.mp4,2,1
Port-Au-Croix,Baguettes,Falmouth,2808.6,109,CONFIRMED_FROM_VIDEO,CONFIRMED_FROM_VIDEO,Screen Recording 2026-08-16 111849.mp4,3,1
Port-Au-Croix,Baguettes,Griffard's Rock,3301.6,116,CONFIRMED_FROM_GRIFFARDS_DESTINATION_LIST,DERIVED,naval_route_trade_handoff_v1.json:griffards_rock_backfills,,
Port-Au-Croix,Baguettes,Gyldenvale,6322.1,159,CONFIRMED_FROM_VIDEO,CONFIRMED_FROM_VIDEO,Screen Recording 2026-08-16 111849.mp4,3,1
Port-Au-Croix,Baguettes,Jones' Outpost,9143.9,198,CONFIRMED_FROM_VIDEO,CONFIRMED_FROM_VIDEO,Screen Recording 2026-08-16 111849.mp4,4,1
Port-Au-Croix,Baguettes,Kandlerova,12370.6,243,CONFIRMED_FROM_VIDEO,CONFIRMED_FROM_VIDEO,Screen Recording 2026-08-16 111849.mp4,1,1
Port-Au-Croix,Baguettes,La Povenglia,10521.1,217,CONFIRMED_FROM_VIDEO,CONFIRMED_FROM_VIDEO,Screen Recording 2026-08-16 111849.mp4,4,1
Port-Au-Croix,Baguettes,Lebarde,7585.3,176,CONFIRMED_FROM_VIDEO,CONFIRMED_FROM_VIDEO,Screen Recording 2026-08-16 111849.mp4,3,1
Port-Au-Croix,Baguettes,Lord Irving's Sacrifice,6257.9,158,CONFIRMED_FROM_VIDEO,CONFIRMED_FROM_VIDEO,Screen Recording 2026-08-16 111849.mp4,2,1
Port-Au-Croix,Baguettes,Louisbourg,3296.0,116,CONFIRMED_FROM_VIDEO,CONFIRMED_FROM_VIDEO,Screen Recording 2026-08-16 111849.mp4,3,1
Port-Au-Croix,Baguettes,Madalena,9213.9,199,CONFIRMED_FROM_VIDEO,CONFIRMED_FROM_VIDEO,Screen Recording 2026-08-16 111849.mp4,3,1
Port-Au-Croix,Baguettes,Mako's Outlook,6896.0,167,CONFIRMED_FROM_VIDEO,CONFIRMED_FROM_VIDEO,Screen Recording 2026-08-16 111849.mp4,3,1
Port-Au-Croix,Baguettes,Matthew's Rest,1974.6,98,CONFIRMED_FROM_VIDEO,CONFIRMED_FROM_VIDEO,Screen Recording 2026-08-16 111849.mp4,2,1
Port-Au-Croix,Baguettes,Maurepas,2542.1,106,CONFIRMED_FROM_VIDEO,CONFIRMED_FROM_VIDEO,Screen Recording 2026-08-16 111849.mp4,3,1
Port-Au-Croix,Baguettes,New Brighton,4394.9,132,CONFIRMED_FROM_VIDEO,CONFIRMED_FROM_VIDEO,Screen Recording 2026-08-16 111849.mp4,3,1
Port-Au-Croix,Baguettes,New Catalina,10123.9,212,CONFIRMED_FROM_VIDEO,CONFIRMED_FROM_VIDEO,Screen Recording 2026-08-16 111849.mp4,4,1
Port-Au-Croix,Baguettes,Pachard Town,1044.3,85,CONFIRMED_FROM_VIDEO,CONFIRMED_FROM_VIDEO,Screen Recording 2026-08-16 111849.mp4,2,1
Port-Au-Croix,Baguettes,Peter's Cove,9706.8,206,CONFIRMED_FROM_VIDEO,CONFIRMED_FROM_VIDEO,Screen Recording 2026-08-16 111849.mp4,5,1
Port-Au-Croix,Baguettes,Petit Anvers,4764.0,137,CONFIRMED_FROM_VIDEO,CONFIRMED_FROM_VIDEO,Screen Recording 2026-08-16 111849.mp4,4,1
Port-Au-Croix,Baguettes,Poblado de San Juan,8754.9,193,CONFIRMED_FROM_VIDEO,CONFIRMED_FROM_VIDEO,Screen Recording 2026-08-16 111849.mp4,3,1
Port-Au-Croix,Baguettes,Point Rocheux,1082.4,85,CONFIRMED_FROM_VIDEO,CONFIRMED_FROM_VIDEO,Screen Recording 2026-08-16 111849.mp4,2,1
Port-Au-Croix,Baguettes,Ponta Delgada,8473.3,189,CONFIRMED_FROM_VIDEO,CONFIRMED_FROM_VIDEO,Screen Recording 2026-08-16 111849.mp4,4,1
Port-Au-Croix,Baguettes,Port Antonio,3844.6,124,CONFIRMED_FROM_VIDEO,CONFIRMED_FROM_VIDEO,Screen Recording 2026-08-16 111849.mp4,4,1
Port-Au-Croix,Baguettes,Port Louis,4515.7,133,CONFIRMED_FROM_VIDEO,CONFIRMED_FROM_VIDEO,Screen Recording 2026-08-16 111849.mp4,3,1
Port-Au-Croix,Baguettes,Port Royal,4818.6,137,CONFIRMED_FROM_VIDEO,CONFIRMED_FROM_VIDEO,Screen Recording 2026-08-16 111849.mp4,3,1
Port-Au-Croix,Baguettes,Princeton,6819.8,165,CONFIRMED_FROM_VIDEO,CONFIRMED_FROM_VIDEO,Screen Recording 2026-08-16 111849.mp4,2,1
Port-Au-Croix,Baguettes,Puerto de San Fernando,6428.8,160,CONFIRMED_FROM_VIDEO,CONFIRMED_FROM_VIDEO,Screen Recording 2026-08-16 111849.mp4,2,1
Port-Au-Croix,Baguettes,Saint Vincent,5327.0,145,CONFIRMED_FROM_VIDEO,CONFIRMED_FROM_VIDEO,Screen Recording 2026-08-16 111849.mp4,4,1
Port-Au-Croix,Baguettes,Sainte Rose,4230.0,129,CONFIRMED_FROM_VIDEO,CONFIRMED_FROM_VIDEO,Screen Recording 2026-08-16 111849.mp4,3,1
Port-Au-Croix,Baguettes,San Polo,11627.6,233,CONFIRMED_FROM_VIDEO,CONFIRMED_FROM_VIDEO,Screen Recording 2026-08-16 111849.mp4,2,1
Port-Au-Croix,Baguettes,San Salvador,9307.2,200,CONFIRMED_FROM_VIDEO,CONFIRMED_FROM_VIDEO,Screen Recording 2026-08-16 111849.mp4,3,1
Port-Au-Croix,Baguettes,San Vito,8862.1,194,CONFIRMED_FROM_VIDEO,CONFIRMED_FROM_VIDEO,Screen Recording 2026-08-16 111849.mp4,4,1
Port-Au-Croix,Baguettes,Sandy Settlement,10802.5,221,CONFIRMED_FROM_VIDEO,CONFIRMED_FROM_VIDEO,Screen Recording 2026-08-16 111849.mp4,1,1
Port-Au-Croix,Baguettes,Santa Maria,8434.9,188,CONFIRMED_FROM_VIDEO,CONFIRMED_FROM_VIDEO,Screen Recording 2026-08-16 111849.mp4,4,2
Port-Au-Croix,Baguettes,Sao Bento,7837.3,180,CONFIRMED_FROM_VIDEO,CONFIRMED_FROM_VIDEO,Screen Recording 2026-08-16 111849.mp4,5,2
Port-Au-Croix,Baguettes,Snake Prosper,7162.3,170,CONFIRMED_FROM_VIDEO,CONFIRMED_FROM_VIDEO,Screen Recording 2026-08-16 111849.mp4,3,1
Port-Au-Croix,Baguettes,Sugar Cove,11113.8,226,CONFIRMED_FROM_VIDEO,CONFIRMED_FROM_VIDEO,Screen Recording 2026-08-16 111849.mp4,2,1
Port-Au-Croix,Baguettes,Taylor's Town,10597.8,218,CONFIRMED_FROM_VIDEO,CONFIRMED_FROM_VIDEO,Screen Recording 2026-08-16 111849.mp4,3,1
Port-Au-Croix,Baguettes,Theresa,4822.8,138,CONFIRMED_FROM_VIDEO,CONFIRMED_FROM_VIDEO,Screen Recording 2026-08-16 111849.mp4,3,1
Port-Au-Croix,Baguettes,Thresher Point,6931.1,167,CONFIRMED_FROM_VIDEO,CONFIRMED_FROM_VIDEO,Screen Recording 2026-08-16 111849.mp4,1,1
Port-Au-Croix,Baguettes,Venta Nueva,4447.8,132,CONFIRMED_FROM_VIDEO,CONFIRMED_FROM_VIDEO,Screen Recording 2026-08-16 111849.mp4,3,2
Port-Au-Croix,Baguettes,Villarreal Del Mar,3303.9,116,CONFIRMED_FROM_VIDEO,CONFIRMED_FROM_VIDEO,Screen Recording 2026-08-16 111849.mp4,1,1
Port-Au-Croix,Baguettes,White Hook,8127.3,184,CONFIRMED_FROM_VIDEO,CONFIRMED_FROM_VIDEO,Screen Recording 2026-08-16 111849.mp4,5,1
Port-Au-Croix,Baguettes,Wyntergard,5586.6,148,CONFIRMED_FROM_VIDEO,CONFIRMED_FROM_VIDEO,Screen Recording 2026-08-16 111849.mp4,2,1
Princeton,Herbs,Al-Jazair,1980.9,103,CONFIRMED_FROM_VIDEO,CONFIRMED_FROM_VIDEO,Screen Recording 2026-08-16 223317.mp4,5,1
Princeton,Herbs,Ashbourne,7049.0,178,CONFIRMED_FROM_VIDEO,CONFIRMED_FROM_VIDEO,Screen Recording 2026-08-16 223317.mp4,6,1
Princeton,Herbs,Belfry Heights,4735.0,144,CONFIRMED_FROM_VIDEO,CONFIRMED_FROM_VIDEO,Screen Recording 2026-08-16 223317.mp4,7,1
Princeton,Herbs,Bucket Bay,4768.7,144,CONFIRMED_FROM_VIDEO,CONFIRMED_FROM_VIDEO,Screen Recording 2026-08-16 223317.mp4,7,1
Princeton,Herbs,Caledonia,4367.8,138,CONFIRMED_FROM_VIDEO,CONFIRMED_FROM_VIDEO,Screen Recording 2026-08-16 223317.mp4,9,1
Princeton,Herbs,Castle Landing,1666.2,98,CONFIRMED_FROM_VIDEO,CONFIRMED_FROM_VIDEO,Screen Recording 2026-08-16 223317.mp4,3,2
Princeton,Herbs,Caveira,13445.2,272,CONFIRMED_FROM_VIDEO,CONFIRMED_FROM_VIDEO,Screen Recording 2026-08-16 223317.mp4,6,2
Princeton,Herbs,Caye Tiburon,3646.8,128,CONFIRMED_FROM_VIDEO,CONFIRMED_FROM_VIDEO,Screen Recording 2026-08-16 223317.mp4,9,1
Princeton,Herbs,Crownstead,7861.2,190,CONFIRMED_FROM_VIDEO,CONFIRMED_FROM_VIDEO,Screen Recording 2026-08-16 223317.mp4,6,1
Princeton,Herbs,Cumberland Hill,3827.1,130,CONFIRMED_FROM_VIDEO,CONFIRMED_FROM_VIDEO,Screen Recording 2026-08-16 223317.mp4,6,2
Princeton,Herbs,Deadman's Murcia,4904.8,146,CONFIRMED_FROM_VIDEO,CONFIRMED_FROM_VIDEO,Screen Recording 2026-08-16 223317.mp4,6,1
Princeton,Herbs,Fair Harbour,4584.4,141,CONFIRMED_FROM_VIDEO,CONFIRMED_FROM_VIDEO,Screen Recording 2026-08-16 223317.mp4,9,1
Princeton,Herbs,Falmouth,7810.7,189,CONFIRMED_FROM_VIDEO,CONFIRMED_FROM_VIDEO,Screen Recording 2026-08-16 223317.mp4,6,1
Princeton,Herbs,Gyldenvale,8511.3,199,CONFIRMED_FROM_VIDEO,CONFIRMED_FROM_VIDEO,Screen Recording 2026-08-16 223317.mp4,5,1
Princeton,Herbs,Jones' Outpost,3092.9,119,CONFIRMED_FROM_VIDEO,CONFIRMED_FROM_VIDEO,Screen Recording 2026-08-16 223317.mp4,8,1
Princeton,Herbs,Kandlerova,11968.3,250,CONFIRMED_FROM_VIDEO,CONFIRMED_FROM_VIDEO,Screen Recording 2026-08-16 223317.mp4,6,2
Princeton,Herbs,La Povenglia,9034.4,207,CONFIRMED_FROM_VIDEO,CONFIRMED_FROM_VIDEO,Screen Recording 2026-08-16 223317.mp4,4,1
Princeton,Herbs,Lebarde,1821.4,101,CONFIRMED_FROM_VIDEO,CONFIRMED_FROM_VIDEO,Screen Recording 2026-08-16 223317.mp4,5,1
Princeton,Herbs,Lord Irving's Sacrifice,6703.2,173,CONFIRMED_FROM_VIDEO,CONFIRMED_FROM_VIDEO,Screen Recording 2026-08-16 223317.mp4,6,1
Princeton,Herbs,Louisbourg,9363.2,212,CONFIRMED_FROM_VIDEO,CONFIRMED_FROM_VIDEO,Screen Recording 2026-08-16 223317.mp4,4,1
Princeton,Herbs,Madalena,15289.7,299,CONFIRMED_FROM_VIDEO,CONFIRMED_FROM_VIDEO,Screen Recording 2026-08-16 223317.mp4,4,2
Princeton,Herbs,Mako's Outlook,6618.2,171,CONFIRMED_FROM_VIDEO,CONFIRMED_FROM_VIDEO,Screen Recording 2026-08-16 223317.mp4,5,1
Princeton,Herbs,Matthew's Rest,5348.6,153,CONFIRMED_FROM_VIDEO,CONFIRMED_FROM_VIDEO,Screen Recording 2026-08-16 223317.mp4,6,1
Princeton,Herbs,Maurepas,8491.0,199,CONFIRMED_FROM_VIDEO,CONFIRMED_FROM_VIDEO,Screen Recording 2026-08-16 223317.mp4,5,1
Princeton,Herbs,New Brighton,2425.1,110,CONFIRMED_FROM_VIDEO,CONFIRMED_FROM_VIDEO,Screen Recording 2026-08-16 223317.mp4,5,1
Princeton,Herbs,New Catalina,3633.5,127,CONFIRMED_FROM_VIDEO,CONFIRMED_FROM_VIDEO,Screen Recording 2026-08-16 223317.mp4,8,1
Princeton,Herbs,Pachard Town,5847.2,160,CONFIRMED_FROM_VIDEO,CONFIRMED_FROM_VIDEO,Screen Recording 2026-08-16 223317.mp4,6,1
Princeton,Herbs,Peter's Cove,5573.2,156,CONFIRMED_FROM_VIDEO,CONFIRMED_FROM_VIDEO,Screen Recording 2026-08-16 223317.mp4,6,1
Princeton,Herbs,Petit Anvers,10248.5,225,CONFIRMED_FROM_VIDEO,CONFIRMED_FROM_VIDEO,Screen Recording 2026-08-16 223317.mp4,4,2
Princeton,Herbs,Poblado de San Juan,12629.8,260,CONFIRMED_FROM_VIDEO,CONFIRMED_FROM_VIDEO,Screen Recording 2026-08-16 223317.mp4,6,2
Princeton,Herbs,Point Rocheux,7783.9,189,CONFIRMED_FROM_VIDEO,CONFIRMED_FROM_VIDEO,Screen Recording 2026-08-16 223317.mp4,4,1
Princeton,Herbs,Ponta Delgada,15134.7,297,CONFIRMED_FROM_VIDEO,CONFIRMED_FROM_VIDEO,Screen Recording 2026-08-16 223317.mp4,4,2
Princeton,Herbs,Port Antonio,8750.5,203,CONFIRMED_FROM_VIDEO,CONFIRMED_FROM_VIDEO,Screen Recording 2026-08-16 223317.mp4,5,1
Princeton,Herbs,Port Louis,5298.4,152,CONFIRMED_FROM_VIDEO,CONFIRMED_FROM_VIDEO,Screen Recording 2026-08-16 223317.mp4,6,1
Princeton,Herbs,Port Royal,7391.2,183,CONFIRMED_FROM_VIDEO,CONFIRMED_FROM_VIDEO,Screen Recording 2026-08-16 223317.mp4,1,1
Princeton,Herbs,Port-Au-Croix,6819.8,174,CONFIRMED_FROM_VIDEO,CONFIRMED_FROM_VIDEO,Screen Recording 2026-08-16 223317.mp4,6,1
Princeton,Herbs,Puerto de San Fernando,11162.7,238,CONFIRMED_FROM_VIDEO,CONFIRMED_FROM_VIDEO,Screen Recording 2026-08-16 223317.mp4,6,2
Princeton,Herbs,Saint Vincent,3344.9,123,CONFIRMED_FROM_VIDEO,CONFIRMED_FROM_VIDEO,Screen Recording 2026-08-16 223317.mp4,8,1
Princeton,Herbs,Saint-Nicholas,6065.4,163,CONFIRMED_FROM_VIDEO,CONFIRMED_FROM_VIDEO,Screen Recording 2026-08-16 223317.mp4,4,2
Princeton,Herbs,Sainte Rose,10526.2,229,CONFIRMED_FROM_VIDEO,CONFIRMED_FROM_VIDEO,Screen Recording 2026-08-16 223317.mp4,4,2
Princeton,Herbs,San Polo,11031.8,236,CONFIRMED_FROM_VIDEO,CONFIRMED_FROM_VIDEO,Screen Recording 2026-08-16 223317.mp4,8,2
Princeton,Herbs,San Salvador,11862.7,249,CONFIRMED_FROM_VIDEO,CONFIRMED_FROM_VIDEO,Screen Recording 2026-08-16 223317.mp4,6,2
Princeton,Herbs,San Vito,8136.7,194,CONFIRMED_FROM_VIDEO,CONFIRMED_FROM_VIDEO,Screen Recording 2026-08-16 223317.mp4,6,1
Princeton,Herbs,Sandy Settlement,6234.0,166,CONFIRMED_FROM_VIDEO,CONFIRMED_FROM_VIDEO,Screen Recording 2026-08-16 223317.mp4,5,2
Princeton,Herbs,Santa Maria,12172.4,253,CONFIRMED_FROM_VIDEO,CONFIRMED_FROM_VIDEO,Screen Recording 2026-08-16 223317.mp4,6,2
Princeton,Herbs,Sao Bento,14194.7,283,CONFIRMED_FROM_VIDEO,CONFIRMED_FROM_VIDEO,Screen Recording 2026-08-16 223317.mp4,4,2
Princeton,Herbs,Snake Prosper,4102.0,134,CONFIRMED_FROM_VIDEO,CONFIRMED_FROM_VIDEO,Screen Recording 2026-08-16 223317.mp4,4,1
Princeton,Herbs,Sugar Cove,4618.5,142,CONFIRMED_FROM_VIDEO,CONFIRMED_FROM_VIDEO,Screen Recording 2026-08-16 223317.mp4,6,1
Princeton,Herbs,Taylor's Town,4967.5,147,CONFIRMED_FROM_VIDEO,CONFIRMED_FROM_VIDEO,Screen Recording 2026-08-16 223317.mp4,6,1
Princeton,Herbs,Theresa,8964.4,206,CONFIRMED_FROM_VIDEO,CONFIRMED_FROM_VIDEO,Screen Recording 2026-08-16 223317.mp4,4,1
Princeton,Herbs,Thresher Point,3910.0,131,CONFIRMED_FROM_VIDEO,CONFIRMED_FROM_VIDEO,Screen Recording 2026-08-16 223317.mp4,4,1
Princeton,Herbs,Venta Nueva,10709.4,232,CONFIRMED_FROM_VIDEO,CONFIRMED_FROM_VIDEO,Screen Recording 2026-08-16 223317.mp4,4,2
Princeton,Herbs,Villarreal Del Mar,9392.0,212,CONFIRMED_FROM_VIDEO,CONFIRMED_FROM_VIDEO,Screen Recording 2026-08-16 223317.mp4,4,1
Princeton,Herbs,White Hook,5199.0,150,CONFIRMED_FROM_VIDEO,CONFIRMED_FROM_VIDEO,Screen Recording 2026-08-16 223317.mp4,6,1
Princeton,Herbs,Wyntergard,7199.2,180,CONFIRMED_FROM_VIDEO,CONFIRMED_FROM_VIDEO,Screen Recording 2026-08-16 223317.mp4,6,1
Princeton,Herbs,Yorinobu's Settlement,3290.0,122,CONFIRMED_FROM_VIDEO,CONFIRMED_FROM_VIDEO,Screen Recording 2026-08-16 223317.mp4,5,1
Puerto de San Fernando,Gazpacho,Al-Jazair,10820.0,233,CONFIRMED_FROM_VIDEO,CONFIRMED_FROM_VIDEO,Screen Recording 2026-08-16 223317.mp4,4,1
Puerto de San Fernando,Gazpacho,Ashbourne,10917.9,235,CONFIRMED_FROM_VIDEO,CONFIRMED_FROM_VIDEO,Screen Recording 2026-08-16 223317.mp4,3,1
Puerto de San Fernando,Gazpacho,Belfry Heights,8135.5,194,CONFIRMED_FROM_VIDEO,CONFIRMED_FROM_VIDEO,Screen Recording 2026-08-16 223317.mp4,9,1
Puerto de San Fernando,Gazpacho,Bucket Bay,9029.2,207,CONFIRMED_FROM_VIDEO,CONFIRMED_FROM_VIDEO,Screen Recording 2026-08-16 223317.mp4,6,2
Puerto de San Fernando,Gazpacho,Caledonia,13486.7,273,CONFIRMED_FROM_VIDEO,CONFIRMED_FROM_VIDEO,Screen Recording 2026-08-16 223317.mp4,6,2
Puerto de San Fernando,Gazpacho,Castle Landing,12383.6,256,CONFIRMED_FROM_VIDEO,CONFIRMED_FROM_VIDEO,Screen Recording 2026-08-16 223317.mp4,2,4
Puerto de San Fernando,Gazpacho,Caveira,2936.4,117,CONFIRMED_FROM_VIDEO,CONFIRMED_FROM_VIDEO,Screen Recording 2026-08-16 223317.mp4,8,1
Puerto de San Fernando,Gazpacho,Caye Tiburon,7953.0,191,CONFIRMED_FROM_VIDEO,CONFIRMED_FROM_VIDEO,Screen Recording 2026-08-16 223317.mp4,8,1
Puerto de San Fernando,Gazpacho,Crownstead,11262.3,240,CONFIRMED_FROM_VIDEO,CONFIRMED_FROM_VIDEO,Screen Recording 2026-08-16 223317.mp4,4,2
Puerto de San Fernando,Gazpacho,Cumberland Hill,14969.9,295,CONFIRMED_FROM_VIDEO,CONFIRMED_FROM_VIDEO,Screen Recording 2026-08-16 223317.mp4,2,2
Puerto de San Fernando,Gazpacho,Deadman's Murcia,13334.5,270,CONFIRMED_RECORDED_RECIPROCAL_AUDIT,CONFIRMED_FROM_VIDEO,Screen Recording 2026-08-16 223317.mp4,8,1
Puerto de San Fernando,Gazpacho,Fair Harbour,10360.5,227,CONFIRMED_FROM_VIDEO,CONFIRMED_FROM_VIDEO,Screen Recording 2026-08-16 223317.mp4,4,2
Puerto de San Fernando,Gazpacho,Falmouth,3783.3,130,CONFIRMED_FROM_VIDEO,CONFIRMED_FROM_VIDEO,Screen Recording 2026-08-16 223317.mp4,12,1
Puerto de San Fernando,Gazpacho,Gyldenvale,12635.6,260,CONFIRMED_FROM_VIDEO,CONFIRMED_FROM_VIDEO,Screen Recording 2026-08-16 223317.mp4,6,2
Puerto de San Fernando,Gazpacho,Jones' Outpost,14140.1,282,CONFIRMED_FROM_VIDEO,CONFIRMED_FROM_VIDEO,Screen Recording 2026-08-16 223317.mp4,6,2
Puerto de San Fernando,Gazpacho,Kandlerova,8971.7,206,CONFIRMED_FROM_VIDEO,CONFIRMED_FROM_VIDEO,Screen Recording 2026-08-16 223317.mp4,7,1
Puerto de San Fernando,Gazpacho,La Povenglia,8803.5,204,CONFIRMED_FROM_VIDEO,CONFIRMED_FROM_VIDEO,Screen Recording 2026-08-16 223317.mp4,10,3
Puerto de San Fernando,Gazpacho,Lebarde,10884.4,234,CONFIRMED_FROM_VIDEO,CONFIRMED_FROM_VIDEO,Screen Recording 2026-08-16 223317.mp4,4,2
Puerto de San Fernando,Gazpacho,Lord Irving's Sacrifice,5692.4,158,CONFIRMED_FROM_VIDEO,CONFIRMED_FROM_VIDEO,Screen Recording 2026-08-16 223317.mp4,6,2
Puerto de San Fernando,Gazpacho,Louisbourg,8285.1,196,CONFIRMED_FROM_VIDEO,CONFIRMED_FROM_VIDEO,Screen Recording 2026-08-16 223317.mp4,5,2
Puerto de San Fernando,Gazpacho,Madalena,4834.7,145,CONFIRMED_FROM_VIDEO,CONFIRMED_FROM_VIDEO,Screen Recording 2026-08-16 223317.mp4,6,2
Puerto de San Fernando,Gazpacho,Mako's Outlook,6380.8,168,CONFIRMED_FROM_VIDEO,CONFIRMED_FROM_VIDEO,Screen Recording 2026-08-16 223317.mp4,7,1
Puerto de San Fernando,Gazpacho,Matthew's Rest,8208.6,195,CONFIRMED_FROM_VIDEO,CONFIRMED_FROM_VIDEO,Screen Recording 2026-08-16 223317.mp4,7,1
Puerto de San Fernando,Gazpacho,Maurepas,8061.2,193,CONFIRMED_FROM_VIDEO,CONFIRMED_FROM_VIDEO,Screen Recording 2026-08-16 223317.mp4,9,1
Puerto de San Fernando,Gazpacho,New Brighton,9201.6,209,CONFIRMED_FROM_VIDEO,CONFIRMED_FROM_VIDEO,Screen Recording 2026-08-16 223317.mp4,6,1
Puerto de San Fernando,Gazpacho,New Catalina,14795.6,292,CONFIRMED_FROM_VIDEO,CONFIRMED_FROM_VIDEO,Screen Recording 2026-08-16 223317.mp4,6,2
Puerto de San Fernando,Gazpacho,Pachard Town,7199.4,180,CONFIRMED_FROM_VIDEO,CONFIRMED_FROM_VIDEO,Screen Recording 2026-08-16 223317.mp4,8,2
Puerto de San Fernando,Gazpacho,Peter's Cove,10743.6,232,CONFIRMED_FROM_VIDEO,CONFIRMED_FROM_VIDEO,Screen Recording 2026-08-16 223317.mp4,4,2
Puerto de San Fernando,Gazpacho,Petit Anvers,9811.2,218,CONFIRMED_FROM_VIDEO,CONFIRMED_FROM_VIDEO,Screen Recording 2026-08-16 223317.mp4,6,1
Puerto de San Fernando,Gazpacho,Poblado de San Juan,2503.1,111,CONFIRMED_FROM_VIDEO,CONFIRMED_FROM_VIDEO,Screen Recording 2026-08-16 223317.mp4,5,2
Puerto de San Fernando,Gazpacho,Point Rocheux,5591.7,156,CONFIRMED_FROM_VIDEO,CONFIRMED_FROM_VIDEO,Screen Recording 2026-08-16 223317.mp4,6,1
Puerto de San Fernando,Gazpacho,Ponta Delgada,6410.2,168,CONFIRMED_FROM_VIDEO,CONFIRMED_FROM_VIDEO,Screen Recording 2026-08-16 223317.mp4,7,2
Puerto de San Fernando,Gazpacho,Port Antonio,2672.3,113,CONFIRMED_FROM_VIDEO,CONFIRMED_FROM_VIDEO,Screen Recording 2026-08-16 223317.mp4,7,1
Puerto de San Fernando,Gazpacho,Port Louis,10862.2,234,CONFIRMED_FROM_VIDEO,CONFIRMED_FROM_VIDEO,Screen Recording 2026-08-16 223317.mp4,4,2
Puerto de San Fernando,Gazpacho,Port Royal,3971.7,132,CONFIRMED_FROM_VIDEO,CONFIRMED_FROM_VIDEO,Screen Recording 2026-08-16 223317.mp4,13,1
Puerto de San Fernando,Gazpacho,Port-Au-Croix,6428.8,169,CONFIRMED_FROM_VIDEO,CONFIRMED_FROM_VIDEO,Screen Recording 2026-08-16 223317.mp4,7,1
Puerto de San Fernando,Gazpacho,Princeton,11162.7,238,CONFIRMED_FROM_VIDEO,CONFIRMED_FROM_VIDEO,Screen Recording 2026-08-16 223317.mp4,4,2
Puerto de San Fernando,Gazpacho,Saint Vincent,11171.2,239,CONFIRMED_FROM_VIDEO,CONFIRMED_FROM_VIDEO,Screen Recording 2026-08-16 223317.mp4,4,2
Puerto de San Fernando,Gazpacho,Saint-Nicholas,12222.0,254,CONFIRMED_FROM_VIDEO,CONFIRMED_FROM_VIDEO,Screen Recording 2026-08-16 223317.mp4,6,1
Puerto de San Fernando,Gazpacho,Sainte Rose,8380.3,197,CONFIRMED_FROM_VIDEO,CONFIRMED_FROM_VIDEO,Screen Recording 2026-08-16 223317.mp4,7,1
Puerto de San Fernando,Gazpacho,San Polo,8638.0,201,CONFIRMED_FROM_VIDEO,CONFIRMED_FROM_VIDEO,Screen Recording 2026-08-16 223317.mp4,9,1
Puerto de San Fernando,Gazpacho,San Salvador,4062.9,134,CONFIRMED_FROM_VIDEO,CONFIRMED_FROM_VIDEO,Screen Recording 2026-08-16 223317.mp4,13,1
Puerto de San Fernando,Gazpacho,San Vito,7263.7,181,CONFIRMED_FROM_VIDEO,CONFIRMED_FROM_VIDEO,Screen Recording 2026-08-16 223317.mp4,5,2
Puerto de San Fernando,Gazpacho,Sandy Settlement,11811.8,248,CONFIRMED_RECORDED_RECIPROCAL_AUDIT,CONFIRMED_FROM_VIDEO,Screen Recording 2026-08-16 223317.mp4,6,1
Puerto de San Fernando,Gazpacho,Santa Maria,2341.8,108,CONFIRMED_FROM_VIDEO,CONFIRMED_FROM_VIDEO,Screen Recording 2026-08-16 223317.mp4,6,1
Puerto de San Fernando,Gazpacho,Sao Bento,4638.6,142,CONFIRMED_FROM_VIDEO,CONFIRMED_FROM_VIDEO,Screen Recording 2026-08-16 223317.mp4,7,1
Puerto de San Fernando,Gazpacho,Snake Prosper,13091.9,267,CONFIRMED_FROM_VIDEO,CONFIRMED_FROM_VIDEO,Screen Recording 2026-08-16 223317.mp4,5,2
Puerto de San Fernando,Gazpacho,Sugar Cove,15774.7,306,CONFIRMED_FROM_VIDEO,CONFIRMED_FROM_VIDEO,Screen Recording 2026-08-16 223317.mp4,6,2
Puerto de San Fernando,Gazpacho,Taylor's Town,12672.3,261,CONFIRMED_FROM_VIDEO,CONFIRMED_FROM_VIDEO,Screen Recording 2026-08-16 223317.mp4,6,2
Puerto de San Fernando,Gazpacho,Theresa,2200.4,106,CONFIRMED_FROM_VIDEO,CONFIRMED_FROM_VIDEO,Screen Recording 2026-08-16 223317.mp4,6,1
Puerto de San Fernando,Gazpacho,Thresher Point,8752.3,203,CONFIRMED_FROM_VIDEO,CONFIRMED_FROM_VIDEO,Screen Recording 2026-08-16 223317.mp4,9,1
Puerto de San Fernando,Gazpacho,Venta Nueva,3267.9,122,CONFIRMED_FROM_VIDEO,CONFIRMED_FROM_VIDEO,Screen Recording 2026-08-16 223317.mp4,12,1
Puerto de San Fernando,Gazpacho,Villarreal Del Mar,3451.6,125,CONFIRMED_FROM_VIDEO,CONFIRMED_FROM_VIDEO,Screen Recording 2026-08-16 223317.mp4,12,1
Puerto de San Fernando,Gazpacho,White Hook,14196.5,283,CONFIRMED_FROM_VIDEO,CONFIRMED_FROM_VIDEO,Screen Recording 2026-08-16 223317.mp4,6,2
Puerto de San Fernando,Gazpacho,Wyntergard,12004.4,251,CONFIRMED_FROM_VIDEO,CONFIRMED_FROM_VIDEO,Screen Recording 2026-08-16 223317.mp4,4,2
Puerto de San Fernando,Gazpacho,Yorinobu's Settlement,9146.8,209,CONFIRMED_FROM_VIDEO,CONFIRMED_FROM_VIDEO,Screen Recording 2026-08-16 223317.mp4,5,1
Saint Vincent,Cheese,Al-Jazair,1395.3,98,CONFIRMED_FROM_VIDEO,CONFIRMED_FROM_VIDEO,Screen Recording 2026-08-16 223317.mp4,6,1
Saint Vincent,Cheese,Ashbourne,3841.2,135,CONFIRMED_FROM_VIDEO,CONFIRMED_FROM_VIDEO,Screen Recording 2026-08-16 223317.mp4,6,1
Saint Vincent,Cheese,Belfry Heights,7087.3,184,CONFIRMED_FROM_VIDEO,CONFIRMED_FROM_VIDEO,Screen Recording 2026-08-16 223317.mp4,5,1
Saint Vincent,Cheese,Bucket Bay,2494.6,114,CONFIRMED_FROM_VIDEO,CONFIRMED_FROM_VIDEO,Screen Recording 2026-08-16 223317.mp4,10,1
Saint Vincent,Cheese,Caledonia,2315.6,112,CONFIRMED_FROM_VIDEO,CONFIRMED_FROM_VIDEO,Screen Recording 2026-08-16 223317.mp4,7,1
Saint Vincent,Cheese,Castle Landing,4796.2,149,CONFIRMED_FROM_VIDEO,CONFIRMED_FROM_VIDEO,Screen Recording 2026-08-16 223317.mp4,4,3
Saint Vincent,Cheese,Caveira,12864.3,272,CONFIRMED_FROM_VIDEO,CONFIRMED_FROM_VIDEO,Screen Recording 2026-08-16 223317.mp4,8,2
Saint Vincent,Cheese,Caye Tiburon,5551.7,161,CONFIRMED_FROM_VIDEO,CONFIRMED_FROM_VIDEO,Screen Recording 2026-08-16 223317.mp4,6,1
Saint Vincent,Cheese,Crownstead,4629.2,147,CONFIRMED_FROM_VIDEO,CONFIRMED_FROM_VIDEO,Screen Recording 2026-08-16 223317.mp4,6,1
Saint Vincent,Cheese,Cumberland Hill,5156.4,155,CONFIRMED_FROM_VIDEO,CONFIRMED_FROM_VIDEO,Screen Recording 2026-08-16 223317.mp4,3,2
Saint Vincent,Cheese,Deadman's Murcia,2290.9,111,CONFIRMED_FROM_VIDEO,CONFIRMED_FROM_VIDEO,Screen Recording 2026-08-16 223317.mp4,7,2
Saint Vincent,Cheese,Fair Harbour,1543.8,100,CONFIRMED_FROM_VIDEO,CONFIRMED_FROM_VIDEO,Screen Recording 2026-08-16 223317.mp4,6,1
Saint Vincent,Cheese,Falmouth,7414.1,189,CONFIRMED_FROM_VIDEO,CONFIRMED_FROM_VIDEO,Screen Recording 2026-08-16 223317.mp4,6,1
Saint Vincent,Cheese,Gyldenvale,5173.4,155,CONFIRMED_FROM_VIDEO,CONFIRMED_FROM_VIDEO,Screen Recording 2026-08-16 223317.mp4,4,1
Saint Vincent,Cheese,Jones' Outpost,4174.3,140,CONFIRMED_FROM_VIDEO,CONFIRMED_FROM_VIDEO,Screen Recording 2026-08-16 223317.mp4,5,1
Saint Vincent,Cheese,Kandlerova,14234.6,293,CONFIRMED_FROM_VIDEO,CONFIRMED_FROM_VIDEO,Screen Recording 2026-08-16 223317.mp4,6,2
Saint Vincent,Cheese,La Povenglia,11539.0,252,CONFIRMED_FROM_VIDEO,CONFIRMED_FROM_VIDEO,Screen Recording 2026-08-16 223317.mp4,12,1
Saint Vincent,Cheese,Lebarde,5080.4,154,CONFIRMED_FROM_VIDEO,CONFIRMED_FROM_VIDEO,Screen Recording 2026-08-16 223317.mp4,4,1
Saint Vincent,Cheese,Lord Irving's Sacrifice,8235.6,202,CONFIRMED_FROM_VIDEO,CONFIRMED_FROM_VIDEO,Screen Recording 2026-08-16 223317.mp4,4,1
Saint Vincent,Cheese,Louisbourg,6892.4,181,CONFIRMED_FROM_VIDEO,CONFIRMED_FROM_VIDEO,Screen Recording 2026-08-16 223317.mp4,5,1
Saint Vincent,Cheese,Madalena,14517.8,298,CONFIRMED_FROM_VIDEO,CONFIRMED_FROM_VIDEO,Screen Recording 2026-08-16 223317.mp4,6,2
Saint Vincent,Cheese,Mako's Outlook,8449.0,205,CONFIRMED_FROM_VIDEO,CONFIRMED_FROM_VIDEO,Screen Recording 2026-08-16 223317.mp4,3,2
Saint Vincent,Cheese,Matthew's Rest,3377.0,128,CONFIRMED_FROM_VIDEO,CONFIRMED_FROM_VIDEO,Screen Recording 2026-08-16 223317.mp4,6,1
Saint Vincent,Cheese,Maurepas,6088.4,169,CONFIRMED_FROM_VIDEO,CONFIRMED_FROM_VIDEO,Screen Recording 2026-08-16 223317.mp4,6,1
Saint Vincent,Cheese,New Brighton,2549.1,115,CONFIRMED_FROM_VIDEO,CONFIRMED_FROM_VIDEO,Screen Recording 2026-08-16 223317.mp4,12,1
Saint Vincent,Cheese,New Catalina,5336.2,158,CONFIRMED_FROM_VIDEO,CONFIRMED_FROM_VIDEO,Screen Recording 2026-08-16 223317.mp4,5,1
Saint Vincent,Cheese,Pachard Town,4298.8,142,CONFIRMED_FROM_VIDEO,CONFIRMED_FROM_VIDEO,Screen Recording 2026-08-16 223317.mp4,6,1
Saint Vincent,Cheese,Peter's Cove,8681.5,209,CONFIRMED_FROM_VIDEO,CONFIRMED_FROM_VIDEO,Screen Recording 2026-08-16 223317.mp4,6,1
Saint Vincent,Cheese,Petit Anvers,7432.1,190,CONFIRMED_FROM_VIDEO,CONFIRMED_FROM_VIDEO,Screen Recording 2026-08-16 223317.mp4,6,1
Saint Vincent,Cheese,Poblado de San Juan,13140.0,277,CONFIRMED_FROM_VIDEO,CONFIRMED_FROM_VIDEO,Screen Recording 2026-08-16 223317.mp4,6,1
Saint Vincent,Cheese,Point Rocheux,6409.4,174,CONFIRMED_FROM_VIDEO,CONFIRMED_FROM_VIDEO,Screen Recording 2026-08-16 223317.mp4,5,1
Saint Vincent,Cheese,Ponta Delgada,13726.7,286,CONFIRMED_FROM_VIDEO,CONFIRMED_FROM_VIDEO,Screen Recording 2026-08-16 223317.mp4,6,2
Saint Vincent,Cheese,Port Antonio,8513.0,206,CONFIRMED_FROM_VIDEO,CONFIRMED_FROM_VIDEO,Screen Recording 2026-08-16 223317.mp4,6,1
Saint Vincent,Cheese,Port Louis,2052.6,108,CONFIRMED_FROM_VIDEO,CONFIRMED_FROM_VIDEO,Screen Recording 2026-08-16 223317.mp4,6,1
Saint Vincent,Cheese,Port Royal,8080.3,199,CONFIRMED_FROM_VIDEO,CONFIRMED_FROM_VIDEO,Screen Recording 2026-08-16 223317.mp4,4,1
Saint Vincent,Cheese,Port-Au-Croix,5327.0,157,CONFIRMED_FROM_VIDEO,CONFIRMED_FROM_VIDEO,Screen Recording 2026-08-16 223317.mp4,4,1
Saint Vincent,Cheese,Princeton,3344.9,127,CONFIRMED_FROM_VIDEO,CONFIRMED_FROM_VIDEO,Screen Recording 2026-08-16 223317.mp4,6,1
Saint Vincent,Cheese,Puerto de San Fernando,11171.2,247,CONFIRMED_FROM_VIDEO,CONFIRMED_FROM_VIDEO,Screen Recording 2026-08-16 223317.mp4,2,2
Saint Vincent,Cheese,Saint-Nicholas,9350.0,219,CONFIRMED_FROM_VIDEO,CONFIRMED_FROM_VIDEO,Screen Recording 2026-08-16 223317.mp4,5,1
Saint Vincent,Cheese,Sainte Rose,8072.1,199,CONFIRMED_FROM_VIDEO,CONFIRMED_FROM_VIDEO,Screen Recording 2026-08-16 223317.mp4,4,1
Saint Vincent,Cheese,San Polo,13328.4,280,CONFIRMED_FROM_VIDEO,CONFIRMED_FROM_VIDEO,Screen Recording 2026-08-16 223317.mp4,6,2
Saint Vincent,Cheese,San Salvador,12954.4,274,CONFIRMED_FROM_VIDEO,CONFIRMED_FROM_VIDEO,Screen Recording 2026-08-16 223317.mp4,6,2
Saint Vincent,Cheese,San Vito,10310.0,233,CONFIRMED_FROM_VIDEO,CONFIRMED_FROM_VIDEO,Screen Recording 2026-08-16 223317.mp4,8,1
Saint Vincent,Cheese,Sandy Settlement,9467.2,221,CONFIRMED_FROM_VIDEO,CONFIRMED_FROM_VIDEO,Screen Recording 2026-08-16 223317.mp4,5,1
Saint Vincent,Cheese,Santa Maria,12731.9,270,CONFIRMED_FROM_VIDEO,CONFIRMED_FROM_VIDEO,Screen Recording 2026-08-16 223317.mp4,8,2
Saint Vincent,Cheese,Sao Bento,13164.3,277,CONFIRMED_FROM_VIDEO,CONFIRMED_FROM_VIDEO,Screen Recording 2026-08-16 223317.mp4,6,2
Saint Vincent,Cheese,Snake Prosper,1920.7,106,CONFIRMED_FROM_VIDEO,CONFIRMED_FROM_VIDEO,Screen Recording 2026-08-16 223317.mp4,6,1
Saint Vincent,Cheese,Sugar Cove,6244.6,171,CONFIRMED_FROM_VIDEO,CONFIRMED_FROM_VIDEO,Screen Recording 2026-08-16 223317.mp4,5,1
Saint Vincent,Cheese,Taylor's Town,8310.3,203,CONFIRMED_FROM_VIDEO,CONFIRMED_FROM_VIDEO,Screen Recording 2026-08-16 223317.mp4,4,1
Saint Vincent,Cheese,Theresa,9126.1,215,CONFIRMED_FROM_VIDEO,CONFIRMED_FROM_VIDEO,Screen Recording 2026-08-16 223317.mp4,5,1
Saint Vincent,Cheese,Thresher Point,6442.1,174,CONFIRMED_FROM_VIDEO,CONFIRMED_FROM_VIDEO,Screen Recording 2026-08-16 223317.mp4,4,2
Saint Vincent,Cheese,Venta Nueva,9749.2,225,CONFIRMED_FROM_VIDEO,CONFIRMED_FROM_VIDEO,Screen Recording 2026-08-16 223317.mp4,5,1
Saint Vincent,Cheese,Villarreal Del Mar,8528.7,206,CONFIRMED_FROM_VIDEO,CONFIRMED_FROM_VIDEO,Screen Recording 2026-08-16 223317.mp4,3,1
Saint Vincent,Cheese,White Hook,3059.6,123,CONFIRMED_FROM_VIDEO,CONFIRMED_FROM_VIDEO,Screen Recording 2026-08-16 223317.mp4,12,1
Saint Vincent,Cheese,Wyntergard,3863.6,135,CONFIRMED_FROM_VIDEO,CONFIRMED_FROM_VIDEO,Screen Recording 2026-08-16 223317.mp4,6,1
Saint Vincent,Cheese,Yorinobu's Settlement,2069.8,108,CONFIRMED_FROM_VIDEO,CONFIRMED_FROM_VIDEO,Screen Recording 2026-08-16 223317.mp4,6,1
Saint-Nicholas,Cocoa,Al-Jazair,7954.8,207,CONFIRMED_FROM_VIDEO,CONFIRMED_FROM_VIDEO,Screen Recording 2026-08-16 223317.mp4,6,1
Saint-Nicholas,Cocoa,Ashbourne,12790.8,285,CONFIRMED_FROM_VIDEO,CONFIRMED_FROM_VIDEO,Screen Recording 2026-08-16 223317.mp4,4,2
Saint-Nicholas,Cocoa,Belfry Heights,4294.9,149,CONFIRMED_FROM_VIDEO,CONFIRMED_FROM_VIDEO,Screen Recording 2026-08-16 223317.mp4,7,1
Saint-Nicholas,Cocoa,Bucket Bay,10081.9,241,CONFIRMED_FROM_VIDEO,CONFIRMED_FROM_VIDEO,Screen Recording 2026-08-16 223317.mp4,2,2
Saint-Nicholas,Cocoa,Caledonia,10308.5,245,CONFIRMED_FROM_VIDEO,CONFIRMED_FROM_VIDEO,Screen Recording 2026-08-16 223317.mp4,2,2
Saint-Nicholas,Cocoa,Castle Landing,5138.6,162,CONFIRMED_FROM_VIDEO,CONFIRMED_FROM_VIDEO,Screen Recording 2026-08-16 223317.mp4,7,1
Saint-Nicholas,Cocoa,Caveira,15089.1,321,CONFIRMED_FROM_VIDEO,CONFIRMED_FROM_VIDEO,Screen Recording 2026-08-16 223317.mp4,6,2
Saint-Nicholas,Cocoa,Caye Tiburon,5376.4,166,CONFIRMED_FROM_VIDEO,CONFIRMED_FROM_VIDEO,Screen Recording 2026-08-16 223317.mp4,7,1
Saint-Nicholas,Cocoa,Crownstead,13603.8,298,CONFIRMED_FROM_VIDEO,CONFIRMED_FROM_VIDEO,Screen Recording 2026-08-16 223317.mp4,8,2
Saint-Nicholas,Cocoa,Cumberland Hill,7809.5,205,CONFIRMED_FROM_VIDEO,CONFIRMED_FROM_VIDEO,Screen Recording 2026-08-16 223317.mp4,4,2
Saint-Nicholas,Cocoa,Deadman's Murcia,10926.1,255,CONFIRMED_RECORDED_RECIPROCAL_AUDIT,CONFIRMED_FROM_VIDEO,Screen Recording 2026-08-16 223317.mp4,2,1
Saint-Nicholas,Cocoa,Fair Harbour,10360.2,246,CONFIRMED_FROM_VIDEO,CONFIRMED_FROM_VIDEO,Screen Recording 2026-08-16 223317.mp4,4,2
Saint-Nicholas,Cocoa,Falmouth,10353.1,246,CONFIRMED_FROM_VIDEO,CONFIRMED_FROM_VIDEO,Screen Recording 2026-08-16 223317.mp4,4,2
Saint-Nicholas,Cocoa,Gyldenvale,14431.2,311,CONFIRMED_FROM_VIDEO,CONFIRMED_FROM_VIDEO,Screen Recording 2026-08-16 223317.mp4,6,2
Saint-Nicholas,Cocoa,Jones' Outpost,7804.3,205,CONFIRMED_FROM_VIDEO,CONFIRMED_FROM_VIDEO,Screen Recording 2026-08-16 223317.mp4,6,1
Saint-Nicholas,Cocoa,Kandlerova,8239.4,212,CONFIRMED_FROM_VIDEO,CONFIRMED_FROM_VIDEO,Screen Recording 2026-08-16 223317.mp4,6,1
Saint-Nicholas,Cocoa,La Povenglia,5306.7,165,CONFIRMED_FROM_VIDEO,CONFIRMED_FROM_VIDEO,Screen Recording 2026-08-16 223317.mp4,7,1
Saint-Nicholas,Cocoa,Lebarde,4271.5,148,CONFIRMED_FROM_VIDEO,CONFIRMED_FROM_VIDEO,Screen Recording 2026-08-16 223317.mp4,5,1
Saint-Nicholas,Cocoa,Lord Irving's Sacrifice,6533.2,185,CONFIRMED_FROM_VIDEO,CONFIRMED_FROM_VIDEO,Screen Recording 2026-08-16 223317.mp4,6,1
Saint-Nicholas,Cocoa,Louisbourg,14132.6,306,CONFIRMED_FROM_VIDEO,CONFIRMED_FROM_VIDEO,Screen Recording 2026-08-16 223317.mp4,8,2
Saint-Nicholas,Cocoa,Madalena,17025.1,352,CONFIRMED_FROM_VIDEO,CONFIRMED_FROM_VIDEO,Screen Recording 2026-08-16 223317.mp4,6,2
Saint-Nicholas,Cocoa,Mako's Outlook,5848.0,174,CONFIRMED_FROM_VIDEO,CONFIRMED_FROM_VIDEO,Screen Recording 2026-08-16 223317.mp4,5,2
Saint-Nicholas,Cocoa,Matthew's Rest,10304.7,245,CONFIRMED_FROM_VIDEO,CONFIRMED_FROM_VIDEO,Screen Recording 2026-08-16 223317.mp4,3,2
Saint-Nicholas,Cocoa,Maurepas,13278.5,292,CONFIRMED_FROM_VIDEO,CONFIRMED_FROM_VIDEO,Screen Recording 2026-08-16 223317.mp4,4,2
Saint-Nicholas,Cocoa,New Brighton,7488.2,200,CONFIRMED_FROM_VIDEO,CONFIRMED_FROM_VIDEO,Screen Recording 2026-08-16 223317.mp4,6,1
Saint-Nicholas,Cocoa,New Catalina,7278.6,196,CONFIRMED_FROM_VIDEO,CONFIRMED_FROM_VIDEO,Screen Recording 2026-08-16 223317.mp4,3,2
Saint-Nicholas,Cocoa,Pachard Town,10311.2,245,CONFIRMED_FROM_VIDEO,CONFIRMED_FROM_VIDEO,Screen Recording 2026-08-16 223317.mp4,4,2
Saint-Nicholas,Cocoa,Peter's Cove,1479.0,104,CONFIRMED_FROM_VIDEO,CONFIRMED_FROM_VIDEO,Screen Recording 2026-08-16 223317.mp4,3,1
Saint-Nicholas,Cocoa,Petit Anvers,15362.4,326,CONFIRMED_FROM_VIDEO,CONFIRMED_FROM_VIDEO,Screen Recording 2026-08-16 223317.mp4,6,2
Saint-Nicholas,Cocoa,Poblado de San Juan,12527.2,280,CONFIRMED_FROM_VIDEO,CONFIRMED_FROM_VIDEO,Screen Recording 2026-08-16 223317.mp4,4,2
Saint-Nicholas,Cocoa,Point Rocheux,11558.9,265,CONFIRMED_FROM_VIDEO,CONFIRMED_FROM_VIDEO,Screen Recording 2026-08-16 223317.mp4,2,2
Saint-Nicholas,Cocoa,Ponta Delgada,17894.8,366,CONFIRMED_FROM_VIDEO,CONFIRMED_FROM_VIDEO,Screen Recording 2026-08-16 223317.mp4,6,2
Saint-Nicholas,Cocoa,Port Antonio,10783.6,253,CONFIRMED_FROM_VIDEO,CONFIRMED_FROM_VIDEO,Screen Recording 2026-08-16 223317.mp4,4,2
Saint-Nicholas,Cocoa,Port Louis,11153.2,258,CONFIRMED_FROM_VIDEO,CONFIRMED_FROM_VIDEO,Screen Recording 2026-08-16 223317.mp4,1,4
Saint-Nicholas,Cocoa,Port Royal,8445.3,215,CONFIRMED_FROM_VIDEO,CONFIRMED_FROM_VIDEO,Screen Recording 2026-08-16 223317.mp4,4,2
Saint-Nicholas,Cocoa,Port-Au-Croix,10960.1,255,CONFIRMED_FROM_VIDEO,CONFIRMED_FROM_VIDEO,Screen Recording 2026-08-16 223317.mp4,2,1
Saint-Nicholas,Cocoa,Princeton,6065.4,177,CONFIRMED_FROM_VIDEO,CONFIRMED_FROM_VIDEO,Screen Recording 2026-08-16 223317.mp4,6,1
Saint-Nicholas,Cocoa,Puerto de San Fernando,12222.0,276,CONFIRMED_FROM_VIDEO,CONFIRMED_FROM_VIDEO,Screen Recording 2026-08-16 223317.mp4,6,1
Saint-Nicholas,Cocoa,Saint Vincent,9350.0,230,CONFIRMED_FROM_VIDEO,CONFIRMED_FROM_VIDEO,Screen Recording 2026-08-16 223317.mp4,4,1
Saint-Nicholas,Cocoa,Sainte Rose,15168.9,323,CONFIRMED_FROM_VIDEO,CONFIRMED_FROM_VIDEO,Screen Recording 2026-08-16 223317.mp4,6,2
Saint-Nicholas,Cocoa,San Polo,7392.0,198,CONFIRMED_FROM_VIDEO,CONFIRMED_FROM_VIDEO,Screen Recording 2026-08-16 223317.mp4,8,1
Saint-Nicholas,Cocoa,San Salvador,10789.9,253,CONFIRMED_FROM_VIDEO,CONFIRMED_FROM_VIDEO,Screen Recording 2026-08-16 223317.mp4,4,2
Saint-Nicholas,Cocoa,San Vito,5695.2,171,CONFIRMED_FROM_VIDEO,CONFIRMED_FROM_VIDEO,Screen Recording 2026-08-16 223317.mp4,7,1
Saint-Nicholas,Cocoa,Sandy Settlement,543.6,89,CONFIRMED_FROM_VIDEO,CONFIRMED_FROM_VIDEO,Screen Recording 2026-08-16 223317.mp4,3,1
Saint-Nicholas,Cocoa,Santa Maria,12063.0,273,CONFIRMED_FROM_VIDEO,CONFIRMED_FROM_VIDEO,Screen Recording 2026-08-16 223317.mp4,6,1
Saint-Nicholas,Cocoa,Sao Bento,16460.7,343,CONFIRMED_FROM_VIDEO,CONFIRMED_FROM_VIDEO,Screen Recording 2026-08-16 223317.mp4,6,2
Saint-Nicholas,Cocoa,Snake Prosper,10094.4,242,CONFIRMED_FROM_VIDEO,CONFIRMED_FROM_VIDEO,Screen Recording 2026-08-16 223317.mp4,2,2
Saint-Nicholas,Cocoa,Sugar Cove,7716.8,203,CONFIRMED_FROM_VIDEO,CONFIRMED_FROM_VIDEO,Screen Recording 2026-08-16 223317.mp4,6,1
Saint-Nicholas,Cocoa,Taylor's Town,1517.0,104,CONFIRMED_FROM_VIDEO,CONFIRMED_FROM_VIDEO,Screen Recording 2026-08-16 223317.mp4,3,1
Saint-Nicholas,Cocoa,Theresa,10318.1,245,CONFIRMED_FROM_VIDEO,CONFIRMED_FROM_VIDEO,Screen Recording 2026-08-16 223317.mp4,4,2
Saint-Nicholas,Cocoa,Thresher Point,4060.5,145,CONFIRMED_FROM_VIDEO,CONFIRMED_FROM_VIDEO,Screen Recording 2026-08-16 223317.mp4,3,1
Saint-Nicholas,Cocoa,Venta Nueva,13354.2,294,CONFIRMED_FROM_VIDEO,CONFIRMED_FROM_VIDEO,Screen Recording 2026-08-16 223317.mp4,10,2
Saint-Nicholas,Cocoa,Villarreal Del Mar,12157.4,275,CONFIRMED_RECORDED_RECIPROCAL_AUDIT,CONFIRMED_FROM_VIDEO,Screen Recording 2026-08-16 223317.mp4,6,1
Saint-Nicholas,Cocoa,White Hook,11088.0,257,CONFIRMED_FROM_VIDEO,CONFIRMED_FROM_VIDEO,Screen Recording 2026-08-16 223317.mp4,6,1
Saint-Nicholas,Cocoa,Wyntergard,13125.1,290,CONFIRMED_FROM_VIDEO,CONFIRMED_FROM_VIDEO,Screen Recording 2026-08-16 223317.mp4,4,2
Saint-Nicholas,Cocoa,Yorinobu's Settlement,8562.7,217,CONFIRMED_FROM_VIDEO,CONFIRMED_FROM_VIDEO,Screen Recording 2026-08-16 223317.mp4,4,1
Sainte Rose,Lavender,Al-Jazair,8858.9,260,CONFIRMED_FROM_SCREENSHOT,CONFIRMED_FROM_SCREENSHOT,Sainte Rose sell4.png,1,1
Sainte Rose,Lavender,Ashbourne,5009.7,188,CONFIRMED_FROM_SCREENSHOT,CONFIRMED_FROM_SCREENSHOT,Sainte Rose sell6.png; Sainte Rose sell7.png,2,1
Sainte Rose,Lavender,Belfry Heights,11195.1,304,CONFIRMED_FROM_SCREENSHOT,CONFIRMED_FROM_SCREENSHOT,Sainte Rose sell3.png,1,1
Sainte Rose,Lavender,Bucket Bay,5812.9,203,CONFIRMED_FROM_SCREENSHOT,CONFIRMED_FROM_SCREENSHOT,Sainte Rose sell5.png,1,1
Sainte Rose,Lavender,Caledonia,9748.2,277,CONFIRMED_FROM_SCREENSHOT,CONFIRMED_FROM_SCREENSHOT,Sainte Rose sell3.png,1,1
Sainte Rose,Lavender,Castle Landing,12192.4,322,CONFIRMED_FROM_SCREENSHOT,CONFIRMED_FROM_SCREENSHOT,Sainte Rose sell2.png,1,1
Sainte Rose,Lavender,Caveira,8038.0,244,CONFIRMED_FROM_SCREENSHOT,CONFIRMED_FROM_SCREENSHOT,Sainte Rose sell4.png,1,1
Sainte Rose,Lavender,Caye Tiburon,9818.9,278,CONFIRMED_FROM_SCREENSHOT,CONFIRMED_FROM_SCREENSHOT,Sainte Rose sell3.png,1,1
Sainte Rose,Lavender,Crownstead,4731.6,182,CONFIRMED_FROM_SCREENSHOT,CONFIRMED_FROM_SCREENSHOT,Sainte Rose sell6.png; Sainte Rose sell7.png,2,1
Sainte Rose,Lavender,Cumberland Hill,13225.6,342,CONFIRMED_FROM_SCREENSHOT,CONFIRMED_FROM_SCREENSHOT,Sainte Rose sell1.png,1,1
Sainte Rose,Lavender,Deadman's Murcia,9131.1,265,CONFIRMED_FROM_SCREENSHOT,CONFIRMED_FROM_SCREENSHOT,Sainte Rose sell4.png,1,1
Sainte Rose,Lavender,Fair Harbour,6540.4,216,CONFIRMED_FROM_SCREENSHOT,CONFIRMED_FROM_SCREENSHOT,Sainte Rose sell5.png,1,1
Sainte Rose,Lavender,Falmouth,6032.8,207,CONFIRMED_FROM_SCREENSHOT,CONFIRMED_FROM_SCREENSHOT,Sainte Rose sell5.png,1,1
Sainte Rose,Lavender,Griffard's Rock,7528.3,235,CONFIRMED_FROM_GRIFFARDS_DESTINATION_LIST,DERIVED,naval_route_trade_handoff_v1.json:griffards_rock_backfills,,
Sainte Rose,Lavender,Gyldenvale,5787.8,202,CONFIRMED_FROM_SCREENSHOT,CONFIRMED_FROM_SCREENSHOT,Sainte Rose sell5.png,1,1
Sainte Rose,Lavender,Jones' Outpost,12241.7,323,CONFIRMED_FROM_SCREENSHOT,CONFIRMED_FROM_SCREENSHOT,Sainte Rose sell2.png,1,1
Sainte Rose,Lavender,Kandlerova,16051.3,395,CONFIRMED_FROM_SCREENSHOT,CONFIRMED_FROM_SCREENSHOT,Sainte Rose sell1.png,1,1
Sainte Rose,Lavender,La Povenglia,14534.7,366,CONFIRMED_FROM_SCREENSHOT,CONFIRMED_FROM_SCREENSHOT,Sainte Rose sell1.png,1,1
Sainte Rose,Lavender,Lebarde,11592.3,311,CONFIRMED_FROM_SCREENSHOT,CONFIRMED_FROM_SCREENSHOT,Sainte Rose sell2.png,1,1
Sainte Rose,Lavender,Lord Irving's Sacrifice,10248.2,286,CONFIRMED_FROM_SCREENSHOT,CONFIRMED_FROM_SCREENSHOT,Sainte Rose sell3.png,1,1
Sainte Rose,Lavender,Louisbourg,1183.4,116,CONFIRMED_FROM_SCREENSHOT,CONFIRMED_FROM_SCREENSHOT,Sainte Rose sell7.png,1,1
Sainte Rose,Lavender,Madalena,8865.7,260,CONFIRMED_FROM_SCREENSHOT,CONFIRMED_FROM_SCREENSHOT,Sainte Rose sell4.png,1,1
Sainte Rose,Lavender,Mako's Outlook,10946.6,299,CONFIRMED_FROM_SCREENSHOT,CONFIRMED_FROM_SCREENSHOT,Sainte Rose sell3.png,1,1
Sainte Rose,Lavender,Matthew's Rest,5180.4,191,CONFIRMED_FROM_SCREENSHOT,CONFIRMED_FROM_SCREENSHOT,Sainte Rose sell6.png,1,1
Sainte Rose,Lavender,Maurepas,2038.0,132,CONFIRMED_FROM_SCREENSHOT,CONFIRMED_FROM_SCREENSHOT,Sainte Rose sell6.png; Sainte Rose sell7.png,2,1
Sainte Rose,Lavender,New Brighton,8183.3,247,CONFIRMED_FROM_SCREENSHOT,CONFIRMED_FROM_SCREENSHOT,Sainte Rose sell4.png,1,1
Sainte Rose,Lavender,New Catalina,13375.5,345,CONFIRMED_FROM_SCREENSHOT,CONFIRMED_FROM_SCREENSHOT,Sainte Rose sell1.png,1,1
Sainte Rose,Lavender,Pachard Town,4889.0,185,CONFIRMED_FROM_SCREENSHOT,CONFIRMED_FROM_SCREENSHOT,Sainte Rose sell6.png; Sainte Rose sell7.png,2,1
Sainte Rose,Lavender,Peter's Cove,13934.2,355,CONFIRMED_FROM_SCREENSHOT,CONFIRMED_FROM_SCREENSHOT,Sainte Rose sell1.png,1,1
Sainte Rose,Lavender,Petit Anvers,1653.5,125,CONFIRMED_FROM_SCREENSHOT,CONFIRMED_FROM_SCREENSHOT,Sainte Rose sell6.png; Sainte Rose sell7.png,2,1
Sainte Rose,Lavender,Poblado de San Juan,10878.3,298,CONFIRMED_FROM_SCREENSHOT,CONFIRMED_FROM_SCREENSHOT,Sainte Rose sell3.png,1,1
Sainte Rose,Lavender,Point Rocheux,3907.4,167,CONFIRMED_FROM_SCREENSHOT,CONFIRMED_FROM_SCREENSHOT,Sainte Rose sell6.png; Sainte Rose sell7.png,2,1
Sainte Rose,Lavender,Ponta Delgada,6827.5,222,CONFIRMED_FROM_SCREENSHOT,CONFIRMED_FROM_SCREENSHOT,Sainte Rose sell5.png,1,1
Sainte Rose,Lavender,Port Antonio,6598.7,217,CONFIRMED_FROM_SCREENSHOT,CONFIRMED_FROM_SCREENSHOT,Sainte Rose sell5.png,1,1
Sainte Rose,Lavender,Port Louis,6326.8,212,CONFIRMED_FROM_SCREENSHOT,CONFIRMED_FROM_SCREENSHOT,Sainte Rose sell5.png,1,1
Sainte Rose,Lavender,Port Royal,8498.5,253,CONFIRMED_FROM_SCREENSHOT,CONFIRMED_FROM_SCREENSHOT,Sainte Rose sell4.png,1,1
Sainte Rose,Lavender,Port-Au-Croix,4230.0,173,CONFIRMED_FROM_SCREENSHOT,CONFIRMED_FROM_SCREENSHOT,Sainte Rose sell6.png; Sainte Rose sell7.png,2,1
Sainte Rose,Lavender,Princeton,10526.2,291,CONFIRMED_FROM_SCREENSHOT,CONFIRMED_FROM_SCREENSHOT,Sainte Rose sell3.png,1,1
Sainte Rose,Lavender,Puerto de San Fernando,8380.3,251,CONFIRMED_FROM_SCREENSHOT,CONFIRMED_FROM_SCREENSHOT,Sainte Rose sell4.png,1,1
Sainte Rose,Lavender,Saint Vincent,8072.1,245,CONFIRMED_FROM_SCREENSHOT,CONFIRMED_FROM_SCREENSHOT,Sainte Rose sell4.png,1,1
Sainte Rose,Lavender,Saint-Nicholas,15168.9,378,CONFIRMED_FROM_SCREENSHOT,CONFIRMED_FROM_SCREENSHOT,Sainte Rose sell1.png,1,1
Sainte Rose,Lavender,San Polo,15399.5,382,CONFIRMED_FROM_SCREENSHOT,CONFIRMED_FROM_SCREENSHOT,Sainte Rose sell1.png,1,1
Sainte Rose,Lavender,San Salvador,12142.7,321,CONFIRMED_FROM_SCREENSHOT,CONFIRMED_FROM_SCREENSHOT,Sainte Rose sell2.png,1,1
Sainte Rose,Lavender,San Vito,12833.7,334,CONFIRMED_FROM_SCREENSHOT,CONFIRMED_FROM_SCREENSHOT,Sainte Rose sell2.png,1,1
Sainte Rose,Lavender,Sandy Settlement,15025.0,375,CONFIRMED_FROM_SCREENSHOT,CONFIRMED_FROM_SCREENSHOT,Sainte Rose sell1.png,1,1
Sainte Rose,Lavender,Santa Maria,10710.5,295,CONFIRMED_FROM_SCREENSHOT,CONFIRMED_FROM_SCREENSHOT,Sainte Rose sell3.png,1,1
Sainte Rose,Lavender,Sao Bento,7191.2,229,CONFIRMED_FROM_SCREENSHOT,CONFIRMED_FROM_SCREENSHOT,Sainte Rose sell5.png,1,1
Sainte Rose,Lavender,Snake Prosper,9457.5,271,CONFIRMED_FROM_SCREENSHOT,CONFIRMED_FROM_SCREENSHOT,Sainte Rose sell4.png,1,1
Sainte Rose,Lavender,Sugar Cove,14307.9,362,CONFIRMED_FROM_SCREENSHOT,CONFIRMED_FROM_SCREENSHOT,Sainte Rose sell1.png,1,1
Sainte Rose,Lavender,Taylor's Town,14730.0,370,CONFIRMED_FROM_SCREENSHOT,CONFIRMED_FROM_SCREENSHOT,Sainte Rose sell1.png,1,1
Sainte Rose,Lavender,Theresa,7733.2,239,CONFIRMED_FROM_SCREENSHOT,CONFIRMED_FROM_SCREENSHOT,Sainte Rose sell4.png,1,1
Sainte Rose,Lavender,Thresher Point,11156.4,303,CONFIRMED_FROM_SCREENSHOT,CONFIRMED_FROM_SCREENSHOT,Sainte Rose sell3.png,1,1
Sainte Rose,Lavender,Venta Nueva,5197.9,191,CONFIRMED_FROM_SCREENSHOT,CONFIRMED_FROM_SCREENSHOT,Sainte Rose sell6.png; Sainte Rose sell7.png,2,1
Sainte Rose,Lavender,Villarreal Del Mar,5058.1,189,CONFIRMED_FROM_SCREENSHOT,CONFIRMED_FROM_SCREENSHOT,Sainte Rose sell6.png; Sainte Rose sell7.png,2,1
Sainte Rose,Lavender,White Hook,10030.8,282,CONFIRMED_FROM_SCREENSHOT,CONFIRMED_FROM_SCREENSHOT,Sainte Rose sell3.png,1,1
Sainte Rose,Lavender,Wyntergard,5966.5,206,CONFIRMED_FROM_SCREENSHOT,CONFIRMED_FROM_SCREENSHOT,Sainte Rose sell5.png,1,1
Sainte Rose,Lavender,Yorinobu's Settlement,7236.3,229,CONFIRMED_FROM_SCREENSHOT,CONFIRMED_FROM_SCREENSHOT,Sainte Rose sell5.png,1,1
San Polo,Glass,Al-Jazair,12165.3,257,CONFIRMED_FROM_VIDEO,CONFIRMED_FROM_VIDEO,Screen Recording 2026-08-16 223317.mp4,6,2
San Polo,Glass,Ashbourne,15423.4,306,CONFIRMED_FROM_VIDEO,CONFIRMED_FROM_VIDEO,Screen Recording 2026-08-16 223317.mp4,6,2
San Polo,Glass,Belfry Heights,6337.5,170,CONFIRMED_FROM_VIDEO,CONFIRMED_FROM_VIDEO,Screen Recording 2026-08-16 223317.mp4,9,1
San Polo,Glass,Bucket Bay,12585.1,264,CONFIRMED_FROM_VIDEO,CONFIRMED_FROM_VIDEO,Screen Recording 2026-08-16 223317.mp4,4,2
San Polo,Glass,Caledonia,15187.8,303,CONFIRMED_FROM_VIDEO,CONFIRMED_FROM_VIDEO,Screen Recording 2026-08-16 223317.mp4,6,2
San Polo,Glass,Castle Landing,11113.1,242,CONFIRMED_FROM_VIDEO,CONFIRMED_FROM_VIDEO,Screen Recording 2026-08-16 223317.mp4,4,2
San Polo,Glass,Caveira,11402.1,246,CONFIRMED_FROM_VIDEO,CONFIRMED_FROM_VIDEO,Screen Recording 2026-08-16 223317.mp4,2,1
San Polo,Glass,Caye Tiburon,7781.3,192,CONFIRMED_FROM_VIDEO,CONFIRMED_FROM_VIDEO,Screen Recording 2026-08-16 223317.mp4,6,1
San Polo,Glass,Crownstead,16107.0,317,CONFIRMED_FROM_VIDEO,CONFIRMED_FROM_VIDEO,Screen Recording 2026-08-16 223317.mp4,8,1
San Polo,Glass,Cumberland Hill,14210.9,288,CONFIRMED_FROM_VIDEO,CONFIRMED_FROM_VIDEO,Screen Recording 2026-08-16 223317.mp4,2,2
San Polo,Glass,Deadman's Murcia,15512.1,308,CONFIRMED_RECORDED_RECIPROCAL_AUDIT,CONFIRMED_FROM_VIDEO,Screen Recording 2026-08-16 223317.mp4,8,1
San Polo,Glass,Fair Harbour,13549.8,278,CONFIRMED_FROM_VIDEO,CONFIRMED_FROM_VIDEO,Screen Recording 2026-08-16 223317.mp4,5,3
San Polo,Glass,Falmouth,9370.2,216,CONFIRMED_FROM_VIDEO,CONFIRMED_FROM_VIDEO,Screen Recording 2026-08-16 223317.mp4,6,1
San Polo,Glass,Gyldenvale,17331.7,335,CONFIRMED_FROM_VIDEO,CONFIRMED_FROM_VIDEO,Screen Recording 2026-08-16 223317.mp4,4,2
San Polo,Glass,Jones' Outpost,13837.5,283,CONFIRMED_FROM_VIDEO,CONFIRMED_FROM_VIDEO,Screen Recording 2026-08-16 223317.mp4,4,2
San Polo,Glass,Kandlerova,938.8,89,CONFIRMED_FROM_VIDEO,CONFIRMED_FROM_VIDEO,Screen Recording 2026-08-16 223317.mp4,3,1
San Polo,Glass,La Povenglia,2148.1,107,CONFIRMED_FROM_VIDEO,CONFIRMED_FROM_VIDEO,Screen Recording 2026-08-16 223317.mp4,3,1
San Polo,Glass,Lebarde,9512.2,218,CONFIRMED_FROM_VIDEO,CONFIRMED_FROM_VIDEO,Screen Recording 2026-08-16 223317.mp4,6,1
San Polo,Glass,Lord Irving's Sacrifice,5450.2,157,CONFIRMED_FROM_VIDEO,CONFIRMED_FROM_VIDEO,Screen Recording 2026-08-16 223317.mp4,6,1
San Polo,Glass,Louisbourg,14765.7,296,CONFIRMED_FROM_VIDEO,CONFIRMED_FROM_VIDEO,Screen Recording 2026-08-16 223317.mp4,4,3
San Polo,Glass,Madalena,13079.9,271,CONFIRMED_FROM_VIDEO,CONFIRMED_FROM_VIDEO,Screen Recording 2026-08-16 223317.mp4,3,3
San Polo,Glass,Mako's Outlook,4985.7,150,CONFIRMED_FROM_VIDEO,CONFIRMED_FROM_VIDEO,Screen Recording 2026-08-16 223317.mp4,7,1
San Polo,Glass,Matthew's Rest,12247.2,259,CONFIRMED_FROM_VIDEO,CONFIRMED_FROM_VIDEO,Screen Recording 2026-08-16 223317.mp4,6,2
San Polo,Glass,Maurepas,14129.6,287,CONFIRMED_FROM_VIDEO,CONFIRMED_FROM_VIDEO,Screen Recording 2026-08-16 223317.mp4,4,2
San Polo,Glass,New Brighton,10791.5,237,CONFIRMED_FROM_VIDEO,CONFIRMED_FROM_VIDEO,Screen Recording 2026-08-16 223317.mp4,4,2
San Polo,Glass,New Catalina,13768.3,282,CONFIRMED_FROM_VIDEO,CONFIRMED_FROM_VIDEO,Screen Recording 2026-08-16 223317.mp4,4,2
San Polo,Glass,Pachard Town,11628.4,249,CONFIRMED_FROM_VIDEO,CONFIRMED_FROM_VIDEO,Screen Recording 2026-08-16 223317.mp4,6,2
San Polo,Glass,Peter's Cove,6451.0,172,CONFIRMED_FROM_VIDEO,CONFIRMED_FROM_VIDEO,Screen Recording 2026-08-16 223317.mp4,9,1
San Polo,Glass,Petit Anvers,16326.8,320,CONFIRMED_FROM_VIDEO,CONFIRMED_FROM_VIDEO,Screen Recording 2026-08-16 223317.mp4,4,2
San Polo,Glass,Poblado de San Juan,7469.2,187,CONFIRMED_FROM_VIDEO,CONFIRMED_FROM_VIDEO,Screen Recording 2026-08-16 223317.mp4,4,2
San Polo,Glass,Point Rocheux,11549.5,248,CONFIRMED_FROM_VIDEO,CONFIRMED_FROM_VIDEO,Screen Recording 2026-08-16 223317.mp4,2,1
San Polo,Glass,Ponta Delgada,15044.4,301,CONFIRMED_FROM_VIDEO,CONFIRMED_FROM_VIDEO,Screen Recording 2026-08-16 223317.mp4,8,2
San Polo,Glass,Port Antonio,8981.8,210,CONFIRMED_FROM_VIDEO,CONFIRMED_FROM_VIDEO,Screen Recording 2026-08-16 223317.mp4,6,1
San Polo,Glass,Port Louis,14352.7,290,CONFIRMED_FROM_VIDEO,CONFIRMED_FROM_VIDEO,Screen Recording 2026-08-16 223317.mp4,4,2
San Polo,Glass,Port Royal,6908.5,179,CONFIRMED_FROM_VIDEO,CONFIRMED_FROM_VIDEO,Screen Recording 2026-08-16 223317.mp4,6,1
San Polo,Glass,Port-Au-Croix,11627.6,249,CONFIRMED_FROM_VIDEO,CONFIRMED_FROM_VIDEO,Screen Recording 2026-08-16 223317.mp4,6,2
San Polo,Glass,Princeton,11031.8,240,CONFIRMED_FROM_VIDEO,CONFIRMED_FROM_VIDEO,Screen Recording 2026-08-16 223317.mp4,6,2
San Polo,Glass,Puerto de San Fernando,8638.0,205,CONFIRMED_FROM_VIDEO,CONFIRMED_FROM_VIDEO,Screen Recording 2026-08-16 223317.mp4,7,1
San Polo,Glass,Saint Vincent,13328.4,275,CONFIRMED_FROM_VIDEO,CONFIRMED_FROM_VIDEO,Screen Recording 2026-08-16 223317.mp4,5,2
San Polo,Glass,Saint-Nicholas,7392.0,186,CONFIRMED_FROM_VIDEO,CONFIRMED_FROM_VIDEO,Screen Recording 2026-08-16 223317.mp4,6,1
San Polo,Glass,Sainte Rose,15399.5,306,CONFIRMED_FROM_VIDEO,CONFIRMED_FROM_VIDEO,Screen Recording 2026-08-16 223317.mp4,6,2
San Polo,Glass,San Salvador,5170.3,153,CONFIRMED_FROM_VIDEO,CONFIRMED_FROM_VIDEO,Screen Recording 2026-08-16 223317.mp4,7,1
San Polo,Glass,San Vito,3023.1,120,CONFIRMED_FROM_VIDEO,CONFIRMED_FROM_VIDEO,Screen Recording 2026-08-16 223317.mp4,7,1
San Polo,Glass,Sandy Settlement,6849.8,178,CONFIRMED_FROM_VIDEO,CONFIRMED_FROM_VIDEO,Screen Recording 2026-08-16 223317.mp4,6,1
San Polo,Glass,Santa Maria,7138.8,182,CONFIRMED_FROM_VIDEO,CONFIRMED_FROM_VIDEO,Screen Recording 2026-08-16 223317.mp4,6,1
San Polo,Glass,Sao Bento,13242.5,274,CONFIRMED_FROM_VIDEO,CONFIRMED_FROM_VIDEO,Screen Recording 2026-08-16 223317.mp4,4,2
San Polo,Glass,Snake Prosper,14848.8,298,CONFIRMED_FROM_VIDEO,CONFIRMED_FROM_VIDEO,Screen Recording 2026-08-16 223317.mp4,6,2
San Polo,Glass,Sugar Cove,14467.2,292,CONFIRMED_FROM_VIDEO,CONFIRMED_FROM_VIDEO,Screen Recording 2026-08-16 223317.mp4,4,2
San Polo,Glass,Taylor's Town,8717.5,206,CONFIRMED_FROM_VIDEO,CONFIRMED_FROM_VIDEO,Screen Recording 2026-08-16 223317.mp4,6,1
San Polo,Glass,Theresa,7926.6,194,CONFIRMED_FROM_VIDEO,CONFIRMED_FROM_VIDEO,Screen Recording 2026-08-16 223317.mp4,6,1
San Polo,Glass,Thresher Point,7126.6,182,CONFIRMED_FROM_VIDEO,CONFIRMED_FROM_VIDEO,Screen Recording 2026-08-16 223317.mp4,6,1
San Polo,Glass,Venta Nueva,11334.8,245,CONFIRMED_FROM_VIDEO,CONFIRMED_FROM_VIDEO,Screen Recording 2026-08-16 223317.mp4,4,2
San Polo,Glass,Villarreal Del Mar,10678.9,235,CONFIRMED_FROM_VIDEO,CONFIRMED_FROM_VIDEO,Screen Recording 2026-08-16 223317.mp4,1,2
San Polo,Glass,White Hook,16042.5,316,CONFIRMED_FROM_VIDEO,CONFIRMED_FROM_VIDEO,Screen Recording 2026-08-16 223317.mp4,6,2
San Polo,Glass,Wyntergard,16211.4,318,CONFIRMED_FROM_VIDEO,CONFIRMED_FROM_VIDEO,Screen Recording 2026-08-16 223317.mp4,4,2
San Polo,Glass,Yorinobu's Settlement,11566.4,248,CONFIRMED_FROM_VIDEO,CONFIRMED_FROM_VIDEO,Screen Recording 2026-08-16 223317.mp4,4,2
San Salvador,Paella,Al-Jazair,12196.5,271,CONFIRMED_FROM_VIDEO,CONFIRMED_FROM_VIDEO,Screen Recording 2026-08-16 223317.mp4,6,2
San Salvador,Paella,Ashbourne,13749.9,295,CONFIRMED_FROM_VIDEO,CONFIRMED_FROM_VIDEO,Screen Recording 2026-08-16 223317.mp4,6,2
San Salvador,Paella,Belfry Heights,7592.0,198,CONFIRMED_FROM_VIDEO,CONFIRMED_FROM_VIDEO,Screen Recording 2026-08-16 223317.mp4,12,2
San Salvador,Paella,Bucket Bay,11322.7,257,CONFIRMED_FROM_VIDEO,CONFIRMED_FROM_VIDEO,Screen Recording 2026-08-16 223317.mp4,4,2
San Salvador,Paella,Caledonia,15185.6,318,CONFIRMED_FROM_VIDEO,CONFIRMED_FROM_VIDEO,Screen Recording 2026-08-16 223317.mp4,8,2
San Salvador,Paella,Castle Landing,12638.8,278,CONFIRMED_FROM_VIDEO,CONFIRMED_FROM_VIDEO,Screen Recording 2026-08-16 223317.mp4,4,2
San Salvador,Paella,Caveira,6452.2,180,CONFIRMED_FROM_VIDEO,CONFIRMED_FROM_VIDEO,Screen Recording 2026-08-16 223317.mp4,7,1
San Salvador,Paella,Caye Tiburon,8225.6,208,CONFIRMED_FROM_VIDEO,CONFIRMED_FROM_VIDEO,Screen Recording 2026-08-16 223317.mp4,9,1
San Salvador,Paella,Crownstead,14252.6,303,CONFIRMED_FROM_VIDEO,CONFIRMED_FROM_VIDEO,Screen Recording 2026-08-16 223317.mp4,6,2
San Salvador,Paella,Cumberland Hill,15612.7,325,CONFIRMED_FROM_VIDEO,CONFIRMED_FROM_VIDEO,Screen Recording 2026-08-16 223317.mp4,3,2
San Salvador,Paella,Deadman's Murcia,15241.4,319,CONFIRMED_RECORDED_RECIPROCAL_AUDIT,CONFIRMED_FROM_VIDEO,Screen Recording 2026-08-16 223317.mp4,12,1
San Salvador,Paella,Fair Harbour,12572.4,277,CONFIRMED_FROM_VIDEO,CONFIRMED_FROM_VIDEO,Screen Recording 2026-08-16 223317.mp4,6,2
San Salvador,Paella,Falmouth,6524.5,182,CONFIRMED_FROM_VIDEO,CONFIRMED_FROM_VIDEO,Screen Recording 2026-08-16 223317.mp4,9,1
San Salvador,Paella,Gyldenvale,15609.1,325,CONFIRMED_FROM_VIDEO,CONFIRMED_FROM_VIDEO,Screen Recording 2026-08-16 223317.mp4,6,2
San Salvador,Paella,Jones' Outpost,14953.6,314,CONFIRMED_FROM_VIDEO,CONFIRMED_FROM_VIDEO,Screen Recording 2026-08-16 223317.mp4,8,2
San Salvador,Paella,Kandlerova,5250.2,161,CONFIRMED_FROM_VIDEO,CONFIRMED_FROM_VIDEO,Screen Recording 2026-08-16 223317.mp4,8,1
San Salvador,Paella,La Povenglia,6107.8,175,CONFIRMED_FROM_VIDEO,CONFIRMED_FROM_VIDEO,Screen Recording 2026-08-16 223317.mp4,7,1
San Salvador,Paella,Lebarde,10963.9,251,CONFIRMED_FROM_VIDEO,CONFIRMED_FROM_VIDEO,Screen Recording 2026-08-16 223317.mp4,2,1
San Salvador,Paella,Lord Irving's Sacrifice,5189.4,160,CONFIRMED_FROM_VIDEO,CONFIRMED_FROM_VIDEO,Screen Recording 2026-08-16 223317.mp4,4,2
San Salvador,Paella,Louisbourg,11843.2,265,CONFIRMED_FROM_VIDEO,CONFIRMED_FROM_VIDEO,Screen Recording 2026-08-16 223317.mp4,2,1
San Salvador,Paella,Madalena,7990.8,205,CONFIRMED_FROM_VIDEO,CONFIRMED_FROM_VIDEO,Screen Recording 2026-08-16 223317.mp4,7,1
San Salvador,Paella,Mako's Outlook,5475.0,165,CONFIRMED_FROM_VIDEO,CONFIRMED_FROM_VIDEO,Screen Recording 2026-08-16 223317.mp4,7,1
San Salvador,Paella,Matthew's Rest,10669.9,247,CONFIRMED_FROM_VIDEO,CONFIRMED_FROM_VIDEO,Screen Recording 2026-08-16 223317.mp4,2,1
San Salvador,Paella,Maurepas,11442.3,259,CONFIRMED_FROM_VIDEO,CONFIRMED_FROM_VIDEO,Screen Recording 2026-08-16 223317.mp4,4,2
San Salvador,Paella,New Brighton,10552.7,245,CONFIRMED_FROM_VIDEO,CONFIRMED_FROM_VIDEO,Screen Recording 2026-08-16 223317.mp4,2,3
San Salvador,Paella,New Catalina,15306.2,320,CONFIRMED_FROM_VIDEO,CONFIRMED_FROM_VIDEO,Screen Recording 2026-08-16 223317.mp4,6,2
San Salvador,Paella,Pachard Town,9764.8,233,CONFIRMED_FROM_VIDEO,CONFIRMED_FROM_VIDEO,Screen Recording 2026-08-16 223317.mp4,7,1
San Salvador,Paella,Peter's Cove,9421.0,227,CONFIRMED_FROM_VIDEO,CONFIRMED_FROM_VIDEO,Screen Recording 2026-08-16 223317.mp4,7,1
San Salvador,Paella,Petit Anvers,13425.7,290,CONFIRMED_FROM_VIDEO,CONFIRMED_FROM_VIDEO,Screen Recording 2026-08-16 223317.mp4,6,2
San Salvador,Paella,Poblado de San Juan,2313.5,115,CONFIRMED_FROM_VIDEO,CONFIRMED_FROM_VIDEO,Screen Recording 2026-08-16 223317.mp4,4,2
San Salvador,Paella,Point Rocheux,8773.9,217,CONFIRMED_FROM_VIDEO,CONFIRMED_FROM_VIDEO,Screen Recording 2026-08-16 223317.mp4,8,1
San Salvador,Paella,Ponta Delgada,10217.6,240,CONFIRMED_FROM_VIDEO,CONFIRMED_FROM_VIDEO,Screen Recording 2026-08-16 223317.mp4,6,2
San Salvador,Paella,Port Antonio,5641.1,168,CONFIRMED_FROM_VIDEO,CONFIRMED_FROM_VIDEO,Screen Recording 2026-08-16 223317.mp4,7,1
San Salvador,Paella,Port Louis,13240.8,287,CONFIRMED_FROM_VIDEO,CONFIRMED_FROM_VIDEO,Screen Recording 2026-08-16 223317.mp4,6,2
San Salvador,Paella,Port Royal,4892.4,156,CONFIRMED_FROM_VIDEO,CONFIRMED_FROM_VIDEO,Screen Recording 2026-08-16 223317.mp4,14,1
San Salvador,Paella,Port-Au-Croix,9307.2,225,CONFIRMED_FROM_VIDEO,CONFIRMED_FROM_VIDEO,Screen Recording 2026-08-16 223317.mp4,8,1
San Salvador,Paella,Princeton,11862.7,266,CONFIRMED_FROM_VIDEO,CONFIRMED_FROM_VIDEO,Screen Recording 2026-08-16 223317.mp4,4,2
San Salvador,Paella,Puerto de San Fernando,4062.9,143,CONFIRMED_FROM_VIDEO,CONFIRMED_FROM_VIDEO,Screen Recording 2026-08-16 223317.mp4,12,1
San Salvador,Paella,Saint Vincent,12954.4,283,CONFIRMED_FROM_VIDEO,CONFIRMED_FROM_VIDEO,Screen Recording 2026-08-16 223317.mp4,6,2
San Salvador,Paella,Saint-Nicholas,10789.9,249,CONFIRMED_FROM_VIDEO,CONFIRMED_FROM_VIDEO,Screen Recording 2026-08-16 223317.mp4,2,2
San Salvador,Paella,Sainte Rose,12142.7,270,CONFIRMED_FROM_VIDEO,CONFIRMED_FROM_VIDEO,Screen Recording 2026-08-16 223317.mp4,6,2
San Salvador,Paella,San Polo,5170.3,160,CONFIRMED_FROM_VIDEO,CONFIRMED_FROM_VIDEO,Screen Recording 2026-08-16 223317.mp4,6,3
San Salvador,Paella,San Vito,5110.9,159,CONFIRMED_FROM_VIDEO,CONFIRMED_FROM_VIDEO,Screen Recording 2026-08-16 223317.mp4,8,1
San Salvador,Paella,Sandy Settlement,10284.7,241,CONFIRMED_FROM_VIDEO,CONFIRMED_FROM_VIDEO,Screen Recording 2026-08-16 223317.mp4,4,2
San Salvador,Paella,Santa Maria,2040.6,111,CONFIRMED_FROM_VIDEO,CONFIRMED_FROM_VIDEO,Screen Recording 2026-08-16 223317.mp4,6,1
San Salvador,Paella,Sao Bento,8364.4,210,CONFIRMED_FROM_VIDEO,CONFIRMED_FROM_VIDEO,Screen Recording 2026-08-16 223317.mp4,8,1
San Salvador,Paella,Snake Prosper,14797.5,312,CONFIRMED_FROM_VIDEO,CONFIRMED_FROM_VIDEO,Screen Recording 2026-08-16 223317.mp4,8,2
San Salvador,Paella,Sugar Cove,16199.5,334,CONFIRMED_FROM_VIDEO,CONFIRMED_FROM_VIDEO,Screen Recording 2026-08-16 223317.mp4,6,2
San Salvador,Paella,Taylor's Town,11684.8,263,CONFIRMED_FROM_VIDEO,CONFIRMED_FROM_VIDEO,Screen Recording 2026-08-16 223317.mp4,4,2
San Salvador,Paella,Theresa,4536.0,150,CONFIRMED_FROM_VIDEO,CONFIRMED_FROM_VIDEO,Screen Recording 2026-08-16 223317.mp4,14,1
San Salvador,Paella,Thresher Point,8422.6,211,CONFIRMED_FROM_VIDEO,CONFIRMED_FROM_VIDEO,Screen Recording 2026-08-16 223317.mp4,8,1
San Salvador,Paella,Venta Nueva,7254.5,193,CONFIRMED_FROM_VIDEO,CONFIRMED_FROM_VIDEO,Screen Recording 2026-08-16 223317.mp4,9,1
San Salvador,Paella,Villarreal Del Mar,7084.9,190,CONFIRMED_FROM_VIDEO,CONFIRMED_FROM_VIDEO,Screen Recording 2026-08-16 223317.mp4,8,1
San Salvador,Paella,White Hook,15991.3,331,CONFIRMED_FROM_VIDEO,CONFIRMED_FROM_VIDEO,Screen Recording 2026-08-16 223317.mp4,6,2
San Salvador,Paella,Wyntergard,14750.5,311,CONFIRMED_FROM_VIDEO,CONFIRMED_FROM_VIDEO,Screen Recording 2026-08-16 223317.mp4,8,3
San Salvador,Paella,Yorinobu's Settlement,10900.8,250,CONFIRMED_FROM_VIDEO,CONFIRMED_FROM_VIDEO,Screen Recording 2026-08-16 223317.mp4,1,1
San Vito,Olive Oil,Al-Jazair,9166.2,255,CONFIRMED_FROM_VIDEO,CONFIRMED_FROM_VIDEO,Screen Recording 2026-08-16 223317.mp4,4,1
San Vito,Olive Oil,Ashbourne,12458.6,314,CONFIRMED_FROM_VIDEO,CONFIRMED_FROM_VIDEO,Screen Recording 2026-08-16 223317.mp4,8,2
San Vito,Olive Oil,Belfry Heights,3402.0,151,CONFIRMED_FROM_VIDEO,CONFIRMED_FROM_VIDEO,Screen Recording 2026-08-16 223317.mp4,9,1
San Vito,Olive Oil,Bucket Bay,9598.5,263,CONFIRMED_FROM_VIDEO,CONFIRMED_FROM_VIDEO,Screen Recording 2026-08-16 223317.mp4,6,1
San Vito,Olive Oil,Caledonia,12204.6,310,CONFIRMED_FROM_VIDEO,CONFIRMED_FROM_VIDEO,Screen Recording 2026-08-16 223317.mp4,8,2
San Vito,Olive Oil,Castle Landing,8411.4,241,CONFIRMED_FROM_VIDEO,CONFIRMED_FROM_VIDEO,Screen Recording 2026-08-16 223317.mp4,6,1
San Vito,Olive Oil,Caveira,10196.8,274,CONFIRMED_FROM_VIDEO,CONFIRMED_FROM_VIDEO,Screen Recording 2026-08-16 223317.mp4,4,3
San Vito,Olive Oil,Caye Tiburon,4770.6,176,CONFIRMED_FROM_VIDEO,CONFIRMED_FROM_VIDEO,Screen Recording 2026-08-16 223317.mp4,8,1
San Vito,Olive Oil,Crownstead,13161.4,327,CONFIRMED_FROM_VIDEO,CONFIRMED_FROM_VIDEO,Screen Recording 2026-08-16 223317.mp4,4,2
San Vito,Olive Oil,Cumberland Hill,11516.6,297,CONFIRMED_FROM_VIDEO,CONFIRMED_FROM_VIDEO,Screen Recording 2026-08-16 223317.mp4,3,2
San Vito,Olive Oil,Deadman's Murcia,12506.6,315,CONFIRMED_RECORDED_RECIPROCAL_AUDIT,CONFIRMED_FROM_VIDEO,Screen Recording 2026-08-16 223317.mp4,7,1
San Vito,Olive Oil,Fair Harbour,10535.0,280,CONFIRMED_FROM_VIDEO,CONFIRMED_FROM_VIDEO,Screen Recording 2026-08-16 223317.mp4,8,1
San Vito,Olive Oil,Falmouth,6911.8,214,CONFIRMED_FROM_VIDEO,CONFIRMED_FROM_VIDEO,Screen Recording 2026-08-16 223317.mp4,6,1
San Vito,Olive Oil,Gyldenvale,14359.7,348,CONFIRMED_FROM_VIDEO,CONFIRMED_FROM_VIDEO,Screen Recording 2026-08-16 223317.mp4,4,2
San Vito,Olive Oil,Jones' Outpost,11052.9,289,CONFIRMED_FROM_VIDEO,CONFIRMED_FROM_VIDEO,Screen Recording 2026-08-16 223317.mp4,4,2
San Vito,Olive Oil,Kandlerova,3924.8,161,CONFIRMED_FROM_VIDEO,CONFIRMED_FROM_VIDEO,Screen Recording 2026-08-16 223317.mp4,5,1
San Vito,Olive Oil,La Povenglia,1718.2,121,CONFIRMED_FROM_VIDEO,CONFIRMED_FROM_VIDEO,Screen Recording 2026-08-16 223317.mp4,7,1
San Vito,Olive Oil,Lebarde,6749.0,211,CONFIRMED_FROM_VIDEO,CONFIRMED_FROM_VIDEO,Screen Recording 2026-08-16 223317.mp4,6,1
San Vito,Olive Oil,Lord Irving's Sacrifice,2605.4,137,CONFIRMED_FROM_VIDEO,CONFIRMED_FROM_VIDEO,Screen Recording 2026-08-16 223317.mp4,6,1
San Vito,Olive Oil,Louisbourg,12094.0,308,CONFIRMED_FROM_VIDEO,CONFIRMED_FROM_VIDEO,Screen Recording 2026-08-16 223317.mp4,7,1
San Vito,Olive Oil,Madalena,12059.6,307,CONFIRMED_FROM_VIDEO,CONFIRMED_FROM_VIDEO,Screen Recording 2026-08-16 223317.mp4,4,2
San Vito,Olive Oil,Mako's Outlook,2013.1,126,CONFIRMED_FROM_VIDEO,CONFIRMED_FROM_VIDEO,Screen Recording 2026-08-16 223317.mp4,7,1
San Vito,Olive Oil,Matthew's Rest,9305.7,258,CONFIRMED_FROM_VIDEO,CONFIRMED_FROM_VIDEO,Screen Recording 2026-08-16 223317.mp4,6,1
San Vito,Olive Oil,Maurepas,11398.5,295,CONFIRMED_FROM_VIDEO,CONFIRMED_FROM_VIDEO,Screen Recording 2026-08-16 223317.mp4,6,2
San Vito,Olive Oil,New Brighton,7770.0,230,CONFIRMED_FROM_VIDEO,CONFIRMED_FROM_VIDEO,Screen Recording 2026-08-16 223317.mp4,6,1
San Vito,Olive Oil,New Catalina,11114.1,290,CONFIRMED_FROM_VIDEO,CONFIRMED_FROM_VIDEO,Screen Recording 2026-08-16 223317.mp4,4,2
San Vito,Olive Oil,Pachard Town,8751.9,248,CONFIRMED_FROM_VIDEO,CONFIRMED_FROM_VIDEO,Screen Recording 2026-08-16 223317.mp4,5,1
San Vito,Olive Oil,Peter's Cove,4381.1,169,CONFIRMED_FROM_VIDEO,CONFIRMED_FROM_VIDEO,Screen Recording 2026-08-16 223317.mp4,5,1
San Vito,Olive Oil,Petit Anvers,13617.3,335,CONFIRMED_FROM_VIDEO,CONFIRMED_FROM_VIDEO,Screen Recording 2026-08-16 223317.mp4,4,2
San Vito,Olive Oil,Poblado de San Juan,7004.8,216,CONFIRMED_FROM_VIDEO,CONFIRMED_FROM_VIDEO,Screen Recording 2026-08-16 223317.mp4,1,2
San Vito,Olive Oil,Point Rocheux,8929.6,251,CONFIRMED_FROM_VIDEO,CONFIRMED_FROM_VIDEO,Screen Recording 2026-08-16 223317.mp4,6,1
San Vito,Olive Oil,Ponta Delgada,13524.4,333,CONFIRMED_FROM_VIDEO,CONFIRMED_FROM_VIDEO,Screen Recording 2026-08-16 223317.mp4,4,2
San Vito,Olive Oil,Port Antonio,6785.5,212,CONFIRMED_FROM_VIDEO,CONFIRMED_FROM_VIDEO,Screen Recording 2026-08-16 223317.mp4,6,1
San Vito,Olive Oil,Port Louis,11341.9,294,CONFIRMED_FROM_VIDEO,CONFIRMED_FROM_VIDEO,Screen Recording 2026-08-16 223317.mp4,8,3
San Vito,Olive Oil,Port Royal,4426.7,170,CONFIRMED_FROM_VIDEO,CONFIRMED_FROM_VIDEO,Screen Recording 2026-08-16 223317.mp4,5,1
San Vito,Olive Oil,Port-Au-Croix,8862.1,250,CONFIRMED_FROM_VIDEO,CONFIRMED_FROM_VIDEO,Screen Recording 2026-08-16 223317.mp4,6,1
San Vito,Olive Oil,Princeton,8136.7,236,CONFIRMED_FROM_VIDEO,CONFIRMED_FROM_VIDEO,Screen Recording 2026-08-16 223317.mp4,6,1
San Vito,Olive Oil,Puerto de San Fernando,7263.7,221,CONFIRMED_FROM_VIDEO,CONFIRMED_FROM_VIDEO,Screen Recording 2026-08-16 223317.mp4,6,1
San Vito,Olive Oil,Saint Vincent,10310.0,276,CONFIRMED_FROM_VIDEO,CONFIRMED_FROM_VIDEO,Screen Recording 2026-08-16 223317.mp4,8,1
San Vito,Olive Oil,Saint-Nicholas,5695.2,193,CONFIRMED_FROM_VIDEO,CONFIRMED_FROM_VIDEO,Screen Recording 2026-08-16 223317.mp4,6,1
San Vito,Olive Oil,Sainte Rose,12833.7,321,CONFIRMED_FROM_VIDEO,CONFIRMED_FROM_VIDEO,Screen Recording 2026-08-16 223317.mp4,4,2
San Vito,Olive Oil,San Polo,3023.1,144,CONFIRMED_FROM_VIDEO,CONFIRMED_FROM_VIDEO,Screen Recording 2026-08-16 223317.mp4,7,1
San Vito,Olive Oil,San Salvador,5110.9,182,CONFIRMED_FROM_VIDEO,CONFIRMED_FROM_VIDEO,Screen Recording 2026-08-16 223317.mp4,6,1
San Vito,Olive Oil,Sandy Settlement,5181.4,183,CONFIRMED_FROM_VIDEO,CONFIRMED_FROM_VIDEO,Screen Recording 2026-08-16 223317.mp4,6,1
San Vito,Olive Oil,Santa Maria,6562.6,208,CONFIRMED_FROM_VIDEO,CONFIRMED_FROM_VIDEO,Screen Recording 2026-08-16 223317.mp4,4,1
San Vito,Olive Oil,Sao Bento,11850.6,303,CONFIRMED_FROM_VIDEO,CONFIRMED_FROM_VIDEO,Screen Recording 2026-08-16 223317.mp4,6,2
San Vito,Olive Oil,Snake Prosper,11858.8,303,CONFIRMED_FROM_VIDEO,CONFIRMED_FROM_VIDEO,Screen Recording 2026-08-16 223317.mp4,6,2
San Vito,Olive Oil,Sugar Cove,11893.1,304,CONFIRMED_FROM_VIDEO,CONFIRMED_FROM_VIDEO,Screen Recording 2026-08-16 223317.mp4,6,2
San Vito,Olive Oil,Taylor's Town,6699.0,211,CONFIRMED_FROM_VIDEO,CONFIRMED_FROM_VIDEO,Screen Recording 2026-08-16 223317.mp4,6,1
San Vito,Olive Oil,Theresa,5899.2,196,CONFIRMED_FROM_VIDEO,CONFIRMED_FROM_VIDEO,Screen Recording 2026-08-16 223317.mp4,2,2
San Vito,Olive Oil,Thresher Point,4236.9,166,CONFIRMED_FROM_VIDEO,CONFIRMED_FROM_VIDEO,Screen Recording 2026-08-16 223317.mp4,5,1
San Vito,Olive Oil,Venta Nueva,9349.5,258,CONFIRMED_FROM_VIDEO,CONFIRMED_FROM_VIDEO,Screen Recording 2026-08-16 223317.mp4,6,1
San Vito,Olive Oil,Villarreal Del Mar,8459.9,242,CONFIRMED_FROM_VIDEO,CONFIRMED_FROM_VIDEO,Screen Recording 2026-08-16 223317.mp4,6,1
San Vito,Olive Oil,White Hook,13058.6,325,CONFIRMED_FROM_VIDEO,CONFIRMED_FROM_VIDEO,Screen Recording 2026-08-16 223317.mp4,4,2
San Vito,Olive Oil,Wyntergard,13218.0,328,CONFIRMED_FROM_VIDEO,CONFIRMED_FROM_VIDEO,Screen Recording 2026-08-16 223317.mp4,7,1
San Vito,Olive Oil,Yorinobu's Settlement,8546.4,244,CONFIRMED_FROM_VIDEO,CONFIRMED_FROM_VIDEO,Screen Recording 2026-08-16 223317.mp4,1,1
Sandy Settlement,Diamonds,Al-Jazair,8073.7,301,CONFIRMED_FROM_VIDEO,CONFIRMED_FROM_VIDEO,Screen Recording 2026-08-16 223317.mp4,3,1
Sandy Settlement,Diamonds,Ashbourne,12820.1,410,CONFIRMED_FROM_VIDEO,CONFIRMED_FROM_VIDEO,Screen Recording 2026-08-16 223317.mp4,4,2
Sandy Settlement,Diamonds,Belfry Heights,4005.2,207,CONFIRMED_FROM_VIDEO,CONFIRMED_FROM_VIDEO,Screen Recording 2026-08-16 223317.mp4,9,1
Sandy Settlement,Diamonds,Bucket Bay,10065.4,347,CONFIRMED_FROM_VIDEO,CONFIRMED_FROM_VIDEO,Screen Recording 2026-08-16 223317.mp4,3,1
Sandy Settlement,Diamonds,Caledonia,10534.1,357,CONFIRMED_FROM_VIDEO,CONFIRMED_FROM_VIDEO,Screen Recording 2026-08-16 223317.mp4,6,2
Sandy Settlement,Diamonds,Castle Landing,5430.0,240,CONFIRMED_FROM_VIDEO,CONFIRMED_FROM_VIDEO,Screen Recording 2026-08-16 223317.mp4,6,2
Sandy Settlement,Diamonds,Caveira,14695.2,453,CONFIRMED_FROM_VIDEO,CONFIRMED_FROM_VIDEO,Screen Recording 2026-08-16 223317.mp4,6,2
Sandy Settlement,Diamonds,Caye Tiburon,5207.3,235,CONFIRMED_FROM_VIDEO,CONFIRMED_FROM_VIDEO,Screen Recording 2026-08-16 223317.mp4,11,1
Sandy Settlement,Diamonds,Crownstead,13629.3,428,CONFIRMED_FROM_VIDEO,CONFIRMED_FROM_VIDEO,Screen Recording 2026-08-16 223317.mp4,6,2
Sandy Settlement,Diamonds,Cumberland Hill,8198.5,304,CONFIRMED_FROM_VIDEO,CONFIRMED_FROM_VIDEO,Screen Recording 2026-08-16 223317.mp4,4,2
Sandy Settlement,Diamonds,Deadman's Murcia,11126.1,371,CONFIRMED_FROM_VIDEO,CONFIRMED_FROM_VIDEO,Screen Recording 2026-08-16 223317.mp4,7,5
Sandy Settlement,Diamonds,Fair Harbour,10412.5,354,CONFIRMED_FROM_VIDEO,CONFIRMED_FROM_VIDEO,Screen Recording 2026-08-16 223317.mp4,8,2
Sandy Settlement,Diamonds,Falmouth,10067.3,347,CONFIRMED_FROM_VIDEO,CONFIRMED_FROM_VIDEO,Screen Recording 2026-08-16 223317.mp4,3,1
Sandy Settlement,Diamonds,Gyldenvale,14498.4,448,CONFIRMED_FROM_VIDEO,CONFIRMED_FROM_VIDEO,Screen Recording 2026-08-16 223317.mp4,6,2
Sandy Settlement,Diamonds,Jones' Outpost,8143.5,302,CONFIRMED_FROM_VIDEO,CONFIRMED_FROM_VIDEO,Screen Recording 2026-08-16 223317.mp4,7,1
Sandy Settlement,Diamonds,Kandlerova,7700.2,292,CONFIRMED_FROM_VIDEO,CONFIRMED_FROM_VIDEO,Screen Recording 2026-08-16 223317.mp4,7,1
Sandy Settlement,Diamonds,La Povenglia,4763.1,225,CONFIRMED_FROM_VIDEO,CONFIRMED_FROM_VIDEO,Screen Recording 2026-08-16 223317.mp4,10,1
Sandy Settlement,Diamonds,Lebarde,4417.5,217,CONFIRMED_FROM_VIDEO,CONFIRMED_FROM_VIDEO,Screen Recording 2026-08-16 223317.mp4,9,1
Sandy Settlement,Diamonds,Lord Irving's Sacrifice,6136.5,256,CONFIRMED_FROM_VIDEO,CONFIRMED_FROM_VIDEO,Screen Recording 2026-08-16 223317.mp4,7,1
Sandy Settlement,Diamonds,Louisbourg,14010.0,437,CONFIRMED_FROM_VIDEO,CONFIRMED_FROM_VIDEO,Screen Recording 2026-08-16 223317.mp4,9,1
Sandy Settlement,Diamonds,Madalena,16627.5,497,CONFIRMED_FROM_VIDEO,CONFIRMED_FROM_VIDEO,Screen Recording 2026-08-16 223317.mp4,6,2
Sandy Settlement,Diamonds,Mako's Outlook,5431.1,240,CONFIRMED_FROM_VIDEO,CONFIRMED_FROM_VIDEO,Screen Recording 2026-08-16 223317.mp4,10,2
Sandy Settlement,Diamonds,Matthew's Rest,10241.7,351,CONFIRMED_FROM_VIDEO,CONFIRMED_FROM_VIDEO,Screen Recording 2026-08-16 223317.mp4,6,2
Sandy Settlement,Diamonds,Maurepas,13164.4,418,CONFIRMED_FROM_VIDEO,CONFIRMED_FROM_VIDEO,Screen Recording 2026-08-16 223317.mp4,2,3
Sandy Settlement,Diamonds,New Brighton,7497.4,287,CONFIRMED_FROM_VIDEO,CONFIRMED_FROM_VIDEO,Screen Recording 2026-08-16 223317.mp4,7,1
Sandy Settlement,Diamonds,New Catalina,7675.9,292,CONFIRMED_FROM_VIDEO,CONFIRMED_FROM_VIDEO,Screen Recording 2026-08-16 223317.mp4,7,1
Sandy Settlement,Diamonds,Pachard Town,10195.1,349,CONFIRMED_FROM_VIDEO,CONFIRMED_FROM_VIDEO,Screen Recording 2026-08-16 223317.mp4,6,2
Sandy Settlement,Diamonds,Peter's Cove,1133.5,141,CONFIRMED_FROM_VIDEO,CONFIRMED_FROM_VIDEO,Screen Recording 2026-08-16 223317.mp4,5,1
Sandy Settlement,Diamonds,Petit Anvers,15275.8,466,CONFIRMED_FROM_VIDEO,CONFIRMED_FROM_VIDEO,Screen Recording 2026-08-16 223317.mp4,6,2
Sandy Settlement,Diamonds,Poblado de San Juan,12052.9,392,CONFIRMED_FROM_VIDEO,CONFIRMED_FROM_VIDEO,Screen Recording 2026-08-16 223317.mp4,4,2
Sandy Settlement,Diamonds,Point Rocheux,11359.2,376,CONFIRMED_FROM_VIDEO,CONFIRMED_FROM_VIDEO,Screen Recording 2026-08-16 223317.mp4,6,2
Sandy Settlement,Diamonds,Ponta Delgada,17563.5,519,CONFIRMED_FROM_VIDEO,CONFIRMED_FROM_VIDEO,Screen Recording 2026-08-16 223317.mp4,6,2
Sandy Settlement,Diamonds,Port Antonio,10453.3,355,CONFIRMED_FROM_VIDEO,CONFIRMED_FROM_VIDEO,Screen Recording 2026-08-16 223317.mp4,6,2
Sandy Settlement,Diamonds,Port Louis,11216.7,373,CONFIRMED_FROM_VIDEO,CONFIRMED_FROM_VIDEO,Screen Recording 2026-08-16 223317.mp4,8,3
Sandy Settlement,Diamonds,Port Royal,8085.1,301,CONFIRMED_FROM_VIDEO,CONFIRMED_FROM_VIDEO,Screen Recording 2026-08-16 223317.mp4,7,1
Sandy Settlement,Diamonds,Port-Au-Croix,10802.5,363,CONFIRMED_FROM_VIDEO,CONFIRMED_FROM_VIDEO,Screen Recording 2026-08-16 223317.mp4,3,2
Sandy Settlement,Diamonds,Princeton,6234.0,258,CONFIRMED_FROM_VIDEO,CONFIRMED_FROM_VIDEO,Screen Recording 2026-08-16 223317.mp4,7,1
Sandy Settlement,Diamonds,Puerto de San Fernando,11811.8,387,CONFIRMED_FROM_VIDEO,CONFIRMED_FROM_VIDEO,Screen Recording 2026-08-16 223317.mp4,4,2
Sandy Settlement,Diamonds,Saint Vincent,9467.2,333,CONFIRMED_FROM_VIDEO,CONFIRMED_FROM_VIDEO,Screen Recording 2026-08-16 223317.mp4,8,2
Sandy Settlement,Diamonds,Saint-Nicholas,543.6,128,CONFIRMED_FROM_VIDEO,CONFIRMED_FROM_VIDEO,Screen Recording 2026-08-16 223317.mp4,3,1
Sandy Settlement,Diamonds,Sainte Rose,15025.0,461,CONFIRMED_FROM_VIDEO,CONFIRMED_FROM_VIDEO,Screen Recording 2026-08-16 223317.mp4,9,1
Sandy Settlement,Diamonds,San Polo,6849.8,273,CONFIRMED_FROM_VIDEO,CONFIRMED_FROM_VIDEO,Screen Recording 2026-08-16 223317.mp4,7,1
Sandy Settlement,Diamonds,San Salvador,10284.7,352,CONFIRMED_FROM_VIDEO,CONFIRMED_FROM_VIDEO,Screen Recording 2026-08-16 223317.mp4,8,2
Sandy Settlement,Diamonds,San Vito,5181.4,234,CONFIRMED_FROM_VIDEO,CONFIRMED_FROM_VIDEO,Screen Recording 2026-08-16 223317.mp4,11,1
Sandy Settlement,Diamonds,Santa Maria,11591.2,382,CONFIRMED_FROM_VIDEO,CONFIRMED_FROM_VIDEO,Screen Recording 2026-08-16 223317.mp4,6,2
Sandy Settlement,Diamonds,Sao Bento,16100.5,485,CONFIRMED_FROM_VIDEO,CONFIRMED_FROM_VIDEO,Screen Recording 2026-08-16 223317.mp4,6,2
Sandy Settlement,Diamonds,Snake Prosper,10304.3,352,CONFIRMED_FROM_VIDEO,CONFIRMED_FROM_VIDEO,Screen Recording 2026-08-16 223317.mp4,6,2
Sandy Settlement,Diamonds,Sugar Cove,8154.3,303,CONFIRMED_FROM_VIDEO,CONFIRMED_FROM_VIDEO,Screen Recording 2026-08-16 223317.mp4,7,1
Sandy Settlement,Diamonds,Taylor's Town,1983.0,161,CONFIRMED_FROM_VIDEO,CONFIRMED_FROM_VIDEO,Screen Recording 2026-08-16 223317.mp4,7,2
Sandy Settlement,Diamonds,Theresa,9946.8,344,CONFIRMED_FROM_VIDEO,CONFIRMED_FROM_VIDEO,Screen Recording 2026-08-16 223317.mp4,4,1
Sandy Settlement,Diamonds,Thresher Point,3872.4,204,CONFIRMED_FROM_VIDEO,CONFIRMED_FROM_VIDEO,Screen Recording 2026-08-16 223317.mp4,9,1
Sandy Settlement,Diamonds,Venta Nueva,13041.7,415,CONFIRMED_FROM_VIDEO,CONFIRMED_FROM_VIDEO,Screen Recording 2026-08-16 223317.mp4,2,2
Sandy Settlement,Diamonds,Villarreal Del Mar,11865.6,388,CONFIRMED_RECORDED_RECIPROCAL_AUDIT,CONFIRMED_FROM_VIDEO,Screen Recording 2026-08-16 223317.mp4,6,1
Sandy Settlement,Diamonds,White Hook,11328.7,376,CONFIRMED_FROM_VIDEO,CONFIRMED_FROM_VIDEO,Screen Recording 2026-08-16 223317.mp4,6,2
Sandy Settlement,Diamonds,Wyntergard,13198.4,419,CONFIRMED_FROM_VIDEO,CONFIRMED_FROM_VIDEO,Screen Recording 2026-08-16 223317.mp4,6,2
Sandy Settlement,Diamonds,Yorinobu's Settlement,8566.2,312,CONFIRMED_FROM_VIDEO,CONFIRMED_FROM_VIDEO,Screen Recording 2026-08-16 223317.mp4,1,
Santa Maria,Tamales,Al-Jazair,12174.2,270,CONFIRMED_FROM_VIDEO,CONFIRMED_FROM_VIDEO,Screen Recording 2026-08-16 223317.mp4,4,2
Santa Maria,Tamales,Ashbourne,12953.2,283,CONFIRMED_FROM_VIDEO,CONFIRMED_FROM_VIDEO,Screen Recording 2026-08-16 223317.mp4,4,2
Santa Maria,Tamales,Belfry Heights,8395.0,211,CONFIRMED_FROM_VIDEO,CONFIRMED_FROM_VIDEO,Screen Recording 2026-08-16 223317.mp4,4,1
Santa Maria,Tamales,Bucket Bay,10806.8,249,CONFIRMED_FROM_VIDEO,CONFIRMED_FROM_VIDEO,Screen Recording 2026-08-16 223317.mp4,6,2
Santa Maria,Tamales,Caledonia,15029.5,315,CONFIRMED_FROM_VIDEO,CONFIRMED_FROM_VIDEO,Screen Recording 2026-08-16 223317.mp4,4,2
Santa Maria,Tamales,Castle Landing,13174.1,286,CONFIRMED_FROM_VIDEO,CONFIRMED_FROM_VIDEO,Screen Recording 2026-08-16 223317.mp4,4,2
Santa Maria,Tamales,Caveira,4420.7,148,CONFIRMED_FROM_VIDEO,CONFIRMED_FROM_VIDEO,Screen Recording 2026-08-16 223317.mp4,10,1
Santa Maria,Tamales,Caye Tiburon,8660.4,215,CONFIRMED_FROM_VIDEO,CONFIRMED_FROM_VIDEO,Screen Recording 2026-08-16 223317.mp4,4,1
Santa Maria,Tamales,Crownstead,13363.3,289,CONFIRMED_FROM_VIDEO,CONFIRMED_FROM_VIDEO,Screen Recording 2026-08-16 223317.mp4,4,2
Santa Maria,Tamales,Cumberland Hill,15993.8,331,CONFIRMED_RECORDED_RECIPROCAL_AUDIT,CONFIRMED_FROM_VIDEO,Screen Recording 2026-08-16 223317.mp4,3,1
Santa Maria,Tamales,Deadman's Murcia,14975.4,315,CONFIRMED_RECORDED_RECIPROCAL_AUDIT,CONFIRMED_FROM_VIDEO,Screen Recording 2026-08-16 223317.mp4,7,1
Santa Maria,Tamales,Fair Harbour,12116.5,270,CONFIRMED_RECORDED_RECIPROCAL_AUDIT,CONFIRMED_FROM_VIDEO,Screen Recording 2026-08-16 223317.mp4,1,1
Santa Maria,Tamales,Falmouth,5645.3,168,CONFIRMED_FROM_VIDEO,CONFIRMED_FROM_VIDEO,Screen Recording 2026-08-16 223317.mp4,12,1
Santa Maria,Tamales,Gyldenvale,14737.1,311,CONFIRMED_FROM_VIDEO,CONFIRMED_FROM_VIDEO,Screen Recording 2026-08-16 223317.mp4,4,2
Santa Maria,Tamales,Jones' Outpost,15245.2,319,CONFIRMED_FROM_VIDEO,CONFIRMED_FROM_VIDEO,Screen Recording 2026-08-16 223317.mp4,4,2
Santa Maria,Tamales,Kandlerova,7277.5,193,CONFIRMED_FROM_VIDEO,CONFIRMED_FROM_VIDEO,Screen Recording 2026-08-16 223317.mp4,9,1
Santa Maria,Tamales,La Povenglia,7820.5,202,CONFIRMED_FROM_VIDEO,CONFIRMED_FROM_VIDEO,Screen Recording 2026-08-16 223317.mp4,6,1
Santa Maria,Tamales,Lebarde,11556.8,261,CONFIRMED_FROM_VIDEO,CONFIRMED_FROM_VIDEO,Screen Recording 2026-08-16 223317.mp4,6,2
Santa Maria,Tamales,Lord Irving's Sacrifice,5850.1,171,CONFIRMED_FROM_VIDEO,CONFIRMED_FROM_VIDEO,Screen Recording 2026-08-16 223317.mp4,6,1
Santa Maria,Tamales,Louisbourg,10568.0,245,CONFIRMED_FROM_VIDEO,CONFIRMED_FROM_VIDEO,Screen Recording 2026-08-16 223317.mp4,8,1
Santa Maria,Tamales,Madalena,5960.5,173,CONFIRMED_FROM_VIDEO,CONFIRMED_FROM_VIDEO,Screen Recording 2026-08-16 223317.mp4,6,1
Santa Maria,Tamales,Mako's Outlook,6354.5,179,CONFIRMED_FROM_VIDEO,CONFIRMED_FROM_VIDEO,Screen Recording 2026-08-16 223317.mp4,6,1
Santa Maria,Tamales,Matthew's Rest,10052.7,237,CONFIRMED_FROM_VIDEO,CONFIRMED_FROM_VIDEO,Screen Recording 2026-08-16 223317.mp4,6,2
Santa Maria,Tamales,Maurepas,10287.2,241,CONFIRMED_FROM_VIDEO,CONFIRMED_FROM_VIDEO,Screen Recording 2026-08-16 223317.mp4,6,2
Santa Maria,Tamales,New Brighton,10516.0,244,CONFIRMED_FROM_VIDEO,CONFIRMED_FROM_VIDEO,Screen Recording 2026-08-16 223317.mp4,8,1
Santa Maria,Tamales,New Catalina,15748.6,327,CONFIRMED_FROM_VIDEO,CONFIRMED_FROM_VIDEO,Screen Recording 2026-08-16 223317.mp4,4,2
Santa Maria,Tamales,Pachard Town,9075.5,222,CONFIRMED_FROM_VIDEO,CONFIRMED_FROM_VIDEO,Screen Recording 2026-08-16 223317.mp4,4,1
Santa Maria,Tamales,Peter's Cove,10625.1,246,CONFIRMED_FROM_VIDEO,CONFIRMED_FROM_VIDEO,Screen Recording 2026-08-16 223317.mp4,6,1
Santa Maria,Tamales,Petit Anvers,12113.7,270,CONFIRMED_FROM_VIDEO,CONFIRMED_FROM_VIDEO,Screen Recording 2026-08-16 223317.mp4,4,2
Santa Maria,Tamales,Poblado de San Juan,475.5,86,CONFIRMED_FROM_VIDEO,CONFIRMED_FROM_VIDEO,Screen Recording 2026-08-16 223317.mp4,4,2
Santa Maria,Tamales,Point Rocheux,7716.2,200,CONFIRMED_FROM_VIDEO,CONFIRMED_FROM_VIDEO,Screen Recording 2026-08-16 223317.mp4,6,1
Santa Maria,Tamales,Ponta Delgada,8199.9,208,CONFIRMED_FROM_VIDEO,CONFIRMED_FROM_VIDEO,Screen Recording 2026-08-16 223317.mp4,4,1
Santa Maria,Tamales,Port Antonio,4593.0,151,CONFIRMED_FROM_VIDEO,CONFIRMED_FROM_VIDEO,Screen Recording 2026-08-16 223317.mp4,10,1
Santa Maria,Tamales,Port Louis,12700.2,279,CONFIRMED_FROM_VIDEO,CONFIRMED_FROM_VIDEO,Screen Recording 2026-08-16 223317.mp4,4,2
Santa Maria,Tamales,Port Royal,4799.7,154,CONFIRMED_FROM_VIDEO,CONFIRMED_FROM_VIDEO,Screen Recording 2026-08-16 223317.mp4,12,1
Santa Maria,Tamales,Port-Au-Croix,8434.9,212,CONFIRMED_FROM_VIDEO,CONFIRMED_FROM_VIDEO,Screen Recording 2026-08-16 223317.mp4,4,1
Santa Maria,Tamales,Princeton,12172.4,270,CONFIRMED_FROM_VIDEO,CONFIRMED_FROM_VIDEO,Screen Recording 2026-08-16 223317.mp4,4,2
Santa Maria,Tamales,Puerto de San Fernando,2341.8,116,CONFIRMED_FROM_VIDEO,CONFIRMED_FROM_VIDEO,Screen Recording 2026-08-16 223317.mp4,6,1
Santa Maria,Tamales,Saint Vincent,12731.9,279,CONFIRMED_FROM_VIDEO,CONFIRMED_FROM_VIDEO,Screen Recording 2026-08-16 223317.mp4,4,2
Santa Maria,Tamales,Saint-Nicholas,12063.0,269,CONFIRMED_FROM_VIDEO,CONFIRMED_FROM_VIDEO,Screen Recording 2026-08-16 223317.mp4,3,1
Santa Maria,Tamales,Sainte Rose,10710.5,247,CONFIRMED_FROM_VIDEO,CONFIRMED_FROM_VIDEO,Screen Recording 2026-08-16 223317.mp4,6,2
Santa Maria,Tamales,San Polo,7138.8,191,CONFIRMED_FROM_VIDEO,CONFIRMED_FROM_VIDEO,Screen Recording 2026-08-16 223317.mp4,6,1
Santa Maria,Tamales,San Salvador,2040.6,111,CONFIRMED_FROM_VIDEO,CONFIRMED_FROM_VIDEO,Screen Recording 2026-08-16 223317.mp4,6,1
Santa Maria,Tamales,San Vito,6562.6,182,CONFIRMED_FROM_VIDEO,CONFIRMED_FROM_VIDEO,Screen Recording 2026-08-16 223317.mp4,6,1
Santa Maria,Tamales,Sandy Settlement,11591.2,261,CONFIRMED_RECORDED_RECIPROCAL_AUDIT,CONFIRMED_FROM_VIDEO,Screen Recording 2026-08-16 223317.mp4,8,1
Santa Maria,Tamales,Sao Bento,6341.3,179,CONFIRMED_FROM_VIDEO,CONFIRMED_FROM_VIDEO,Screen Recording 2026-08-16 223317.mp4,6,1
Santa Maria,Tamales,Snake Prosper,14634.5,309,CONFIRMED_FROM_VIDEO,CONFIRMED_FROM_VIDEO,Screen Recording 2026-08-16 223317.mp4,4,2
Santa Maria,Tamales,Sugar Cove,16690.8,342,CONFIRMED_FROM_VIDEO,CONFIRMED_FROM_VIDEO,Screen Recording 2026-08-16 223317.mp4,4,2
Santa Maria,Tamales,Taylor's Town,12777.1,280,CONFIRMED_FROM_VIDEO,CONFIRMED_FROM_VIDEO,Screen Recording 2026-08-16 223317.mp4,4,2
Santa Maria,Tamales,Theresa,3675.6,137,CONFIRMED_FROM_VIDEO,CONFIRMED_FROM_VIDEO,Screen Recording 2026-08-16 223317.mp4,10,1
Santa Maria,Tamales,Thresher Point,9151.0,223,CONFIRMED_FROM_VIDEO,CONFIRMED_FROM_VIDEO,Screen Recording 2026-08-16 223317.mp4,4,1
Santa Maria,Tamales,Venta Nueva,5606.6,167,CONFIRMED_FROM_VIDEO,CONFIRMED_FROM_VIDEO,Screen Recording 2026-08-16 223317.mp4,12,1
Santa Maria,Tamales,Villarreal Del Mar,5720.1,169,CONFIRMED_FROM_VIDEO,CONFIRMED_FROM_VIDEO,Screen Recording 2026-08-16 223317.mp4,6,1
Santa Maria,Tamales,White Hook,15790.8,327,CONFIRMED_FROM_VIDEO,CONFIRMED_FROM_VIDEO,Screen Recording 2026-08-16 223317.mp4,4,2
Santa Maria,Tamales,Wyntergard,14011.2,299,CONFIRMED_FROM_VIDEO,CONFIRMED_FROM_VIDEO,Screen Recording 2026-08-16 223317.mp4,6,4
Santa Maria,Tamales,Yorinobu's Settlement,10664.3,247,CONFIRMED_FROM_VIDEO,CONFIRMED_FROM_VIDEO,Screen Recording 2026-08-16 223317.mp4,5,2
Sao Bento,Bananas,Al-Jazair,13281.9,311,CONFIRMED_FROM_VIDEO,CONFIRMED_FROM_VIDEO,Screen Recording 2026-08-16 223317.mp4,4,2
Sao Bento,Bananas,Ashbourne,11492.5,280,CONFIRMED_FROM_VIDEO,CONFIRMED_FROM_VIDEO,Screen Recording 2026-08-16 223317.mp4,6,3
Sao Bento,Bananas,Belfry Heights,12207.7,293,CONFIRMED_FROM_VIDEO,CONFIRMED_FROM_VIDEO,Screen Recording 2026-08-16 223317.mp4,6,2
Sao Bento,Bananas,Bucket Bay,10695.9,267,CONFIRMED_FROM_VIDEO,CONFIRMED_FROM_VIDEO,Screen Recording 2026-08-16 223317.mp4,3,1
Sao Bento,Bananas,Caledonia,15354.4,346,CONFIRMED_FROM_VIDEO,CONFIRMED_FROM_VIDEO,Screen Recording 2026-08-16 223317.mp4,8,2
Sao Bento,Bananas,Castle Landing,15663.9,351,CONFIRMED_FROM_VIDEO,CONFIRMED_FROM_VIDEO,Screen Recording 2026-08-16 223317.mp4,8,2
Sao Bento,Bananas,Caveira,1930.4,118,CONFIRMED_FROM_VIDEO,CONFIRMED_FROM_VIDEO,Screen Recording 2026-08-16 223317.mp4,6,1
Sao Bento,Bananas,Caye Tiburon,11617.1,282,CONFIRMED_FROM_VIDEO,CONFIRMED_FROM_VIDEO,Screen Recording 2026-08-16 223317.mp4,4,2
Sao Bento,Bananas,Crownstead,11511.6,281,CONFIRMED_FROM_VIDEO,CONFIRMED_FROM_VIDEO,Screen Recording 2026-08-16 223317.mp4,6,2
Sao Bento,Bananas,Cumberland Hill,17784.5,387,CONFIRMED_FROM_VIDEO,CONFIRMED_FROM_VIDEO,Screen Recording 2026-08-16 223317.mp4,2,2
Sao Bento,Bananas,Deadman's Murcia,14970.0,339,CONFIRMED_FROM_VIDEO,CONFIRMED_FROM_VIDEO,Screen Recording 2026-08-16 223317.mp4,2,1
Sao Bento,Bananas,Fair Harbour,11932.5,288,CONFIRMED_FROM_VIDEO,CONFIRMED_FROM_VIDEO,Screen Recording 2026-08-16 223317.mp4,2,2
Sao Bento,Bananas,Falmouth,6456.5,195,CONFIRMED_FROM_VIDEO,CONFIRMED_FROM_VIDEO,Screen Recording 2026-08-16 223317.mp4,6,1
Sao Bento,Bananas,Gyldenvale,12759.7,302,CONFIRMED_FROM_VIDEO,CONFIRMED_FROM_VIDEO,Screen Recording 2026-08-16 223317.mp4,4,2
Sao Bento,Bananas,Jones' Outpost,16853.9,372,CONFIRMED_FROM_VIDEO,CONFIRMED_FROM_VIDEO,Screen Recording 2026-08-16 223317.mp4,6,2
Sao Bento,Bananas,Kandlerova,13514.9,315,CONFIRMED_FROM_VIDEO,CONFIRMED_FROM_VIDEO,Screen Recording 2026-08-16 223317.mp4,6,2
Sao Bento,Bananas,La Povenglia,13428.2,313,CONFIRMED_FROM_VIDEO,CONFIRMED_FROM_VIDEO,Screen Recording 2026-08-16 223317.mp4,6,2
Sao Bento,Bananas,Lebarde,14392.4,330,CONFIRMED_FROM_VIDEO,CONFIRMED_FROM_VIDEO,Screen Recording 2026-08-16 223317.mp4,2,2
Sao Bento,Bananas,Lord Irving's Sacrifice,9992.9,255,CONFIRMED_FROM_VIDEO,CONFIRMED_FROM_VIDEO,Screen Recording 2026-08-16 223317.mp4,6,1
Sao Bento,Bananas,Louisbourg,7764.1,217,CONFIRMED_FROM_VIDEO,CONFIRMED_FROM_VIDEO,Screen Recording 2026-08-16 223317.mp4,6,1
Sao Bento,Bananas,Madalena,1682.4,114,CONFIRMED_FROM_VIDEO,CONFIRMED_FROM_VIDEO,Screen Recording 2026-08-16 223317.mp4,6,1
Sao Bento,Bananas,Mako's Outlook,10739.3,268,CONFIRMED_FROM_VIDEO,CONFIRMED_FROM_VIDEO,Screen Recording 2026-08-16 223317.mp4,2,2
Sao Bento,Bananas,Matthew's Rest,9800.1,252,CONFIRMED_FROM_VIDEO,CONFIRMED_FROM_VIDEO,Screen Recording 2026-08-16 223317.mp4,6,1
Sao Bento,Bananas,Maurepas,8045.4,222,CONFIRMED_FROM_VIDEO,CONFIRMED_FROM_VIDEO,Screen Recording 2026-08-16 223317.mp4,6,1
Sao Bento,Bananas,New Brighton,11884.6,287,CONFIRMED_FROM_VIDEO,CONFIRMED_FROM_VIDEO,Screen Recording 2026-08-16 223317.mp4,2,2
Sao Bento,Bananas,New Catalina,17731.6,386,CONFIRMED_FROM_VIDEO,CONFIRMED_FROM_VIDEO,Screen Recording 2026-08-16 223317.mp4,6,2
Sao Bento,Bananas,Pachard Town,8869.7,236,CONFIRMED_FROM_VIDEO,CONFIRMED_FROM_VIDEO,Screen Recording 2026-08-16 223317.mp4,5,1
Sao Bento,Bananas,Peter's Cove,14990.5,340,CONFIRMED_FROM_VIDEO,CONFIRMED_FROM_VIDEO,Screen Recording 2026-08-16 223317.mp4,4,2
Sao Bento,Bananas,Petit Anvers,8844.5,235,CONFIRMED_FROM_VIDEO,CONFIRMED_FROM_VIDEO,Screen Recording 2026-08-16 223317.mp4,5,1
Sao Bento,Bananas,Poblado de San Juan,6186.3,190,CONFIRMED_FROM_VIDEO,CONFIRMED_FROM_VIDEO,Screen Recording 2026-08-16 223317.mp4,10,2
Sao Bento,Bananas,Point Rocheux,6754.9,200,CONFIRMED_FROM_VIDEO,CONFIRMED_FROM_VIDEO,Screen Recording 2026-08-16 223317.mp4,6,1
Sao Bento,Bananas,Ponta Delgada,1862.4,117,CONFIRMED_FROM_VIDEO,CONFIRMED_FROM_VIDEO,Screen Recording 2026-08-16 223317.mp4,6,1
Sao Bento,Bananas,Port Antonio,5739.9,183,CONFIRMED_FROM_VIDEO,CONFIRMED_FROM_VIDEO,Screen Recording 2026-08-16 223317.mp4,11,1
Sao Bento,Bananas,Port Louis,12142.9,291,CONFIRMED_FROM_VIDEO,CONFIRMED_FROM_VIDEO,Screen Recording 2026-08-16 223317.mp4,4,2
Sao Bento,Bananas,Port Royal,8016.6,221,CONFIRMED_FROM_VIDEO,CONFIRMED_FROM_VIDEO,Screen Recording 2026-08-16 223317.mp4,6,1
Sao Bento,Bananas,Port-Au-Croix,7837.3,218,CONFIRMED_FROM_VIDEO,CONFIRMED_FROM_VIDEO,Screen Recording 2026-08-16 223317.mp4,6,1
Sao Bento,Bananas,Princeton,14194.7,326,CONFIRMED_FROM_VIDEO,CONFIRMED_FROM_VIDEO,Screen Recording 2026-08-16 223317.mp4,4,2
Sao Bento,Bananas,Puerto de San Fernando,4638.6,164,CONFIRMED_FROM_VIDEO,CONFIRMED_FROM_VIDEO,Screen Recording 2026-08-16 223317.mp4,8,1
Sao Bento,Bananas,Saint Vincent,13164.3,309,CONFIRMED_FROM_VIDEO,CONFIRMED_FROM_VIDEO,Screen Recording 2026-08-16 223317.mp4,4,2
Sao Bento,Bananas,Saint-Nicholas,16460.7,365,CONFIRMED_FROM_VIDEO,CONFIRMED_FROM_VIDEO,Screen Recording 2026-08-16 223317.mp4,6,2
Sao Bento,Bananas,Sainte Rose,7191.2,207,CONFIRMED_FROM_VIDEO,CONFIRMED_FROM_VIDEO,Screen Recording 2026-08-16 223317.mp4,6,1
Sao Bento,Bananas,San Polo,13242.5,310,CONFIRMED_FROM_VIDEO,CONFIRMED_FROM_VIDEO,Screen Recording 2026-08-16 223317.mp4,4,2
Sao Bento,Bananas,San Salvador,8364.4,227,CONFIRMED_FROM_VIDEO,CONFIRMED_FROM_VIDEO,Screen Recording 2026-08-16 223317.mp4,6,1
Sao Bento,Bananas,San Vito,11850.6,286,CONFIRMED_FROM_VIDEO,CONFIRMED_FROM_VIDEO,Screen Recording 2026-08-16 223317.mp4,4,2
Sao Bento,Bananas,Sandy Settlement,16100.5,359,CONFIRMED_FROM_VIDEO,CONFIRMED_FROM_VIDEO,Screen Recording 2026-08-16 223317.mp4,6,2
Sao Bento,Bananas,Santa Maria,6341.3,193,CONFIRMED_FROM_VIDEO,CONFIRMED_FROM_VIDEO,Screen Recording 2026-08-16 223317.mp4,12,1
Sao Bento,Bananas,Snake Prosper,14985.0,340,CONFIRMED_FROM_VIDEO,CONFIRMED_FROM_VIDEO,Screen Recording 2026-08-16 223317.mp4,5,1
Sao Bento,Bananas,Sugar Cove,18731.7,403,CONFIRMED_FROM_VIDEO,CONFIRMED_FROM_VIDEO,Screen Recording 2026-08-16 223317.mp4,4,2
Sao Bento,Bananas,Taylor's Town,16695.1,369,CONFIRMED_FROM_VIDEO,CONFIRMED_FROM_VIDEO,Screen Recording 2026-08-16 223317.mp4,6,2
Sao Bento,Bananas,Theresa,6159.2,190,CONFIRMED_FROM_VIDEO,CONFIRMED_FROM_VIDEO,Screen Recording 2026-08-16 223317.mp4,11,1
Sao Bento,Bananas,Thresher Point,12670.3,300,CONFIRMED_FROM_VIDEO,CONFIRMED_FROM_VIDEO,Screen Recording 2026-08-16 223317.mp4,6,2
Sao Bento,Bananas,Venta Nueva,3491.8,144,CONFIRMED_FROM_VIDEO,CONFIRMED_FROM_VIDEO,Screen Recording 2026-08-16 223317.mp4,6,1
Sao Bento,Bananas,Villarreal Del Mar,4804.2,167,CONFIRMED_FROM_VIDEO,CONFIRMED_FROM_VIDEO,Screen Recording 2026-08-16 223317.mp4,10,1
Sao Bento,Bananas,White Hook,15896.8,355,CONFIRMED_FROM_VIDEO,CONFIRMED_FROM_VIDEO,Screen Recording 2026-08-16 223317.mp4,6,3
Sao Bento,Bananas,Wyntergard,12590.4,299,CONFIRMED_FROM_VIDEO,CONFIRMED_FROM_VIDEO,Screen Recording 2026-08-16 223317.mp4,6,2
Sao Bento,Bananas,Yorinobu's Settlement,11434.5,279,CONFIRMED_FROM_VIDEO,CONFIRMED_FROM_VIDEO,Screen Recording 2026-08-16 223317.mp4,4,2
Snake Prosper,Medicine,Al-Jazair,2701.1,169,CONFIRMED_FROM_VIDEO,CONFIRMED_FROM_VIDEO,Screen Recording 2026-08-16 223317.mp4,6,2
Snake Prosper,Medicine,Ashbourne,4685.1,213,CONFIRMED_FROM_VIDEO,CONFIRMED_FROM_VIDEO,Screen Recording 2026-08-16 223317.mp4,5,1
Snake Prosper,Medicine,Belfry Heights,8521.8,297,CONFIRMED_FROM_VIDEO,CONFIRMED_FROM_VIDEO,Screen Recording 2026-08-16 223317.mp4,6,1
Snake Prosper,Medicine,Bucket Bay,4292.3,204,CONFIRMED_FROM_VIDEO,CONFIRMED_FROM_VIDEO,Screen Recording 2026-08-16 223317.mp4,6,3
Snake Prosper,Medicine,Caledonia,395.7,119,CONFIRMED_FROM_VIDEO,CONFIRMED_FROM_VIDEO,Screen Recording 2026-08-16 223317.mp4,4,1
Snake Prosper,Medicine,Castle Landing,5072.2,222,CONFIRMED_FROM_VIDEO,CONFIRMED_FROM_VIDEO,Screen Recording 2026-08-16 223317.mp4,5,1
Snake Prosper,Medicine,Caveira,14751.6,435,CONFIRMED_FROM_VIDEO,CONFIRMED_FROM_VIDEO,Screen Recording 2026-08-16 223317.mp4,10,2
Snake Prosper,Medicine,Caye Tiburon,7098.1,266,CONFIRMED_FROM_VIDEO,CONFIRMED_FROM_VIDEO,Screen Recording 2026-08-16 223317.mp4,4,1
Snake Prosper,Medicine,Crownstead,5334.9,227,CONFIRMED_FROM_VIDEO,CONFIRMED_FROM_VIDEO,Screen Recording 2026-08-16 223317.mp4,4,1
Snake Prosper,Medicine,Cumberland Hill,4215.2,203,CONFIRMED_FROM_VIDEO,CONFIRMED_FROM_VIDEO,Screen Recording 2026-08-16 223317.mp4,3,2
Snake Prosper,Medicine,Deadman's Murcia,852.5,129,CONFIRMED_FROM_VIDEO,CONFIRMED_FROM_VIDEO,Screen Recording 2026-08-16 223317.mp4,2,2
Snake Prosper,Medicine,Fair Harbour,3079.9,178,CONFIRMED_FROM_VIDEO,CONFIRMED_FROM_VIDEO,Screen Recording 2026-08-16 223317.mp4,7,1
Snake Prosper,Medicine,Falmouth,9333.0,315,CONFIRMED_FROM_VIDEO,CONFIRMED_FROM_VIDEO,Screen Recording 2026-08-16 223317.mp4,5,1
Snake Prosper,Medicine,Gyldenvale,5391.8,229,CONFIRMED_FROM_VIDEO,CONFIRMED_FROM_VIDEO,Screen Recording 2026-08-16 223317.mp4,6,1
Snake Prosper,Medicine,Jones' Outpost,3344.1,184,CONFIRMED_FROM_VIDEO,CONFIRMED_FROM_VIDEO,Screen Recording 2026-08-16 223317.mp4,9,1
Snake Prosper,Medicine,Kandlerova,15771.7,457,CONFIRMED_FROM_VIDEO,CONFIRMED_FROM_VIDEO,Screen Recording 2026-08-16 223317.mp4,6,2
Snake Prosper,Medicine,La Povenglia,12955.5,395,CONFIRMED_FROM_VIDEO,CONFIRMED_FROM_VIDEO,Screen Recording 2026-08-16 223317.mp4,4,2
Snake Prosper,Medicine,Lebarde,5917.3,240,CONFIRMED_FROM_VIDEO,CONFIRMED_FROM_VIDEO,Screen Recording 2026-08-16 223317.mp4,3,1
Snake Prosper,Medicine,Lord Irving's Sacrifice,9952.5,329,CONFIRMED_FROM_VIDEO,CONFIRMED_FROM_VIDEO,Screen Recording 2026-08-16 223317.mp4,5,1
Snake Prosper,Medicine,Louisbourg,8308.3,293,CONFIRMED_FROM_VIDEO,CONFIRMED_FROM_VIDEO,Screen Recording 2026-08-16 223317.mp4,7,3
Snake Prosper,Medicine,Madalena,16375.0,470,CONFIRMED_FROM_VIDEO,CONFIRMED_FROM_VIDEO,Screen Recording 2026-08-16 223317.mp4,8,1
Snake Prosper,Medicine,Mako's Outlook,10089.3,332,CONFIRMED_FROM_VIDEO,CONFIRMED_FROM_VIDEO,Screen Recording 2026-08-16 223317.mp4,4,2
Snake Prosper,Medicine,Matthew's Rest,5189.3,224,CONFIRMED_FROM_VIDEO,CONFIRMED_FROM_VIDEO,Screen Recording 2026-08-16 223317.mp4,3,1
Snake Prosper,Medicine,Maurepas,7577.8,277,CONFIRMED_FROM_VIDEO,CONFIRMED_FROM_VIDEO,Screen Recording 2026-08-16 223317.mp4,4,1
Snake Prosper,Medicine,New Brighton,4266.1,204,CONFIRMED_FROM_VIDEO,CONFIRMED_FROM_VIDEO,Screen Recording 2026-08-16 223317.mp4,6,1
Snake Prosper,Medicine,New Catalina,4568.4,211,CONFIRMED_FROM_VIDEO,CONFIRMED_FROM_VIDEO,Screen Recording 2026-08-16 223317.mp4,5,1
Snake Prosper,Medicine,Pachard Town,6155.8,245,CONFIRMED_FROM_VIDEO,CONFIRMED_FROM_VIDEO,Screen Recording 2026-08-16 223317.mp4,4,1
Snake Prosper,Medicine,Peter's Cove,9675.2,323,CONFIRMED_FROM_VIDEO,CONFIRMED_FROM_VIDEO,Screen Recording 2026-08-16 223317.mp4,5,1
Snake Prosper,Medicine,Petit Anvers,8563.9,298,CONFIRMED_FROM_VIDEO,CONFIRMED_FROM_VIDEO,Screen Recording 2026-08-16 223317.mp4,6,1
Snake Prosper,Medicine,Poblado de San Juan,15046.9,441,CONFIRMED_FROM_VIDEO,CONFIRMED_FROM_VIDEO,Screen Recording 2026-08-16 223317.mp4,8,2
Snake Prosper,Medicine,Point Rocheux,8241.2,291,CONFIRMED_FROM_VIDEO,CONFIRMED_FROM_VIDEO,Screen Recording 2026-08-16 223317.mp4,4,1
Snake Prosper,Medicine,Ponta Delgada,15456.8,450,CONFIRMED_FROM_VIDEO,CONFIRMED_FROM_VIDEO,Screen Recording 2026-08-16 223317.mp4,6,2
Snake Prosper,Medicine,Port Antonio,10433.0,340,CONFIRMED_FROM_VIDEO,CONFIRMED_FROM_VIDEO,Screen Recording 2026-08-16 223317.mp4,4,1
Snake Prosper,Medicine,Port Louis,3130.7,179,CONFIRMED_FROM_VIDEO,CONFIRMED_FROM_VIDEO,Screen Recording 2026-08-16 223317.mp4,7,1
Snake Prosper,Medicine,Port Royal,9947.2,329,CONFIRMED_FROM_VIDEO,CONFIRMED_FROM_VIDEO,Screen Recording 2026-08-16 223317.mp4,5,1
Snake Prosper,Medicine,Port-Au-Croix,7162.3,268,CONFIRMED_FROM_VIDEO,CONFIRMED_FROM_VIDEO,Screen Recording 2026-08-16 223317.mp4,4,1
Snake Prosper,Medicine,Princeton,4102.0,200,CONFIRMED_FROM_VIDEO,CONFIRMED_FROM_VIDEO,Screen Recording 2026-08-16 223317.mp4,9,1
Snake Prosper,Medicine,Puerto de San Fernando,13091.9,398,CONFIRMED_FROM_VIDEO,CONFIRMED_FROM_VIDEO,Screen Recording 2026-08-16 223317.mp4,10,2
Snake Prosper,Medicine,Saint Vincent,1920.7,152,CONFIRMED_FROM_VIDEO,CONFIRMED_FROM_VIDEO,Screen Recording 2026-08-16 223317.mp4,6,1
Snake Prosper,Medicine,Saint-Nicholas,10094.4,332,CONFIRMED_FROM_VIDEO,CONFIRMED_FROM_VIDEO,Screen Recording 2026-08-16 223317.mp4,4,2
Snake Prosper,Medicine,Sainte Rose,9457.5,318,CONFIRMED_FROM_VIDEO,CONFIRMED_FROM_VIDEO,Screen Recording 2026-08-16 223317.mp4,5,1
Snake Prosper,Medicine,San Polo,14848.8,437,CONFIRMED_FROM_VIDEO,CONFIRMED_FROM_VIDEO,Screen Recording 2026-08-16 223317.mp4,8,2
Snake Prosper,Medicine,San Salvador,14797.5,436,CONFIRMED_FROM_VIDEO,CONFIRMED_FROM_VIDEO,Screen Recording 2026-08-16 223317.mp4,8,2
Snake Prosper,Medicine,San Vito,11858.8,371,CONFIRMED_FROM_VIDEO,CONFIRMED_FROM_VIDEO,Screen Recording 2026-08-16 223317.mp4,3,2
Snake Prosper,Medicine,Sandy Settlement,10304.3,337,CONFIRMED_FROM_VIDEO,CONFIRMED_FROM_VIDEO,Screen Recording 2026-08-16 223317.mp4,4,2
Snake Prosper,Medicine,Santa Maria,14634.5,432,CONFIRMED_FROM_VIDEO,CONFIRMED_FROM_VIDEO,Screen Recording 2026-08-16 223317.mp4,10,2
Snake Prosper,Medicine,Sao Bento,14985.0,440,CONFIRMED_FROM_VIDEO,CONFIRMED_FROM_VIDEO,Screen Recording 2026-08-16 223317.mp4,11,1
Snake Prosper,Medicine,Sugar Cove,5296.3,227,CONFIRMED_FROM_VIDEO,CONFIRMED_FROM_VIDEO,Screen Recording 2026-08-16 223317.mp4,3,1
Snake Prosper,Medicine,Taylor's Town,8857.4,305,CONFIRMED_FROM_VIDEO,CONFIRMED_FROM_VIDEO,Screen Recording 2026-08-16 223317.mp4,6,1
Snake Prosper,Medicine,Theresa,11041.5,353,CONFIRMED_FROM_VIDEO,CONFIRMED_FROM_VIDEO,Screen Recording 2026-08-16 223317.mp4,2,2
Snake Prosper,Medicine,Thresher Point,7784.6,281,CONFIRMED_FROM_VIDEO,CONFIRMED_FROM_VIDEO,Screen Recording 2026-08-16 223317.mp4,4,1
Snake Prosper,Medicine,Venta Nueva,11606.2,365,CONFIRMED_FROM_VIDEO,CONFIRMED_FROM_VIDEO,Screen Recording 2026-08-16 223317.mp4,2,2
Snake Prosper,Medicine,Villarreal Del Mar,10409.0,339,CONFIRMED_FROM_VIDEO,CONFIRMED_FROM_VIDEO,Screen Recording 2026-08-16 223317.mp4,3,2
Snake Prosper,Medicine,White Hook,1210.9,137,CONFIRMED_FROM_VIDEO,CONFIRMED_FROM_VIDEO,Screen Recording 2026-08-16 223317.mp4,4,1
Snake Prosper,Medicine,Wyntergard,4227.5,203,CONFIRMED_FROM_VIDEO,CONFIRMED_FROM_VIDEO,Screen Recording 2026-08-16 223317.mp4,8,1
Snake Prosper,Medicine,Yorinobu's Settlement,3972.5,197,CONFIRMED_FROM_VIDEO,CONFIRMED_FROM_VIDEO,Screen Recording 2026-08-16 223317.mp4,9,1
Sugar Cove,Lobster,Al-Jazair,5577.2,180,CONFIRMED_FROM_VIDEO,CONFIRMED_FROM_VIDEO,Screen Recording 2026-08-16 223317.mp4,12,1
Sugar Cove,Lobster,Ashbourne,9880.8,253,CONFIRMED_FROM_VIDEO,CONFIRMED_FROM_VIDEO,Screen Recording 2026-08-16 223317.mp4,6,1
Sugar Cove,Lobster,Belfry Heights,8680.3,233,CONFIRMED_FROM_VIDEO,CONFIRMED_FROM_VIDEO,Screen Recording 2026-08-16 223317.mp4,6,3
Sugar Cove,Lobster,Bucket Bay,8569.8,231,CONFIRMED_FROM_VIDEO,CONFIRMED_FROM_VIDEO,Screen Recording 2026-08-16 223317.mp4,6,1
Sugar Cove,Lobster,Caledonia,5194.4,173,CONFIRMED_FROM_VIDEO,CONFIRMED_FROM_VIDEO,Screen Recording 2026-08-16 223317.mp4,11,1
Sugar Cove,Lobster,Castle Landing,3561.6,146,CONFIRMED_FROM_VIDEO,CONFIRMED_FROM_VIDEO,Screen Recording 2026-08-16 223317.mp4,8,1
Sugar Cove,Lobster,Caveira,18050.6,392,CONFIRMED_FROM_VIDEO,CONFIRMED_FROM_VIDEO,Screen Recording 2026-08-16 223317.mp4,4,2
Sugar Cove,Lobster,Caye Tiburon,8037.7,222,CONFIRMED_FROM_VIDEO,CONFIRMED_FROM_VIDEO,Screen Recording 2026-08-16 223317.mp4,6,1
Sugar Cove,Lobster,Crownstead,10585.3,265,CONFIRMED_FROM_VIDEO,CONFIRMED_FROM_VIDEO,Screen Recording 2026-08-16 223317.mp4,4,2
Sugar Cove,Lobster,Cumberland Hill,1099.3,104,CONFIRMED_FROM_VIDEO,CONFIRMED_FROM_VIDEO,Screen Recording 2026-08-16 223317.mp4,5,2
Sugar Cove,Lobster,Deadman's Murcia,6009.9,187,CONFIRMED_FROM_VIDEO,CONFIRMED_FROM_VIDEO,Screen Recording 2026-08-16 223317.mp4,4,1
Sugar Cove,Lobster,Fair Harbour,7787.3,217,CONFIRMED_FROM_VIDEO,CONFIRMED_FROM_VIDEO,Screen Recording 2026-08-16 223317.mp4,7,1
Sugar Cove,Lobster,Falmouth,12406.6,296,CONFIRMED_FROM_VIDEO,CONFIRMED_FROM_VIDEO,Screen Recording 2026-08-16 223317.mp4,4,2
Sugar Cove,Lobster,Gyldenvale,10681.4,267,CONFIRMED_FROM_VIDEO,CONFIRMED_FROM_VIDEO,Screen Recording 2026-08-16 223317.mp4,2,1
Sugar Cove,Lobster,Jones' Outpost,2071.1,120,CONFIRMED_FROM_VIDEO,CONFIRMED_FROM_VIDEO,Screen Recording 2026-08-16 223317.mp4,8,1
Sugar Cove,Lobster,Kandlerova,15392.9,347,CONFIRMED_FROM_VIDEO,CONFIRMED_FROM_VIDEO,Screen Recording 2026-08-16 223317.mp4,6,2
Sugar Cove,Lobster,La Povenglia,12330.3,295,CONFIRMED_FROM_VIDEO,CONFIRMED_FROM_VIDEO,Screen Recording 2026-08-16 223317.mp4,4,2
Sugar Cove,Lobster,Lebarde,5245.6,174,CONFIRMED_FROM_VIDEO,CONFIRMED_FROM_VIDEO,Screen Recording 2026-08-16 223317.mp4,11,1
Sugar Cove,Lobster,Lord Irving's Sacrifice,11014.5,272,CONFIRMED_FROM_VIDEO,CONFIRMED_FROM_VIDEO,Screen Recording 2026-08-16 223317.mp4,4,2
Sugar Cove,Lobster,Louisbourg,13125.8,308,CONFIRMED_FROM_VIDEO,CONFIRMED_FROM_VIDEO,Screen Recording 2026-08-16 223317.mp4,2,2
Sugar Cove,Lobster,Madalena,19878.4,423,CONFIRMED_FROM_VIDEO,CONFIRMED_FROM_VIDEO,Screen Recording 2026-08-16 223317.mp4,4,2
Sugar Cove,Lobster,Mako's Outlook,10766.2,268,CONFIRMED_FROM_VIDEO,CONFIRMED_FROM_VIDEO,Screen Recording 2026-08-16 223317.mp4,6,2
Sugar Cove,Lobster,Matthew's Rest,9357.1,244,CONFIRMED_FROM_VIDEO,CONFIRMED_FROM_VIDEO,Screen Recording 2026-08-16 223317.mp4,4,3
Sugar Cove,Lobster,Maurepas,12304.0,294,CONFIRMED_FROM_VIDEO,CONFIRMED_FROM_VIDEO,Screen Recording 2026-08-16 223317.mp4,6,1
Sugar Cove,Lobster,New Brighton,6847.4,201,CONFIRMED_FROM_VIDEO,CONFIRMED_FROM_VIDEO,Screen Recording 2026-08-16 223317.mp4,4,1
Sugar Cove,Lobster,New Catalina,1000.2,102,CONFIRMED_FROM_VIDEO,CONFIRMED_FROM_VIDEO,Screen Recording 2026-08-16 223317.mp4,8,1
Sugar Cove,Lobster,Pachard Town,10082.1,256,CONFIRMED_FROM_VIDEO,CONFIRMED_FROM_VIDEO,Screen Recording 2026-08-16 223317.mp4,3,2
Sugar Cove,Lobster,Peter's Cove,8119.3,223,CONFIRMED_FROM_VIDEO,CONFIRMED_FROM_VIDEO,Screen Recording 2026-08-16 223317.mp4,6,1
Sugar Cove,Lobster,Petit Anvers,13649.4,317,CONFIRMED_FROM_VIDEO,CONFIRMED_FROM_VIDEO,Screen Recording 2026-08-16 223317.mp4,4,2
Sugar Cove,Lobster,Poblado de San Juan,17155.6,377,CONFIRMED_FROM_VIDEO,CONFIRMED_FROM_VIDEO,Screen Recording 2026-08-16 223317.mp4,6,2
Sugar Cove,Lobster,Point Rocheux,12148.8,292,CONFIRMED_FROM_VIDEO,CONFIRMED_FROM_VIDEO,Screen Recording 2026-08-16 223317.mp4,4,2
Sugar Cove,Lobster,Ponta Delgada,19565.8,418,CONFIRMED_FROM_VIDEO,CONFIRMED_FROM_VIDEO,Screen Recording 2026-08-16 223317.mp4,4,2
Sugar Cove,Lobster,Port Antonio,13364.8,312,CONFIRMED_FROM_VIDEO,CONFIRMED_FROM_VIDEO,Screen Recording 2026-08-16 223317.mp4,2,2
Sugar Cove,Lobster,Port Louis,8166.4,224,CONFIRMED_FROM_VIDEO,CONFIRMED_FROM_VIDEO,Screen Recording 2026-08-16 223317.mp4,6,1
Sugar Cove,Lobster,Port Royal,11952.6,288,CONFIRMED_FROM_VIDEO,CONFIRMED_FROM_VIDEO,Screen Recording 2026-08-16 223317.mp4,4,2
Sugar Cove,Lobster,Port-Au-Croix,11113.8,274,CONFIRMED_FROM_VIDEO,CONFIRMED_FROM_VIDEO,Screen Recording 2026-08-16 223317.mp4,6,2
Sugar Cove,Lobster,Princeton,4618.5,164,CONFIRMED_FROM_VIDEO,CONFIRMED_FROM_VIDEO,Screen Recording 2026-08-16 223317.mp4,8,2
Sugar Cove,Lobster,Puerto de San Fernando,15774.7,353,CONFIRMED_FROM_VIDEO,CONFIRMED_FROM_VIDEO,Screen Recording 2026-08-16 223317.mp4,6,2
Sugar Cove,Lobster,Saint Vincent,6244.6,191,CONFIRMED_FROM_VIDEO,CONFIRMED_FROM_VIDEO,Screen Recording 2026-08-16 223317.mp4,4,1
Sugar Cove,Lobster,Saint-Nicholas,7716.8,216,CONFIRMED_FROM_VIDEO,CONFIRMED_FROM_VIDEO,Screen Recording 2026-08-16 223317.mp4,6,1
Sugar Cove,Lobster,Sainte Rose,14307.9,328,CONFIRMED_FROM_VIDEO,CONFIRMED_FROM_VIDEO,Screen Recording 2026-08-16 223317.mp4,4,2
Sugar Cove,Lobster,San Polo,14467.2,331,CONFIRMED_FROM_VIDEO,CONFIRMED_FROM_VIDEO,Screen Recording 2026-08-16 223317.mp4,4,2
Sugar Cove,Lobster,San Salvador,16199.5,360,CONFIRMED_FROM_VIDEO,CONFIRMED_FROM_VIDEO,Screen Recording 2026-08-16 223317.mp4,6,2
Sugar Cove,Lobster,San Vito,11893.1,287,CONFIRMED_FROM_VIDEO,CONFIRMED_FROM_VIDEO,Screen Recording 2026-08-16 223317.mp4,5,2
Sugar Cove,Lobster,Sandy Settlement,8154.3,224,CONFIRMED_FROM_VIDEO,CONFIRMED_FROM_VIDEO,Screen Recording 2026-08-16 223317.mp4,6,1
Sugar Cove,Lobster,Santa Maria,16690.8,369,CONFIRMED_FROM_VIDEO,CONFIRMED_FROM_VIDEO,Screen Recording 2026-08-16 223317.mp4,6,2
Sugar Cove,Lobster,Sao Bento,18731.7,403,CONFIRMED_FROM_VIDEO,CONFIRMED_FROM_VIDEO,Screen Recording 2026-08-16 223317.mp4,4,2
Sugar Cove,Lobster,Snake Prosper,5296.3,175,CONFIRMED_FROM_VIDEO,CONFIRMED_FROM_VIDEO,Screen Recording 2026-08-16 223317.mp4,12,1
Sugar Cove,Lobster,Taylor's Town,6200.7,190,CONFIRMED_FROM_VIDEO,CONFIRMED_FROM_VIDEO,Screen Recording 2026-08-16 223317.mp4,4,1
Sugar Cove,Lobster,Theresa,13574.8,316,CONFIRMED_FROM_VIDEO,CONFIRMED_FROM_VIDEO,Screen Recording 2026-08-16 223317.mp4,2,2
Sugar Cove,Lobster,Thresher Point,7821.6,218,CONFIRMED_FROM_VIDEO,CONFIRMED_FROM_VIDEO,Screen Recording 2026-08-16 223317.mp4,6,1
Sugar Cove,Lobster,Venta Nueva,15239.9,344,CONFIRMED_FROM_VIDEO,CONFIRMED_FROM_VIDEO,Screen Recording 2026-08-16 223317.mp4,6,2
Sugar Cove,Lobster,Villarreal Del Mar,13930.9,322,CONFIRMED_FROM_VIDEO,CONFIRMED_FROM_VIDEO,Screen Recording 2026-08-16 223317.mp4,2,2
Sugar Cove,Lobster,White Hook,5522.7,179,CONFIRMED_FROM_VIDEO,CONFIRMED_FROM_VIDEO,Screen Recording 2026-08-16 223317.mp4,12,1
Sugar Cove,Lobster,Wyntergard,9520.1,247,CONFIRMED_FROM_VIDEO,CONFIRMED_FROM_VIDEO,Screen Recording 2026-08-16 223317.mp4,7,1
Sugar Cove,Lobster,Yorinobu's Settlement,7409.1,211,CONFIRMED_FROM_VIDEO,CONFIRMED_FROM_VIDEO,Screen Recording 2026-08-16 223317.mp4,3,2
Taylor's Town,Thyme,Al-Jazair,6930.3,170,CONFIRMED_FROM_VIDEO,CONFIRMED_FROM_VIDEO,Screen Recording 2026-08-16 223317.mp4,11,1
Taylor's Town,Thyme,Ashbourne,11921.5,241,CONFIRMED_FROM_VIDEO,CONFIRMED_FROM_VIDEO,Screen Recording 2026-08-16 223317.mp4,6,2
Taylor's Town,Thyme,Belfry Heights,4539.8,136,CONFIRMED_FROM_VIDEO,CONFIRMED_FROM_VIDEO,Screen Recording 2026-08-16 223317.mp4,6,1
Taylor's Town,Thyme,Bucket Bay,9351.3,205,CONFIRMED_FROM_VIDEO,CONFIRMED_FROM_VIDEO,Screen Recording 2026-08-16 223317.mp4,6,1
Taylor's Town,Thyme,Caledonia,9040.8,200,CONFIRMED_FROM_VIDEO,CONFIRMED_FROM_VIDEO,Screen Recording 2026-08-16 223317.mp4,6,1
Taylor's Town,Thyme,Castle Landing,3805.9,125,CONFIRMED_FROM_VIDEO,CONFIRMED_FROM_VIDEO,Screen Recording 2026-08-16 223317.mp4,6,1
Taylor's Town,Thyme,Caveira,15456.2,292,CONFIRMED_FROM_VIDEO,CONFIRMED_FROM_VIDEO,Screen Recording 2026-08-16 223317.mp4,4,2
Taylor's Town,Thyme,Caye Tiburon,5194.3,145,CONFIRMED_FROM_VIDEO,CONFIRMED_FROM_VIDEO,Screen Recording 2026-08-16 223317.mp4,9,1
Taylor's Town,Thyme,Crownstead,12738.1,253,CONFIRMED_FROM_VIDEO,CONFIRMED_FROM_VIDEO,Screen Recording 2026-08-16 223317.mp4,4,2
Taylor's Town,Thyme,Cumberland Hill,6319.9,161,CONFIRMED_FROM_VIDEO,CONFIRMED_FROM_VIDEO,Screen Recording 2026-08-16 223317.mp4,3,2
Taylor's Town,Thyme,Deadman's Murcia,9702.5,210,CONFIRMED_FROM_VIDEO,CONFIRMED_FROM_VIDEO,Screen Recording 2026-08-16 223317.mp4,4,1
Taylor's Town,Thyme,Fair Harbour,9457.8,206,CONFIRMED_FROM_VIDEO,CONFIRMED_FROM_VIDEO,Screen Recording 2026-08-16 223317.mp4,6,1
Taylor's Town,Thyme,Falmouth,10387.1,219,CONFIRMED_FROM_VIDEO,CONFIRMED_FROM_VIDEO,Screen Recording 2026-08-16 223317.mp4,4,2
Taylor's Town,Thyme,Gyldenvale,13464.4,263,CONFIRMED_FROM_VIDEO,CONFIRMED_FROM_VIDEO,Screen Recording 2026-08-16 223317.mp4,4,2
Taylor's Town,Thyme,Jones' Outpost,6369.1,162,CONFIRMED_FROM_VIDEO,CONFIRMED_FROM_VIDEO,Screen Recording 2026-08-16 223317.mp4,4,1
Taylor's Town,Thyme,Kandlerova,9595.8,208,CONFIRMED_FROM_VIDEO,CONFIRMED_FROM_VIDEO,Screen Recording 2026-08-16 223317.mp4,7,2
Taylor's Town,Thyme,La Povenglia,6587.5,165,CONFIRMED_FROM_VIDEO,CONFIRMED_FROM_VIDEO,Screen Recording 2026-08-16 223317.mp4,6,1
Taylor's Town,Thyme,Lebarde,3303.7,118,CONFIRMED_FROM_VIDEO,CONFIRMED_FROM_VIDEO,Screen Recording 2026-08-16 223317.mp4,6,1
Taylor's Town,Thyme,Lord Irving's Sacrifice,7022.0,171,CONFIRMED_FROM_VIDEO,CONFIRMED_FROM_VIDEO,Screen Recording 2026-08-16 223317.mp4,6,1
Taylor's Town,Thyme,Louisbourg,13641.7,266,CONFIRMED_FROM_VIDEO,CONFIRMED_FROM_VIDEO,Screen Recording 2026-08-16 223317.mp4,4,2
Taylor's Town,Thyme,Madalena,17396.6,319,CONFIRMED_FROM_VIDEO,CONFIRMED_FROM_VIDEO,Screen Recording 2026-08-16 223317.mp4,4,2
Taylor's Town,Thyme,Mako's Outlook,6431.3,163,CONFIRMED_FROM_VIDEO,CONFIRMED_FROM_VIDEO,Screen Recording 2026-08-16 223317.mp4,6,1
Taylor's Town,Thyme,Matthew's Rest,9691.7,209,CONFIRMED_FROM_VIDEO,CONFIRMED_FROM_VIDEO,Screen Recording 2026-08-16 223317.mp4,6,2
Taylor's Town,Thyme,Maurepas,12771.1,253,CONFIRMED_FROM_VIDEO,CONFIRMED_FROM_VIDEO,Screen Recording 2026-08-16 223317.mp4,4,2
Taylor's Town,Thyme,New Brighton,6738.4,167,CONFIRMED_FROM_VIDEO,CONFIRMED_FROM_VIDEO,Screen Recording 2026-08-16 223317.mp4,11,1
Taylor's Town,Thyme,New Catalina,5783.0,154,CONFIRMED_FROM_VIDEO,CONFIRMED_FROM_VIDEO,Screen Recording 2026-08-16 223317.mp4,11,1
Taylor's Town,Thyme,Pachard Town,9841.0,211,CONFIRMED_FROM_VIDEO,CONFIRMED_FROM_VIDEO,Screen Recording 2026-08-16 223317.mp4,6,1
Taylor's Town,Thyme,Peter's Cove,2332.6,104,CONFIRMED_FROM_VIDEO,CONFIRMED_FROM_VIDEO,Screen Recording 2026-08-16 223317.mp4,6,1
Taylor's Town,Thyme,Petit Anvers,14766.8,282,CONFIRMED_FROM_VIDEO,CONFIRMED_FROM_VIDEO,Screen Recording 2026-08-16 223317.mp4,4,2
Taylor's Town,Thyme,Poblado de San Juan,13249.5,260,CONFIRMED_FROM_VIDEO,CONFIRMED_FROM_VIDEO,Screen Recording 2026-08-16 223317.mp4,6,2
Taylor's Town,Thyme,Point Rocheux,11311.7,232,CONFIRMED_FROM_VIDEO,CONFIRMED_FROM_VIDEO,Screen Recording 2026-08-16 223317.mp4,4,3
Taylor's Town,Thyme,Ponta Delgada,18020.1,328,CONFIRMED_FROM_VIDEO,CONFIRMED_FROM_VIDEO,Screen Recording 2026-08-16 223317.mp4,4,2
Taylor's Town,Thyme,Port Antonio,10958.9,227,CONFIRMED_FROM_VIDEO,CONFIRMED_FROM_VIDEO,Screen Recording 2026-08-16 223317.mp4,4,2
Taylor's Town,Thyme,Port Louis,10216.9,217,CONFIRMED_FROM_VIDEO,CONFIRMED_FROM_VIDEO,Screen Recording 2026-08-16 223317.mp4,4,2
Taylor's Town,Thyme,Port Royal,8759.7,196,CONFIRMED_FROM_VIDEO,CONFIRMED_FROM_VIDEO,Screen Recording 2026-08-16 223317.mp4,3,2
Taylor's Town,Thyme,Port-Au-Croix,10597.8,222,CONFIRMED_FROM_VIDEO,CONFIRMED_FROM_VIDEO,Screen Recording 2026-08-16 223317.mp4,4,2
Taylor's Town,Thyme,Princeton,4967.5,142,CONFIRMED_FROM_VIDEO,CONFIRMED_FROM_VIDEO,Screen Recording 2026-08-16 223317.mp4,6,1
Taylor's Town,Thyme,Puerto de San Fernando,12672.3,252,CONFIRMED_FROM_VIDEO,CONFIRMED_FROM_VIDEO,Screen Recording 2026-08-16 223317.mp4,4,2
Taylor's Town,Thyme,Saint Vincent,8310.3,190,CONFIRMED_FROM_VIDEO,CONFIRMED_FROM_VIDEO,Screen Recording 2026-08-16 223317.mp4,6,4
Taylor's Town,Thyme,Saint-Nicholas,1517.0,93,CONFIRMED_FROM_VIDEO,CONFIRMED_FROM_VIDEO,Screen Recording 2026-08-16 223317.mp4,4,2
Taylor's Town,Thyme,Sainte Rose,14730.0,281,CONFIRMED_FROM_VIDEO,CONFIRMED_FROM_VIDEO,Screen Recording 2026-08-16 223317.mp4,7,1
Taylor's Town,Thyme,San Polo,8717.5,195,CONFIRMED_FROM_VIDEO,CONFIRMED_FROM_VIDEO,Screen Recording 2026-08-16 223317.mp4,6,1
Taylor's Town,Thyme,San Salvador,11684.8,238,CONFIRMED_FROM_VIDEO,CONFIRMED_FROM_VIDEO,Screen Recording 2026-08-16 223317.mp4,6,2
Taylor's Town,Thyme,San Vito,6699.0,167,CONFIRMED_FROM_VIDEO,CONFIRMED_FROM_VIDEO,Screen Recording 2026-08-16 223317.mp4,11,1
Taylor's Town,Thyme,Sandy Settlement,1983.0,100,CONFIRMED_FROM_VIDEO,CONFIRMED_FROM_VIDEO,Screen Recording 2026-08-16 223317.mp4,6,2
Taylor's Town,Thyme,Santa Maria,12777.1,253,CONFIRMED_FROM_VIDEO,CONFIRMED_FROM_VIDEO,Screen Recording 2026-08-16 223317.mp4,4,2
Taylor's Town,Thyme,Sao Bento,16695.1,309,CONFIRMED_FROM_VIDEO,CONFIRMED_FROM_VIDEO,Screen Recording 2026-08-16 223317.mp4,4,2
Taylor's Town,Thyme,Snake Prosper,8857.4,197,CONFIRMED_FROM_VIDEO,CONFIRMED_FROM_VIDEO,Screen Recording 2026-08-16 223317.mp4,6,1
Taylor's Town,Thyme,Sugar Cove,6200.7,160,CONFIRMED_FROM_VIDEO,CONFIRMED_FROM_VIDEO,Screen Recording 2026-08-16 223317.mp4,6,1
Taylor's Town,Thyme,Theresa,10642.8,223,CONFIRMED_FROM_VIDEO,CONFIRMED_FROM_VIDEO,Screen Recording 2026-08-16 223317.mp4,2,2
Taylor's Town,Thyme,Thresher Point,4027.6,129,CONFIRMED_FROM_VIDEO,CONFIRMED_FROM_VIDEO,Screen Recording 2026-08-16 223317.mp4,6,1
Taylor's Town,Thyme,Venta Nueva,13443.3,263,CONFIRMED_FROM_VIDEO,CONFIRMED_FROM_VIDEO,Screen Recording 2026-08-16 223317.mp4,6,2
Taylor's Town,Thyme,Villarreal Del Mar,12189.2,245,CONFIRMED_RECORDED_RECIPROCAL_AUDIT,CONFIRMED_FROM_VIDEO,Screen Recording 2026-08-16 223317.mp4,6,1
Taylor's Town,Thyme,White Hook,9789.5,211,CONFIRMED_FROM_VIDEO,CONFIRMED_FROM_VIDEO,Screen Recording 2026-08-16 223317.mp4,6,1
Taylor's Town,Thyme,Wyntergard,12151.9,244,CONFIRMED_FROM_VIDEO,CONFIRMED_FROM_VIDEO,Screen Recording 2026-08-16 223317.mp4,4,2
Taylor's Town,Thyme,Yorinobu's Settlement,7804.9,182,CONFIRMED_FROM_VIDEO,CONFIRMED_FROM_VIDEO,Screen Recording 2026-08-16 223317.mp4,3,1
Theresa,Silk,Al-Jazair,8684.0,178,CONFIRMED_FROM_VIDEO,CONFIRMED_FROM_VIDEO,Screen Recording 2026-08-16 223317.mp4,6,1
Theresa,Silk,Ashbourne,9324.2,186,CONFIRMED_FROM_VIDEO,CONFIRMED_FROM_VIDEO,Screen Recording 2026-08-16 223317.mp4,6,1
Theresa,Silk,Belfry Heights,6110.7,144,CONFIRMED_FROM_VIDEO,CONFIRMED_FROM_VIDEO,Screen Recording 2026-08-16 223317.mp4,6,1
Theresa,Silk,Bucket Bay,7133.7,158,CONFIRMED_FROM_VIDEO,CONFIRMED_FROM_VIDEO,Screen Recording 2026-08-16 223317.mp4,7,1
Theresa,Silk,Caledonia,11437.2,214,CONFIRMED_FROM_VIDEO,CONFIRMED_FROM_VIDEO,Screen Recording 2026-08-16 223317.mp4,4,2
Theresa,Silk,Castle Landing,10187.7,197,CONFIRMED_FROM_VIDEO,CONFIRMED_FROM_VIDEO,Screen Recording 2026-08-16 223317.mp4,4,2
Theresa,Silk,Caveira,4814.1,128,CONFIRMED_FROM_VIDEO,CONFIRMED_FROM_VIDEO,Screen Recording 2026-08-16 223317.mp4,5,1
Theresa,Silk,Caye Tiburon,5784.5,140,CONFIRMED_FROM_VIDEO,CONFIRMED_FROM_VIDEO,Screen Recording 2026-08-16 223317.mp4,6,1
Theresa,Silk,Crownstead,9777.3,192,CONFIRMED_FROM_VIDEO,CONFIRMED_FROM_VIDEO,Screen Recording 2026-08-16 223317.mp4,6,1
Theresa,Silk,Cumberland Hill,12775.7,231,CONFIRMED_FROM_VIDEO,CONFIRMED_FROM_VIDEO,Screen Recording 2026-08-16 223317.mp4,2,2
Theresa,Silk,Deadman's Murcia,11341.7,212,CONFIRMED_RECORDED_RECIPROCAL_AUDIT,CONFIRMED_FROM_VIDEO,Screen Recording 2026-08-16 223317.mp4,6,2
Theresa,Silk,Fair Harbour,8447.8,175,CONFIRMED_FROM_VIDEO,CONFIRMED_FROM_VIDEO,Screen Recording 2026-08-16 223317.mp4,4,2
Theresa,Silk,Falmouth,2014.7,91,CONFIRMED_FROM_VIDEO,CONFIRMED_FROM_VIDEO,Screen Recording 2026-08-16 223317.mp4,8,2
Theresa,Silk,Gyldenvale,11144.9,210,CONFIRMED_FROM_VIDEO,CONFIRMED_FROM_VIDEO,Screen Recording 2026-08-16 223317.mp4,6,2
Theresa,Silk,Jones' Outpost,11954.3,220,CONFIRMED_FROM_VIDEO,CONFIRMED_FROM_VIDEO,Screen Recording 2026-08-16 223317.mp4,4,2
Theresa,Silk,Kandlerova,8466.7,175,CONFIRMED_FROM_VIDEO,CONFIRMED_FROM_VIDEO,Screen Recording 2026-08-16 223317.mp4,6,1
Theresa,Silk,La Povenglia,7577.5,164,CONFIRMED_FROM_VIDEO,CONFIRMED_FROM_VIDEO,Screen Recording 2026-08-16 223317.mp4,7,1
Theresa,Silk,Lebarde,8705.3,178,CONFIRMED_FROM_VIDEO,CONFIRMED_FROM_VIDEO,Screen Recording 2026-08-16 223317.mp4,6,1
Theresa,Silk,Lord Irving's Sacrifice,3835.2,115,CONFIRMED_FROM_VIDEO,CONFIRMED_FROM_VIDEO,Screen Recording 2026-08-16 223317.mp4,12,1
Theresa,Silk,Louisbourg,7338.6,160,CONFIRMED_FROM_VIDEO,CONFIRMED_FROM_VIDEO,Screen Recording 2026-08-16 223317.mp4,7,1
Theresa,Silk,Madalena,6754.1,153,CONFIRMED_FROM_VIDEO,CONFIRMED_FROM_VIDEO,Screen Recording 2026-08-16 223317.mp4,8,1
Theresa,Silk,Mako's Outlook,4587.9,125,CONFIRMED_FROM_VIDEO,CONFIRMED_FROM_VIDEO,Screen Recording 2026-08-16 223317.mp4,6,1
Theresa,Silk,Matthew's Rest,6378.0,148,CONFIRMED_FROM_VIDEO,CONFIRMED_FROM_VIDEO,Screen Recording 2026-08-16 223317.mp4,6,2
Theresa,Silk,Maurepas,6908.7,155,CONFIRMED_FROM_VIDEO,CONFIRMED_FROM_VIDEO,Screen Recording 2026-08-16 223317.mp4,6,1
Theresa,Silk,New Brighton,7047.8,157,CONFIRMED_FROM_VIDEO,CONFIRMED_FROM_VIDEO,Screen Recording 2026-08-16 223317.mp4,6,1
Theresa,Silk,New Catalina,12596.7,229,CONFIRMED_FROM_VIDEO,CONFIRMED_FROM_VIDEO,Screen Recording 2026-08-16 223317.mp4,4,2
Theresa,Silk,Pachard Town,5406.4,135,CONFIRMED_FROM_VIDEO,CONFIRMED_FROM_VIDEO,Screen Recording 2026-08-16 223317.mp4,5,1
Theresa,Silk,Peter's Cove,8843.2,180,CONFIRMED_FROM_VIDEO,CONFIRMED_FROM_VIDEO,Screen Recording 2026-08-16 223317.mp4,6,1
Theresa,Silk,Petit Anvers,8928.2,181,CONFIRMED_FROM_VIDEO,CONFIRMED_FROM_VIDEO,Screen Recording 2026-08-16 223317.mp4,6,1
Theresa,Silk,Poblado de San Juan,4047.2,118,CONFIRMED_FROM_VIDEO,CONFIRMED_FROM_VIDEO,Screen Recording 2026-08-16 223317.mp4,9,2
Theresa,Silk,Point Rocheux,4237.9,120,CONFIRMED_FROM_VIDEO,CONFIRMED_FROM_VIDEO,Screen Recording 2026-08-16 223317.mp4,14,1
Theresa,Silk,Ponta Delgada,7707.1,165,CONFIRMED_FROM_VIDEO,CONFIRMED_FROM_VIDEO,Screen Recording 2026-08-16 223317.mp4,6,1
Theresa,Silk,Port Antonio,1135.5,80,CONFIRMED_FROM_VIDEO,CONFIRMED_FROM_VIDEO,Screen Recording 2026-08-16 223317.mp4,8,1
Theresa,Silk,Port Louis,9024.6,182,CONFIRMED_FROM_VIDEO,CONFIRMED_FROM_VIDEO,Screen Recording 2026-08-16 223317.mp4,9,1
Theresa,Silk,Port Royal,1884.8,90,CONFIRMED_FROM_VIDEO,CONFIRMED_FROM_VIDEO,Screen Recording 2026-08-16 223317.mp4,8,1
Theresa,Silk,Port-Au-Croix,4822.8,128,CONFIRMED_FROM_VIDEO,CONFIRMED_FROM_VIDEO,Screen Recording 2026-08-16 223317.mp4,5,1
Theresa,Silk,Princeton,8964.4,182,CONFIRMED_FROM_VIDEO,CONFIRMED_FROM_VIDEO,Screen Recording 2026-08-16 223317.mp4,6,1
Theresa,Silk,Puerto de San Fernando,2200.4,94,CONFIRMED_FROM_VIDEO,CONFIRMED_FROM_VIDEO,Screen Recording 2026-08-16 223317.mp4,9,1
Theresa,Silk,Saint Vincent,9126.1,184,CONFIRMED_FROM_VIDEO,CONFIRMED_FROM_VIDEO,Screen Recording 2026-08-16 223317.mp4,4,1
Theresa,Silk,Saint-Nicholas,10318.1,199,CONFIRMED_FROM_VIDEO,CONFIRMED_FROM_VIDEO,Screen Recording 2026-08-16 223317.mp4,4,2
Theresa,Silk,Sainte Rose,7733.2,166,CONFIRMED_FROM_VIDEO,CONFIRMED_FROM_VIDEO,Screen Recording 2026-08-16 223317.mp4,6,1
Theresa,Silk,San Polo,7926.6,168,CONFIRMED_FROM_VIDEO,CONFIRMED_FROM_VIDEO,Screen Recording 2026-08-16 223317.mp4,6,1
Theresa,Silk,San Salvador,4536.0,124,CONFIRMED_FROM_VIDEO,CONFIRMED_FROM_VIDEO,Screen Recording 2026-08-16 223317.mp4,6,1
Theresa,Silk,San Vito,5899.2,142,CONFIRMED_FROM_VIDEO,CONFIRMED_FROM_VIDEO,Screen Recording 2026-08-16 223317.mp4,6,1
Theresa,Silk,Sandy Settlement,9946.8,194,CONFIRMED_FROM_VIDEO,CONFIRMED_FROM_VIDEO,Screen Recording 2026-08-16 223317.mp4,4,1
Theresa,Silk,Santa Maria,3675.6,113,CONFIRMED_FROM_VIDEO,CONFIRMED_FROM_VIDEO,Screen Recording 2026-08-16 223317.mp4,12,1
Theresa,Silk,Sao Bento,6159.2,145,CONFIRMED_FROM_VIDEO,CONFIRMED_FROM_VIDEO,Screen Recording 2026-08-16 223317.mp4,6,1
Theresa,Silk,Snake Prosper,11041.5,209,CONFIRMED_FROM_VIDEO,CONFIRMED_FROM_VIDEO,Screen Recording 2026-08-16 223317.mp4,8,2
Theresa,Silk,Sugar Cove,13574.8,241,CONFIRMED_FROM_VIDEO,CONFIRMED_FROM_VIDEO,Screen Recording 2026-08-16 223317.mp4,4,2
Theresa,Silk,Taylor's Town,10642.8,203,CONFIRMED_FROM_VIDEO,CONFIRMED_FROM_VIDEO,Screen Recording 2026-08-16 223317.mp4,7,2
Theresa,Silk,Thresher Point,6660.5,152,CONFIRMED_FROM_VIDEO,CONFIRMED_FROM_VIDEO,Screen Recording 2026-08-16 223317.mp4,3,3
Theresa,Silk,Venta Nueva,3464.4,110,CONFIRMED_FROM_VIDEO,CONFIRMED_FROM_VIDEO,Screen Recording 2026-08-16 223317.mp4,9,1
Theresa,Silk,Villarreal Del Mar,2775.1,101,CONFIRMED_FROM_VIDEO,CONFIRMED_FROM_VIDEO,Screen Recording 2026-08-16 223317.mp4,9,1
Theresa,Silk,White Hook,12176.6,223,CONFIRMED_FROM_VIDEO,CONFIRMED_FROM_VIDEO,Screen Recording 2026-08-16 223317.mp4,4,2
Theresa,Silk,Wyntergard,10365.2,200,CONFIRMED_FROM_VIDEO,CONFIRMED_FROM_VIDEO,Screen Recording 2026-08-16 223317.mp4,4,2
Theresa,Silk,Yorinobu's Settlement,7072.1,157,CONFIRMED_FROM_VIDEO,CONFIRMED_FROM_VIDEO,Screen Recording 2026-08-16 223317.mp4,3,1
Thresher Point,Rope,Al-Jazair,5158.1,183,CONFIRMED_FROM_VIDEO,CONFIRMED_FROM_VIDEO,Screen Recording 2026-08-16 223317.mp4,6,1
Thresher Point,Rope,Ashbourne,9303.0,257,CONFIRMED_FROM_VIDEO,CONFIRMED_FROM_VIDEO,Screen Recording 2026-08-16 223317.mp4,6,1
Thresher Point,Rope,Belfry Heights,863.9,106,CONFIRMED_FROM_VIDEO,CONFIRMED_FROM_VIDEO,Screen Recording 2026-08-16 223317.mp4,5,1
Thresher Point,Rope,Bucket Bay,6442.0,206,CONFIRMED_FROM_VIDEO,CONFIRMED_FROM_VIDEO,Screen Recording 2026-08-16 223317.mp4,12,1
Thresher Point,Rope,Caledonia,8106.2,236,CONFIRMED_FROM_VIDEO,CONFIRMED_FROM_VIDEO,Screen Recording 2026-08-16 223317.mp4,8,1
Thresher Point,Rope,Castle Landing,4270.3,167,CONFIRMED_FROM_VIDEO,CONFIRMED_FROM_VIDEO,Screen Recording 2026-08-16 223317.mp4,7,1
Thresher Point,Rope,Caveira,11471.0,296,CONFIRMED_FROM_VIDEO,CONFIRMED_FROM_VIDEO,Screen Recording 2026-08-16 223317.mp4,8,1
Thresher Point,Rope,Caye Tiburon,1338.3,114,CONFIRMED_FROM_VIDEO,CONFIRMED_FROM_VIDEO,Screen Recording 2026-08-16 223317.mp4,4,2
Thresher Point,Rope,Crownstead,10088.8,272,CONFIRMED_FROM_VIDEO,CONFIRMED_FROM_VIDEO,Screen Recording 2026-08-16 223317.mp4,3,2
Thresher Point,Rope,Cumberland Hill,7342.8,222,CONFIRMED_FROM_VIDEO,CONFIRMED_FROM_VIDEO,Screen Recording 2026-08-16 223317.mp4,4,2
Thresher Point,Rope,Deadman's Murcia,8497.7,243,CONFIRMED_FROM_VIDEO,CONFIRMED_FROM_VIDEO,Screen Recording 2026-08-16 223317.mp4,6,1
Thresher Point,Rope,Fair Harbour,7034.2,217,CONFIRMED_FROM_VIDEO,CONFIRMED_FROM_VIDEO,Screen Recording 2026-08-16 223317.mp4,7,1
Thresher Point,Rope,Falmouth,6376.4,205,CONFIRMED_FROM_VIDEO,CONFIRMED_FROM_VIDEO,Screen Recording 2026-08-16 223317.mp4,12,1
Thresher Point,Rope,Gyldenvale,11098.5,290,CONFIRMED_FROM_VIDEO,CONFIRMED_FROM_VIDEO,Screen Recording 2026-08-16 223317.mp4,6,2
Thresher Point,Rope,Jones' Outpost,6828.5,213,CONFIRMED_FROM_VIDEO,CONFIRMED_FROM_VIDEO,Screen Recording 2026-08-16 223317.mp4,7,1
Thresher Point,Rope,Kandlerova,8061.7,235,CONFIRMED_FROM_VIDEO,CONFIRMED_FROM_VIDEO,Screen Recording 2026-08-16 223317.mp4,8,1
Thresher Point,Rope,La Povenglia,5172.9,183,CONFIRMED_FROM_VIDEO,CONFIRMED_FROM_VIDEO,Screen Recording 2026-08-16 223317.mp4,6,1
Thresher Point,Rope,Lebarde,2581.4,136,CONFIRMED_FROM_VIDEO,CONFIRMED_FROM_VIDEO,Screen Recording 2026-08-16 223317.mp4,5,1
Thresher Point,Rope,Lord Irving's Sacrifice,3307.7,150,CONFIRMED_FROM_VIDEO,CONFIRMED_FROM_VIDEO,Screen Recording 2026-08-16 223317.mp4,5,2
Thresher Point,Rope,Louisbourg,10154.7,273,CONFIRMED_FROM_VIDEO,CONFIRMED_FROM_VIDEO,Screen Recording 2026-08-16 223317.mp4,6,2
Thresher Point,Rope,Madalena,13408.3,331,CONFIRMED_FROM_VIDEO,CONFIRMED_FROM_VIDEO,Screen Recording 2026-08-16 223317.mp4,5,3
Thresher Point,Rope,Mako's Outlook,2954.2,143,CONFIRMED_FROM_VIDEO,CONFIRMED_FROM_VIDEO,Screen Recording 2026-08-16 223317.mp4,5,1
Thresher Point,Rope,Matthew's Rest,6490.3,207,CONFIRMED_FROM_VIDEO,CONFIRMED_FROM_VIDEO,Screen Recording 2026-08-16 223317.mp4,7,1
Thresher Point,Rope,Maurepas,9317.7,258,CONFIRMED_FROM_VIDEO,CONFIRMED_FROM_VIDEO,Screen Recording 2026-08-16 223317.mp4,4,1
Thresher Point,Rope,New Brighton,4061.1,163,CONFIRMED_FROM_VIDEO,CONFIRMED_FROM_VIDEO,Screen Recording 2026-08-16 223317.mp4,12,1
Thresher Point,Rope,New Catalina,6976.7,216,CONFIRMED_FROM_VIDEO,CONFIRMED_FROM_VIDEO,Screen Recording 2026-08-16 223317.mp4,5,1
Thresher Point,Rope,Pachard Town,6353.3,204,CONFIRMED_FROM_VIDEO,CONFIRMED_FROM_VIDEO,Screen Recording 2026-08-16 223317.mp4,11,1
Thresher Point,Rope,Peter's Cove,2779.7,140,CONFIRMED_FROM_VIDEO,CONFIRMED_FROM_VIDEO,Screen Recording 2026-08-16 223317.mp4,5,1
Thresher Point,Rope,Petit Anvers,11458.3,296,CONFIRMED_FROM_VIDEO,CONFIRMED_FROM_VIDEO,Screen Recording 2026-08-16 223317.mp4,6,2
Thresher Point,Rope,Poblado de San Juan,9626.0,263,CONFIRMED_FROM_VIDEO,CONFIRMED_FROM_VIDEO,Screen Recording 2026-08-16 223317.mp4,4,2
Thresher Point,Rope,Point Rocheux,7499.4,225,CONFIRMED_FROM_VIDEO,CONFIRMED_FROM_VIDEO,Screen Recording 2026-08-16 223317.mp4,6,1
Thresher Point,Rope,Ponta Delgada,13997.2,342,CONFIRMED_FROM_VIDEO,CONFIRMED_FROM_VIDEO,Screen Recording 2026-08-16 223317.mp4,4,2
Thresher Point,Rope,Port Antonio,6932.3,215,CONFIRMED_FROM_VIDEO,CONFIRMED_FROM_VIDEO,Screen Recording 2026-08-16 223317.mp4,7,1
Thresher Point,Rope,Port Louis,7863.2,232,CONFIRMED_FROM_VIDEO,CONFIRMED_FROM_VIDEO,Screen Recording 2026-08-16 223317.mp4,8,1
Thresher Point,Rope,Port Royal,4791.8,176,CONFIRMED_FROM_VIDEO,CONFIRMED_FROM_VIDEO,Screen Recording 2026-08-16 223317.mp4,7,1
Thresher Point,Rope,Port-Au-Croix,6931.1,215,CONFIRMED_FROM_VIDEO,CONFIRMED_FROM_VIDEO,Screen Recording 2026-08-16 223317.mp4,3,1
Thresher Point,Rope,Princeton,3910.0,160,CONFIRMED_FROM_VIDEO,CONFIRMED_FROM_VIDEO,Screen Recording 2026-08-16 223317.mp4,11,1
Thresher Point,Rope,Puerto de San Fernando,8752.3,248,CONFIRMED_FROM_VIDEO,CONFIRMED_FROM_VIDEO,Screen Recording 2026-08-16 223317.mp4,6,1
Thresher Point,Rope,Saint Vincent,6442.1,206,CONFIRMED_FROM_VIDEO,CONFIRMED_FROM_VIDEO,Screen Recording 2026-08-16 223317.mp4,6,2
Thresher Point,Rope,Saint-Nicholas,4060.5,163,CONFIRMED_FROM_VIDEO,CONFIRMED_FROM_VIDEO,Screen Recording 2026-08-16 223317.mp4,7,1
Thresher Point,Rope,Sainte Rose,11156.4,291,CONFIRMED_FROM_VIDEO,CONFIRMED_FROM_VIDEO,Screen Recording 2026-08-16 223317.mp4,6,2
Thresher Point,Rope,San Polo,7126.6,218,CONFIRMED_FROM_VIDEO,CONFIRMED_FROM_VIDEO,Screen Recording 2026-08-16 223317.mp4,6,1
Thresher Point,Rope,San Salvador,8422.6,242,CONFIRMED_FROM_VIDEO,CONFIRMED_FROM_VIDEO,Screen Recording 2026-08-16 223317.mp4,6,1
Thresher Point,Rope,San Vito,4236.9,166,CONFIRMED_FROM_VIDEO,CONFIRMED_FROM_VIDEO,Screen Recording 2026-08-16 223317.mp4,7,1
Thresher Point,Rope,Sandy Settlement,3872.4,160,CONFIRMED_FROM_VIDEO,CONFIRMED_FROM_VIDEO,Screen Recording 2026-08-16 223317.mp4,10,1
Thresher Point,Rope,Santa Maria,9151.0,255,CONFIRMED_FROM_VIDEO,CONFIRMED_FROM_VIDEO,Screen Recording 2026-08-16 223317.mp4,6,1
Thresher Point,Rope,Sao Bento,12670.3,318,CONFIRMED_FROM_VIDEO,CONFIRMED_FROM_VIDEO,Screen Recording 2026-08-16 223317.mp4,6,2
Thresher Point,Rope,Snake Prosper,7784.6,230,CONFIRMED_FROM_VIDEO,CONFIRMED_FROM_VIDEO,Screen Recording 2026-08-16 223317.mp4,6,1
Thresher Point,Rope,Sugar Cove,7821.6,231,CONFIRMED_FROM_VIDEO,CONFIRMED_FROM_VIDEO,Screen Recording 2026-08-16 223317.mp4,6,1
Thresher Point,Rope,Taylor's Town,4027.6,162,CONFIRMED_FROM_VIDEO,CONFIRMED_FROM_VIDEO,Screen Recording 2026-08-16 223317.mp4,12,1
Thresher Point,Rope,Theresa,6660.5,210,CONFIRMED_FROM_VIDEO,CONFIRMED_FROM_VIDEO,Screen Recording 2026-08-16 223317.mp4,7,1
Thresher Point,Rope,Venta Nueva,9423.5,260,CONFIRMED_FROM_VIDEO,CONFIRMED_FROM_VIDEO,Screen Recording 2026-08-16 223317.mp4,4,1
Thresher Point,Rope,Villarreal Del Mar,8182.8,237,CONFIRMED_FROM_VIDEO,CONFIRMED_FROM_VIDEO,Screen Recording 2026-08-16 223317.mp4,6,1
Thresher Point,Rope,White Hook,8959.4,251,CONFIRMED_FROM_VIDEO,CONFIRMED_FROM_VIDEO,Screen Recording 2026-08-16 223317.mp4,6,1
Thresher Point,Rope,Wyntergard,9843.0,267,CONFIRMED_FROM_VIDEO,CONFIRMED_FROM_VIDEO,Screen Recording 2026-08-16 223317.mp4,8,1
Thresher Point,Rope,Yorinobu's Settlement,5053.3,181,CONFIRMED_FROM_VIDEO,CONFIRMED_FROM_VIDEO,Screen Recording 2026-08-16 223317.mp4,5,1
Venta Nueva,Olives,Al-Jazair,9803.5,204,CONFIRMED_FROM_VIDEO,CONFIRMED_FROM_VIDEO,Screen Recording 2026-08-16 112527.mp4,3,1
Venta Nueva,Olives,Ashbourne,8511.1,186,CONFIRMED_FROM_VIDEO,CONFIRMED_FROM_VIDEO,Screen Recording 2026-08-16 112527.mp4,3,1
Venta Nueva,Olives,Belfry Heights,9059.9,193,CONFIRMED_FROM_VIDEO,CONFIRMED_FROM_VIDEO,Screen Recording 2026-08-16 112527.mp4,5,1
Venta Nueva,Olives,Bucket Bay,7317.8,169,CONFIRMED_FROM_VIDEO,CONFIRMED_FROM_VIDEO,Screen Recording 2026-08-16 112527.mp4,3,1
Venta Nueva,Olives,Caledonia,11984.3,234,CONFIRMED_FROM_VIDEO,CONFIRMED_FROM_VIDEO,Screen Recording 2026-08-16 112527.mp4,3,2
Venta Nueva,Olives,Castle Landing,12197.2,236,CONFIRMED_FROM_VIDEO,CONFIRMED_FROM_VIDEO,Screen Recording 2026-08-16 112527.mp4,3,1
Venta Nueva,Olives,Caveira,3248.8,113,CONFIRMED_FROM_VIDEO,CONFIRMED_FROM_VIDEO,Screen Recording 2026-08-16 112527.mp4,3,1
Venta Nueva,Olives,Caye Tiburon,8284.2,183,CONFIRMED_FROM_VIDEO,CONFIRMED_FROM_VIDEO,Screen Recording 2026-08-16 112527.mp4,3,1
Venta Nueva,Olives,Crownstead,8688.1,188,CONFIRMED_FROM_VIDEO,CONFIRMED_FROM_VIDEO,Screen Recording 2026-08-16 112527.mp4,3,1
Venta Nueva,Olives,Deadman's Murcia,11655.1,229,CONFIRMED_FROM_VIDEO,CONFIRMED_FROM_VIDEO,Screen Recording 2026-08-16 112527.mp4,3,1
Venta Nueva,Olives,Fair Harbour,8598.3,187,CONFIRMED_FROM_VIDEO,CONFIRMED_FROM_VIDEO,Screen Recording 2026-08-16 112527.mp4,3,1
Venta Nueva,Olives,Falmouth,3065.0,111,CONFIRMED_FROM_VIDEO,CONFIRMED_FROM_VIDEO,Screen Recording 2026-08-16 112527.mp4,3,1
Venta Nueva,Olives,Griffard's Rock,6108.9,153,CONFIRMED_FROM_GRIFFARDS_DESTINATION_LIST,DERIVED,naval_route_trade_handoff_v1.json:griffards_rock_backfills,,
Venta Nueva,Olives,Gyldenvale,10025.5,207,CONFIRMED_FROM_VIDEO,CONFIRMED_FROM_VIDEO,Screen Recording 2026-08-16 112527.mp4,3,2
Venta Nueva,Olives,Jones' Outpost,13367.4,253,CONFIRMED_FROM_VIDEO,CONFIRMED_FROM_VIDEO,Screen Recording 2026-08-16 112527.mp4,3,1
Venta Nueva,Olives,Kandlerova,11813.6,231,CONFIRMED_FROM_VIDEO,CONFIRMED_FROM_VIDEO,Screen Recording 2026-08-16 112527.mp4,3,1
Venta Nueva,Olives,La Povenglia,11037.8,221,CONFIRMED_FROM_VIDEO,CONFIRMED_FROM_VIDEO,Screen Recording 2026-08-16 112527.mp4,3,1
Venta Nueva,Olives,Lebarde,10974.6,220,CONFIRMED_FROM_VIDEO,CONFIRMED_FROM_VIDEO,Screen Recording 2026-08-16 112527.mp4,3,1
Venta Nueva,Olives,Lord Irving's Sacrifice,7116.6,167,CONFIRMED_FROM_VIDEO,CONFIRMED_FROM_VIDEO,Screen Recording 2026-08-16 112527.mp4,3,1
Venta Nueva,Olives,Louisbourg,5286.2,141,CONFIRMED_FROM_VIDEO,CONFIRMED_FROM_VIDEO,Screen Recording 2026-08-16 112527.mp4,2,1
Venta Nueva,Olives,Madalena,4769.6,134,CONFIRMED_FROM_VIDEO,CONFIRMED_FROM_VIDEO,Screen Recording 2026-08-16 112527.mp4,3,1
Venta Nueva,Olives,Mako's Outlook,7888.5,177,CONFIRMED_FROM_VIDEO,CONFIRMED_FROM_VIDEO,Screen Recording 2026-08-16 112527.mp4,3,1
Venta Nueva,Olives,Matthew's Rest,6422.2,157,CONFIRMED_FROM_VIDEO,CONFIRMED_FROM_VIDEO,Screen Recording 2026-08-16 112527.mp4,3,1
Venta Nueva,Olives,Maurepas,5259.9,141,CONFIRMED_FROM_VIDEO,CONFIRMED_FROM_VIDEO,Screen Recording 2026-08-16 112527.mp4,2,1
Venta Nueva,Olives,New Brighton,8392.8,184,CONFIRMED_FROM_VIDEO,CONFIRMED_FROM_VIDEO,Screen Recording 2026-08-16 112527.mp4,3,1
Venta Nueva,Olives,New Catalina,14239.8,265,CONFIRMED_FROM_VIDEO,CONFIRMED_FROM_VIDEO,Screen Recording 2026-08-16 112527.mp4,2,1
Venta Nueva,Olives,Pachard Town,5453.4,144,CONFIRMED_FROM_VIDEO,CONFIRMED_FROM_VIDEO,Screen Recording 2026-08-16 112527.mp4,2,2
Venta Nueva,Olives,Peter's Cove,11912.3,233,CONFIRMED_FROM_VIDEO,CONFIRMED_FROM_VIDEO,Screen Recording 2026-08-16 112527.mp4,3,1
Venta Nueva,Olives,Petit Anvers,6719.8,161,CONFIRMED_FROM_VIDEO,CONFIRMED_FROM_VIDEO,Screen Recording 2026-08-16 112527.mp4,3,1
Venta Nueva,Olives,Poblado de San Juan,5726.0,147,CONFIRMED_FROM_VIDEO,CONFIRMED_FROM_VIDEO,Screen Recording 2026-08-16 112527.mp4,2,1
Venta Nueva,Olives,Point Rocheux,3379.4,115,CONFIRMED_FROM_VIDEO,CONFIRMED_FROM_VIDEO,Screen Recording 2026-08-16 112527.mp4,4,1
Venta Nueva,Olives,Ponta Delgada,4579.1,132,CONFIRMED_FROM_VIDEO,CONFIRMED_FROM_VIDEO,Screen Recording 2026-08-16 112527.mp4,5,1
Venta Nueva,Olives,Port Antonio,2624.4,105,CONFIRMED_FROM_VIDEO,CONFIRMED_FROM_VIDEO,Screen Recording 2026-08-16 112527.mp4,2,1
Venta Nueva,Olives,Port Louis,8898.3,191,CONFIRMED_FROM_VIDEO,CONFIRMED_FROM_VIDEO,Screen Recording 2026-08-16 112527.mp4,5,1
Venta Nueva,Olives,Port Royal,5070.0,138,CONFIRMED_FROM_VIDEO,CONFIRMED_FROM_VIDEO,Screen Recording 2026-08-16 112527.mp4,2,1
Venta Nueva,Olives,Port-Au-Croix,4447.8,130,CONFIRMED_FROM_VIDEO,CONFIRMED_FROM_VIDEO,Screen Recording 2026-08-16 112527.mp4,5,1
Venta Nueva,Olives,Princeton,10709.4,216,CONFIRMED_FROM_VIDEO,CONFIRMED_FROM_VIDEO,Screen Recording 2026-08-16 112527.mp4,3,1
Venta Nueva,Olives,Puerto de San Fernando,3267.9,114,CONFIRMED_FROM_VIDEO,CONFIRMED_FROM_VIDEO,Screen Recording 2026-08-16 112527.mp4,2,1
Venta Nueva,Olives,Saint Vincent,9749.2,203,CONFIRMED_FROM_VIDEO,CONFIRMED_FROM_VIDEO,Screen Recording 2026-08-16 112527.mp4,5,1
Venta Nueva,Olives,Saint-Nicholas,13354.2,252,CONFIRMED_FROM_VIDEO,CONFIRMED_FROM_VIDEO,Screen Recording 2026-08-16 112527.mp4,3,1
Venta Nueva,Olives,Sainte Rose,5197.9,140,CONFIRMED_FROM_VIDEO,CONFIRMED_FROM_VIDEO,Screen Recording 2026-08-16 112527.mp4,2,1
Venta Nueva,Olives,San Polo,11334.8,225,CONFIRMED_FROM_VIDEO,CONFIRMED_FROM_VIDEO,Screen Recording 2026-08-16 112527.mp4,3,1
Venta Nueva,Olives,San Salvador,7254.5,168,CONFIRMED_FROM_VIDEO,CONFIRMED_FROM_VIDEO,Screen Recording 2026-08-16 112527.mp4,3,1
Venta Nueva,Olives,San Vito,9349.5,197,CONFIRMED_FROM_VIDEO,CONFIRMED_FROM_VIDEO,Screen Recording 2026-08-16 112527.mp4,5,1
Venta Nueva,Olives,Sandy Settlement,13041.7,248,CONFIRMED_FROM_VIDEO,CONFIRMED_FROM_VIDEO,Screen Recording 2026-08-16 112527.mp4,3,2
Venta Nueva,Olives,Santa Maria,5606.6,146,CONFIRMED_FROM_VIDEO,CONFIRMED_FROM_VIDEO,Screen Recording 2026-08-16 112527.mp4,2,1
Venta Nueva,Olives,Sao Bento,3491.8,117,CONFIRMED_FROM_VIDEO,CONFIRMED_FROM_VIDEO,Screen Recording 2026-08-16 112527.mp4,5,1
Venta Nueva,Olives,Snake Prosper,11606.2,228,CONFIRMED_FROM_VIDEO,CONFIRMED_FROM_VIDEO,Screen Recording 2026-08-16 112527.mp4,3,1
Venta Nueva,Olives,Sugar Cove,15239.9,278,CONFIRMED_FROM_VIDEO,CONFIRMED_FROM_VIDEO,Screen Recording 2026-08-16 112527.mp4,2,1
Venta Nueva,Olives,Taylor's Town,13443.3,254,CONFIRMED_FROM_VIDEO,CONFIRMED_FROM_VIDEO,Screen Recording 2026-08-16 112527.mp4,3,1
Venta Nueva,Olives,Theresa,3464.4,116,CONFIRMED_FROM_VIDEO,CONFIRMED_FROM_VIDEO,Screen Recording 2026-08-16 112527.mp4,5,1
Venta Nueva,Olives,Thresher Point,9423.5,198,CONFIRMED_FROM_VIDEO,CONFIRMED_FROM_VIDEO,Screen Recording 2026-08-16 112527.mp4,5,1
Venta Nueva,Olives,Villarreal Del Mar,1319.1,87,CONFIRMED_FROM_VIDEO,CONFIRMED_FROM_VIDEO,Screen Recording 2026-08-16 112527.mp4,1,2
Venta Nueva,Olives,White Hook,12572.6,242,CONFIRMED_FROM_VIDEO,CONFIRMED_FROM_VIDEO,Screen Recording 2026-08-16 112527.mp4,3,1
Venta Nueva,Olives,Wyntergard,9625.3,201,CONFIRMED_FROM_VIDEO,CONFIRMED_FROM_VIDEO,Screen Recording 2026-08-16 112527.mp4,5,1
Villarreal Del Mar,Saffron,Al-Jazair,8521.0,230,CONFIRMED_FROM_VIDEO,CONFIRMED_FROM_VIDEO,Screen Recording 2026-08-16 112311.mp4,2,1
Villarreal Del Mar,Saffron,Ashbourne,7614.0,214,CONFIRMED_FROM_VIDEO,CONFIRMED_FROM_VIDEO,Screen Recording 2026-08-16 112311.mp4,4,1
Villarreal Del Mar,Saffron,Belfry Heights,7865.7,219,CONFIRMED_FROM_VIDEO,CONFIRMED_FROM_VIDEO,Screen Recording 2026-08-16 112311.mp4,4,1
Villarreal Del Mar,Saffron,Bucket Bay,6142.6,189,CONFIRMED_FROM_VIDEO,CONFIRMED_FROM_VIDEO,Screen Recording 2026-08-16 112311.mp4,3,1
Villarreal Del Mar,Saffron,Caledonia,10792.4,268,CONFIRMED_FROM_VIDEO,CONFIRMED_FROM_VIDEO,Screen Recording 2026-08-16 112311.mp4,3,1
Villarreal Del Mar,Saffron,Castle Landing,10878.3,270,CONFIRMED_FROM_VIDEO,CONFIRMED_FROM_VIDEO,Screen Recording 2026-08-16 112311.mp4,3,2
Villarreal Del Mar,Saffron,Caveira,4345.1,159,CONFIRMED_FROM_VIDEO,CONFIRMED_FROM_VIDEO,Screen Recording 2026-08-16 112311.mp4,3,1
Villarreal Del Mar,Saffron,Caye Tiburon,7010.9,204,CONFIRMED_FROM_VIDEO,CONFIRMED_FROM_VIDEO,Screen Recording 2026-08-16 112311.mp4,3,1
Villarreal Del Mar,Saffron,Crownstead,7888.1,219,CONFIRMED_FROM_VIDEO,CONFIRMED_FROM_VIDEO,Screen Recording 2026-08-16 112311.mp4,4,1
Villarreal Del Mar,Saffron,Deadman's Murcia,10504.1,264,CONFIRMED_FROM_VIDEO,CONFIRMED_FROM_VIDEO,Screen Recording 2026-08-16 112311.mp4,3,1
Villarreal Del Mar,Saffron,Fair Harbour,7449.8,212,CONFIRMED_FROM_VIDEO,CONFIRMED_FROM_VIDEO,Screen Recording 2026-08-16 112311.mp4,4,1
Villarreal Del Mar,Saffron,Falmouth,1807.4,116,CONFIRMED_FROM_VIDEO,CONFIRMED_FROM_VIDEO,Screen Recording 2026-08-16 112311.mp4,1,1
Villarreal Del Mar,Saffron,Griffard's Rock,4800.4,167,CONFIRMED_FROM_GRIFFARDS_DESTINATION_LIST,DERIVED,naval_route_trade_handoff_v1.json:griffards_rock_backfills,,
Villarreal Del Mar,Saffron,Gyldenvale,9253.7,242,CONFIRMED_FROM_VIDEO,CONFIRMED_FROM_VIDEO,Screen Recording 2026-08-16 112311.mp4,4,1
Villarreal Del Mar,Saffron,Jones' Outpost,12072.0,290,CONFIRMED_FROM_VIDEO,CONFIRMED_FROM_VIDEO,Screen Recording 2026-08-16 112311.mp4,3,1
Villarreal Del Mar,Saffron,Kandlerova,11238.6,276,CONFIRMED_FROM_VIDEO,CONFIRMED_FROM_VIDEO,Screen Recording 2026-08-16 112311.mp4,3,1
Villarreal Del Mar,Saffron,La Povenglia,10171.8,258,CONFIRMED_FROM_VIDEO,CONFIRMED_FROM_VIDEO,Screen Recording 2026-08-16 112311.mp4,2,1
Villarreal Del Mar,Saffron,Lebarde,9666.1,249,CONFIRMED_FROM_VIDEO,CONFIRMED_FROM_VIDEO,Screen Recording 2026-08-16 112311.mp4,2,1
Villarreal Del Mar,Saffron,Lord Irving's Sacrifice,6084.7,188,CONFIRMED_FROM_VIDEO,CONFIRMED_FROM_VIDEO,Screen Recording 2026-08-16 112311.mp4,4,1
Villarreal Del Mar,Saffron,Louisbourg,4848.0,167,CONFIRMED_FROM_VIDEO,CONFIRMED_FROM_VIDEO,Screen Recording 2026-08-16 112311.mp4,2,1
Villarreal Del Mar,Saffron,Madalena,6011.7,187,CONFIRMED_FROM_VIDEO,CONFIRMED_FROM_VIDEO,Screen Recording 2026-08-16 112311.mp4,3,1
Villarreal Del Mar,Saffron,Mako's Outlook,6854.1,202,CONFIRMED_FROM_VIDEO,CONFIRMED_FROM_VIDEO,Screen Recording 2026-08-16 112311.mp4,3,1
Villarreal Del Mar,Saffron,Matthew's Rest,5256.0,174,CONFIRMED_FROM_VIDEO,CONFIRMED_FROM_VIDEO,Screen Recording 2026-08-16 112311.mp4,3,1
Villarreal Del Mar,Saffron,Maurepas,4613.1,163,CONFIRMED_FROM_VIDEO,CONFIRMED_FROM_VIDEO,Screen Recording 2026-08-16 112311.mp4,2,1
Villarreal Del Mar,Saffron,New Brighton,7085.7,205,CONFIRMED_FROM_VIDEO,CONFIRMED_FROM_VIDEO,Screen Recording 2026-08-16 112311.mp4,4,1
Villarreal Del Mar,Saffron,New Catalina,12930.7,305,CONFIRMED_FROM_VIDEO,CONFIRMED_FROM_VIDEO,Screen Recording 2026-08-16 112311.mp4,2,1
Villarreal Del Mar,Saffron,Pachard Town,4259.5,157,CONFIRMED_FROM_VIDEO,CONFIRMED_FROM_VIDEO,Screen Recording 2026-08-16 112311.mp4,3,1
Villarreal Del Mar,Saffron,Peter's Cove,10732.8,267,CONFIRMED_FROM_VIDEO,CONFIRMED_FROM_VIDEO,Screen Recording 2026-08-16 112311.mp4,3,1
Villarreal Del Mar,Saffron,Petit Anvers,6398.0,194,CONFIRMED_FROM_VIDEO,CONFIRMED_FROM_VIDEO,Screen Recording 2026-08-16 112311.mp4,3,1
Villarreal Del Mar,Saffron,Poblado de San Juan,5940.5,186,CONFIRMED_FROM_VIDEO,CONFIRMED_FROM_VIDEO,Screen Recording 2026-08-16 112311.mp4,2,1
Villarreal Del Mar,Saffron,Point Rocheux,2297.8,124,CONFIRMED_FROM_VIDEO,CONFIRMED_FROM_VIDEO,Screen Recording 2026-08-16 112311.mp4,2,1
Villarreal Del Mar,Saffron,Ponta Delgada,5863.0,185,CONFIRMED_FROM_VIDEO,CONFIRMED_FROM_VIDEO,Screen Recording 2026-08-16 112311.mp4,2,1
Villarreal Del Mar,Saffron,Port Antonio,1700.6,114,CONFIRMED_FROM_VIDEO,CONFIRMED_FROM_VIDEO,Screen Recording 2026-08-16 112311.mp4,1,1
Villarreal Del Mar,Saffron,Port Louis,7815.0,218,CONFIRMED_FROM_VIDEO,CONFIRMED_FROM_VIDEO,Screen Recording 2026-08-16 112311.mp4,3,1
Villarreal Del Mar,Saffron,Port Royal,4062.2,154,CONFIRMED_FROM_VIDEO,CONFIRMED_FROM_VIDEO,Screen Recording 2026-08-16 112311.mp4,3,1
Villarreal Del Mar,Saffron,Port-Au-Croix,3303.9,141,CONFIRMED_FROM_VIDEO,CONFIRMED_FROM_VIDEO,Screen Recording 2026-08-16 112311.mp4,3,1
Villarreal Del Mar,Saffron,Princeton,9392.0,245,CONFIRMED_FROM_VIDEO,CONFIRMED_FROM_VIDEO,Screen Recording 2026-08-16 112311.mp4,4,1
Villarreal Del Mar,Saffron,Puerto de San Fernando,3451.6,144,CONFIRMED_FROM_VIDEO,CONFIRMED_FROM_VIDEO,Screen Recording 2026-08-16 112311.mp4,3,1
Villarreal Del Mar,Saffron,Saint Vincent,8528.7,230,CONFIRMED_FROM_VIDEO,CONFIRMED_FROM_VIDEO,Screen Recording 2026-08-16 112311.mp4,3,1
Villarreal Del Mar,Saffron,Saint-Nicholas,12157.4,292,CONFIRMED_FROM_VIDEO,CONFIRMED_FROM_VIDEO,Screen Recording 2026-08-16 112311.mp4,3,1
Villarreal Del Mar,Saffron,Sainte Rose,5058.1,171,CONFIRMED_FROM_VIDEO,CONFIRMED_FROM_VIDEO,Screen Recording 2026-08-16 112311.mp4,3,1
Villarreal Del Mar,Saffron,San Polo,10678.9,267,CONFIRMED_FROM_VIDEO,CONFIRMED_FROM_VIDEO,Screen Recording 2026-08-16 112311.mp4,3,1
Villarreal Del Mar,Saffron,San Salvador,7084.9,205,CONFIRMED_FROM_VIDEO,CONFIRMED_FROM_VIDEO,Screen Recording 2026-08-16 112311.mp4,5,1
Villarreal Del Mar,Saffron,San Vito,8459.9,229,CONFIRMED_FROM_VIDEO,CONFIRMED_FROM_VIDEO,Screen Recording 2026-08-16 112311.mp4,3,1
Villarreal Del Mar,Saffron,Sandy Settlement,11865.6,287,CONFIRMED_FROM_VIDEO,CONFIRMED_FROM_VIDEO,Screen Recording 2026-08-16 112311.mp4,2,2
Villarreal Del Mar,Saffron,Santa Maria,5720.1,182,CONFIRMED_FROM_VIDEO,CONFIRMED_FROM_VIDEO,Screen Recording 2026-08-16 112311.mp4,2,1
Villarreal Del Mar,Saffron,Sao Bento,4804.2,167,CONFIRMED_FROM_VIDEO,CONFIRMED_FROM_VIDEO,Screen Recording 2026-08-16 112311.mp4,3,1
Villarreal Del Mar,Saffron,Snake Prosper,10409.0,262,CONFIRMED_FROM_VIDEO,CONFIRMED_FROM_VIDEO,Screen Recording 2026-08-16 112311.mp4,2,1
Villarreal Del Mar,Saffron,Sugar Cove,13930.9,322,CONFIRMED_FROM_VIDEO,CONFIRMED_FROM_VIDEO,Screen Recording 2026-08-16 112311.mp4,2,1
Villarreal Del Mar,Saffron,Taylor's Town,12189.2,292,CONFIRMED_FROM_VIDEO,CONFIRMED_FROM_VIDEO,Screen Recording 2026-08-16 112311.mp4,2,1
Villarreal Del Mar,Saffron,Theresa,2775.1,132,CONFIRMED_FROM_VIDEO,CONFIRMED_FROM_VIDEO,Screen Recording 2026-08-16 112311.mp4,2,1
Villarreal Del Mar,Saffron,Thresher Point,8182.8,224,CONFIRMED_FROM_VIDEO,CONFIRMED_FROM_VIDEO,Screen Recording 2026-08-16 112311.mp4,3,2
Villarreal Del Mar,Saffron,Venta Nueva,1319.1,106,CONFIRMED_FROM_VIDEO,CONFIRMED_FROM_VIDEO,Screen Recording 2026-08-16 112311.mp4,1,1
Villarreal Del Mar,Saffron,White Hook,11411.6,279,CONFIRMED_FROM_VIDEO,CONFIRMED_FROM_VIDEO,Screen Recording 2026-08-16 112311.mp4,3,1
Villarreal Del Mar,Saffron,Wyntergard,8720.6,233,CONFIRMED_FROM_VIDEO,CONFIRMED_FROM_VIDEO,Screen Recording 2026-08-16 112311.mp4,2,1
White Hook,Pearls,Al-Jazair,3909.8,187,CONFIRMED_FROM_VIDEO,CONFIRMED_FROM_VIDEO,Screen Recording 2026-08-16 223317.mp4,14,1
White Hook,Pearls,Ashbourne,5075.7,212,CONFIRMED_FROM_VIDEO,CONFIRMED_FROM_VIDEO,Screen Recording 2026-08-16 223317.mp4,6,1
White Hook,Pearls,Belfry Heights,9709.8,309,CONFIRMED_FROM_VIDEO,CONFIRMED_FROM_VIDEO,Screen Recording 2026-08-16 223317.mp4,4,1
White Hook,Pearls,Bucket Bay,5269.0,216,CONFIRMED_FROM_VIDEO,CONFIRMED_FROM_VIDEO,Screen Recording 2026-08-16 223317.mp4,9,1
White Hook,Pearls,Caledonia,854.8,123,CONFIRMED_FROM_VIDEO,CONFIRMED_FROM_VIDEO,Screen Recording 2026-08-16 223317.mp4,11,1
White Hook,Pearls,Castle Landing,5983.6,231,CONFIRMED_FROM_VIDEO,CONFIRMED_FROM_VIDEO,Screen Recording 2026-08-16 223317.mp4,9,1
White Hook,Pearls,Caveira,15755.9,436,CONFIRMED_FROM_VIDEO,CONFIRMED_FROM_VIDEO,Screen Recording 2026-08-16 223317.mp4,7,3
White Hook,Pearls,Caye Tiburon,8303.0,279,CONFIRMED_FROM_VIDEO,CONFIRMED_FROM_VIDEO,Screen Recording 2026-08-16 223317.mp4,6,1
White Hook,Pearls,Crownstead,5597.8,223,CONFIRMED_FROM_VIDEO,CONFIRMED_FROM_VIDEO,Screen Recording 2026-08-16 223317.mp4,9,1
White Hook,Pearls,Cumberland Hill,4521.5,200,CONFIRMED_FROM_VIDEO,CONFIRMED_FROM_VIDEO,Screen Recording 2026-08-16 223317.mp4,11,2
White Hook,Pearls,Deadman's Murcia,930.4,125,CONFIRMED_FROM_VIDEO,CONFIRMED_FROM_VIDEO,Screen Recording 2026-08-16 223317.mp4,8,2
White Hook,Pearls,Fair Harbour,3974.7,188,CONFIRMED_FROM_VIDEO,CONFIRMED_FROM_VIDEO,Screen Recording 2026-08-16 223317.mp4,14,1
White Hook,Pearls,Falmouth,10422.3,324,CONFIRMED_FROM_VIDEO,CONFIRMED_FROM_VIDEO,Screen Recording 2026-08-16 223317.mp4,4,2
White Hook,Pearls,Gyldenvale,5349.6,217,CONFIRMED_FROM_VIDEO,CONFIRMED_FROM_VIDEO,Screen Recording 2026-08-16 223317.mp4,10,1
White Hook,Pearls,Jones' Outpost,3818.9,185,CONFIRMED_FROM_VIDEO,CONFIRMED_FROM_VIDEO,Screen Recording 2026-08-16 223317.mp4,13,1
White Hook,Pearls,Kandlerova,16967.5,461,CONFIRMED_FROM_VIDEO,CONFIRMED_FROM_VIDEO,Screen Recording 2026-08-16 223317.mp4,4,2
White Hook,Pearls,La Povenglia,14132.3,402,CONFIRMED_FROM_VIDEO,CONFIRMED_FROM_VIDEO,Screen Recording 2026-08-16 223317.mp4,6,2
White Hook,Pearls,Lebarde,6990.8,252,CONFIRMED_FROM_VIDEO,CONFIRMED_FROM_VIDEO,Screen Recording 2026-08-16 223317.mp4,7,2
White Hook,Pearls,Lord Irving's Sacrifice,11163.1,339,CONFIRMED_FROM_VIDEO,CONFIRMED_FROM_VIDEO,Screen Recording 2026-08-16 223317.mp4,2,2
White Hook,Pearls,Louisbourg,8921.7,292,CONFIRMED_FROM_VIDEO,CONFIRMED_FROM_VIDEO,Screen Recording 2026-08-16 223317.mp4,8,1
White Hook,Pearls,Madalena,17330.5,469,CONFIRMED_FROM_VIDEO,CONFIRMED_FROM_VIDEO,Screen Recording 2026-08-16 223317.mp4,4,3
White Hook,Pearls,Mako's Outlook,11298.6,342,CONFIRMED_FROM_VIDEO,CONFIRMED_FROM_VIDEO,Screen Recording 2026-08-16 223317.mp4,2,2
White Hook,Pearls,Matthew's Rest,6157.7,234,CONFIRMED_FROM_VIDEO,CONFIRMED_FROM_VIDEO,Screen Recording 2026-08-16 223317.mp4,9,1
White Hook,Pearls,Maurepas,8257.0,278,CONFIRMED_FROM_VIDEO,CONFIRMED_FROM_VIDEO,Screen Recording 2026-08-16 223317.mp4,5,1
White Hook,Pearls,New Brighton,5473.2,220,CONFIRMED_FROM_VIDEO,CONFIRMED_FROM_VIDEO,Screen Recording 2026-08-16 223317.mp4,9,1
White Hook,Pearls,New Catalina,4970.9,209,CONFIRMED_FROM_VIDEO,CONFIRMED_FROM_VIDEO,Screen Recording 2026-08-16 223317.mp4,6,1
White Hook,Pearls,Pachard Town,7153.5,255,CONFIRMED_FROM_VIDEO,CONFIRMED_FROM_VIDEO,Screen Recording 2026-08-16 223317.mp4,8,1
White Hook,Pearls,Peter's Cove,10754.4,331,CONFIRMED_FROM_VIDEO,CONFIRMED_FROM_VIDEO,Screen Recording 2026-08-16 223317.mp4,4,2
White Hook,Pearls,Petit Anvers,8977.6,294,CONFIRMED_FROM_VIDEO,CONFIRMED_FROM_VIDEO,Screen Recording 2026-08-16 223317.mp4,6,1
White Hook,Pearls,Poblado de San Juan,16197.4,445,CONFIRMED_FROM_VIDEO,CONFIRMED_FROM_VIDEO,Screen Recording 2026-08-16 223317.mp4,4,2
White Hook,Pearls,Point Rocheux,9193.9,298,CONFIRMED_FROM_VIDEO,CONFIRMED_FROM_VIDEO,Screen Recording 2026-08-16 223317.mp4,5,2
White Hook,Pearls,Ponta Delgada,16270.3,447,CONFIRMED_FROM_VIDEO,CONFIRMED_FROM_VIDEO,Screen Recording 2026-08-16 223317.mp4,4,2
White Hook,Pearls,Port Antonio,11528.8,347,CONFIRMED_FROM_VIDEO,CONFIRMED_FROM_VIDEO,Screen Recording 2026-08-16 223317.mp4,2,2
White Hook,Pearls,Port Louis,3807.4,185,CONFIRMED_FROM_VIDEO,CONFIRMED_FROM_VIDEO,Screen Recording 2026-08-16 223317.mp4,12,1
White Hook,Pearls,Port Royal,11130.1,339,CONFIRMED_FROM_VIDEO,CONFIRMED_FROM_VIDEO,Screen Recording 2026-08-16 223317.mp4,2,2
White Hook,Pearls,Port-Au-Croix,8127.3,276,CONFIRMED_FROM_VIDEO,CONFIRMED_FROM_VIDEO,Screen Recording 2026-08-16 223317.mp4,6,1
White Hook,Pearls,Princeton,5199.0,214,CONFIRMED_FROM_VIDEO,CONFIRMED_FROM_VIDEO,Screen Recording 2026-08-16 223317.mp4,9,1
White Hook,Pearls,Puerto de San Fernando,14196.5,403,CONFIRMED_FROM_VIDEO,CONFIRMED_FROM_VIDEO,Screen Recording 2026-08-16 223317.mp4,8,2
White Hook,Pearls,Saint Vincent,3059.6,169,CONFIRMED_FROM_VIDEO,CONFIRMED_FROM_VIDEO,Screen Recording 2026-08-16 223317.mp4,11,2
White Hook,Pearls,Saint-Nicholas,11088.0,338,CONFIRMED_FROM_VIDEO,CONFIRMED_FROM_VIDEO,Screen Recording 2026-08-16 223317.mp4,6,1
White Hook,Pearls,Sainte Rose,10030.8,316,CONFIRMED_FROM_VIDEO,CONFIRMED_FROM_VIDEO,Screen Recording 2026-08-16 223317.mp4,3,2
White Hook,Pearls,San Polo,16042.5,442,CONFIRMED_FROM_VIDEO,CONFIRMED_FROM_VIDEO,Screen Recording 2026-08-16 223317.mp4,6,2
White Hook,Pearls,San Salvador,15991.3,441,CONFIRMED_FROM_VIDEO,CONFIRMED_FROM_VIDEO,Screen Recording 2026-08-16 223317.mp4,6,2
White Hook,Pearls,San Vito,13058.6,379,CONFIRMED_FROM_VIDEO,CONFIRMED_FROM_VIDEO,Screen Recording 2026-08-16 223317.mp4,4,2
White Hook,Pearls,Sandy Settlement,11328.7,343,CONFIRMED_RECORDED_RECIPROCAL_AUDIT,CONFIRMED_FROM_VIDEO,Screen Recording 2026-08-16 223317.mp4,3,1
White Hook,Pearls,Santa Maria,15790.8,437,CONFIRMED_FROM_VIDEO,CONFIRMED_FROM_VIDEO,Screen Recording 2026-08-16 223317.mp4,8,2
White Hook,Pearls,Sao Bento,15896.8,439,CONFIRMED_FROM_VIDEO,CONFIRMED_FROM_VIDEO,Screen Recording 2026-08-16 223317.mp4,6,4
White Hook,Pearls,Snake Prosper,1210.9,130,CONFIRMED_FROM_VIDEO,CONFIRMED_FROM_VIDEO,Screen Recording 2026-08-16 223317.mp4,11,1
White Hook,Pearls,Sugar Cove,5522.7,221,CONFIRMED_FROM_VIDEO,CONFIRMED_FROM_VIDEO,Screen Recording 2026-08-16 223317.mp4,9,1
White Hook,Pearls,Taylor's Town,9789.5,311,CONFIRMED_FROM_VIDEO,CONFIRMED_FROM_VIDEO,Screen Recording 2026-08-16 223317.mp4,6,1
White Hook,Pearls,Theresa,12176.6,361,CONFIRMED_FROM_VIDEO,CONFIRMED_FROM_VIDEO,Screen Recording 2026-08-16 223317.mp4,4,2
White Hook,Pearls,Thresher Point,8959.4,293,CONFIRMED_FROM_VIDEO,CONFIRMED_FROM_VIDEO,Screen Recording 2026-08-16 223317.mp4,6,1
White Hook,Pearls,Venta Nueva,12572.6,369,CONFIRMED_FROM_VIDEO,CONFIRMED_FROM_VIDEO,Screen Recording 2026-08-16 223317.mp4,4,3
White Hook,Pearls,Villarreal Del Mar,11411.6,345,CONFIRMED_RECORDED_RECIPROCAL_AUDIT,CONFIRMED_FROM_VIDEO,Screen Recording 2026-08-16 223317.mp4,6,1
White Hook,Pearls,Wyntergard,4373.5,197,CONFIRMED_FROM_VIDEO,CONFIRMED_FROM_VIDEO,Screen Recording 2026-08-16 223317.mp4,16,1
White Hook,Pearls,Yorinobu's Settlement,5129.2,213,CONFIRMED_FROM_VIDEO,CONFIRMED_FROM_VIDEO,Screen Recording 2026-08-16 223317.mp4,9,1
Wyntergard,Rice,Al-Jazair,5223.1,184,CONFIRMED_FROM_VIDEO,CONFIRMED_FROM_VIDEO,Screen Recording 2026-08-16 105509.mp4,5,1
Wyntergard,Rice,Ashbourne,1114.1,110,CONFIRMED_FROM_VIDEO,CONFIRMED_FROM_VIDEO,Screen Recording 2026-08-16 105509.mp4,2,1
Wyntergard,Rice,Belfry Heights,10334.1,276,CONFIRMED_FROM_VIDEO,CONFIRMED_FROM_VIDEO,Screen Recording 2026-08-16 105509.mp4,3,1
Wyntergard,Rice,Bucket Bay,3628.5,155,CONFIRMED_FROM_VIDEO,CONFIRMED_FROM_VIDEO,Screen Recording 2026-08-16 105509.mp4,5,1
Wyntergard,Rice,Caledonia,4380.0,169,CONFIRMED_FROM_VIDEO,CONFIRMED_FROM_VIDEO,Screen Recording 2026-08-16 105509.mp4,5,1
Wyntergard,Rice,Castle Landing,8648.5,246,CONFIRMED_FROM_VIDEO,CONFIRMED_FROM_VIDEO,Screen Recording 2026-08-16 105509.mp4,8,1
Wyntergard,Rice,Caveira,12868.2,322,CONFIRMED_FROM_VIDEO,CONFIRMED_FROM_VIDEO,Screen Recording 2026-08-16 105509.mp4,4,1
Wyntergard,Rice,Caye Tiburon,8715.9,247,CONFIRMED_FROM_VIDEO,CONFIRMED_FROM_VIDEO,Screen Recording 2026-08-16 105509.mp4,6,1
Wyntergard,Rice,Crownstead,1267.1,113,CONFIRMED_FROM_VIDEO,CONFIRMED_FROM_VIDEO,Screen Recording 2026-08-16 105509.mp4,3,1
Wyntergard,Rice,Cumberland Hill,8432.5,242,CONFIRMED_FROM_VIDEO,CONFIRMED_FROM_VIDEO,Screen Recording 2026-08-16 105509.mp4,8,1
Wyntergard,Rice,Deadman's Murcia,3603.2,155,CONFIRMED_FROM_VIDEO,CONFIRMED_FROM_VIDEO,Screen Recording 2026-08-16 105509.mp4,5,1
Wyntergard,Rice,Fair Harbour,2813.0,141,CONFIRMED_FROM_VIDEO,CONFIRMED_FROM_VIDEO,Screen Recording 2026-08-16 105509.mp4,4,1
Wyntergard,Rice,Falmouth,8367.1,241,CONFIRMED_FROM_VIDEO,CONFIRMED_FROM_VIDEO,Screen Recording 2026-08-16 105509.mp4,5,2
Wyntergard,Rice,Griffard's Rock,7397.7,223,CONFIRMED_FROM_GRIFFARDS_DESTINATION_LIST,DERIVED,naval_route_trade_handoff_v1.json:griffards_rock_backfills,,
Wyntergard,Rice,Gyldenvale,1312.6,114,CONFIRMED_FROM_VIDEO,CONFIRMED_FROM_VIDEO,Screen Recording 2026-08-16 105509.mp4,3,1
Wyntergard,Rice,Jones' Outpost,7526.2,225,CONFIRMED_FROM_VIDEO,CONFIRMED_FROM_VIDEO,Screen Recording 2026-08-16 105509.mp4,6,1
Wyntergard,Rice,Kandlerova,17062.1,397,CONFIRMED_FROM_VIDEO,CONFIRMED_FROM_VIDEO,Screen Recording 2026-08-16 105509.mp4,2,1
Wyntergard,Rice,La Povenglia,14657.6,354,CONFIRMED_FROM_VIDEO,CONFIRMED_FROM_VIDEO,Screen Recording 2026-08-16 105509.mp4,3,1
Wyntergard,Rice,Lebarde,8882.8,250,CONFIRMED_FROM_VIDEO,CONFIRMED_FROM_VIDEO,Screen Recording 2026-08-16 105509.mp4,5,1
Wyntergard,Rice,Lord Irving's Sacrifice,10808.3,285,CONFIRMED_FROM_VIDEO,CONFIRMED_FROM_VIDEO,Screen Recording 2026-08-16 105509.mp4,3,1
Wyntergard,Rice,Louisbourg,4991.7,180,CONFIRMED_FROM_VIDEO,CONFIRMED_FROM_VIDEO,Screen Recording 2026-08-16 105509.mp4,5,2
Wyntergard,Rice,Madalena,14169.2,345,CONFIRMED_FROM_VIDEO,CONFIRMED_FROM_VIDEO,Screen Recording 2026-08-16 105509.mp4,4,1
Wyntergard,Rice,Mako's Outlook,11226.1,292,CONFIRMED_FROM_VIDEO,CONFIRMED_FROM_VIDEO,Screen Recording 2026-08-16 105509.mp4,5,1
Wyntergard,Rice,Matthew's Rest,4105.7,164,CONFIRMED_FROM_VIDEO,CONFIRMED_FROM_VIDEO,Screen Recording 2026-08-16 105509.mp4,6,1
Wyntergard,Rice,Maurepas,4551.3,172,CONFIRMED_FROM_VIDEO,CONFIRMED_FROM_VIDEO,Screen Recording 2026-08-16 105509.mp4,4,2
Wyntergard,Rice,New Brighton,5791.5,194,CONFIRMED_FROM_VIDEO,CONFIRMED_FROM_VIDEO,Screen Recording 2026-08-16 105509.mp4,6,1
Wyntergard,Rice,New Catalina,8753.8,248,CONFIRMED_FROM_VIDEO,CONFIRMED_FROM_VIDEO,Screen Recording 2026-08-16 105509.mp4,5,1
Wyntergard,Rice,Pachard Town,4986.8,180,CONFIRMED_FROM_VIDEO,CONFIRMED_FROM_VIDEO,Screen Recording 2026-08-16 105509.mp4,5,1
Wyntergard,Rice,Peter's Cove,12330.8,312,CONFIRMED_FROM_VIDEO,CONFIRMED_FROM_VIDEO,Screen Recording 2026-08-16 105509.mp4,4,1
Wyntergard,Rice,Petit Anvers,4702.4,175,CONFIRMED_FROM_VIDEO,CONFIRMED_FROM_VIDEO,Screen Recording 2026-08-16 105509.mp4,5,1
Wyntergard,Rice,Poblado de San Juan,14339.1,348,CONFIRMED_FROM_VIDEO,CONFIRMED_FROM_VIDEO,Screen Recording 2026-08-16 105509.mp4,4,1
Wyntergard,Rice,Point Rocheux,6441.7,206,CONFIRMED_FROM_VIDEO,CONFIRMED_FROM_VIDEO,Screen Recording 2026-08-16 105509.mp4,6,1
Wyntergard,Rice,Ponta Delgada,12620.4,317,CONFIRMED_FROM_VIDEO,CONFIRMED_FROM_VIDEO,Screen Recording 2026-08-16 105509.mp4,4,1
Wyntergard,Rice,Port Antonio,9428.2,260,CONFIRMED_FROM_VIDEO,CONFIRMED_FROM_VIDEO,Screen Recording 2026-08-16 105509.mp4,4,1
Wyntergard,Rice,Port Louis,1989.4,126,CONFIRMED_FROM_VIDEO,CONFIRMED_FROM_VIDEO,Screen Recording 2026-08-16 105509.mp4,4,1
Wyntergard,Rice,Port Royal,9975.3,270,CONFIRMED_FROM_VIDEO,CONFIRMED_FROM_VIDEO,Screen Recording 2026-08-16 105509.mp4,2,1
Wyntergard,Rice,Port-Au-Croix,5586.6,191,CONFIRMED_FROM_VIDEO,CONFIRMED_FROM_VIDEO,Screen Recording 2026-08-16 105509.mp4,6,1
Wyntergard,Rice,Princeton,7199.2,220,CONFIRMED_FROM_VIDEO,CONFIRMED_FROM_VIDEO,Screen Recording 2026-08-16 105509.mp4,7,1
Wyntergard,Rice,Puerto de San Fernando,12004.4,306,CONFIRMED_FROM_VIDEO,CONFIRMED_FROM_VIDEO,Screen Recording 2026-08-16 105509.mp4,3,1
Wyntergard,Rice,Saint Vincent,3863.6,160,CONFIRMED_FROM_VIDEO,CONFIRMED_FROM_VIDEO,Screen Recording 2026-08-16 105509.mp4,5,1
Wyntergard,Rice,Saint-Nicholas,13125.1,326,CONFIRMED_FROM_VIDEO,CONFIRMED_FROM_VIDEO,Screen Recording 2026-08-16 105509.mp4,3,1
Wyntergard,Rice,Sainte Rose,5966.5,197,CONFIRMED_FROM_VIDEO,CONFIRMED_FROM_VIDEO,Screen Recording 2026-08-16 105509.mp4,7,1
Wyntergard,Rice,San Polo,16211.4,382,CONFIRMED_FROM_VIDEO,CONFIRMED_FROM_VIDEO,Screen Recording 2026-08-16 105509.mp4,2,1
Wyntergard,Rice,San Salvador,14750.5,356,CONFIRMED_FROM_VIDEO,CONFIRMED_FROM_VIDEO,Screen Recording 2026-08-16 105509.mp4,2,1
Wyntergard,Rice,San Vito,13218.0,328,CONFIRMED_FROM_VIDEO,CONFIRMED_FROM_VIDEO,Screen Recording 2026-08-16 105509.mp4,5,1
Wyntergard,Rice,Sandy Settlement,13198.4,328,CONFIRMED_FROM_VIDEO,CONFIRMED_FROM_VIDEO,Screen Recording 2026-08-16 105509.mp4,3,1
Wyntergard,Rice,Santa Maria,14011.2,342,CONFIRMED_FROM_VIDEO,CONFIRMED_FROM_VIDEO,Screen Recording 2026-08-16 105509.mp4,5,1
Wyntergard,Rice,Sao Bento,12590.4,317,CONFIRMED_FROM_VIDEO,CONFIRMED_FROM_VIDEO,Screen Recording 2026-08-16 105509.mp4,4,1
Wyntergard,Rice,Snake Prosper,4227.5,166,CONFIRMED_FROM_VIDEO,CONFIRMED_FROM_VIDEO,Screen Recording 2026-08-16 105509.mp4,6,1
Wyntergard,Rice,Sugar Cove,9520.1,261,CONFIRMED_FROM_VIDEO,CONFIRMED_FROM_VIDEO,Screen Recording 2026-08-16 105509.mp4,4,2
Wyntergard,Rice,Taylor's Town,12151.9,309,CONFIRMED_FROM_VIDEO,CONFIRMED_FROM_VIDEO,Screen Recording 2026-08-16 105509.mp4,4,1
Wyntergard,Rice,Theresa,10365.2,277,CONFIRMED_FROM_VIDEO,CONFIRMED_FROM_VIDEO,Screen Recording 2026-08-16 105509.mp4,4,1
Wyntergard,Rice,Thresher Point,9843.0,267,CONFIRMED_FROM_VIDEO,CONFIRMED_FROM_VIDEO,Screen Recording 2026-08-16 105509.mp4,3,2
Wyntergard,Rice,Venta Nueva,9625.3,263,CONFIRMED_FROM_VIDEO,CONFIRMED_FROM_VIDEO,Screen Recording 2026-08-16 105509.mp4,5,1
Wyntergard,Rice,Villarreal Del Mar,8720.6,247,CONFIRMED_FROM_VIDEO,CONFIRMED_FROM_VIDEO,Screen Recording 2026-08-16 105509.mp4,7,1
Wyntergard,Rice,White Hook,4373.5,169,CONFIRMED_FROM_VIDEO,CONFIRMED_FROM_VIDEO,Screen Recording 2026-08-16 105509.mp4,5,1
Yorinobu's Settlement,Instruments,Al-Jazair,1853.9,125,CONFIRMED_FROM_VIDEO,CONFIRMED_FROM_VIDEO,Screen Recording 2026-08-16 223317.mp4,6,1
Yorinobu's Settlement,Instruments,Ashbourne,4271.5,169,CONFIRMED_FROM_VIDEO,CONFIRMED_FROM_VIDEO,Screen Recording 2026-08-16 223317.mp4,9,1
Yorinobu's Settlement,Instruments,Belfry Heights,5540.3,192,CONFIRMED_FROM_VIDEO,CONFIRMED_FROM_VIDEO,Screen Recording 2026-08-16 223317.mp4,6,1
Yorinobu's Settlement,Instruments,Bucket Bay,1547.9,119,CONFIRMED_FROM_VIDEO,CONFIRMED_FROM_VIDEO,Screen Recording 2026-08-16 223317.mp4,6,1
Yorinobu's Settlement,Instruments,Caledonia,4368.0,171,CONFIRMED_FROM_VIDEO,CONFIRMED_FROM_VIDEO,Screen Recording 2026-08-16 223317.mp4,7,1
Yorinobu's Settlement,Instruments,Castle Landing,4956.1,182,CONFIRMED_FROM_VIDEO,CONFIRMED_FROM_VIDEO,Screen Recording 2026-08-16 223317.mp4,9,1
Yorinobu's Settlement,Instruments,Caveira,10978.1,292,CONFIRMED_FROM_VIDEO,CONFIRMED_FROM_VIDEO,Screen Recording 2026-08-16 223317.mp4,4,2
Yorinobu's Settlement,Instruments,Caye Tiburon,3925.4,163,CONFIRMED_FROM_VIDEO,CONFIRMED_FROM_VIDEO,Screen Recording 2026-08-16 223317.mp4,2,1
Yorinobu's Settlement,Instruments,Crownstead,5072.6,184,CONFIRMED_FROM_VIDEO,CONFIRMED_FROM_VIDEO,Screen Recording 2026-08-16 223317.mp4,9,1
Yorinobu's Settlement,Instruments,Cumberland Hill,6402.0,208,CONFIRMED_FROM_VIDEO,CONFIRMED_FROM_VIDEO,Screen Recording 2026-08-16 223317.mp4,9,2
Yorinobu's Settlement,Instruments,Deadman's Murcia,4343.5,171,CONFIRMED_FROM_VIDEO,CONFIRMED_FROM_VIDEO,Screen Recording 2026-08-16 223317.mp4,7,1
Yorinobu's Settlement,Instruments,Fair Harbour,2010.5,128,CONFIRMED_FROM_VIDEO,CONFIRMED_FROM_VIDEO,Screen Recording 2026-08-16 223317.mp4,6,2
Yorinobu's Settlement,Instruments,Falmouth,5424.8,190,CONFIRMED_FROM_VIDEO,CONFIRMED_FROM_VIDEO,Screen Recording 2026-08-16 223317.mp4,6,1
Yorinobu's Settlement,Instruments,Gyldenvale,6045.3,202,CONFIRMED_FROM_VIDEO,CONFIRMED_FROM_VIDEO,Screen Recording 2026-08-16 223317.mp4,6,1
Yorinobu's Settlement,Instruments,Jones' Outpost,5445.7,191,CONFIRMED_FROM_VIDEO,CONFIRMED_FROM_VIDEO,Screen Recording 2026-08-16 223317.mp4,6,1
Yorinobu's Settlement,Instruments,Kandlerova,12449.1,318,CONFIRMED_FROM_VIDEO,CONFIRMED_FROM_VIDEO,Screen Recording 2026-08-16 223317.mp4,4,2
Yorinobu's Settlement,Instruments,La Povenglia,9908.2,272,CONFIRMED_FROM_VIDEO,CONFIRMED_FROM_VIDEO,Screen Recording 2026-08-16 223317.mp4,7,1
Yorinobu's Settlement,Instruments,Lebarde,4521.9,174,CONFIRMED_FROM_VIDEO,CONFIRMED_FROM_VIDEO,Screen Recording 2026-08-16 223317.mp4,7,1
Yorinobu's Settlement,Instruments,Lord Irving's Sacrifice,6308.5,206,CONFIRMED_FROM_VIDEO,CONFIRMED_FROM_VIDEO,Screen Recording 2026-08-16 223317.mp4,6,1
Yorinobu's Settlement,Instruments,Louisbourg,6074.7,202,CONFIRMED_FROM_VIDEO,CONFIRMED_FROM_VIDEO,Screen Recording 2026-08-16 223317.mp4,6,1
Yorinobu's Settlement,Instruments,Madalena,12701.0,323,CONFIRMED_FROM_VIDEO,CONFIRMED_FROM_VIDEO,Screen Recording 2026-08-16 223317.mp4,4,1
Yorinobu's Settlement,Instruments,Mako's Outlook,6606.3,212,CONFIRMED_FROM_VIDEO,CONFIRMED_FROM_VIDEO,Screen Recording 2026-08-16 223317.mp4,9,1
Yorinobu's Settlement,Instruments,Matthew's Rest,2060.3,129,CONFIRMED_FROM_VIDEO,CONFIRMED_FROM_VIDEO,Screen Recording 2026-08-16 223317.mp4,8,1
Yorinobu's Settlement,Instruments,Maurepas,5201.5,186,CONFIRMED_FROM_VIDEO,CONFIRMED_FROM_VIDEO,Screen Recording 2026-08-16 223317.mp4,6,1
Yorinobu's Settlement,Instruments,New Brighton,1075.4,111,CONFIRMED_FROM_VIDEO,CONFIRMED_FROM_VIDEO,Screen Recording 2026-08-16 223317.mp4,6,1
Yorinobu's Settlement,Instruments,New Catalina,6421.0,208,CONFIRMED_FROM_VIDEO,CONFIRMED_FROM_VIDEO,Screen Recording 2026-08-16 223317.mp4,9,2
Yorinobu's Settlement,Instruments,Pachard Town,2673.7,140,CONFIRMED_FROM_VIDEO,CONFIRMED_FROM_VIDEO,Screen Recording 2026-08-16 223317.mp4,8,1
Yorinobu's Settlement,Instruments,Peter's Cove,7625.2,230,CONFIRMED_FROM_VIDEO,CONFIRMED_FROM_VIDEO,Screen Recording 2026-08-16 223317.mp4,15,3
Yorinobu's Settlement,Instruments,Petit Anvers,7019.9,219,CONFIRMED_FROM_VIDEO,CONFIRMED_FROM_VIDEO,Screen Recording 2026-08-16 223317.mp4,9,1
Yorinobu's Settlement,Instruments,Poblado de San Juan,11074.9,293,CONFIRMED_FROM_VIDEO,CONFIRMED_FROM_VIDEO,Screen Recording 2026-08-16 223317.mp4,4,2
Yorinobu's Settlement,Instruments,Point Rocheux,4751.3,178,CONFIRMED_FROM_VIDEO,CONFIRMED_FROM_VIDEO,Screen Recording 2026-08-16 223317.mp4,7,1
Yorinobu's Settlement,Instruments,Ponta Delgada,12170.7,313,CONFIRMED_FROM_VIDEO,CONFIRMED_FROM_VIDEO,Screen Recording 2026-08-16 223317.mp4,4,2
Yorinobu's Settlement,Instruments,Port Antonio,6507.3,210,CONFIRMED_FROM_VIDEO,CONFIRMED_FROM_VIDEO,Screen Recording 2026-08-16 223317.mp4,9,1
Yorinobu's Settlement,Instruments,Port Louis,2836.4,143,CONFIRMED_FROM_VIDEO,CONFIRMED_FROM_VIDEO,Screen Recording 2026-08-16 223317.mp4,8,1
Yorinobu's Settlement,Instruments,Port Royal,6018.1,201,CONFIRMED_FROM_VIDEO,CONFIRMED_FROM_VIDEO,Screen Recording 2026-08-16 223317.mp4,8,1
Yorinobu's Settlement,Instruments,Port-Au-Croix,3705.3,159,CONFIRMED_FROM_VIDEO,CONFIRMED_FROM_VIDEO,Screen Recording 2026-08-16 223317.mp4,8,1
Yorinobu's Settlement,Instruments,Princeton,3290.0,151,CONFIRMED_FROM_VIDEO,CONFIRMED_FROM_VIDEO,Screen Recording 2026-08-16 223317.mp4,8,1
Yorinobu's Settlement,Instruments,Puerto de San Fernando,9146.8,258,CONFIRMED_FROM_VIDEO,CONFIRMED_FROM_VIDEO,Screen Recording 2026-08-16 223317.mp4,1,1
Yorinobu's Settlement,Instruments,Saint Vincent,2069.8,129,CONFIRMED_FROM_VIDEO,CONFIRMED_FROM_VIDEO,Screen Recording 2026-08-16 223317.mp4,8,1
Yorinobu's Settlement,Instruments,Saint-Nicholas,8562.7,248,CONFIRMED_FROM_VIDEO,CONFIRMED_FROM_VIDEO,Screen Recording 2026-08-16 223317.mp4,9,1
Yorinobu's Settlement,Instruments,Sainte Rose,7236.3,223,CONFIRMED_FROM_VIDEO,CONFIRMED_FROM_VIDEO,Screen Recording 2026-08-16 223317.mp4,9,1
Yorinobu's Settlement,Instruments,San Polo,11566.4,302,CONFIRMED_FROM_VIDEO,CONFIRMED_FROM_VIDEO,Screen Recording 2026-08-16 223317.mp4,4,2
Yorinobu's Settlement,Instruments,San Salvador,10900.8,290,CONFIRMED_FROM_VIDEO,CONFIRMED_FROM_VIDEO,Screen Recording 2026-08-16 223317.mp4,2,1
Yorinobu's Settlement,Instruments,San Vito,8546.4,247,CONFIRMED_FROM_VIDEO,CONFIRMED_FROM_VIDEO,Screen Recording 2026-08-16 223317.mp4,8,1
Yorinobu's Settlement,Instruments,Sandy Settlement,8566.2,248,CONFIRMED_FROM_VIDEO,CONFIRMED_FROM_VIDEO,Screen Recording 2026-08-16 223317.mp4,8,2
Yorinobu's Settlement,Instruments,Santa Maria,10664.3,286,CONFIRMED_FROM_VIDEO,CONFIRMED_FROM_VIDEO,Screen Recording 2026-08-16 223317.mp4,2,1
Yorinobu's Settlement,Instruments,Sao Bento,11434.5,300,CONFIRMED_FROM_VIDEO,CONFIRMED_FROM_VIDEO,Screen Recording 2026-08-16 223317.mp4,4,2
Yorinobu's Settlement,Instruments,Snake Prosper,3972.5,164,CONFIRMED_FROM_VIDEO,CONFIRMED_FROM_VIDEO,Screen Recording 2026-08-16 223317.mp4,6,2
Yorinobu's Settlement,Instruments,Sugar Cove,7409.1,226,CONFIRMED_FROM_VIDEO,CONFIRMED_FROM_VIDEO,Screen Recording 2026-08-16 223317.mp4,9,1
Yorinobu's Settlement,Instruments,Taylor's Town,7804.9,234,CONFIRMED_FROM_VIDEO,CONFIRMED_FROM_VIDEO,Screen Recording 2026-08-16 223317.mp4,8,1
Yorinobu's Settlement,Instruments,Theresa,7072.1,220,CONFIRMED_FROM_VIDEO,CONFIRMED_FROM_VIDEO,Screen Recording 2026-08-16 223317.mp4,9,1
Yorinobu's Settlement,Instruments,Thresher Point,5053.3,183,CONFIRMED_FROM_VIDEO,CONFIRMED_FROM_VIDEO,Screen Recording 2026-08-16 223317.mp4,9,1
Yorinobu's Settlement,Instruments,Venta Nueva,7961.9,237,CONFIRMED_FROM_VIDEO,CONFIRMED_FROM_VIDEO,Screen Recording 2026-08-16 223317.mp4,8,1
Yorinobu's Settlement,Instruments,Villarreal Del Mar,6689.5,213,CONFIRMED_FROM_VIDEO,CONFIRMED_FROM_VIDEO,Screen Recording 2026-08-16 223317.mp4,9,1
Yorinobu's Settlement,Instruments,White Hook,5129.2,185,CONFIRMED_FROM_VIDEO,CONFIRMED_FROM_VIDEO,Screen Recording 2026-08-16 223317.mp4,5,1
Yorinobu's Settlement,Instruments,Wyntergard,4797.7,179,CONFIRMED_FROM_VIDEO,CONFIRMED_FROM_VIDEO,Screen Recording 2026-08-16 223317.mp4,9,1
