cargo,cargo_distance_m,destination_port,displayed_sell_value_gbp,distance_review_note,distance_status,distinct_ocr_tuples_seen,extraction_pass,origin_port,origin_region,review_note,source_recording,supporting_frame_count,value_status
Coffee,5080.7,Ashbourne,189,,CONFIRMED_FROM_VIDEO,1,pooled_even_odd_wide,Al-Jazair,West Somerset,,Screen Recording 2026-08-16 223317.mp4,3,CONFIRMED_FROM_VIDEO
Coffee,5856.8,Belfry Heights,204,,CONFIRMED_FROM_VIDEO,1,pooled_even_odd_wide,Al-Jazair,West Somerset,,Screen Recording 2026-08-16 223317.mp4,6,CONFIRMED_FROM_VIDEO
Coffee,3048.9,Bucket Bay,151,,CONFIRMED_FROM_VIDEO,1,pooled_even_odd_wide,Al-Jazair,West Somerset,,Screen Recording 2026-08-16 223317.mp4,7,CONFIRMED_FROM_VIDEO
Coffee,3062.9,Caledonia,151,,CONFIRMED_FROM_VIDEO,1,pooled_even_odd_wide,Al-Jazair,West Somerset,,Screen Recording 2026-08-16 223317.mp4,7,CONFIRMED_FROM_VIDEO
Coffee,3529.7,Castle Landing,160,,CONFIRMED_FROM_VIDEO,1,pooled_even_odd_wide,Al-Jazair,West Somerset,,Screen Recording 2026-08-16 223317.mp4,3,CONFIRMED_FROM_VIDEO
Coffee,12779.6,Caveira,333,,CONFIRMED_FROM_VIDEO,2,pooled_even_odd_wide,Al-Jazair,West Somerset,,Screen Recording 2026-08-16 223317.mp4,6,CONFIRMED_FROM_VIDEO
Coffee,4399.9,Caye Tiburon,176,,CONFIRMED_FROM_VIDEO,1,pooled_even_odd_wide,Al-Jazair,West Somerset,,Screen Recording 2026-08-16 223317.mp4,2,CONFIRMED_FROM_VIDEO
Coffee,5889.7,Crownstead,204,,CONFIRMED_FROM_VIDEO,1,pooled_even_odd_wide,Al-Jazair,West Somerset,,Screen Recording 2026-08-16 223317.mp4,6,CONFIRMED_FROM_VIDEO
Coffee,4554.4,Cumberland Hill,179,,CONFIRMED_FROM_VIDEO,2,pooled_even_odd_wide,Al-Jazair,West Somerset,,Screen Recording 2026-08-16 223317.mp4,2,CONFIRMED_FROM_VIDEO
Coffee,3351.1,Deadman's Murcia,157,,CONFIRMED_FROM_VIDEO,1,pooled_even_odd_wide,Al-Jazair,West Somerset,,Screen Recording 2026-08-16 223317.mp4,7,CONFIRMED_FROM_VIDEO
Coffee,2629.0,Fair Harbour,143,,CONFIRMED_FROM_VIDEO,1,pooled_even_odd_wide,Al-Jazair,West Somerset,,Screen Recording 2026-08-16 223317.mp4,7,CONFIRMED_FROM_VIDEO
Coffee,7173.9,Falmouth,228,,CONFIRMED_FROM_VIDEO,1,pooled_even_odd_wide,Al-Jazair,West Somerset,,Screen Recording 2026-08-16 223317.mp4,5,CONFIRMED_FROM_VIDEO
Coffee,6535.7,Gyldenvale,216,,CONFIRMED_FROM_VIDEO,1,pooled_even_odd_wide,Al-Jazair,West Somerset,,Screen Recording 2026-08-16 223317.mp4,6,CONFIRMED_FROM_VIDEO
Coffee,3593.1,Jones' Outpost,161,,CONFIRMED_FROM_VIDEO,1,pooled_even_odd_wide,Al-Jazair,West Somerset,,Screen Recording 2026-08-16 223317.mp4,5,CONFIRMED_FROM_VIDEO
Coffee,13084.4,Kandlerova,339,,CONFIRMED_FROM_VIDEO,2,pooled_even_odd_wide,Al-Jazair,West Somerset,,Screen Recording 2026-08-16 223317.mp4,6,CONFIRMED_FROM_VIDEO
Coffee,10307.3,La Povenglia,287,,CONFIRMED_FROM_VIDEO,2,pooled_even_odd_wide,Al-Jazair,West Somerset,,Screen Recording 2026-08-16 223317.mp4,2,CONFIRMED_FROM_VIDEO
Coffee,3685.9,Lebarde,163,,CONFIRMED_FROM_VIDEO,1,pooled_even_odd_wide,Al-Jazair,West Somerset,,Screen Recording 2026-08-16 223317.mp4,5,CONFIRMED_FROM_VIDEO
Coffee,7267.7,Lord Irving's Sacrifice,230,,CONFIRMED_FROM_VIDEO,1,pooled_even_odd_wide,Al-Jazair,West Somerset,,Screen Recording 2026-08-16 223317.mp4,4,CONFIRMED_FROM_VIDEO
Coffee,7678.4,Louisbourg,238,,CONFIRMED_FROM_VIDEO,1,pooled_even_odd_wide,Al-Jazair,West Somerset,,Screen Recording 2026-08-16 223317.mp4,6,CONFIRMED_FROM_VIDEO
Coffee,14528.2,Madalena,366,,CONFIRMED_FROM_VIDEO,3,pooled_even_odd_wide,Al-Jazair,West Somerset,,Screen Recording 2026-08-16 223317.mp4,5,CONFIRMED_FROM_VIDEO
Coffee,7388.8,Mako's Outlook,232,,CONFIRMED_FROM_VIDEO,1,pooled_even_odd_wide,Al-Jazair,West Somerset,,Screen Recording 2026-08-16 223317.mp4,5,CONFIRMED_FROM_VIDEO
Coffee,3789.1,Matthew's Rest,165,,CONFIRMED_FROM_VIDEO,2,pooled_even_odd_wide,Al-Jazair,West Somerset,,Screen Recording 2026-08-16 223317.mp4,2,CONFIRMED_FROM_VIDEO
Coffee,6826.4,Maurepas,222,,CONFIRMED_FROM_VIDEO,1,pooled_even_odd_wide,Al-Jazair,West Somerset,,Screen Recording 2026-08-16 223317.mp4,5,CONFIRMED_FROM_VIDEO
Coffee,1659.6,New Brighton,125,,CONFIRMED_FROM_VIDEO,1,pooled_even_odd_wide,Al-Jazair,West Somerset,,Screen Recording 2026-08-16 223317.mp4,4,CONFIRMED_FROM_VIDEO
Coffee,4598.6,New Catalina,180,,CONFIRMED_FROM_VIDEO,1,pooled_even_odd_wide,Al-Jazair,West Somerset,,Screen Recording 2026-08-16 223317.mp4,3,CONFIRMED_FROM_VIDEO
Coffee,4513.3,Pachard Town,178,,CONFIRMED_FROM_VIDEO,1,pooled_even_odd_wide,Al-Jazair,West Somerset,,Screen Recording 2026-08-16 223317.mp4,2,CONFIRMED_FROM_VIDEO
Coffee,7301.7,Peter's Cove,231,,CONFIRMED_FROM_VIDEO,1,pooled_even_odd_wide,Al-Jazair,West Somerset,,Screen Recording 2026-08-16 223317.mp4,8,CONFIRMED_FROM_VIDEO
Coffee,8423.8,Petit Anvers,252,,CONFIRMED_FROM_VIDEO,1,pooled_even_odd_wide,Al-Jazair,West Somerset,,Screen Recording 2026-08-16 223317.mp4,6,CONFIRMED_FROM_VIDEO
Coffee,12604.9,Poblado de San Juan,330,,CONFIRMED_FROM_VIDEO,2,pooled_even_odd_wide,Al-Jazair,West Somerset,,Screen Recording 2026-08-16 223317.mp4,6,CONFIRMED_FROM_VIDEO
Coffee,6603.9,Point Rocheux,218,,CONFIRMED_FROM_VIDEO,1,pooled_even_odd_wide,Al-Jazair,West Somerset,,Screen Recording 2026-08-16 223317.mp4,5,CONFIRMED_FROM_VIDEO
Coffee,14022.1,Ponta Delgada,357,,CONFIRMED_FROM_VIDEO,2,pooled_even_odd_wide,Al-Jazair,West Somerset,,Screen Recording 2026-08-16 223317.mp4,6,CONFIRMED_FROM_VIDEO
Coffee,8227.1,Port Antonio,248,,CONFIRMED_FROM_VIDEO,1,pooled_even_odd_wide,Al-Jazair,West Somerset,,Screen Recording 2026-08-16 223317.mp4,6,CONFIRMED_FROM_VIDEO
Coffee,3319.5,Port Louis,156,,CONFIRMED_FROM_VIDEO,1,pooled_even_odd_wide,Al-Jazair,West Somerset,,Screen Recording 2026-08-16 223317.mp4,7,CONFIRMED_FROM_VIDEO
Coffee,7409.8,Port Royal,233,,CONFIRMED_FROM_VIDEO,1,pooled_even_odd_wide,Al-Jazair,West Somerset,,Screen Recording 2026-08-16 223317.mp4,6,CONFIRMED_FROM_VIDEO
Coffee,5551.7,Port-Au-Croix,198,,CONFIRMED_FROM_VIDEO,1,pooled_even_odd_wide,Al-Jazair,West Somerset,,Screen Recording 2026-08-16 223317.mp4,4,CONFIRMED_FROM_VIDEO
Coffee,1980.9,Princeton,131,,CONFIRMED_FROM_VIDEO,1,pooled_even_odd_wide,Al-Jazair,West Somerset,,Screen Recording 2026-08-16 223317.mp4,6,CONFIRMED_FROM_VIDEO
Coffee,10820.0,Puerto de San Fernando,297,,CONFIRMED_FROM_VIDEO,1,pooled_even_odd_wide,Al-Jazair,West Somerset,,Screen Recording 2026-08-16 223317.mp4,10,CONFIRMED_FROM_VIDEO
Coffee,1395.3,Saint Vincent,120,,CONFIRMED_FROM_VIDEO,1,pooled_even_odd_wide,Al-Jazair,West Somerset,,Screen Recording 2026-08-16 223317.mp4,4,CONFIRMED_FROM_VIDEO
Coffee,7954.8,Saint-Nicholas,243,,CONFIRMED_FROM_VIDEO,1,pooled_even_odd_wide,Al-Jazair,West Somerset,,Screen Recording 2026-08-16 223317.mp4,6,CONFIRMED_FROM_VIDEO
Coffee,8858.9,Sainte Rose,260,,CONFIRMED_FROM_VIDEO,1,pooled_even_odd_wide,Al-Jazair,West Somerset,,Screen Recording 2026-08-16 223317.mp4,3,CONFIRMED_FROM_VIDEO
Coffee,12165.3,San Polo,322,,CONFIRMED_FROM_VIDEO,2,pooled_even_odd_wide,Al-Jazair,West Somerset,,Screen Recording 2026-08-16 223317.mp4,6,CONFIRMED_FROM_VIDEO
Coffee,12196.5,San Salvador,322,,CONFIRMED_FROM_VIDEO,2,pooled_even_odd_wide,Al-Jazair,West Somerset,,Screen Recording 2026-08-16 223317.mp4,6,CONFIRMED_FROM_VIDEO
Coffee,9166.2,San Vito,266,,CONFIRMED_FROM_VIDEO,1,pooled_even_odd_wide,Al-Jazair,West Somerset,,Screen Recording 2026-08-16 223317.mp4,3,CONFIRMED_FROM_VIDEO
Coffee,8073.7,Sandy Settlement,245,,CONFIRMED_FROM_VIDEO,1,pooled_even_odd_wide,Al-Jazair,West Somerset,,Screen Recording 2026-08-16 223317.mp4,6,CONFIRMED_FROM_VIDEO
Coffee,12174.2,Santa Maria,322,,CONFIRMED_FROM_VIDEO,2,pooled_even_odd_wide,Al-Jazair,West Somerset,,Screen Recording 2026-08-16 223317.mp4,6,CONFIRMED_FROM_VIDEO
Coffee,13281.9,Sao Bento,343,,CONFIRMED_FROM_VIDEO,2,pooled_even_odd_wide,Al-Jazair,West Somerset,,Screen Recording 2026-08-16 223317.mp4,6,CONFIRMED_FROM_VIDEO
Coffee,2701.1,Snake Prosper,144,,CONFIRMED_FROM_VIDEO,1,pooled_even_odd_wide,Al-Jazair,West Somerset,,Screen Recording 2026-08-16 223317.mp4,7,CONFIRMED_FROM_VIDEO
Coffee,5577.2,Sugar Cove,198,,CONFIRMED_FROM_VIDEO,1,pooled_even_odd_wide,Al-Jazair,West Somerset,,Screen Recording 2026-08-16 223317.mp4,4,CONFIRMED_FROM_VIDEO
Coffee,6930.3,Taylor's Town,224,,CONFIRMED_FROM_VIDEO,1,pooled_even_odd_wide,Al-Jazair,West Somerset,,Screen Recording 2026-08-16 223317.mp4,5,CONFIRMED_FROM_VIDEO
Coffee,8684.0,Theresa,257,,CONFIRMED_FROM_VIDEO,1,pooled_even_odd_wide,Al-Jazair,West Somerset,,Screen Recording 2026-08-16 223317.mp4,5,CONFIRMED_FROM_VIDEO
Coffee,5158.1,Thresher Point,190,,CONFIRMED_FROM_VIDEO,1,even_odd,Al-Jazair,West Somerset,,Screen Recording 2026-08-16 223317.mp4,1,CONFIRMED_FROM_VIDEO
Coffee,9803.5,Venta Nueva,278,,CONFIRMED_FROM_VIDEO,1,pooled_even_odd_wide,Al-Jazair,West Somerset,,Screen Recording 2026-08-16 223317.mp4,4,CONFIRMED_FROM_VIDEO
Coffee,8521.0,Villarreal Del Mar,254,,CONFIRMED_FROM_VIDEO,2,pooled_even_odd_wide,Al-Jazair,West Somerset,,Screen Recording 2026-08-16 223317.mp4,6,CONFIRMED_FROM_VIDEO
Coffee,3909.8,White Hook,167,,CONFIRMED_FROM_VIDEO,1,pooled_even_odd_wide,Al-Jazair,West Somerset,,Screen Recording 2026-08-16 223317.mp4,2,CONFIRMED_FROM_VIDEO
Coffee,5223.1,Wyntergard,192,,CONFIRMED_FROM_VIDEO,1,pooled_even_odd_wide,Al-Jazair,West Somerset,,Screen Recording 2026-08-16 223317.mp4,4,CONFIRMED_FROM_VIDEO
Coffee,1853.9,Yorinobu's Settlement,129,,CONFIRMED_FROM_VIDEO,1,pooled_even_odd_wide,Al-Jazair,West Somerset,,Screen Recording 2026-08-16 223317.mp4,4,CONFIRMED_FROM_VIDEO
Oil,5080.7,Al-Jazair,171,,CONFIRMED_FROM_VIDEO,1,,Ashbourne,Vysarian Isles,,Screen Recording 2026-08-16 105004.mp4,6,CONFIRMED_FROM_VIDEO
Oil,9722.6,Belfry Heights,250,,CONFIRMED_FROM_VIDEO,1,,Ashbourne,Vysarian Isles,,Screen Recording 2026-08-16 105004.mp4,4,CONFIRMED_FROM_VIDEO
Oil,2894.9,Bucket Bay,134,,CONFIRMED_FROM_VIDEO,1,,Ashbourne,Vysarian Isles,,Screen Recording 2026-08-16 105004.mp4,5,CONFIRMED_FROM_VIDEO
Oil,4913.7,Caledonia,169,,CONFIRMED_FROM_VIDEO,1,,Ashbourne,Vysarian Isles,,Screen Recording 2026-08-16 105004.mp4,6,CONFIRMED_FROM_VIDEO
Oil,8599.9,Castle Landing,231,,CONFIRMED_FROM_VIDEO,1,,Ashbourne,Vysarian Isles,,Screen Recording 2026-08-16 105004.mp4,5,CONFIRMED_FROM_VIDEO
Oil,11754.2,Caveira,285,,CONFIRMED_FROM_VIDEO,1,,Ashbourne,Vysarian Isles,,Screen Recording 2026-08-16 105004.mp4,3,CONFIRMED_FROM_VIDEO
Oil,8105.6,Caye Tiburon,223,,CONFIRMED_FROM_VIDEO,1,,Ashbourne,Vysarian Isles,,Screen Recording 2026-08-16 105004.mp4,4,CONFIRMED_FROM_VIDEO
Oil,816.6,Crownstead,98,,CONFIRMED_FROM_VIDEO,1,,Ashbourne,Vysarian Isles,,Screen Recording 2026-08-16 105004.mp4,3,CONFIRMED_FROM_VIDEO
Oil,8782.0,Cumberland Hill,234,,CONFIRMED_FROM_VIDEO,1,,Ashbourne,Vysarian Isles,Visually verified from a visible recording frame after OCR audit.,Screen Recording 2026-08-16 105004.mp4,4,CONFIRMED_FROM_VIDEO
Oil,4213.4,Deadman's Murcia,157,,CONFIRMED_FROM_VIDEO,2,,Ashbourne,Vysarian Isles,,Screen Recording 2026-08-16 105004.mp4,4,CONFIRMED_FROM_VIDEO
Oil,2468.9,Fair Harbour,127,,CONFIRMED_FROM_VIDEO,1,,Ashbourne,Vysarian Isles,,Screen Recording 2026-08-16 105004.mp4,5,CONFIRMED_FROM_VIDEO
Oil,7316.7,Falmouth,209,,CONFIRMED_FROM_VIDEO,1,,Ashbourne,Vysarian Isles,,Screen Recording 2026-08-16 105004.mp4,5,CONFIRMED_FROM_VIDEO
Oil,1914.0,Gyldenvale,118,,CONFIRMED_FROM_VIDEO,1,,Ashbourne,Vysarian Isles,,Screen Recording 2026-08-16 105004.mp4,5,CONFIRMED_FROM_VIDEO
Oil,7833.1,Jones' Outpost,218,,CONFIRMED_FROM_VIDEO,1,,Ashbourne,Vysarian Isles,,Screen Recording 2026-08-16 105004.mp4,4,CONFIRMED_FROM_VIDEO
Oil,16254.2,Kandlerova,361,,CONFIRMED_FROM_VIDEO,1,,Ashbourne,Vysarian Isles,,Screen Recording 2026-08-16 105004.mp4,4,CONFIRMED_FROM_VIDEO
Oil,13953.5,La Povenglia,322,,CONFIRMED_FROM_VIDEO,1,,Ashbourne,Vysarian Isles,,Screen Recording 2026-08-16 105004.mp4,4,CONFIRMED_FROM_VIDEO
Oil,8620.3,Lebarde,232,,CONFIRMED_FROM_VIDEO,1,,Ashbourne,Vysarian Isles,,Screen Recording 2026-08-16 105004.mp4,5,CONFIRMED_FROM_VIDEO
Oil,9987.1,Lord Irving's Sacrifice,255,,CONFIRMED_FROM_VIDEO,1,,Ashbourne,Vysarian Isles,,Screen Recording 2026-08-16 105004.mp4,3,CONFIRMED_FROM_VIDEO
Oil,3970.9,Louisbourg,153,,CONFIRMED_FROM_VIDEO,1,,Ashbourne,Vysarian Isles,,Screen Recording 2026-08-16 105004.mp4,4,CONFIRMED_FROM_VIDEO
Oil,13063.8,Madalena,307,,CONFIRMED_FROM_VIDEO,1,,Ashbourne,Vysarian Isles,,Screen Recording 2026-08-16 105004.mp4,4,CONFIRMED_FROM_VIDEO
Oil,10451.4,Mako's Outlook,263,,CONFIRMED_FROM_VIDEO,1,,Ashbourne,Vysarian Isles,,Screen Recording 2026-08-16 105004.mp4,3,CONFIRMED_FROM_VIDEO
Oil,3196.3,Matthew's Rest,139,,CONFIRMED_FROM_VIDEO,1,,Ashbourne,Vysarian Isles,,Screen Recording 2026-08-16 105004.mp4,5,CONFIRMED_FROM_VIDEO
Oil,3468.0,Maurepas,144,,CONFIRMED_FROM_VIDEO,1,,Ashbourne,Vysarian Isles,,Screen Recording 2026-08-16 105004.mp4,6,CONFIRMED_FROM_VIDEO
Oil,5327.0,New Brighton,176,,CONFIRMED_FROM_VIDEO,2,,Ashbourne,Vysarian Isles,,Screen Recording 2026-08-16 105004.mp4,4,CONFIRMED_FROM_VIDEO
Oil,9046.0,New Catalina,239,,CONFIRMED_FROM_VIDEO,1,,Ashbourne,Vysarian Isles,,Screen Recording 2026-08-16 105004.mp4,5,CONFIRMED_FROM_VIDEO
Oil,3996.0,Pachard Town,153,,CONFIRMED_FROM_VIDEO,1,,Ashbourne,Vysarian Isles,,Screen Recording 2026-08-16 105004.mp4,6,CONFIRMED_FROM_VIDEO
Oil,11895.2,Peter's Cove,287,,CONFIRMED_FROM_VIDEO,1,,Ashbourne,Vysarian Isles,,Screen Recording 2026-08-16 105004.mp4,3,CONFIRMED_FROM_VIDEO
Oil,3907.5,Petit Anvers,151,,CONFIRMED_FROM_VIDEO,1,,Ashbourne,Vysarian Isles,,Screen Recording 2026-08-16 105004.mp4,7,CONFIRMED_FROM_VIDEO
Oil,13272.5,Poblado de San Juan,311,,CONFIRMED_FROM_VIDEO,1,,Ashbourne,Vysarian Isles,,Screen Recording 2026-08-16 105004.mp4,4,CONFIRMED_FROM_VIDEO
Oil,5342.3,Point Rocheux,176,,CONFIRMED_FROM_VIDEO,1,,Ashbourne,Vysarian Isles,,Screen Recording 2026-08-16 105004.mp4,5,CONFIRMED_FROM_VIDEO
Oil,11564.8,Ponta Delgada,282,,CONFIRMED_FROM_VIDEO,1,,Ashbourne,Vysarian Isles,,Screen Recording 2026-08-16 105004.mp4,3,CONFIRMED_FROM_VIDEO
Oil,8363.0,Port Antonio,227,,CONFIRMED_FROM_VIDEO,1,,Ashbourne,Vysarian Isles,,Screen Recording 2026-08-16 105004.mp4,5,CONFIRMED_FROM_VIDEO
Oil,1788.6,Port Louis,115,,CONFIRMED_FROM_VIDEO,1,,Ashbourne,Vysarian Isles,,Screen Recording 2026-08-16 105004.mp4,4,CONFIRMED_FROM_VIDEO
Oil,9029.3,Port Royal,238,,CONFIRMED_FROM_VIDEO,1,,Ashbourne,Vysarian Isles,,Screen Recording 2026-08-16 105004.mp4,6,CONFIRMED_FROM_VIDEO
Oil,4518.6,Port-Au-Croix,162,,CONFIRMED_FROM_VIDEO,2,,Ashbourne,Vysarian Isles,,Screen Recording 2026-08-16 105004.mp4,5,CONFIRMED_FROM_VIDEO
Oil,7049.0,Princeton,205,,CONFIRMED_FROM_VIDEO,1,,Ashbourne,Vysarian Isles,,Screen Recording 2026-08-16 105004.mp4,4,CONFIRMED_FROM_VIDEO
Oil,10917.9,Puerto de San Fernando,271,,CONFIRMED_FROM_VIDEO,1,,Ashbourne,Vysarian Isles,,Screen Recording 2026-08-16 105004.mp4,2,CONFIRMED_FROM_VIDEO
Oil,3841.2,Saint Vincent,150,,CONFIRMED_FROM_VIDEO,1,,Ashbourne,Vysarian Isles,,Screen Recording 2026-08-16 105004.mp4,5,CONFIRMED_FROM_VIDEO
Oil,12790.8,Saint-Nicholas,302,,CONFIRMED_FROM_VIDEO,1,,Ashbourne,Vysarian Isles,,Screen Recording 2026-08-16 105004.mp4,4,CONFIRMED_FROM_VIDEO
Oil,5009.7,Sainte Rose,170,,CONFIRMED_FROM_VIDEO,1,,Ashbourne,Vysarian Isles,,Screen Recording 2026-08-16 105004.mp4,6,CONFIRMED_FROM_VIDEO
Oil,15423.4,San Polo,347,,CONFIRMED_FROM_VIDEO,1,,Ashbourne,Vysarian Isles,,Screen Recording 2026-08-16 105004.mp4,4,CONFIRMED_FROM_VIDEO
Oil,13749.9,San Salvador,319,,CONFIRMED_FROM_VIDEO,1,,Ashbourne,Vysarian Isles,,Screen Recording 2026-08-16 105004.mp4,4,CONFIRMED_FROM_VIDEO
Oil,12458.6,San Vito,297,,CONFIRMED_FROM_VIDEO,1,,Ashbourne,Vysarian Isles,,Screen Recording 2026-08-16 105004.mp4,2,CONFIRMED_FROM_VIDEO
Oil,12820.1,Sandy Settlement,303,,CONFIRMED_FROM_VIDEO,1,,Ashbourne,Vysarian Isles,,Screen Recording 2026-08-16 105004.mp4,4,CONFIRMED_FROM_VIDEO
Oil,12953.2,Santa Maria,305,,CONFIRMED_FROM_VIDEO,1,,Ashbourne,Vysarian Isles,,Screen Recording 2026-08-16 105004.mp4,4,CONFIRMED_FROM_VIDEO
Oil,11492.5,Sao Bento,280,,CONFIRMED_FROM_VIDEO,1,,Ashbourne,Vysarian Isles,,Screen Recording 2026-08-16 105004.mp4,4,CONFIRMED_FROM_VIDEO
Oil,4685.1,Snake Prosper,165,,CONFIRMED_FROM_VIDEO,1,,Ashbourne,Vysarian Isles,,Screen Recording 2026-08-16 105004.mp4,6,CONFIRMED_FROM_VIDEO
Oil,9880.8,Sugar Cove,253,,CONFIRMED_FROM_VIDEO,1,,Ashbourne,Vysarian Isles,,Screen Recording 2026-08-16 105004.mp4,4,CONFIRMED_FROM_VIDEO
Oil,11921.5,Taylor's Town,288,,CONFIRMED_FROM_VIDEO,1,,Ashbourne,Vysarian Isles,,Screen Recording 2026-08-16 105004.mp4,3,CONFIRMED_FROM_VIDEO
Oil,9324.2,Theresa,244,,CONFIRMED_FROM_VIDEO,1,,Ashbourne,Vysarian Isles,,Screen Recording 2026-08-16 105004.mp4,4,CONFIRMED_FROM_VIDEO
Oil,9303.0,Thresher Point,243,,CONFIRMED_FROM_VIDEO,1,,Ashbourne,Vysarian Isles,,Screen Recording 2026-08-16 105004.mp4,5,CONFIRMED_FROM_VIDEO
Oil,8511.1,Venta Nueva,230,,CONFIRMED_FROM_VIDEO,1,,Ashbourne,Vysarian Isles,,Screen Recording 2026-08-16 105004.mp4,5,CONFIRMED_FROM_VIDEO
Oil,7614.0,Villarreal Del Mar,214,,CONFIRMED_FROM_VIDEO,1,,Ashbourne,Vysarian Isles,,Screen Recording 2026-08-16 105004.mp4,5,CONFIRMED_FROM_VIDEO
Oil,5075.7,White Hook,171,,CONFIRMED_FROM_VIDEO,1,,Ashbourne,Vysarian Isles,,Screen Recording 2026-08-16 105004.mp4,6,CONFIRMED_FROM_VIDEO
Oil,1114.1,Wyntergard,104,,CONFIRMED_FROM_VIDEO,1,,Ashbourne,Vysarian Isles,,Screen Recording 2026-08-16 105004.mp4,3,CONFIRMED_FROM_VIDEO
Oil,4271.5,Yorinobu's Settlement,158,,CONFIRMED_FROM_VIDEO,1,,Ashbourne,Vysarian Isles,,Screen Recording 2026-08-16 105004.mp4,1,CONFIRMED_FROM_VIDEO
Books,5856.8,Al-Jazair,212,,CONFIRMED_FROM_VIDEO,1,pooled_even_odd_wide,Belfry Heights,Blacktip Shoals,,Screen Recording 2026-08-16 223317.mp4,6,CONFIRMED_FROM_VIDEO
Books,9722.6,Ashbourne,287,,CONFIRMED_FROM_VIDEO,2,pooled_even_odd_wide,Belfry Heights,Blacktip Shoals,,Screen Recording 2026-08-16 223317.mp4,5,CONFIRMED_FROM_VIDEO
Books,6832.4,Bucket Bay,231,,CONFIRMED_FROM_VIDEO,1,pooled_even_odd_wide,Belfry Heights,Blacktip Shoals,,Screen Recording 2026-08-16 223317.mp4,7,CONFIRMED_FROM_VIDEO
Books,8855.1,Caledonia,270,,CONFIRMED_FROM_VIDEO,1,pooled_even_odd_wide,Belfry Heights,Blacktip Shoals,,Screen Recording 2026-08-16 223317.mp4,4,CONFIRMED_FROM_VIDEO
Books,5132.5,Castle Landing,198,,CONFIRMED_FROM_VIDEO,1,pooled_even_odd_wide,Belfry Heights,Blacktip Shoals,,Screen Recording 2026-08-16 223317.mp4,5,CONFIRMED_FROM_VIDEO
Books,10921.0,Caveira,310,,CONFIRMED_FROM_VIDEO,1,pooled_even_odd_wide,Belfry Heights,Blacktip Shoals,,Screen Recording 2026-08-16 223317.mp4,8,CONFIRMED_FROM_VIDEO
Books,1619.7,Caye Tiburon,129,,CONFIRMED_FROM_VIDEO,1,pooled_even_odd_wide,Belfry Heights,Blacktip Shoals,,Screen Recording 2026-08-16 223317.mp4,12,CONFIRMED_FROM_VIDEO
Books,10489.0,Crownstead,302,,CONFIRMED_FROM_VIDEO,1,pooled_even_odd_wide,Belfry Heights,Blacktip Shoals,,Screen Recording 2026-08-16 223317.mp4,8,CONFIRMED_FROM_VIDEO
Books,8206.6,Cumberland Hill,258,,CONFIRMED_FROM_VIDEO,2,pooled_even_odd_wide,Belfry Heights,Blacktip Shoals,,Screen Recording 2026-08-16 223317.mp4,3,CONFIRMED_FROM_VIDEO
Books,9207.7,Deadman's Murcia,277,,CONFIRMED_FROM_VIDEO,1,pooled_even_odd_wide,Belfry Heights,Blacktip Shoals,,Screen Recording 2026-08-16 223317.mp4,6,CONFIRMED_FROM_VIDEO
Books,7547.4,Fair Harbour,245,,CONFIRMED_FROM_VIDEO,1,pooled_even_odd_wide,Belfry Heights,Blacktip Shoals,,Screen Recording 2026-08-16 223317.mp4,5,CONFIRMED_FROM_VIDEO
Books,6064.2,Falmouth,216,,CONFIRMED_FROM_VIDEO,1,pooled_even_odd_wide,Belfry Heights,Blacktip Shoals,,Screen Recording 2026-08-16 223317.mp4,6,CONFIRMED_FROM_VIDEO
Books,11560.9,Gyldenvale,323,,CONFIRMED_FROM_VIDEO,2,pooled_even_odd_wide,Belfry Heights,Blacktip Shoals,,Screen Recording 2026-08-16 223317.mp4,4,CONFIRMED_FROM_VIDEO
Books,7685.6,Jones' Outpost,247,,CONFIRMED_FROM_VIDEO,1,pooled_even_odd_wide,Belfry Heights,Blacktip Shoals,,Screen Recording 2026-08-16 223317.mp4,6,CONFIRMED_FROM_VIDEO
Books,7267.4,Kandlerova,239,,CONFIRMED_FROM_VIDEO,1,pooled_even_odd_wide,Belfry Heights,Blacktip Shoals,,Screen Recording 2026-08-16 223317.mp4,6,CONFIRMED_FROM_VIDEO
Books,4454.6,La Povenglia,184,,CONFIRMED_FROM_VIDEO,1,pooled_even_odd_wide,Belfry Heights,Blacktip Shoals,,Screen Recording 2026-08-16 223317.mp4,6,CONFIRMED_FROM_VIDEO
Books,3444.0,Lebarde,165,,CONFIRMED_FROM_VIDEO,1,pooled_even_odd_wide,Belfry Heights,Blacktip Shoals,,Screen Recording 2026-08-16 223317.mp4,17,CONFIRMED_FROM_VIDEO
Books,2548.2,Lord Irving's Sacrifice,147,,CONFIRMED_FROM_VIDEO,1,pooled_even_odd_wide,Belfry Heights,Blacktip Shoals,,Screen Recording 2026-08-16 223317.mp4,11,CONFIRMED_FROM_VIDEO
Books,10247.4,Louisbourg,297,,CONFIRMED_FROM_VIDEO,2,pooled_even_odd_wide,Belfry Heights,Blacktip Shoals,,Screen Recording 2026-08-16 223317.mp4,6,CONFIRMED_FROM_VIDEO
Books,12861.8,Madalena,348,,CONFIRMED_FROM_VIDEO,2,pooled_even_odd_wide,Belfry Heights,Blacktip Shoals,,Screen Recording 2026-08-16 223317.mp4,4,CONFIRMED_FROM_VIDEO
Books,2117.0,Mako's Outlook,139,,CONFIRMED_FROM_VIDEO,1,pooled_even_odd_wide,Belfry Heights,Blacktip Shoals,,Screen Recording 2026-08-16 223317.mp4,12,CONFIRMED_FROM_VIDEO
Books,6773.1,Matthew's Rest,230,,CONFIRMED_FROM_VIDEO,1,pooled_even_odd_wide,Belfry Heights,Blacktip Shoals,,Screen Recording 2026-08-16 223317.mp4,7,CONFIRMED_FROM_VIDEO
Books,9436.7,Maurepas,282,,CONFIRMED_FROM_VIDEO,1,pooled_even_odd_wide,Belfry Heights,Blacktip Shoals,,Screen Recording 2026-08-16 223317.mp4,6,CONFIRMED_FROM_VIDEO
Books,4617.8,New Brighton,188,,CONFIRMED_FROM_VIDEO,1,pooled_even_odd_wide,Belfry Heights,Blacktip Shoals,,Screen Recording 2026-08-16 223317.mp4,5,CONFIRMED_FROM_VIDEO
Books,7839.9,New Catalina,250,,CONFIRMED_FROM_VIDEO,1,pooled_even_odd_wide,Belfry Heights,Blacktip Shoals,,Screen Recording 2026-08-16 223317.mp4,6,CONFIRMED_FROM_VIDEO
Books,6508.9,Pachard Town,224,,CONFIRMED_FROM_VIDEO,1,pooled_even_odd_wide,Belfry Heights,Blacktip Shoals,,Screen Recording 2026-08-16 223317.mp4,6,CONFIRMED_FROM_VIDEO
Books,2871.8,Peter's Cove,154,,CONFIRMED_FROM_VIDEO,1,pooled_even_odd_wide,Belfry Heights,Blacktip Shoals,,Screen Recording 2026-08-16 223317.mp4,12,CONFIRMED_FROM_VIDEO
Books,11618.9,Petit Anvers,324,,CONFIRMED_FROM_VIDEO,2,pooled_even_odd_wide,Belfry Heights,Blacktip Shoals,,Screen Recording 2026-08-16 223317.mp4,4,CONFIRMED_FROM_VIDEO
Books,8870.5,Poblado de San Juan,270,,CONFIRMED_FROM_VIDEO,1,pooled_even_odd_wide,Belfry Heights,Blacktip Shoals,,Screen Recording 2026-08-16 223317.mp4,4,CONFIRMED_FROM_VIDEO
Books,7424.4,Point Rocheux,242,,CONFIRMED_FROM_VIDEO,1,pooled_even_odd_wide,Belfry Heights,Blacktip Shoals,,Screen Recording 2026-08-16 223317.mp4,6,CONFIRMED_FROM_VIDEO
Books,13607.3,Ponta Delgada,363,,CONFIRMED_FROM_VIDEO,2,pooled_even_odd_wide,Belfry Heights,Blacktip Shoals,,Screen Recording 2026-08-16 223317.mp4,4,CONFIRMED_FROM_VIDEO
Books,6500.2,Port Antonio,224,,CONFIRMED_FROM_VIDEO,1,pooled_even_odd_wide,Belfry Heights,Blacktip Shoals,,Screen Recording 2026-08-16 223317.mp4,11,CONFIRMED_FROM_VIDEO
Books,8375.5,Port Louis,261,,CONFIRMED_FROM_VIDEO,1,pooled_even_odd_wide,Belfry Heights,Blacktip Shoals,,Screen Recording 2026-08-16 223317.mp4,6,CONFIRMED_FROM_VIDEO
Books,4225.9,Port Royal,180,,CONFIRMED_FROM_VIDEO,1,pooled_even_odd_wide,Belfry Heights,Blacktip Shoals,,Screen Recording 2026-08-16 223317.mp4,6,CONFIRMED_FROM_VIDEO
Books,6970.5,Port-Au-Croix,233,,CONFIRMED_FROM_VIDEO,1,pooled_even_odd_wide,Belfry Heights,Blacktip Shoals,,Screen Recording 2026-08-16 223317.mp4,7,CONFIRMED_FROM_VIDEO
Books,4735.0,Princeton,190,,CONFIRMED_FROM_VIDEO,1,pooled_even_odd_wide,Belfry Heights,Blacktip Shoals,,Screen Recording 2026-08-16 223317.mp4,5,CONFIRMED_FROM_VIDEO
Books,8135.5,Puerto de San Fernando,256,,CONFIRMED_FROM_VIDEO,1,pooled_even_odd_wide,Belfry Heights,Blacktip Shoals,,Screen Recording 2026-08-16 223317.mp4,5,CONFIRMED_FROM_VIDEO
Books,7087.3,Saint Vincent,236,,CONFIRMED_FROM_VIDEO,1,pooled_even_odd_wide,Belfry Heights,Blacktip Shoals,,Screen Recording 2026-08-16 223317.mp4,6,CONFIRMED_FROM_VIDEO
Books,4294.9,Saint-Nicholas,181,,CONFIRMED_FROM_VIDEO,1,pooled_even_odd_wide,Belfry Heights,Blacktip Shoals,,Screen Recording 2026-08-16 223317.mp4,6,CONFIRMED_FROM_VIDEO
Books,11195.1,Sainte Rose,316,,CONFIRMED_FROM_VIDEO,2,pooled_even_odd_wide,Belfry Heights,Blacktip Shoals,,Screen Recording 2026-08-16 223317.mp4,6,CONFIRMED_FROM_VIDEO
Books,6337.5,San Polo,221,,CONFIRMED_FROM_VIDEO,1,pooled_even_odd_wide,Belfry Heights,Blacktip Shoals,,Screen Recording 2026-08-16 223317.mp4,11,CONFIRMED_FROM_VIDEO
Books,7592.0,San Salvador,246,,CONFIRMED_FROM_VIDEO,1,pooled_even_odd_wide,Belfry Heights,Blacktip Shoals,,Screen Recording 2026-08-16 223317.mp4,6,CONFIRMED_FROM_VIDEO
Books,3402.0,San Vito,164,,CONFIRMED_FROM_VIDEO,1,pooled_even_odd_wide,Belfry Heights,Blacktip Shoals,,Screen Recording 2026-08-16 223317.mp4,12,CONFIRMED_FROM_VIDEO
Books,4005.2,Sandy Settlement,176,,CONFIRMED_FROM_VIDEO,1,pooled_even_odd_wide,Belfry Heights,Blacktip Shoals,,Screen Recording 2026-08-16 223317.mp4,18,CONFIRMED_FROM_VIDEO
Books,8395.0,Santa Maria,261,,CONFIRMED_FROM_VIDEO,1,pooled_even_odd_wide,Belfry Heights,Blacktip Shoals,,Screen Recording 2026-08-16 223317.mp4,5,CONFIRMED_FROM_VIDEO
Books,12207.7,Sao Bento,336,,CONFIRMED_FROM_VIDEO,2,pooled_even_odd_wide,Belfry Heights,Blacktip Shoals,,Screen Recording 2026-08-16 223317.mp4,4,CONFIRMED_FROM_VIDEO
Books,8521.8,Snake Prosper,264,,CONFIRMED_FROM_VIDEO,2,pooled_even_odd_wide,Belfry Heights,Blacktip Shoals,,Screen Recording 2026-08-16 223317.mp4,6,CONFIRMED_FROM_VIDEO
Books,8680.3,Sugar Cove,267,,CONFIRMED_FROM_VIDEO,1,pooled_even_odd_wide,Belfry Heights,Blacktip Shoals,,Screen Recording 2026-08-16 223317.mp4,4,CONFIRMED_FROM_VIDEO
Books,4539.8,Taylor's Town,186,,CONFIRMED_FROM_VIDEO,1,pooled_even_odd_wide,Belfry Heights,Blacktip Shoals,,Screen Recording 2026-08-16 223317.mp4,6,CONFIRMED_FROM_VIDEO
Books,6110.7,Theresa,217,,CONFIRMED_FROM_VIDEO,1,pooled_even_odd_wide,Belfry Heights,Blacktip Shoals,,Screen Recording 2026-08-16 223317.mp4,6,CONFIRMED_FROM_VIDEO
Books,863.9,Thresher Point,114,,CONFIRMED_FROM_VIDEO,1,pooled_even_odd_wide,Belfry Heights,Blacktip Shoals,,Screen Recording 2026-08-16 223317.mp4,12,CONFIRMED_FROM_VIDEO
Books,9059.9,Venta Nueva,274,,CONFIRMED_FROM_VIDEO,1,pooled_even_odd_wide,Belfry Heights,Blacktip Shoals,,Screen Recording 2026-08-16 223317.mp4,6,CONFIRMED_FROM_VIDEO
Books,7865.7,Villarreal Del Mar,251,,CONFIRMED_FROM_VIDEO,1,pooled_even_odd_wide,Belfry Heights,Blacktip Shoals,,Screen Recording 2026-08-16 223317.mp4,5,CONFIRMED_FROM_VIDEO
Books,9709.8,White Hook,287,,CONFIRMED_FROM_VIDEO,1,pooled_even_odd_wide,Belfry Heights,Blacktip Shoals,,Screen Recording 2026-08-16 223317.mp4,6,CONFIRMED_FROM_VIDEO
Books,10334.1,Wyntergard,299,,CONFIRMED_FROM_VIDEO,2,pooled_even_odd_wide,Belfry Heights,Blacktip Shoals,,Screen Recording 2026-08-16 223317.mp4,6,CONFIRMED_FROM_VIDEO
Books,5540.3,Yorinobu's Settlement,206,,CONFIRMED_FROM_VIDEO,,,Belfry Heights,Blacktip Shoals,Visually verified from long-video segment 644-680s; not inferred.,Screen Recording 2026-08-16 223317.mp4,1,CONFIRMED_FROM_VIDEO
Buckets,3048.9,Al-Jazair,105,,CONFIRMED_FROM_VIDEO,1,,Bucket Bay,Îles de Louis,,Screen Recording 2026-08-16 110602.mp4,6,CONFIRMED_FROM_VIDEO
Buckets,2894.9,Ashbourne,103,,CONFIRMED_FROM_VIDEO,2,,Bucket Bay,Îles de Louis,,Screen Recording 2026-08-16 110602.mp4,5,CONFIRMED_FROM_VIDEO
Buckets,6832.4,Belfry Heights,154,,CONFIRMED_FROM_VIDEO,3,,Bucket Bay,Îles de Louis,,Screen Recording 2026-08-16 110602.mp4,3,CONFIRMED_FROM_VIDEO
Buckets,4667.4,Caledonia,126,,CONFIRMED_FROM_VIDEO,1,,Bucket Bay,Îles de Louis,,Screen Recording 2026-08-16 110602.mp4,4,CONFIRMED_FROM_VIDEO
Buckets,6427.9,Castle Landing,149,,CONFIRMED_FROM_VIDEO,1,,Bucket Bay,Îles de Louis,,Screen Recording 2026-08-16 110602.mp4,5,CONFIRMED_FROM_VIDEO
Buckets,10487.3,Caveira,201,,CONFIRMED_FROM_VIDEO,1,,Bucket Bay,Îles de Louis,,Screen Recording 2026-08-16 110602.mp4,6,CONFIRMED_FROM_VIDEO
Buckets,5218.3,Caye Tiburon,133,,CONFIRMED_FROM_VIDEO,1,,Bucket Bay,Îles de Louis,,Screen Recording 2026-08-16 110602.mp4,3,CONFIRMED_FROM_VIDEO
Buckets,3657.2,Crownstead,113,,CONFIRMED_FROM_VIDEO,2,,Bucket Bay,Îles de Louis,,Screen Recording 2026-08-16 110602.mp4,4,CONFIRMED_FROM_VIDEO
Buckets,4365.0,Deadman's Murcia,122,,CONFIRMED_FROM_VIDEO,1,,Bucket Bay,Îles de Louis,,Screen Recording 2026-08-16 110602.mp4,5,CONFIRMED_FROM_VIDEO
Buckets,1332.2,Fair Harbour,82,,CONFIRMED_FROM_VIDEO,1,,Bucket Bay,Îles de Louis,,Screen Recording 2026-08-16 110602.mp4,2,CONFIRMED_FROM_VIDEO
Buckets,5249.2,Falmouth,133,,CONFIRMED_FROM_VIDEO,1,,Bucket Bay,Îles de Louis,,Screen Recording 2026-08-16 110602.mp4,4,CONFIRMED_FROM_VIDEO
Buckets,4769.9,Gyldenvale,127,,CONFIRMED_FROM_VIDEO,1,,Bucket Bay,Îles de Louis,,Screen Recording 2026-08-16 110602.mp4,5,CONFIRMED_FROM_VIDEO
Buckets,6528.2,Jones' Outpost,150,,CONFIRMED_FROM_VIDEO,1,,Bucket Bay,Îles de Louis,,Screen Recording 2026-08-16 110602.mp4,5,CONFIRMED_FROM_VIDEO
Buckets,13433.7,Kandlerova,240,,CONFIRMED_FROM_VIDEO,1,,Bucket Bay,Îles de Louis,,Screen Recording 2026-08-16 110602.mp4,2,CONFIRMED_FROM_VIDEO
Buckets,11068.0,La Povenglia,209,,CONFIRMED_FROM_VIDEO,1,,Bucket Bay,Îles de Louis,,Screen Recording 2026-08-16 110602.mp4,4,CONFIRMED_FROM_VIDEO
Buckets,6069.6,Lebarde,144,,CONFIRMED_FROM_VIDEO,1,,Bucket Bay,Îles de Louis,,Screen Recording 2026-08-16 110602.mp4,1,CONFIRMED_FROM_VIDEO
Buckets,7181.3,Lord Irving's Sacrifice,158,,CONFIRMED_FROM_VIDEO,1,,Bucket Bay,Îles de Louis,,Screen Recording 2026-08-16 110602.mp4,4,CONFIRMED_FROM_VIDEO
Buckets,4634.5,Louisbourg,125,,CONFIRMED_FROM_VIDEO,2,,Bucket Bay,Îles de Louis,,Screen Recording 2026-08-16 110602.mp4,4,CONFIRMED_FROM_VIDEO
Buckets,12084.9,Madalena,222,,CONFIRMED_FROM_VIDEO,1,,Bucket Bay,Îles de Louis,,Screen Recording 2026-08-16 110602.mp4,2,CONFIRMED_FROM_VIDEO
Buckets,7601.1,Mako's Outlook,164,,CONFIRMED_FROM_VIDEO,1,,Bucket Bay,Îles de Louis,,Screen Recording 2026-08-16 110602.mp4,3,CONFIRMED_FROM_VIDEO
Buckets,897.0,Matthew's Rest,77,,CONFIRMED_FROM_VIDEO,1,,Bucket Bay,Îles de Louis,,Screen Recording 2026-08-16 110602.mp4,2,CONFIRMED_FROM_VIDEO
Buckets,3778.2,Maurepas,114,,CONFIRMED_FROM_VIDEO,1,,Bucket Bay,Îles de Louis,,Screen Recording 2026-08-16 110602.mp4,6,CONFIRMED_FROM_VIDEO
Buckets,2614.3,New Brighton,99,,CONFIRMED_FROM_VIDEO,1,,Bucket Bay,Îles de Louis,,Screen Recording 2026-08-16 110602.mp4,5,CONFIRMED_FROM_VIDEO
Buckets,7611.5,New Catalina,164,,CONFIRMED_FROM_VIDEO,2,,Bucket Bay,Îles de Louis,,Screen Recording 2026-08-16 110602.mp4,3,CONFIRMED_FROM_VIDEO
Buckets,1885.1,Pachard Town,90,,CONFIRMED_FROM_VIDEO,1,,Bucket Bay,Îles de Louis,,Screen Recording 2026-08-16 110602.mp4,3,CONFIRMED_FROM_VIDEO
Buckets,5488.5,Petit Anvers,136,,CONFIRMED_FROM_VIDEO,1,,Bucket Bay,Îles de Louis,,Screen Recording 2026-08-16 110602.mp4,4,CONFIRMED_FROM_VIDEO
Buckets,11179.5,Poblado de San Juan,210,,CONFIRMED_FROM_VIDEO,1,,Bucket Bay,Îles de Louis,,Screen Recording 2026-08-16 110602.mp4,3,CONFIRMED_FROM_VIDEO
Buckets,3948.9,Point Rocheux,116,,CONFIRMED_FROM_VIDEO,2,,Bucket Bay,Îles de Louis,,Screen Recording 2026-08-16 110602.mp4,5,CONFIRMED_FROM_VIDEO
Buckets,11232.1,Ponta Delgada,211,,CONFIRMED_FROM_VIDEO,1,,Bucket Bay,Îles de Louis,,Screen Recording 2026-08-16 110602.mp4,2,CONFIRMED_FROM_VIDEO
Buckets,6359.6,Port Antonio,148,,CONFIRMED_FROM_VIDEO,1,,Bucket Bay,Îles de Louis,,Screen Recording 2026-08-16 110602.mp4,5,CONFIRMED_FROM_VIDEO
Buckets,1918.1,Port Louis,90,,CONFIRMED_FROM_VIDEO,1,,Bucket Bay,Îles de Louis,,Screen Recording 2026-08-16 110602.mp4,4,CONFIRMED_FROM_VIDEO
Buckets,6463.3,Port Royal,149,,CONFIRMED_FROM_VIDEO,1,,Bucket Bay,Îles de Louis,,Screen Recording 2026-08-16 110602.mp4,5,CONFIRMED_FROM_VIDEO
Buckets,2871.0,Port-Au-Croix,102,,CONFIRMED_FROM_VIDEO,1,,Bucket Bay,Îles de Louis,,Screen Recording 2026-08-16 110602.mp4,6,CONFIRMED_FROM_VIDEO
Buckets,4768.7,Princeton,127,,CONFIRMED_FROM_VIDEO,1,,Bucket Bay,Îles de Louis,,Screen Recording 2026-08-16 110602.mp4,4,CONFIRMED_FROM_VIDEO
Buckets,9029.2,Puerto de San Fernando,182,,CONFIRMED_FROM_VIDEO,1,,Bucket Bay,Îles de Louis,,Screen Recording 2026-08-16 110602.mp4,4,CONFIRMED_FROM_VIDEO
Buckets,2494.6,Saint Vincent,97,,CONFIRMED_FROM_VIDEO,1,,Bucket Bay,Îles de Louis,,Screen Recording 2026-08-16 110602.mp4,4,CONFIRMED_FROM_VIDEO
Buckets,5812.9,Sainte Rose,141,,CONFIRMED_FROM_VIDEO,1,,Bucket Bay,Îles de Louis,,Screen Recording 2026-08-16 110602.mp4,4,CONFIRMED_FROM_VIDEO
Buckets,12585.1,San Polo,229,,CONFIRMED_FROM_VIDEO,1,,Bucket Bay,Îles de Louis,,Screen Recording 2026-08-16 110602.mp4,2,CONFIRMED_FROM_VIDEO
Buckets,11322.7,San Salvador,212,,CONFIRMED_FROM_VIDEO,1,,Bucket Bay,Îles de Louis,,Screen Recording 2026-08-16 110602.mp4,2,CONFIRMED_FROM_VIDEO
Buckets,9598.5,San Vito,190,,CONFIRMED_FROM_VIDEO,1,,Bucket Bay,Îles de Louis,,Screen Recording 2026-08-16 110602.mp4,4,CONFIRMED_FROM_VIDEO
Buckets,10065.4,Sandy Settlement,196,,CONFIRMED_FROM_VIDEO,1,,Bucket Bay,Îles de Louis,Visually verified from frame 3s; not inferred.,Screen Recording 2026-08-16 110602.mp4,5,CONFIRMED_FROM_VIDEO
Buckets,10806.8,Santa Maria,205,,CONFIRMED_FROM_VIDEO,1,,Bucket Bay,Îles de Louis,,Screen Recording 2026-08-16 110602.mp4,4,CONFIRMED_FROM_VIDEO
Buckets,10695.9,Sao Bento,204,,CONFIRMED_FROM_VIDEO,1,,Bucket Bay,Îles de Louis,,Screen Recording 2026-08-16 110602.mp4,3,CONFIRMED_FROM_VIDEO
Buckets,4292.3,Snake Prosper,121,,CONFIRMED_FROM_VIDEO,1,,Bucket Bay,Îles de Louis,,Screen Recording 2026-08-16 110602.mp4,5,CONFIRMED_FROM_VIDEO
Buckets,8569.8,Sugar Cove,176,,CONFIRMED_FROM_VIDEO,1,,Bucket Bay,Îles de Louis,,Screen Recording 2026-08-16 110602.mp4,3,CONFIRMED_FROM_VIDEO
Buckets,9351.3,Taylor's Town,187,,CONFIRMED_FROM_VIDEO,2,,Bucket Bay,Îles de Louis,,Screen Recording 2026-08-16 110602.mp4,2,CONFIRMED_FROM_VIDEO
Buckets,7133.7,Theresa,158,,CONFIRMED_FROM_VIDEO,1,,Bucket Bay,Îles de Louis,,Screen Recording 2026-08-16 110602.mp4,5,CONFIRMED_FROM_VIDEO
Buckets,6442.0,Thresher Point,149,,CONFIRMED_FROM_VIDEO,2,,Bucket Bay,Îles de Louis,,Screen Recording 2026-08-16 110602.mp4,4,CONFIRMED_FROM_VIDEO
Buckets,7317.8,Venta Nueva,160,,CONFIRMED_FROM_VIDEO,1,,Bucket Bay,Îles de Louis,,Screen Recording 2026-08-16 110602.mp4,4,CONFIRMED_FROM_VIDEO
Buckets,6142.6,Villarreal Del Mar,145,,CONFIRMED_FROM_VIDEO,1,,Bucket Bay,Îles de Louis,,Screen Recording 2026-08-16 110602.mp4,4,CONFIRMED_FROM_VIDEO
Buckets,5269.0,White Hook,133,,CONFIRMED_FROM_VIDEO,1,,Bucket Bay,Îles de Louis,,Screen Recording 2026-08-16 110602.mp4,4,CONFIRMED_FROM_VIDEO
Buckets,3628.5,Wyntergard,112,,CONFIRMED_FROM_VIDEO,1,,Bucket Bay,Îles de Louis,,Screen Recording 2026-08-16 110602.mp4,5,CONFIRMED_FROM_VIDEO
Glass,3062.9,Al-Jazair,143,,CONFIRMED_FROM_VIDEO,1,pooled_even_odd_wide,Caledonia,East Somerset,,Screen Recording 2026-08-16 223317.mp4,9,CONFIRMED_FROM_VIDEO
Glass,4913.7,Ashbourne,176,,CONFIRMED_FROM_VIDEO,1,pooled_even_odd_wide,Caledonia,East Somerset,,Screen Recording 2026-08-16 223317.mp4,6,CONFIRMED_FROM_VIDEO
Glass,8855.1,Belfry Heights,246,,CONFIRMED_FROM_VIDEO,1,pooled_even_odd_wide,Caledonia,East Somerset,,Screen Recording 2026-08-16 223317.mp4,4,CONFIRMED_FROM_VIDEO
Glass,4667.4,Bucket Bay,172,,CONFIRMED_FROM_VIDEO,1,pooled_even_odd_wide,Caledonia,East Somerset,,Screen Recording 2026-08-16 223317.mp4,4,CONFIRMED_FROM_VIDEO
Glass,5240.1,Castle Landing,182,,CONFIRMED_FROM_VIDEO,1,pooled_even_odd_wide,Caledonia,East Somerset,,Screen Recording 2026-08-16 223317.mp4,7,CONFIRMED_FROM_VIDEO
Glass,15136.0,Caveira,357,,CONFIRMED_FROM_VIDEO,1,pooled_even_odd_wide,Caledonia,East Somerset,,Screen Recording 2026-08-16 223317.mp4,15,CONFIRMED_FROM_VIDEO
Glass,7451.0,Caye Tiburon,221,,CONFIRMED_FROM_VIDEO,1,pooled_even_odd_wide,Caledonia,East Somerset,,Screen Recording 2026-08-16 223317.mp4,5,CONFIRMED_FROM_VIDEO
Glass,5529.6,Crownstead,187,,CONFIRMED_FROM_VIDEO,1,pooled_even_odd_wide,Caledonia,East Somerset,,Screen Recording 2026-08-16 223317.mp4,8,CONFIRMED_FROM_VIDEO
Glass,4133.3,Cumberland Hill,162,,CONFIRMED_FROM_VIDEO,2,pooled_even_odd_wide,Caledonia,East Somerset,,Screen Recording 2026-08-16 223317.mp4,6,CONFIRMED_FROM_VIDEO
Glass,817.3,Deadman's Murcia,103,,CONFIRMED_FROM_VIDEO,2,pooled_even_odd_wide,Caledonia,East Somerset,,Screen Recording 2026-08-16 223317.mp4,4,CONFIRMED_FROM_VIDEO
Glass,3434.1,Fair Harbour,150,,CONFIRMED_FROM_VIDEO,1,pooled_even_odd_wide,Caledonia,East Somerset,,Screen Recording 2026-08-16 223317.mp4,9,CONFIRMED_FROM_VIDEO
Glass,9726.5,Falmouth,261,,CONFIRMED_FROM_VIDEO,1,pooled_even_odd_wide,Caledonia,East Somerset,,Screen Recording 2026-08-16 223317.mp4,4,CONFIRMED_FROM_VIDEO
Glass,5493.9,Gyldenvale,186,,CONFIRMED_FROM_VIDEO,1,pooled_even_odd_wide,Caledonia,East Somerset,,Screen Recording 2026-08-16 223317.mp4,9,CONFIRMED_FROM_VIDEO
Glass,3315.2,Jones' Outpost,148,,CONFIRMED_FROM_VIDEO,1,pooled_even_odd_wide,Caledonia,East Somerset,,Screen Recording 2026-08-16 223317.mp4,9,CONFIRMED_FROM_VIDEO
Glass,16112.8,Kandlerova,375,,CONFIRMED_FROM_VIDEO,2,pooled_even_odd_wide,Caledonia,East Somerset,,Screen Recording 2026-08-16 223317.mp4,4,CONFIRMED_FROM_VIDEO
Glass,13279.0,La Povenglia,324,,CONFIRMED_FROM_VIDEO,1,pooled_even_odd_wide,Caledonia,East Somerset,,Screen Recording 2026-08-16 223317.mp4,12,CONFIRMED_FROM_VIDEO
Glass,6171.1,Lebarde,198,,CONFIRMED_FROM_VIDEO,1,pooled_even_odd_wide,Caledonia,East Somerset,,Screen Recording 2026-08-16 223317.mp4,5,CONFIRMED_FROM_VIDEO
Glass,10324.8,Lord Irving's Sacrifice,272,,CONFIRMED_FROM_VIDEO,2,pooled_even_odd_wide,Caledonia,East Somerset,,Screen Recording 2026-08-16 223317.mp4,2,CONFIRMED_FROM_VIDEO
Glass,8607.7,Louisbourg,242,,CONFIRMED_FROM_VIDEO,1,pooled_even_odd_wide,Caledonia,East Somerset,,Screen Recording 2026-08-16 223317.mp4,4,CONFIRMED_FROM_VIDEO
Glass,16752.2,Madalena,386,,CONFIRMED_FROM_VIDEO,2,pooled_even_odd_wide,Caledonia,East Somerset,,Screen Recording 2026-08-16 223317.mp4,4,CONFIRMED_FROM_VIDEO
Glass,10450.6,Mako's Outlook,274,,CONFIRMED_FROM_VIDEO,2,pooled_even_odd_wide,Caledonia,East Somerset,,Screen Recording 2026-08-16 223317.mp4,4,CONFIRMED_FROM_VIDEO
Glass,5564.1,Matthew's Rest,188,,CONFIRMED_FROM_VIDEO,1,pooled_even_odd_wide,Caledonia,East Somerset,,Screen Recording 2026-08-16 223317.mp4,5,CONFIRMED_FROM_VIDEO
Glass,7892.6,Maurepas,229,,CONFIRMED_FROM_VIDEO,1,pooled_even_odd_wide,Caledonia,East Somerset,,Screen Recording 2026-08-16 223317.mp4,4,CONFIRMED_FROM_VIDEO
Glass,4647.4,New Brighton,171,,CONFIRMED_FROM_VIDEO,1,pooled_even_odd_wide,Caledonia,East Somerset,,Screen Recording 2026-08-16 223317.mp4,4,CONFIRMED_FROM_VIDEO
Glass,4523.3,New Catalina,169,,CONFIRMED_FROM_VIDEO,1,pooled_even_odd_wide,Caledonia,East Somerset,,Screen Recording 2026-08-16 223317.mp4,4,CONFIRMED_FROM_VIDEO
Glass,6536.7,Pachard Town,205,,CONFIRMED_FROM_VIDEO,1,pooled_even_odd_wide,Caledonia,East Somerset,,Screen Recording 2026-08-16 223317.mp4,5,CONFIRMED_FROM_VIDEO
Glass,9934.4,Peter's Cove,265,,CONFIRMED_FROM_VIDEO,2,pooled_even_odd_wide,Caledonia,East Somerset,,Screen Recording 2026-08-16 223317.mp4,5,CONFIRMED_FROM_VIDEO
Glass,8811.0,Petit Anvers,245,,CONFIRMED_FROM_VIDEO,1,pooled_even_odd_wide,Caledonia,East Somerset,,Screen Recording 2026-08-16 223317.mp4,4,CONFIRMED_FROM_VIDEO
Glass,15442.2,Poblado de San Juan,363,,CONFIRMED_FROM_VIDEO,2,pooled_even_odd_wide,Caledonia,East Somerset,,Screen Recording 2026-08-16 223317.mp4,6,CONFIRMED_FROM_VIDEO
Glass,8615.7,Point Rocheux,242,,CONFIRMED_FROM_VIDEO,1,pooled_even_odd_wide,Caledonia,East Somerset,,Screen Recording 2026-08-16 223317.mp4,4,CONFIRMED_FROM_VIDEO
Glass,15807.1,Ponta Delgada,369,,CONFIRMED_FROM_VIDEO,2,pooled_even_odd_wide,Caledonia,East Somerset,,Screen Recording 2026-08-16 223317.mp4,6,CONFIRMED_FROM_VIDEO
Glass,10827.2,Port Antonio,281,,CONFIRMED_FROM_VIDEO,2,pooled_even_odd_wide,Caledonia,East Somerset,,Screen Recording 2026-08-16 223317.mp4,4,CONFIRMED_FROM_VIDEO
Glass,3429.0,Port Louis,150,,CONFIRMED_FROM_VIDEO,1,pooled_even_odd_wide,Caledonia,East Somerset,,Screen Recording 2026-08-16 223317.mp4,9,CONFIRMED_FROM_VIDEO
Glass,10338.8,Port Royal,272,,CONFIRMED_FROM_VIDEO,2,pooled_even_odd_wide,Caledonia,East Somerset,,Screen Recording 2026-08-16 223317.mp4,4,CONFIRMED_FROM_VIDEO
Glass,7538.4,Port-Au-Croix,223,,CONFIRMED_FROM_VIDEO,2,pooled_even_odd_wide,Caledonia,East Somerset,,Screen Recording 2026-08-16 223317.mp4,3,CONFIRMED_FROM_VIDEO
Glass,4367.8,Princeton,166,,CONFIRMED_FROM_VIDEO,1,pooled_even_odd_wide,Caledonia,East Somerset,,Screen Recording 2026-08-16 223317.mp4,7,CONFIRMED_FROM_VIDEO
Glass,13486.7,Puerto de San Fernando,328,,CONFIRMED_FROM_VIDEO,2,pooled_even_odd_wide,Caledonia,East Somerset,,Screen Recording 2026-08-16 223317.mp4,8,CONFIRMED_FROM_VIDEO
Glass,2315.6,Saint Vincent,130,,CONFIRMED_FROM_VIDEO,1,pooled_even_odd_wide,Caledonia,East Somerset,,Screen Recording 2026-08-16 223317.mp4,9,CONFIRMED_FROM_VIDEO
Glass,10308.5,Saint-Nicholas,272,,CONFIRMED_FROM_VIDEO,2,pooled_even_odd_wide,Caledonia,East Somerset,,Screen Recording 2026-08-16 223317.mp4,4,CONFIRMED_FROM_VIDEO
Glass,9748.2,Sainte Rose,262,,CONFIRMED_FROM_VIDEO,3,pooled_even_odd_wide,Caledonia,East Somerset,,Screen Recording 2026-08-16 223317.mp4,4,CONFIRMED_FROM_VIDEO
Glass,15187.8,San Polo,358,,CONFIRMED_FROM_VIDEO,2,pooled_even_odd_wide,Caledonia,East Somerset,,Screen Recording 2026-08-16 223317.mp4,10,CONFIRMED_FROM_VIDEO
Glass,15185.6,San Salvador,358,,CONFIRMED_FROM_VIDEO,2,pooled_even_odd_wide,Caledonia,East Somerset,,Screen Recording 2026-08-16 223317.mp4,10,CONFIRMED_FROM_VIDEO
Glass,12204.6,San Vito,305,,CONFIRMED_FROM_VIDEO,2,pooled_even_odd_wide,Caledonia,East Somerset,,Screen Recording 2026-08-16 223317.mp4,4,CONFIRMED_FROM_VIDEO
Glass,10534.1,Sandy Settlement,276,,CONFIRMED_FROM_VIDEO,2,pooled_even_odd_wide,Caledonia,East Somerset,,Screen Recording 2026-08-16 223317.mp4,4,CONFIRMED_FROM_VIDEO
Glass,15029.5,Santa Maria,356,,CONFIRMED_FROM_VIDEO,2,pooled_even_odd_wide,Caledonia,East Somerset,,Screen Recording 2026-08-16 223317.mp4,10,CONFIRMED_FROM_VIDEO
Glass,15354.4,Sao Bento,361,,CONFIRMED_FROM_VIDEO,3,pooled_even_odd_wide,Caledonia,East Somerset,,Screen Recording 2026-08-16 223317.mp4,7,CONFIRMED_FROM_VIDEO
Glass,395.7,Snake Prosper,96,,CONFIRMED_FROM_VIDEO,1,pooled_even_odd_wide,Caledonia,East Somerset,,Screen Recording 2026-08-16 223317.mp4,6,CONFIRMED_FROM_VIDEO
Glass,5194.4,Sugar Cove,181,,CONFIRMED_FROM_VIDEO,1,pooled_even_odd_wide,Caledonia,East Somerset,,Screen Recording 2026-08-16 223317.mp4,6,CONFIRMED_FROM_VIDEO
Glass,9040.8,Taylor's Town,249,,CONFIRMED_FROM_VIDEO,1,pooled_even_odd_wide,Caledonia,East Somerset,,Screen Recording 2026-08-16 223317.mp4,4,CONFIRMED_FROM_VIDEO
Glass,11437.2,Theresa,292,,CONFIRMED_FROM_VIDEO,4,pooled_even_odd_wide,Caledonia,East Somerset,,Screen Recording 2026-08-16 223317.mp4,4,CONFIRMED_FROM_VIDEO
Glass,8106.2,Thresher Point,233,,CONFIRMED_FROM_VIDEO,1,pooled_even_odd_wide,Caledonia,East Somerset,,Screen Recording 2026-08-16 223317.mp4,6,CONFIRMED_FROM_VIDEO
Glass,11984.3,Venta Nueva,301,,CONFIRMED_FROM_VIDEO,2,pooled_even_odd_wide,Caledonia,East Somerset,,Screen Recording 2026-08-16 223317.mp4,4,CONFIRMED_FROM_VIDEO
Glass,10792.4,Villarreal Del Mar,280,Selected from the two recorded directional readings using reciprocal-distance agreement and the origin's other observed Distance/Value rows. No distance was fabricated.,CONFIRMED_RECORDED_RECIPROCAL_AUDIT,1,pooled_even_odd_wide,Caledonia,East Somerset,,Screen Recording 2026-08-16 223317.mp4,5,CONFIRMED_FROM_VIDEO
Glass,854.8,White Hook,104,,CONFIRMED_FROM_VIDEO,1,pooled_even_odd_wide,Caledonia,East Somerset,,Screen Recording 2026-08-16 223317.mp4,9,CONFIRMED_FROM_VIDEO
Glass,4380.0,Wyntergard,166,,CONFIRMED_FROM_VIDEO,2,pooled_even_odd_wide,Caledonia,East Somerset,,Screen Recording 2026-08-16 223317.mp4,4,CONFIRMED_FROM_VIDEO
Glass,4368.0,Yorinobu's Settlement,166,,CONFIRMED_FROM_VIDEO,1,even_odd,Caledonia,East Somerset,,Screen Recording 2026-08-16 223317.mp4,1,CONFIRMED_FROM_VIDEO
Scales,3529.7,Al-Jazair,158,,CONFIRMED_FROM_VIDEO,1,pooled_even_odd_wide,Castle Landing,Lebarde,,Screen Recording 2026-08-16 223317.mp4,12,CONFIRMED_FROM_VIDEO
Scales,8599.9,Ashbourne,252,,CONFIRMED_FROM_VIDEO,1,pooled_even_odd_wide,Castle Landing,Lebarde,,Screen Recording 2026-08-16 223317.mp4,6,CONFIRMED_FROM_VIDEO
Scales,5132.5,Belfry Heights,187,,CONFIRMED_FROM_VIDEO,1,pooled_even_odd_wide,Castle Landing,Lebarde,,Screen Recording 2026-08-16 223317.mp4,9,CONFIRMED_FROM_VIDEO
Scales,6427.9,Bucket Bay,211,,CONFIRMED_FROM_VIDEO,1,pooled_even_odd_wide,Castle Landing,Lebarde,,Screen Recording 2026-08-16 223317.mp4,10,CONFIRMED_FROM_VIDEO
Scales,5240.1,Caledonia,189,,CONFIRMED_FROM_VIDEO,1,pooled_even_odd_wide,Castle Landing,Lebarde,,Screen Recording 2026-08-16 223317.mp4,11,CONFIRMED_FROM_VIDEO
Scales,14808.8,Caveira,366,,CONFIRMED_FROM_VIDEO,2,pooled_even_odd_wide,Castle Landing,Lebarde,,Screen Recording 2026-08-16 223317.mp4,4,CONFIRMED_FROM_VIDEO
Scales,4514.9,Caye Tiburon,176,,CONFIRMED_FROM_VIDEO,1,pooled_even_odd_wide,Castle Landing,Lebarde,,Screen Recording 2026-08-16 223317.mp4,9,CONFIRMED_FROM_VIDEO
Scales,9403.3,Crownstead,266,,CONFIRMED_FROM_VIDEO,1,pooled_even_odd_wide,Castle Landing,Lebarde,,Screen Recording 2026-08-16 223317.mp4,8,CONFIRMED_FROM_VIDEO
Scales,3107.9,Cumberland Hill,150,,CONFIRMED_FROM_VIDEO,2,pooled_even_odd_wide,Castle Landing,Lebarde,,Screen Recording 2026-08-16 223317.mp4,3,CONFIRMED_FROM_VIDEO
Scales,5922.5,Deadman's Murcia,202,,CONFIRMED_FROM_VIDEO,1,pooled_even_odd_wide,Castle Landing,Lebarde,,Screen Recording 2026-08-16 223317.mp4,9,CONFIRMED_FROM_VIDEO
Scales,6158.4,Fair Harbour,206,,CONFIRMED_FROM_VIDEO,1,pooled_even_odd_wide,Castle Landing,Lebarde,,Screen Recording 2026-08-16 223317.mp4,9,CONFIRMED_FROM_VIDEO
Scales,9226.1,Falmouth,263,,CONFIRMED_FROM_VIDEO,1,pooled_even_odd_wide,Castle Landing,Lebarde,,Screen Recording 2026-08-16 223317.mp4,6,CONFIRMED_FROM_VIDEO
Scales,9951.0,Gyldenvale,277,,CONFIRMED_FROM_VIDEO,1,pooled_even_odd_wide,Castle Landing,Lebarde,,Screen Recording 2026-08-16 223317.mp4,8,CONFIRMED_FROM_VIDEO
Scales,2781.1,Jones' Outpost,144,,CONFIRMED_FROM_VIDEO,1,pooled_even_odd_wide,Castle Landing,Lebarde,,Screen Recording 2026-08-16 223317.mp4,5,CONFIRMED_FROM_VIDEO
Scales,12049.2,Kandlerova,315,,CONFIRMED_FROM_VIDEO,2,pooled_even_odd_wide,Castle Landing,Lebarde,,Screen Recording 2026-08-16 223317.mp4,4,CONFIRMED_FROM_VIDEO
Scales,9012.1,La Povenglia,259,,CONFIRMED_FROM_VIDEO,1,pooled_even_odd_wide,Castle Landing,Lebarde,,Screen Recording 2026-08-16 223317.mp4,6,CONFIRMED_FROM_VIDEO
Scales,1689.0,Lebarde,124,,CONFIRMED_FROM_VIDEO,2,pooled_even_odd_wide,Castle Landing,Lebarde,,Screen Recording 2026-08-16 223317.mp4,3,CONFIRMED_FROM_VIDEO
Scales,7456.4,Lord Irving's Sacrifice,230,,CONFIRMED_FROM_VIDEO,1,pooled_even_odd_wide,Castle Landing,Lebarde,,Screen Recording 2026-08-16 223317.mp4,7,CONFIRMED_FROM_VIDEO
Scales,11029.2,Louisbourg,297,,CONFIRMED_FROM_VIDEO,2,pooled_even_odd_wide,Castle Landing,Lebarde,,Screen Recording 2026-08-16 223317.mp4,4,CONFIRMED_FROM_VIDEO
Scales,16687.2,Madalena,401,,CONFIRMED_FROM_VIDEO,2,pooled_even_odd_wide,Castle Landing,Lebarde,,Screen Recording 2026-08-16 223317.mp4,4,CONFIRMED_FROM_VIDEO
Scales,7207.0,Mako's Outlook,226,,CONFIRMED_FROM_VIDEO,1,pooled_even_odd_wide,Castle Landing,Lebarde,,Screen Recording 2026-08-16 223317.mp4,9,CONFIRMED_FROM_VIDEO
Scales,7014.3,Matthew's Rest,222,,CONFIRMED_FROM_VIDEO,1,pooled_even_odd_wide,Castle Landing,Lebarde,,Screen Recording 2026-08-16 223317.mp4,8,CONFIRMED_FROM_VIDEO
Scales,10157.2,Maurepas,280,,CONFIRMED_FROM_VIDEO,2,pooled_even_odd_wide,Castle Landing,Lebarde,,Screen Recording 2026-08-16 223317.mp4,4,CONFIRMED_FROM_VIDEO
Scales,4063.8,New Brighton,168,,CONFIRMED_FROM_VIDEO,1,pooled_even_odd_wide,Castle Landing,Lebarde,,Screen Recording 2026-08-16 223317.mp4,12,CONFIRMED_FROM_VIDEO
Scales,2709.9,New Catalina,143,,CONFIRMED_FROM_VIDEO,1,pooled_even_odd_wide,Castle Landing,Lebarde,,Screen Recording 2026-08-16 223317.mp4,5,CONFIRMED_FROM_VIDEO
Scales,7490.6,Pachard Town,231,,CONFIRMED_FROM_VIDEO,1,pooled_even_odd_wide,Castle Landing,Lebarde,,Screen Recording 2026-08-16 223317.mp4,7,CONFIRMED_FROM_VIDEO
Scales,5044.7,Peter's Cove,186,,CONFIRMED_FROM_VIDEO,1,pooled_even_odd_wide,Castle Landing,Lebarde,,Screen Recording 2026-08-16 223317.mp4,10,CONFIRMED_FROM_VIDEO
Scales,11898.5,Petit Anvers,313,,CONFIRMED_FROM_VIDEO,2,pooled_even_odd_wide,Castle Landing,Lebarde,,Screen Recording 2026-08-16 223317.mp4,4,CONFIRMED_FROM_VIDEO
Scales,13642.4,Poblado de San Juan,345,,CONFIRMED_FROM_VIDEO,2,pooled_even_odd_wide,Castle Landing,Lebarde,,Screen Recording 2026-08-16 223317.mp4,4,CONFIRMED_FROM_VIDEO
Scales,9382.2,Point Rocheux,266,,CONFIRMED_FROM_VIDEO,1,pooled_even_odd_wide,Castle Landing,Lebarde,,Screen Recording 2026-08-16 223317.mp4,6,CONFIRMED_FROM_VIDEO
Scales,16677.0,Ponta Delgada,401,,CONFIRMED_FROM_VIDEO,2,pooled_even_odd_wide,Castle Landing,Lebarde,,Screen Recording 2026-08-16 223317.mp4,5,CONFIRMED_FROM_VIDEO
Scales,10099.2,Port Antonio,279,,CONFIRMED_FROM_VIDEO,2,pooled_even_odd_wide,Castle Landing,Lebarde,,Screen Recording 2026-08-16 223317.mp4,5,CONFIRMED_FROM_VIDEO
Scales,6822.6,Port Louis,219,,CONFIRMED_FROM_VIDEO,2,pooled_even_odd_wide,Castle Landing,Lebarde,,Screen Recording 2026-08-16 223317.mp4,8,CONFIRMED_FROM_VIDEO
Scales,8487.0,Port Royal,250,,CONFIRMED_FROM_VIDEO,1,pooled_even_odd_wide,Castle Landing,Lebarde,,Screen Recording 2026-08-16 223317.mp4,7,CONFIRMED_FROM_VIDEO
Scales,8445.0,Port-Au-Croix,249,,CONFIRMED_FROM_VIDEO,2,pooled_even_odd_wide,Castle Landing,Lebarde,,Screen Recording 2026-08-16 223317.mp4,5,CONFIRMED_FROM_VIDEO
Scales,1666.2,Princeton,123,,CONFIRMED_FROM_VIDEO,1,pooled_even_odd_wide,Castle Landing,Lebarde,,Screen Recording 2026-08-16 223317.mp4,5,CONFIRMED_FROM_VIDEO
Scales,12383.6,Puerto de San Fernando,322,,CONFIRMED_FROM_VIDEO,2,pooled_even_odd_wide,Castle Landing,Lebarde,,Screen Recording 2026-08-16 223317.mp4,4,CONFIRMED_FROM_VIDEO
Scales,4796.2,Saint Vincent,181,,CONFIRMED_FROM_VIDEO,1,pooled_even_odd_wide,Castle Landing,Lebarde,,Screen Recording 2026-08-16 223317.mp4,9,CONFIRMED_FROM_VIDEO
Scales,5138.6,Saint-Nicholas,188,,CONFIRMED_FROM_VIDEO,1,pooled_even_odd_wide,Castle Landing,Lebarde,,Screen Recording 2026-08-16 223317.mp4,11,CONFIRMED_FROM_VIDEO
Scales,12192.4,Sainte Rose,318,,CONFIRMED_FROM_VIDEO,2,pooled_even_odd_wide,Castle Landing,Lebarde,,Screen Recording 2026-08-16 223317.mp4,6,CONFIRMED_FROM_VIDEO
Scales,11113.1,San Polo,298,,CONFIRMED_FROM_VIDEO,2,pooled_even_odd_wide,Castle Landing,Lebarde,,Screen Recording 2026-08-16 223317.mp4,4,CONFIRMED_FROM_VIDEO
Scales,12638.8,San Salvador,326,,CONFIRMED_FROM_VIDEO,2,pooled_even_odd_wide,Castle Landing,Lebarde,,Screen Recording 2026-08-16 223317.mp4,4,CONFIRMED_FROM_VIDEO
Scales,8411.4,San Vito,248,,CONFIRMED_FROM_VIDEO,1,pooled_even_odd_wide,Castle Landing,Lebarde,,Screen Recording 2026-08-16 223317.mp4,7,CONFIRMED_FROM_VIDEO
Scales,5430.0,Sandy Settlement,193,,CONFIRMED_FROM_VIDEO,1,pooled_even_odd_wide,Castle Landing,Lebarde,,Screen Recording 2026-08-16 223317.mp4,11,CONFIRMED_FROM_VIDEO
Scales,13174.1,Santa Maria,336,,CONFIRMED_FROM_VIDEO,2,pooled_even_odd_wide,Castle Landing,Lebarde,,Screen Recording 2026-08-16 223317.mp4,4,CONFIRMED_FROM_VIDEO
Scales,15663.9,Sao Bento,382,,CONFIRMED_FROM_VIDEO,2,pooled_even_odd_wide,Castle Landing,Lebarde,,Screen Recording 2026-08-16 223317.mp4,4,CONFIRMED_FROM_VIDEO
Scales,5072.2,Snake Prosper,186,,CONFIRMED_FROM_VIDEO,1,pooled_even_odd_wide,Castle Landing,Lebarde,,Screen Recording 2026-08-16 223317.mp4,16,CONFIRMED_FROM_VIDEO
Scales,3561.6,Sugar Cove,158,,CONFIRMED_FROM_VIDEO,1,pooled_even_odd_wide,Castle Landing,Lebarde,,Screen Recording 2026-08-16 223317.mp4,12,CONFIRMED_FROM_VIDEO
Scales,3805.9,Taylor's Town,163,,CONFIRMED_FROM_VIDEO,1,pooled_even_odd_wide,Castle Landing,Lebarde,,Screen Recording 2026-08-16 223317.mp4,12,CONFIRMED_FROM_VIDEO
Scales,10187.7,Theresa,281,,CONFIRMED_FROM_VIDEO,2,pooled_even_odd_wide,Castle Landing,Lebarde,,Screen Recording 2026-08-16 223317.mp4,4,CONFIRMED_FROM_VIDEO
Scales,4270.3,Thresher Point,172,,CONFIRMED_FROM_VIDEO,1,pooled_even_odd_wide,Castle Landing,Lebarde,,Screen Recording 2026-08-16 223317.mp4,14,CONFIRMED_FROM_VIDEO
Scales,12197.2,Venta Nueva,318,,CONFIRMED_FROM_VIDEO,2,pooled_even_odd_wide,Castle Landing,Lebarde,,Screen Recording 2026-08-16 223317.mp4,6,CONFIRMED_FROM_VIDEO
Scales,10878.3,Villarreal Del Mar,294,,CONFIRMED_FROM_VIDEO,2,pooled_even_odd_wide,Castle Landing,Lebarde,,Screen Recording 2026-08-16 223317.mp4,3,CONFIRMED_FROM_VIDEO
Scales,5983.6,White Hook,203,,CONFIRMED_FROM_VIDEO,1,pooled_even_odd_wide,Castle Landing,Lebarde,,Screen Recording 2026-08-16 223317.mp4,9,CONFIRMED_FROM_VIDEO
Scales,8648.5,Wyntergard,252,,CONFIRMED_FROM_VIDEO,1,pooled_even_odd_wide,Castle Landing,Lebarde,,Screen Recording 2026-08-16 223317.mp4,7,CONFIRMED_FROM_VIDEO
Scales,4956.1,Yorinobu's Settlement,184,,CONFIRMED_FROM_VIDEO,1,pooled_even_odd_wide,Castle Landing,Lebarde,,Screen Recording 2026-08-16 223317.mp4,9,CONFIRMED_FROM_VIDEO
Honey,12779.6,Al-Jazair,258,,CONFIRMED_FROM_VIDEO,2,pooled_even_odd_wide,Caveira,Ilhas Brumas,,Screen Recording 2026-08-16 223317.mp4,4,CONFIRMED_FROM_VIDEO
Honey,11754.2,Ashbourne,243,,CONFIRMED_FROM_VIDEO,2,pooled_even_odd_wide,Caveira,Ilhas Brumas,,Screen Recording 2026-08-16 223317.mp4,4,CONFIRMED_FROM_VIDEO
Honey,10921.0,Belfry Heights,231,,CONFIRMED_FROM_VIDEO,2,pooled_even_odd_wide,Caveira,Ilhas Brumas,,Screen Recording 2026-08-16 223317.mp4,5,CONFIRMED_FROM_VIDEO
Honey,10487.3,Bucket Bay,225,,CONFIRMED_FROM_VIDEO,2,pooled_even_odd_wide,Caveira,Ilhas Brumas,,Screen Recording 2026-08-16 223317.mp4,4,CONFIRMED_FROM_VIDEO
Honey,15136.0,Caledonia,292,,CONFIRMED_FROM_VIDEO,1,pooled_even_odd_wide,Caveira,Ilhas Brumas,,Screen Recording 2026-08-16 223317.mp4,8,CONFIRMED_FROM_VIDEO
Honey,14808.8,Castle Landing,287,,CONFIRMED_FROM_VIDEO,2,pooled_even_odd_wide,Caveira,Ilhas Brumas,,Screen Recording 2026-08-16 223317.mp4,6,CONFIRMED_FROM_VIDEO
Honey,10538.5,Caye Tiburon,225,,CONFIRMED_FROM_VIDEO,2,pooled_even_odd_wide,Caveira,Ilhas Brumas,,Screen Recording 2026-08-16 223317.mp4,6,CONFIRMED_FROM_VIDEO
Honey,11905.7,Crownstead,245,,CONFIRMED_FROM_VIDEO,2,pooled_even_odd_wide,Caveira,Ilhas Brumas,,Screen Recording 2026-08-16 223317.mp4,2,CONFIRMED_FROM_VIDEO
Honey,17164.6,Cumberland Hill,321,,CONFIRMED_FROM_VIDEO,2,pooled_even_odd_wide,Caveira,Ilhas Brumas,,Screen Recording 2026-08-16 223317.mp4,3,CONFIRMED_FROM_VIDEO
Honey,14846.5,Deadman's Murcia,288,Selected from the two recorded directional readings using reciprocal-distance agreement and the origin's other observed Distance/Value rows. No distance was fabricated.,CONFIRMED_RECORDED_RECIPROCAL_AUDIT,1,pooled_even_odd_wide,Caveira,Ilhas Brumas,,Screen Recording 2026-08-16 223317.mp4,9,CONFIRMED_FROM_VIDEO
Honey,11790.4,Fair Harbour,243,,CONFIRMED_FROM_VIDEO,2,pooled_even_odd_wide,Caveira,Ilhas Brumas,,Screen Recording 2026-08-16 223317.mp4,4,CONFIRMED_FROM_VIDEO
Honey,5647.4,Falmouth,154,,CONFIRMED_FROM_VIDEO,1,pooled_even_odd_wide,Caveira,Ilhas Brumas,,Screen Recording 2026-08-16 223317.mp4,6,CONFIRMED_FROM_VIDEO
Honey,13226.9,Gyldenvale,264,,CONFIRMED_FROM_VIDEO,2,pooled_even_odd_wide,Caveira,Ilhas Brumas,,Screen Recording 2026-08-16 223317.mp4,4,CONFIRMED_FROM_VIDEO
Honey,16274.2,Jones' Outpost,308,,CONFIRMED_FROM_VIDEO,2,pooled_even_odd_wide,Caveira,Ilhas Brumas,,Screen Recording 2026-08-16 223317.mp4,6,CONFIRMED_FROM_VIDEO
Honey,11637.0,Kandlerova,241,,CONFIRMED_FROM_VIDEO,1,pooled_even_odd_wide,Caveira,Ilhas Brumas,,Screen Recording 2026-08-16 223317.mp4,6,CONFIRMED_FROM_VIDEO
Honey,11714.7,La Povenglia,242,,CONFIRMED_FROM_VIDEO,2,pooled_even_odd_wide,Caveira,Ilhas Brumas,,Screen Recording 2026-08-16 223317.mp4,4,CONFIRMED_FROM_VIDEO
Honey,13416.3,Lebarde,267,,CONFIRMED_FROM_VIDEO,2,pooled_even_odd_wide,Caveira,Ilhas Brumas,,Screen Recording 2026-08-16 223317.mp4,4,CONFIRMED_FROM_VIDEO
Honey,8559.1,Lord Irving's Sacrifice,197,,CONFIRMED_FROM_VIDEO,1,pooled_even_odd_wide,Caveira,Ilhas Brumas,,Screen Recording 2026-08-16 223317.mp4,9,CONFIRMED_FROM_VIDEO
Honey,8360.7,Louisbourg,194,,CONFIRMED_FROM_VIDEO,1,pooled_even_odd_wide,Caveira,Ilhas Brumas,,Screen Recording 2026-08-16 223317.mp4,9,CONFIRMED_FROM_VIDEO
Honey,1940.9,Madalena,101,,CONFIRMED_FROM_VIDEO,2,pooled_even_odd_wide,Caveira,Ilhas Brumas,,Screen Recording 2026-08-16 223317.mp4,5,CONFIRMED_FROM_VIDEO
Honey,9272.8,Mako's Outlook,207,,CONFIRMED_FROM_VIDEO,1,pooled_even_odd_wide,Caveira,Ilhas Brumas,,Screen Recording 2026-08-16 223317.mp4,7,CONFIRMED_FROM_VIDEO
Honey,9598.9,Matthew's Rest,212,,CONFIRMED_FROM_VIDEO,2,pooled_even_odd_wide,Caveira,Ilhas Brumas,,Screen Recording 2026-08-16 223317.mp4,6,CONFIRMED_FROM_VIDEO
Honey,8445.8,Maurepas,195,,CONFIRMED_FROM_VIDEO,2,pooled_even_odd_wide,Caveira,Ilhas Brumas,,Screen Recording 2026-08-16 223317.mp4,7,CONFIRMED_FROM_VIDEO
Honey,11263.8,New Brighton,236,,CONFIRMED_FROM_VIDEO,2,pooled_even_odd_wide,Caveira,Ilhas Brumas,,Screen Recording 2026-08-16 223317.mp4,4,CONFIRMED_FROM_VIDEO
Honey,17054.6,New Catalina,320,,CONFIRMED_FROM_VIDEO,2,pooled_even_odd_wide,Caveira,Ilhas Brumas,,Screen Recording 2026-08-16 223317.mp4,6,CONFIRMED_FROM_VIDEO
Honey,8604.6,Pachard Town,197,,CONFIRMED_FROM_VIDEO,1,pooled_even_odd_wide,Caveira,Ilhas Brumas,,Screen Recording 2026-08-16 223317.mp4,7,CONFIRMED_FROM_VIDEO
Honey,13610.3,Peter's Cove,270,,CONFIRMED_FROM_VIDEO,3,pooled_even_odd_wide,Caveira,Ilhas Brumas,,Screen Recording 2026-08-16 223317.mp4,3,CONFIRMED_FROM_VIDEO
Honey,9659.8,Petit Anvers,213,,CONFIRMED_FROM_VIDEO,1,pooled_even_odd_wide,Caveira,Ilhas Brumas,,Screen Recording 2026-08-16 223317.mp4,6,CONFIRMED_FROM_VIDEO
Honey,4256.1,Poblado de San Juan,134,,CONFIRMED_FROM_VIDEO,2,pooled_even_odd_wide,Caveira,Ilhas Brumas,,Screen Recording 2026-08-16 223317.mp4,7,CONFIRMED_FROM_VIDEO
Honey,6592.4,Point Rocheux,168,,CONFIRMED_FROM_VIDEO,1,pooled_even_odd_wide,Caveira,Ilhas Brumas,,Screen Recording 2026-08-16 223317.mp4,3,CONFIRMED_FROM_VIDEO
Honey,3792.7,Ponta Delgada,127,,CONFIRMED_FROM_VIDEO,1,pooled_even_odd_wide,Caveira,Ilhas Brumas,,Screen Recording 2026-08-16 223317.mp4,9,CONFIRMED_FROM_VIDEO
Honey,4709.6,Port Antonio,141,,CONFIRMED_FROM_VIDEO,1,pooled_even_odd_wide,Caveira,Ilhas Brumas,,Screen Recording 2026-08-16 223317.mp4,9,CONFIRMED_FROM_VIDEO
Honey,12126.6,Port Louis,248,,CONFIRMED_FROM_VIDEO,2,pooled_even_odd_wide,Caveira,Ilhas Brumas,,Screen Recording 2026-08-16 223317.mp4,2,CONFIRMED_FROM_VIDEO
Honey,6696.6,Port Royal,170,,CONFIRMED_FROM_VIDEO,1,pooled_even_odd_wide,Caveira,Ilhas Brumas,,Screen Recording 2026-08-16 223317.mp4,9,CONFIRMED_FROM_VIDEO
Honey,7636.7,Port-Au-Croix,183,,CONFIRMED_FROM_VIDEO,1,pooled_even_odd_wide,Caveira,Ilhas Brumas,,Screen Recording 2026-08-16 223317.mp4,9,CONFIRMED_FROM_VIDEO
Honey,13445.2,Princeton,267,,CONFIRMED_FROM_VIDEO,2,pooled_even_odd_wide,Caveira,Ilhas Brumas,,Screen Recording 2026-08-16 223317.mp4,4,CONFIRMED_FROM_VIDEO
Honey,2936.4,Puerto de San Fernando,115,,CONFIRMED_FROM_VIDEO,1,pooled_even_odd_wide,Caveira,Ilhas Brumas,,Screen Recording 2026-08-16 223317.mp4,7,CONFIRMED_FROM_VIDEO
Honey,12864.3,Saint Vincent,259,,CONFIRMED_FROM_VIDEO,2,pooled_even_odd_wide,Caveira,Ilhas Brumas,,Screen Recording 2026-08-16 223317.mp4,4,CONFIRMED_FROM_VIDEO
Honey,15089.1,Saint-Nicholas,291,,CONFIRMED_FROM_VIDEO,2,pooled_even_odd_wide,Caveira,Ilhas Brumas,,Screen Recording 2026-08-16 223317.mp4,6,CONFIRMED_FROM_VIDEO
Honey,8038.0,Sainte Rose,189,,CONFIRMED_FROM_VIDEO,1,pooled_even_odd_wide,Caveira,Ilhas Brumas,,Screen Recording 2026-08-16 223317.mp4,9,CONFIRMED_FROM_VIDEO
Honey,11402.1,San Polo,238,,CONFIRMED_FROM_VIDEO,2,pooled_even_odd_wide,Caveira,Ilhas Brumas,,Screen Recording 2026-08-16 223317.mp4,4,CONFIRMED_FROM_VIDEO
Honey,6452.2,San Salvador,166,,CONFIRMED_FROM_VIDEO,1,pooled_even_odd_wide,Caveira,Ilhas Brumas,,Screen Recording 2026-08-16 223317.mp4,5,CONFIRMED_FROM_VIDEO
Honey,10196.8,San Vito,220,,CONFIRMED_FROM_VIDEO,2,pooled_even_odd_wide,Caveira,Ilhas Brumas,,Screen Recording 2026-08-16 223317.mp4,4,CONFIRMED_FROM_VIDEO
Honey,14695.2,Sandy Settlement,286,,CONFIRMED_FROM_VIDEO,2,pooled_even_odd_wide,Caveira,Ilhas Brumas,,Screen Recording 2026-08-16 223317.mp4,4,CONFIRMED_FROM_VIDEO
Honey,4420.7,Santa Maria,137,,CONFIRMED_FROM_VIDEO,1,pooled_even_odd_wide,Caveira,Ilhas Brumas,,Screen Recording 2026-08-16 223317.mp4,9,CONFIRMED_FROM_VIDEO
Honey,1930.4,Sao Bento,100,,CONFIRMED_FROM_VIDEO,1,pooled_even_odd_wide,Caveira,Ilhas Brumas,,Screen Recording 2026-08-16 223317.mp4,5,CONFIRMED_FROM_VIDEO
Honey,14751.6,Snake Prosper,286,,CONFIRMED_FROM_VIDEO,2,pooled_even_odd_wide,Caveira,Ilhas Brumas,,Screen Recording 2026-08-16 223317.mp4,4,CONFIRMED_FROM_VIDEO
Honey,18050.6,Sugar Cove,334,,CONFIRMED_FROM_VIDEO,2,pooled_even_odd_wide,Caveira,Ilhas Brumas,,Screen Recording 2026-08-16 223317.mp4,6,CONFIRMED_FROM_VIDEO
Honey,15456.2,Taylor's Town,297,,CONFIRMED_FROM_VIDEO,2,pooled_even_odd_wide,Caveira,Ilhas Brumas,,Screen Recording 2026-08-16 223317.mp4,6,CONFIRMED_FROM_VIDEO
Honey,4814.1,Theresa,142,,CONFIRMED_FROM_VIDEO,1,pooled_even_odd_wide,Caveira,Ilhas Brumas,,Screen Recording 2026-08-16 223317.mp4,11,CONFIRMED_FROM_VIDEO
Honey,11471.0,Thresher Point,239,,CONFIRMED_FROM_VIDEO,1,pooled_even_odd_wide,Caveira,Ilhas Brumas,,Screen Recording 2026-08-16 223317.mp4,6,CONFIRMED_FROM_VIDEO
Honey,3248.8,Venta Nueva,120,,CONFIRMED_FROM_VIDEO,1,pooled_even_odd_wide,Caveira,Ilhas Brumas,,Screen Recording 2026-08-16 223317.mp4,9,CONFIRMED_FROM_VIDEO
Honey,4345.1,Villarreal Del Mar,136,,CONFIRMED_FROM_VIDEO,1,pooled_even_odd_wide,Caveira,Ilhas Brumas,,Screen Recording 2026-08-16 223317.mp4,9,CONFIRMED_FROM_VIDEO
Honey,15755.9,White Hook,301,,CONFIRMED_FROM_VIDEO,2,pooled_even_odd_wide,Caveira,Ilhas Brumas,,Screen Recording 2026-08-16 223317.mp4,6,CONFIRMED_FROM_VIDEO
Honey,12868.2,Wyntergard,259,,CONFIRMED_FROM_VIDEO,2,pooled_even_odd_wide,Caveira,Ilhas Brumas,,Screen Recording 2026-08-16 223317.mp4,4,CONFIRMED_FROM_VIDEO
Honey,10978.1,Yorinobu's Settlement,232,,CONFIRMED_FROM_VIDEO,1,pooled_even_odd_wide,Caveira,Ilhas Brumas,,Screen Recording 2026-08-16 223317.mp4,4,CONFIRMED_FROM_VIDEO
Hay,4399.9,Al-Jazair,122,,CONFIRMED_FROM_VIDEO,1,pooled_even_odd_wide,Caye Tiburon,Blacktip Shoals,,Screen Recording 2026-08-16 223317.mp4,11,CONFIRMED_FROM_VIDEO
Hay,8105.6,Ashbourne,170,,CONFIRMED_FROM_VIDEO,1,pooled_even_odd_wide,Caye Tiburon,Blacktip Shoals,,Screen Recording 2026-08-16 223317.mp4,8,CONFIRMED_FROM_VIDEO
Hay,1619.7,Belfry Heights,86,,CONFIRMED_FROM_VIDEO,1,pooled_even_odd_wide,Caye Tiburon,Blacktip Shoals,,Screen Recording 2026-08-16 223317.mp4,6,CONFIRMED_FROM_VIDEO
Hay,5218.3,Bucket Bay,133,,CONFIRMED_FROM_VIDEO,1,pooled_even_odd_wide,Caye Tiburon,Blacktip Shoals,,Screen Recording 2026-08-16 223317.mp4,9,CONFIRMED_FROM_VIDEO
Hay,7451.0,Caledonia,162,,CONFIRMED_FROM_VIDEO,1,pooled_even_odd_wide,Caye Tiburon,Blacktip Shoals,,Screen Recording 2026-08-16 223317.mp4,7,CONFIRMED_FROM_VIDEO
Hay,4514.9,Castle Landing,124,,CONFIRMED_FROM_VIDEO,1,pooled_even_odd_wide,Caye Tiburon,Blacktip Shoals,,Screen Recording 2026-08-16 223317.mp4,11,CONFIRMED_FROM_VIDEO
Hay,10538.5,Caveira,202,,CONFIRMED_FROM_VIDEO,2,pooled_even_odd_wide,Caye Tiburon,Blacktip Shoals,,Screen Recording 2026-08-16 223317.mp4,4,CONFIRMED_FROM_VIDEO
Hay,8875.5,Crownstead,180,,CONFIRMED_FROM_VIDEO,1,pooled_even_odd_wide,Caye Tiburon,Blacktip Shoals,,Screen Recording 2026-08-16 223317.mp4,8,CONFIRMED_FROM_VIDEO
Hay,7394.5,Cumberland Hill,161,,CONFIRMED_FROM_VIDEO,2,pooled_even_odd_wide,Caye Tiburon,Blacktip Shoals,,Screen Recording 2026-08-16 223317.mp4,5,CONFIRMED_FROM_VIDEO
Hay,7736.1,Deadman's Murcia,166,,CONFIRMED_FROM_VIDEO,1,pooled_even_odd_wide,Caye Tiburon,Blacktip Shoals,,Screen Recording 2026-08-16 223317.mp4,6,CONFIRMED_FROM_VIDEO
Hay,5934.8,Fair Harbour,142,,CONFIRMED_FROM_VIDEO,1,pooled_even_odd_wide,Caye Tiburon,Blacktip Shoals,,Screen Recording 2026-08-16 223317.mp4,9,CONFIRMED_FROM_VIDEO
Hay,5219.5,Falmouth,133,,CONFIRMED_FROM_VIDEO,1,pooled_even_odd_wide,Caye Tiburon,Blacktip Shoals,,Screen Recording 2026-08-16 223317.mp4,13,CONFIRMED_FROM_VIDEO
Hay,9941.2,Gyldenvale,194,,CONFIRMED_FROM_VIDEO,1,pooled_even_odd_wide,Caye Tiburon,Blacktip Shoals,,Screen Recording 2026-08-16 223317.mp4,2,CONFIRMED_FROM_VIDEO
Hay,6731.2,Jones' Outpost,153,,CONFIRMED_FROM_VIDEO,1,pooled_even_odd_wide,Caye Tiburon,Blacktip Shoals,,Screen Recording 2026-08-16 223317.mp4,8,CONFIRMED_FROM_VIDEO
Hay,8693.7,Kandlerova,178,,CONFIRMED_FROM_VIDEO,1,pooled_even_odd_wide,Caye Tiburon,Blacktip Shoals,,Screen Recording 2026-08-16 223317.mp4,8,CONFIRMED_FROM_VIDEO
Hay,6009.7,La Povenglia,143,,CONFIRMED_FROM_VIDEO,1,pooled_even_odd_wide,Caye Tiburon,Blacktip Shoals,,Screen Recording 2026-08-16 223317.mp4,9,CONFIRMED_FROM_VIDEO
Hay,2937.5,Lebarde,103,,CONFIRMED_FROM_VIDEO,1,pooled_even_odd_wide,Caye Tiburon,Blacktip Shoals,,Screen Recording 2026-08-16 223317.mp4,6,CONFIRMED_FROM_VIDEO
Hay,3056.3,Lord Irving's Sacrifice,105,,CONFIRMED_FROM_VIDEO,1,pooled_even_odd_wide,Caye Tiburon,Blacktip Shoals,,Screen Recording 2026-08-16 223317.mp4,15,CONFIRMED_FROM_VIDEO
Hay,8817.0,Louisbourg,180,,CONFIRMED_FROM_VIDEO,1,pooled_even_odd_wide,Caye Tiburon,Blacktip Shoals,,Screen Recording 2026-08-16 223317.mp4,8,CONFIRMED_FROM_VIDEO
Hay,12460.2,Madalena,227,,CONFIRMED_FROM_VIDEO,2,pooled_even_odd_wide,Caye Tiburon,Blacktip Shoals,,Screen Recording 2026-08-16 223317.mp4,4,CONFIRMED_FROM_VIDEO
Hay,3026.2,Mako's Outlook,104,,CONFIRMED_FROM_VIDEO,1,pooled_even_odd_wide,Caye Tiburon,Blacktip Shoals,,Screen Recording 2026-08-16 223317.mp4,7,CONFIRMED_FROM_VIDEO
Hay,5197.7,Matthew's Rest,133,,CONFIRMED_FROM_VIDEO,1,pooled_even_odd_wide,Caye Tiburon,Blacktip Shoals,,Screen Recording 2026-08-16 223317.mp4,7,CONFIRMED_FROM_VIDEO
Hay,7981.9,Maurepas,169,,CONFIRMED_FROM_VIDEO,1,pooled_even_odd_wide,Caye Tiburon,Blacktip Shoals,,Screen Recording 2026-08-16 223317.mp4,6,CONFIRMED_FROM_VIDEO
Hay,3035.8,New Brighton,104,,CONFIRMED_FROM_VIDEO,1,pooled_even_odd_wide,Caye Tiburon,Blacktip Shoals,,Screen Recording 2026-08-16 223317.mp4,6,CONFIRMED_FROM_VIDEO
Hay,7111.5,New Catalina,157,,CONFIRMED_FROM_VIDEO,1,pooled_even_odd_wide,Caye Tiburon,Blacktip Shoals,,Screen Recording 2026-08-16 223317.mp4,7,CONFIRMED_FROM_VIDEO
Hay,5020.1,Pachard Town,130,,CONFIRMED_FROM_VIDEO,1,pooled_even_odd_wide,Caye Tiburon,Blacktip Shoals,,Screen Recording 2026-08-16 223317.mp4,11,CONFIRMED_FROM_VIDEO
Hay,4117.9,Peter's Cove,119,,CONFIRMED_FROM_VIDEO,1,pooled_even_odd_wide,Caye Tiburon,Blacktip Shoals,,Screen Recording 2026-08-16 223317.mp4,17,CONFIRMED_FROM_VIDEO
Hay,10129.7,Petit Anvers,197,,CONFIRMED_FROM_VIDEO,2,pooled_even_odd_wide,Caye Tiburon,Blacktip Shoals,,Screen Recording 2026-08-16 223317.mp4,4,CONFIRMED_FROM_VIDEO
Hay,9128.0,Poblado de San Juan,184,,CONFIRMED_FROM_VIDEO,2,pooled_even_odd_wide,Caye Tiburon,Blacktip Shoals,,Screen Recording 2026-08-16 223317.mp4,4,CONFIRMED_FROM_VIDEO
Hay,6188.0,Point Rocheux,145,,CONFIRMED_FROM_VIDEO,1,pooled_even_odd_wide,Caye Tiburon,Blacktip Shoals,,Screen Recording 2026-08-16 223317.mp4,13,CONFIRMED_FROM_VIDEO
Hay,12862.8,Ponta Delgada,232,,CONFIRMED_FROM_VIDEO,2,pooled_even_odd_wide,Caye Tiburon,Blacktip Shoals,,Screen Recording 2026-08-16 223317.mp4,4,CONFIRMED_FROM_VIDEO
Hay,5890.9,Port Antonio,142,,CONFIRMED_FROM_VIDEO,1,pooled_even_odd_wide,Caye Tiburon,Blacktip Shoals,,Screen Recording 2026-08-16 223317.mp4,8,CONFIRMED_FROM_VIDEO
Hay,6761.8,Port Louis,153,,CONFIRMED_FROM_VIDEO,1,pooled_even_odd_wide,Caye Tiburon,Blacktip Shoals,,Screen Recording 2026-08-16 223317.mp4,8,CONFIRMED_FROM_VIDEO
Hay,4002.5,Port Royal,117,,CONFIRMED_FROM_VIDEO,1,pooled_even_odd_wide,Caye Tiburon,Blacktip Shoals,,Screen Recording 2026-08-16 223317.mp4,17,CONFIRMED_FROM_VIDEO
Hay,5595.3,Port-Au-Croix,138,,CONFIRMED_FROM_VIDEO,1,pooled_even_odd_wide,Caye Tiburon,Blacktip Shoals,,Screen Recording 2026-08-16 223317.mp4,8,CONFIRMED_FROM_VIDEO
Hay,3646.8,Princeton,112,,CONFIRMED_FROM_VIDEO,1,pooled_even_odd_wide,Caye Tiburon,Blacktip Shoals,,Screen Recording 2026-08-16 223317.mp4,15,CONFIRMED_FROM_VIDEO
Hay,7953.0,Puerto de San Fernando,168,,CONFIRMED_FROM_VIDEO,1,pooled_even_odd_wide,Caye Tiburon,Blacktip Shoals,,Screen Recording 2026-08-16 223317.mp4,7,CONFIRMED_FROM_VIDEO
Hay,5551.7,Saint Vincent,137,,CONFIRMED_FROM_VIDEO,1,pooled_even_odd_wide,Caye Tiburon,Blacktip Shoals,,Screen Recording 2026-08-16 223317.mp4,8,CONFIRMED_FROM_VIDEO
Hay,5376.4,Saint-Nicholas,135,,CONFIRMED_FROM_VIDEO,1,pooled_even_odd_wide,Caye Tiburon,Blacktip Shoals,,Screen Recording 2026-08-16 223317.mp4,9,CONFIRMED_FROM_VIDEO
Hay,9818.9,Sainte Rose,193,,CONFIRMED_FROM_VIDEO,1,pooled_even_odd_wide,Caye Tiburon,Blacktip Shoals,,Screen Recording 2026-08-16 223317.mp4,6,CONFIRMED_FROM_VIDEO
Hay,7781.3,San Polo,166,,CONFIRMED_FROM_VIDEO,1,pooled_even_odd_wide,Caye Tiburon,Blacktip Shoals,,Screen Recording 2026-08-16 223317.mp4,8,CONFIRMED_FROM_VIDEO
Hay,8225.6,San Salvador,172,,CONFIRMED_FROM_VIDEO,1,pooled_even_odd_wide,Caye Tiburon,Blacktip Shoals,,Screen Recording 2026-08-16 223317.mp4,8,CONFIRMED_FROM_VIDEO
Hay,4770.6,San Vito,127,,CONFIRMED_FROM_VIDEO,1,pooled_even_odd_wide,Caye Tiburon,Blacktip Shoals,,Screen Recording 2026-08-16 223317.mp4,11,CONFIRMED_FROM_VIDEO
Hay,5207.3,Sandy Settlement,133,,CONFIRMED_FROM_VIDEO,1,pooled_even_odd_wide,Caye Tiburon,Blacktip Shoals,,Screen Recording 2026-08-16 223317.mp4,9,CONFIRMED_FROM_VIDEO
Hay,8660.4,Santa Maria,178,,CONFIRMED_FROM_VIDEO,1,pooled_even_odd_wide,Caye Tiburon,Blacktip Shoals,,Screen Recording 2026-08-16 223317.mp4,6,CONFIRMED_FROM_VIDEO
Hay,11617.1,Sao Bento,216,,CONFIRMED_FROM_VIDEO,2,pooled_even_odd_wide,Caye Tiburon,Blacktip Shoals,,Screen Recording 2026-08-16 223317.mp4,4,CONFIRMED_FROM_VIDEO
Hay,7098.1,Snake Prosper,157,,CONFIRMED_FROM_VIDEO,1,pooled_even_odd_wide,Caye Tiburon,Blacktip Shoals,,Screen Recording 2026-08-16 223317.mp4,7,CONFIRMED_FROM_VIDEO
Hay,8037.7,Sugar Cove,169,,CONFIRMED_FROM_VIDEO,1,pooled_even_odd_wide,Caye Tiburon,Blacktip Shoals,,Screen Recording 2026-08-16 223317.mp4,7,CONFIRMED_FROM_VIDEO
Hay,5194.3,Taylor's Town,133,,CONFIRMED_FROM_VIDEO,1,pooled_even_odd_wide,Caye Tiburon,Blacktip Shoals,,Screen Recording 2026-08-16 223317.mp4,7,CONFIRMED_FROM_VIDEO
Hay,5784.5,Theresa,140,,CONFIRMED_FROM_VIDEO,1,pooled_even_odd_wide,Caye Tiburon,Blacktip Shoals,,Screen Recording 2026-08-16 223317.mp4,8,CONFIRMED_FROM_VIDEO
Hay,1338.3,Thresher Point,82,,CONFIRMED_FROM_VIDEO,2,pooled_even_odd_wide,Caye Tiburon,Blacktip Shoals,,Screen Recording 2026-08-16 223317.mp4,4,CONFIRMED_FROM_VIDEO
Hay,8284.2,Venta Nueva,173,,CONFIRMED_FROM_VIDEO,1,pooled_even_odd_wide,Caye Tiburon,Blacktip Shoals,,Screen Recording 2026-08-16 223317.mp4,8,CONFIRMED_FROM_VIDEO
Hay,7010.9,Villarreal Del Mar,156,,CONFIRMED_FROM_VIDEO,2,pooled_even_odd_wide,Caye Tiburon,Blacktip Shoals,,Screen Recording 2026-08-16 223317.mp4,7,CONFIRMED_FROM_VIDEO
Hay,8303.0,White Hook,173,,CONFIRMED_FROM_VIDEO,1,pooled_even_odd_wide,Caye Tiburon,Blacktip Shoals,,Screen Recording 2026-08-16 223317.mp4,8,CONFIRMED_FROM_VIDEO
Hay,8715.9,Wyntergard,178,,CONFIRMED_FROM_VIDEO,1,pooled_even_odd_wide,Caye Tiburon,Blacktip Shoals,,Screen Recording 2026-08-16 223317.mp4,8,CONFIRMED_FROM_VIDEO
Hay,3925.4,Yorinobu's Settlement,116,,CONFIRMED_FROM_VIDEO,1,pooled_even_odd_wide,Caye Tiburon,Blacktip Shoals,,Screen Recording 2026-08-16 223317.mp4,3,CONFIRMED_FROM_VIDEO
Bells,5889.7,Al-Jazair,147,,CONFIRMED_FROM_VIDEO,2,,Crownstead,Vysarian Isles,,Screen Recording 2026-08-16 104608.mp4,5,CONFIRMED_FROM_VIDEO
Bells,816.6,Ashbourne,79,,CONFIRMED_FROM_VIDEO,1,,Crownstead,Vysarian Isles,,Screen Recording 2026-08-16 104608.mp4,2,CONFIRMED_FROM_VIDEO
Bells,10489.0,Belfry Heights,209,,CONFIRMED_FROM_VIDEO,1,,Crownstead,Vysarian Isles,,Screen Recording 2026-08-16 104608.mp4,5,CONFIRMED_FROM_VIDEO
Bells,3657.2,Bucket Bay,117,,CONFIRMED_FROM_VIDEO,1,,Crownstead,Vysarian Isles,,Screen Recording 2026-08-16 104608.mp4,5,CONFIRMED_FROM_VIDEO
Bells,5529.6,Caledonia,142,,CONFIRMED_FROM_VIDEO,1,,Crownstead,Vysarian Isles,,Screen Recording 2026-08-16 104608.mp4,5,CONFIRMED_FROM_VIDEO
Bells,9403.3,Castle Landing,194,,CONFIRMED_FROM_VIDEO,1,,Crownstead,Vysarian Isles,,Screen Recording 2026-08-16 104608.mp4,3,CONFIRMED_FROM_VIDEO
Bells,11905.7,Caveira,228,,CONFIRMED_FROM_VIDEO,1,,Crownstead,Vysarian Isles,,Screen Recording 2026-08-16 104608.mp4,6,CONFIRMED_FROM_VIDEO
Bells,8875.5,Caye Tiburon,187,,CONFIRMED_FROM_VIDEO,1,,Crownstead,Vysarian Isles,,Screen Recording 2026-08-16 104608.mp4,4,CONFIRMED_FROM_VIDEO
Bells,4785.3,Deadman's Murcia,132,,CONFIRMED_FROM_VIDEO,1,,Crownstead,Vysarian Isles,,Screen Recording 2026-08-16 104608.mp4,3,CONFIRMED_FROM_VIDEO
Bells,3284.3,Fair Harbour,112,,CONFIRMED_FROM_VIDEO,1,,Crownstead,Vysarian Isles,,Screen Recording 2026-08-16 104608.mp4,4,CONFIRMED_FROM_VIDEO
Bells,7762.6,Falmouth,172,,CONFIRMED_FROM_VIDEO,1,,Crownstead,Vysarian Isles,,Screen Recording 2026-08-16 104608.mp4,5,CONFIRMED_FROM_VIDEO
Bells,1374.6,Gyldenvale,86,,CONFIRMED_FROM_VIDEO,1,,Crownstead,Vysarian Isles,,Screen Recording 2026-08-16 104608.mp4,4,CONFIRMED_FROM_VIDEO
Bells,8553.1,Jones' Outpost,183,,CONFIRMED_FROM_VIDEO,2,,Crownstead,Vysarian Isles,,Screen Recording 2026-08-16 104608.mp4,5,CONFIRMED_FROM_VIDEO
Bells,16925.0,Kandlerova,296,,CONFIRMED_FROM_VIDEO,1,,Crownstead,Vysarian Isles,,Screen Recording 2026-08-16 104608.mp4,1,CONFIRMED_FROM_VIDEO
Bells,14680.4,La Povenglia,266,,CONFIRMED_FROM_VIDEO,1,,Crownstead,Vysarian Isles,,Screen Recording 2026-08-16 104608.mp4,1,CONFIRMED_FROM_VIDEO
Bells,9436.9,Lebarde,195,,CONFIRMED_FROM_VIDEO,1,,Crownstead,Vysarian Isles,,Screen Recording 2026-08-16 104608.mp4,4,CONFIRMED_FROM_VIDEO
Bells,10660.3,Lord Irving's Sacrifice,211,,CONFIRMED_FROM_VIDEO,1,,Crownstead,Vysarian Isles,,Screen Recording 2026-08-16 104608.mp4,3,CONFIRMED_FROM_VIDEO
Bells,3811.8,Louisbourg,119,,CONFIRMED_FROM_VIDEO,1,,Crownstead,Vysarian Isles,,Screen Recording 2026-08-16 104608.mp4,4,CONFIRMED_FROM_VIDEO
Bells,13119.3,Madalena,245,,CONFIRMED_FROM_VIDEO,1,,Crownstead,Vysarian Isles,,Screen Recording 2026-08-16 104608.mp4,5,CONFIRMED_FROM_VIDEO
Bells,11150.0,Mako's Outlook,218,,CONFIRMED_FROM_VIDEO,1,,Crownstead,Vysarian Isles,,Screen Recording 2026-08-16 104608.mp4,5,CONFIRMED_FROM_VIDEO
Bells,3859.9,Matthew's Rest,120,,CONFIRMED_FROM_VIDEO,1,,Crownstead,Vysarian Isles,,Screen Recording 2026-08-16 104608.mp4,6,CONFIRMED_FROM_VIDEO
Bells,3479.3,Maurepas,114,,CONFIRMED_FROM_VIDEO,1,,Crownstead,Vysarian Isles,,Screen Recording 2026-08-16 104608.mp4,5,CONFIRMED_FROM_VIDEO
Bells,6133.5,New Brighton,150,,CONFIRMED_FROM_VIDEO,1,,Crownstead,Vysarian Isles,,Screen Recording 2026-08-16 104608.mp4,5,CONFIRMED_FROM_VIDEO
Bells,9773.2,New Catalina,199,,CONFIRMED_FROM_VIDEO,1,,Crownstead,Vysarian Isles,,Screen Recording 2026-08-16 104608.mp4,4,CONFIRMED_FROM_VIDEO
Bells,4566.4,Pachard Town,129,,CONFIRMED_FROM_VIDEO,1,,Crownstead,Vysarian Isles,,Screen Recording 2026-08-16 104608.mp4,4,CONFIRMED_FROM_VIDEO
Bells,12697.8,Peter's Cove,239,,CONFIRMED_FROM_VIDEO,1,,Crownstead,Vysarian Isles,,Screen Recording 2026-08-16 104608.mp4,6,CONFIRMED_FROM_VIDEO
Bells,3435.3,Petit Anvers,114,,CONFIRMED_FROM_VIDEO,2,,Crownstead,Vysarian Isles,,Screen Recording 2026-08-16 104608.mp4,4,CONFIRMED_FROM_VIDEO
Bells,13663.4,Poblado de San Juan,252,,CONFIRMED_FROM_VIDEO,1,,Crownstead,Vysarian Isles,,Screen Recording 2026-08-16 104608.mp4,4,CONFIRMED_FROM_VIDEO
Bells,5671.7,Point Rocheux,144,,CONFIRMED_FROM_VIDEO,1,,Crownstead,Vysarian Isles,,Screen Recording 2026-08-16 104608.mp4,6,CONFIRMED_FROM_VIDEO
Bells,11451.9,Ponta Delgada,222,,CONFIRMED_FROM_VIDEO,1,,Crownstead,Vysarian Isles,,Screen Recording 2026-08-16 104608.mp4,4,CONFIRMED_FROM_VIDEO
Bells,8772.7,Port Antonio,186,,CONFIRMED_FROM_VIDEO,1,,Crownstead,Vysarian Isles,,Screen Recording 2026-08-16 104608.mp4,5,CONFIRMED_FROM_VIDEO
Bells,2581.9,Port Louis,102,,CONFIRMED_FROM_VIDEO,2,,Crownstead,Vysarian Isles,,Screen Recording 2026-08-16 104608.mp4,3,CONFIRMED_FROM_VIDEO
Bells,9607.6,Port Royal,197,,CONFIRMED_FROM_VIDEO,1,,Crownstead,Vysarian Isles,,Screen Recording 2026-08-16 104608.mp4,5,CONFIRMED_FROM_VIDEO
Bells,4955.2,Port-Au-Croix,134,,CONFIRMED_FROM_VIDEO,1,,Crownstead,Vysarian Isles,,Screen Recording 2026-08-16 104608.mp4,4,CONFIRMED_FROM_VIDEO
Bells,7861.2,Princeton,174,,CONFIRMED_FROM_VIDEO,1,,Crownstead,Vysarian Isles,,Screen Recording 2026-08-16 104608.mp4,6,CONFIRMED_FROM_VIDEO
Bells,11262.3,Puerto de San Fernando,220,,CONFIRMED_FROM_VIDEO,1,,Crownstead,Vysarian Isles,,Screen Recording 2026-08-16 104608.mp4,4,CONFIRMED_FROM_VIDEO
Bells,4629.2,Saint Vincent,130,,CONFIRMED_FROM_VIDEO,1,,Crownstead,Vysarian Isles,,Screen Recording 2026-08-16 104608.mp4,3,CONFIRMED_FROM_VIDEO
Bells,13603.8,Saint-Nicholas,251,,CONFIRMED_FROM_VIDEO,1,,Crownstead,Vysarian Isles,,Screen Recording 2026-08-16 104608.mp4,4,CONFIRMED_FROM_VIDEO
Bells,4731.6,Sainte Rose,131,,CONFIRMED_FROM_VIDEO,1,,Crownstead,Vysarian Isles,,Screen Recording 2026-08-16 104608.mp4,3,CONFIRMED_FROM_VIDEO
Bells,16107.0,San Polo,285,,CONFIRMED_FROM_VIDEO,1,,Crownstead,Vysarian Isles,,Screen Recording 2026-08-16 104608.mp4,1,CONFIRMED_FROM_VIDEO
Bells,14252.0,San Salvador,260,,CONFIRMED_FROM_VIDEO,2,,Crownstead,Vysarian Isles,,Screen Recording 2026-08-16 104608.mp4,2,CONFIRMED_FROM_VIDEO
Bells,13161.4,San Vito,245,,CONFIRMED_FROM_VIDEO,1,,Crownstead,Vysarian Isles,,Screen Recording 2026-08-16 104608.mp4,5,CONFIRMED_FROM_VIDEO
Bells,13629.3,Sandy Settlement,251,,CONFIRMED_FROM_VIDEO,1,,Crownstead,Vysarian Isles,,Screen Recording 2026-08-16 104608.mp4,5,CONFIRMED_FROM_VIDEO
Bells,13363.3,Santa Maria,248,,CONFIRMED_FROM_VIDEO,1,,Crownstead,Vysarian Isles,,Screen Recording 2026-08-16 104608.mp4,5,CONFIRMED_FROM_VIDEO
Bells,11511.6,Sao Bento,223,,CONFIRMED_FROM_VIDEO,2,,Crownstead,Vysarian Isles,,Screen Recording 2026-08-16 104608.mp4,5,CONFIRMED_FROM_VIDEO
Bells,5334.9,Snake Prosper,140,,CONFIRMED_FROM_VIDEO,2,,Crownstead,Vysarian Isles,,Screen Recording 2026-08-16 104608.mp4,4,CONFIRMED_FROM_VIDEO
Bells,10585.3,Sugar Cove,210,,CONFIRMED_FROM_VIDEO,1,,Crownstead,Vysarian Isles,,Screen Recording 2026-08-16 104608.mp4,4,CONFIRMED_FROM_VIDEO
Bells,12738.1,Taylor's Town,239,,CONFIRMED_FROM_VIDEO,1,,Crownstead,Vysarian Isles,,Screen Recording 2026-08-16 104608.mp4,5,CONFIRMED_FROM_VIDEO
Bells,9777.3,Theresa,199,,CONFIRMED_FROM_VIDEO,1,,Crownstead,Vysarian Isles,,Screen Recording 2026-08-16 104608.mp4,4,CONFIRMED_FROM_VIDEO
Bells,10088.8,Thresher Point,204,,CONFIRMED_FROM_VIDEO,1,,Crownstead,Vysarian Isles,,Screen Recording 2026-08-16 104608.mp4,4,CONFIRMED_FROM_VIDEO
Bells,8688.1,Venta Nueva,185,,CONFIRMED_FROM_VIDEO,1,,Crownstead,Vysarian Isles,,Screen Recording 2026-08-16 104608.mp4,5,CONFIRMED_FROM_VIDEO
Bells,7888.1,Villarreal Del Mar,174,,CONFIRMED_FROM_VIDEO,1,,Crownstead,Vysarian Isles,,Screen Recording 2026-08-16 104608.mp4,5,CONFIRMED_FROM_VIDEO
Bells,5597.8,White Hook,143,,CONFIRMED_FROM_VIDEO,1,,Crownstead,Vysarian Isles,,Screen Recording 2026-08-16 104608.mp4,4,CONFIRMED_FROM_VIDEO
Bells,1267.1,Wyntergard,85,,CONFIRMED_FROM_VIDEO,1,,Crownstead,Vysarian Isles,,Screen Recording 2026-08-16 104608.mp4,3,CONFIRMED_FROM_VIDEO
Coffee,4554.4,Al-Jazair,124,,CONFIRMED_FROM_VIDEO,1,pooled_even_odd_wide,Cumberland Hill,New Catalina,,Screen Recording 2026-08-16 223317.mp4,9,CONFIRMED_FROM_VIDEO
Coffee,8782.0,Ashbourne,179,,CONFIRMED_FROM_VIDEO,1,pooled_even_odd_wide,Cumberland Hill,New Catalina,,Screen Recording 2026-08-16 223317.mp4,6,CONFIRMED_FROM_VIDEO
Coffee,8206.6,Belfry Heights,172,,CONFIRMED_FROM_VIDEO,1,pooled_even_odd_wide,Cumberland Hill,New Catalina,,Screen Recording 2026-08-16 223317.mp4,6,CONFIRMED_FROM_VIDEO
Coffee,7510.5,Bucket Bay,163,,CONFIRMED_FROM_VIDEO,1,pooled_even_odd_wide,Cumberland Hill,New Catalina,,Screen Recording 2026-08-16 223317.mp4,6,CONFIRMED_FROM_VIDEO
Coffee,4133.3,Caledonia,119,,CONFIRMED_FROM_VIDEO,1,pooled_even_odd_wide,Cumberland Hill,New Catalina,,Screen Recording 2026-08-16 223317.mp4,6,CONFIRMED_FROM_VIDEO
Coffee,3107.9,Castle Landing,105,,CONFIRMED_FROM_VIDEO,1,pooled_even_odd_wide,Cumberland Hill,New Catalina,,Screen Recording 2026-08-16 223317.mp4,4,CONFIRMED_FROM_VIDEO
Coffee,17164.6,Caveira,288,,CONFIRMED_FROM_VIDEO,2,pooled_even_odd_wide,Cumberland Hill,New Catalina,,Screen Recording 2026-08-16 223317.mp4,4,CONFIRMED_FROM_VIDEO
Coffee,7394.5,Caye Tiburon,161,,CONFIRMED_FROM_VIDEO,1,pooled_even_odd_wide,Cumberland Hill,New Catalina,,Screen Recording 2026-08-16 223317.mp4,6,CONFIRMED_FROM_VIDEO
Coffee,9488.9,Crownstead,188,,CONFIRMED_FROM_VIDEO,1,pooled_even_odd_wide,Cumberland Hill,New Catalina,,Screen Recording 2026-08-16 223317.mp4,6,CONFIRMED_FROM_VIDEO
Coffee,4950.6,Deadman's Murcia,129,,CONFIRMED_FROM_VIDEO,1,pooled_even_odd_wide,Cumberland Hill,New Catalina,,Screen Recording 2026-08-16 223317.mp4,5,CONFIRMED_FROM_VIDEO
Coffee,6697.3,Fair Harbour,152,,CONFIRMED_FROM_VIDEO,2,pooled_even_odd_wide,Cumberland Hill,New Catalina,,Screen Recording 2026-08-16 223317.mp4,9,CONFIRMED_FROM_VIDEO
Coffee,11517.5,Falmouth,215,,CONFIRMED_FROM_VIDEO,2,pooled_even_odd_wide,Cumberland Hill,New Catalina,,Screen Recording 2026-08-16 223317.mp4,4,CONFIRMED_FROM_VIDEO
Coffee,9606.0,Gyldenvale,190,,CONFIRMED_FROM_VIDEO,1,pooled_even_odd_wide,Cumberland Hill,New Catalina,,Screen Recording 2026-08-16 223317.mp4,6,CONFIRMED_FROM_VIDEO
Coffee,984.8,Jones' Outpost,78,,CONFIRMED_FROM_VIDEO,1,pooled_even_odd_wide,Cumberland Hill,New Catalina,,Screen Recording 2026-08-16 223317.mp4,4,CONFIRMED_FROM_VIDEO
Coffee,15145.4,Kandlerova,262,,CONFIRMED_FROM_VIDEO,2,pooled_even_odd_wide,Cumberland Hill,New Catalina,,Screen Recording 2026-08-16 223317.mp4,4,CONFIRMED_FROM_VIDEO
Coffee,12098.7,La Povenglia,222,,CONFIRMED_FROM_VIDEO,2,pooled_even_odd_wide,Cumberland Hill,New Catalina,,Screen Recording 2026-08-16 223317.mp4,4,CONFIRMED_FROM_VIDEO
Coffee,4773.3,Lebarde,127,,CONFIRMED_FROM_VIDEO,1,pooled_even_odd_wide,Cumberland Hill,New Catalina,,Screen Recording 2026-08-16 223317.mp4,9,CONFIRMED_FROM_VIDEO
Coffee,10425.6,Lord Irving's Sacrifice,201,,CONFIRMED_FROM_VIDEO,2,pooled_even_odd_wide,Cumberland Hill,New Catalina,,Screen Recording 2026-08-16 223317.mp4,6,CONFIRMED_FROM_VIDEO
Coffee,12044.4,Louisbourg,222,,CONFIRMED_FROM_VIDEO,2,pooled_even_odd_wide,Cumberland Hill,New Catalina,,Screen Recording 2026-08-16 223317.mp4,4,CONFIRMED_FROM_VIDEO
Coffee,18969.0,Madalena,312,,CONFIRMED_FROM_VIDEO,1,pooled_even_odd_wide,Cumberland Hill,New Catalina,,Screen Recording 2026-08-16 223317.mp4,6,CONFIRMED_FROM_VIDEO
Coffee,10243.6,Mako's Outlook,198,,CONFIRMED_FROM_VIDEO,2,pooled_even_odd_wide,Cumberland Hill,New Catalina,,Screen Recording 2026-08-16 223317.mp4,4,CONFIRMED_FROM_VIDEO
Coffee,8313.6,Matthew's Rest,173,,CONFIRMED_FROM_VIDEO,2,pooled_even_odd_wide,Cumberland Hill,New Catalina,,Screen Recording 2026-08-16 223317.mp4,3,CONFIRMED_FROM_VIDEO
Coffee,11228.1,Maurepas,211,,CONFIRMED_FROM_VIDEO,2,pooled_even_odd_wide,Cumberland Hill,New Catalina,,Screen Recording 2026-08-16 223317.mp4,8,CONFIRMED_FROM_VIDEO
Coffee,5912.6,New Brighton,142,,CONFIRMED_FROM_VIDEO,1,pooled_even_odd_wide,Cumberland Hill,New Catalina,,Screen Recording 2026-08-16 223317.mp4,6,CONFIRMED_FROM_VIDEO
Coffee,554.4,New Catalina,72,,CONFIRMED_FROM_VIDEO,1,pooled_even_odd_wide,Cumberland Hill,New Catalina,,Screen Recording 2026-08-16 223317.mp4,4,CONFIRMED_FROM_VIDEO
Coffee,9067.7,Pachard Town,183,,CONFIRMED_FROM_VIDEO,1,pooled_even_odd_wide,Cumberland Hill,New Catalina,,Screen Recording 2026-08-16 223317.mp4,6,CONFIRMED_FROM_VIDEO
Coffee,8010.9,Peter's Cove,169,,CONFIRMED_FROM_VIDEO,2,pooled_even_odd_wide,Cumberland Hill,New Catalina,,Screen Recording 2026-08-16 223317.mp4,6,CONFIRMED_FROM_VIDEO
Coffee,12552.3,Petit Anvers,228,,CONFIRMED_FROM_VIDEO,2,pooled_even_odd_wide,Cumberland Hill,New Catalina,,Screen Recording 2026-08-16 223317.mp4,2,CONFIRMED_FROM_VIDEO
Coffee,16452.8,Poblado de San Juan,279,,CONFIRMED_FROM_VIDEO,2,pooled_even_odd_wide,Cumberland Hill,New Catalina,,Screen Recording 2026-08-16 223317.mp4,4,CONFIRMED_FROM_VIDEO
Coffee,11152.4,Point Rocheux,210,,CONFIRMED_FROM_VIDEO,2,pooled_even_odd_wide,Cumberland Hill,New Catalina,,Screen Recording 2026-08-16 223317.mp4,8,CONFIRMED_FROM_VIDEO
Coffee,18572.2,Ponta Delgada,306,,CONFIRMED_FROM_VIDEO,2,pooled_even_odd_wide,Cumberland Hill,New Catalina,,Screen Recording 2026-08-16 223317.mp4,4,CONFIRMED_FROM_VIDEO
Coffee,12504.4,Port Antonio,228,,CONFIRMED_FROM_VIDEO,2,pooled_even_odd_wide,Cumberland Hill,New Catalina,,Screen Recording 2026-08-16 223317.mp4,2,CONFIRMED_FROM_VIDEO
Coffee,7067.7,Port Louis,157,,CONFIRMED_FROM_VIDEO,1,pooled_even_odd_wide,Cumberland Hill,New Catalina,,Screen Recording 2026-08-16 223317.mp4,8,CONFIRMED_FROM_VIDEO
Coffee,11217.8,Port Royal,211,,CONFIRMED_FROM_VIDEO,2,pooled_even_odd_wide,Cumberland Hill,New Catalina,,Screen Recording 2026-08-16 223317.mp4,6,CONFIRMED_FROM_VIDEO
Coffee,10105.4,Port-Au-Croix,196,,CONFIRMED_FROM_VIDEO,3,pooled_even_odd_wide,Cumberland Hill,New Catalina,,Screen Recording 2026-08-16 223317.mp4,1,CONFIRMED_FROM_VIDEO
Coffee,3827.1,Princeton,115,,CONFIRMED_FROM_VIDEO,1,pooled_even_odd_wide,Cumberland Hill,New Catalina,,Screen Recording 2026-08-16 223317.mp4,6,CONFIRMED_FROM_VIDEO
Coffee,14969.9,Puerto de San Fernando,260,,CONFIRMED_FROM_VIDEO,2,pooled_even_odd_wide,Cumberland Hill,New Catalina,,Screen Recording 2026-08-16 223317.mp4,4,CONFIRMED_FROM_VIDEO
Coffee,5156.4,Saint Vincent,132,,CONFIRMED_FROM_VIDEO,1,pooled_even_odd_wide,Cumberland Hill,New Catalina,,Screen Recording 2026-08-16 223317.mp4,5,CONFIRMED_FROM_VIDEO
Coffee,7809.5,Saint-Nicholas,167,,CONFIRMED_FROM_VIDEO,1,pooled_even_odd_wide,Cumberland Hill,New Catalina,,Screen Recording 2026-08-16 223317.mp4,7,CONFIRMED_FROM_VIDEO
Coffee,13225.6,Sainte Rose,237,,CONFIRMED_FROM_VIDEO,2,pooled_even_odd_wide,Cumberland Hill,New Catalina,,Screen Recording 2026-08-16 223317.mp4,2,CONFIRMED_FROM_VIDEO
Coffee,14210.9,San Polo,250,Selected from the two recorded directional readings using reciprocal-distance agreement and the origin's other observed Distance/Value rows. No distance was fabricated.,CONFIRMED_RECORDED_RECIPROCAL_AUDIT,3,pooled_even_odd_wide,Cumberland Hill,New Catalina,,Screen Recording 2026-08-16 223317.mp4,1,CONFIRMED_FROM_VIDEO
Coffee,15612.7,San Salvador,268,,CONFIRMED_FROM_VIDEO,2,pooled_even_odd_wide,Cumberland Hill,New Catalina,,Screen Recording 2026-08-16 223317.mp4,4,CONFIRMED_FROM_VIDEO
Coffee,11516.6,San Vito,215,,CONFIRMED_FROM_VIDEO,2,pooled_even_odd_wide,Cumberland Hill,New Catalina,,Screen Recording 2026-08-16 223317.mp4,4,CONFIRMED_FROM_VIDEO
Coffee,8198.5,Sandy Settlement,172,,CONFIRMED_FROM_VIDEO,1,pooled_even_odd_wide,Cumberland Hill,New Catalina,,Screen Recording 2026-08-16 223317.mp4,6,CONFIRMED_FROM_VIDEO
Coffee,15993.8,Santa Maria,273,,CONFIRMED_FROM_VIDEO,2,pooled_even_odd_wide,Cumberland Hill,New Catalina,,Screen Recording 2026-08-16 223317.mp4,4,CONFIRMED_FROM_VIDEO
Coffee,17784.5,Sao Bento,296,,CONFIRMED_FROM_VIDEO,2,pooled_even_odd_wide,Cumberland Hill,New Catalina,,Screen Recording 2026-08-16 223317.mp4,4,CONFIRMED_FROM_VIDEO
Coffee,4215.2,Snake Prosper,120,,CONFIRMED_FROM_VIDEO,1,pooled_even_odd_wide,Cumberland Hill,New Catalina,,Screen Recording 2026-08-16 223317.mp4,6,CONFIRMED_FROM_VIDEO
Coffee,1099.3,Sugar Cove,79,,CONFIRMED_FROM_VIDEO,1,pooled_even_odd_wide,Cumberland Hill,New Catalina,,Screen Recording 2026-08-16 223317.mp4,4,CONFIRMED_FROM_VIDEO
Coffee,6319.9,Taylor's Town,147,,CONFIRMED_FROM_VIDEO,1,pooled_even_odd_wide,Cumberland Hill,New Catalina,,Screen Recording 2026-08-16 223317.mp4,6,CONFIRMED_FROM_VIDEO
Coffee,12775.7,Theresa,231,,CONFIRMED_FROM_VIDEO,2,pooled_even_odd_wide,Cumberland Hill,New Catalina,,Screen Recording 2026-08-16 223317.mp4,2,CONFIRMED_FROM_VIDEO
Coffee,7342.8,Thresher Point,160,,CONFIRMED_FROM_VIDEO,1,pooled_even_odd_wide,Cumberland Hill,New Catalina,,Screen Recording 2026-08-16 223317.mp4,6,CONFIRMED_FROM_VIDEO
Coffee,14294.7,Venta Nueva,251,,CONFIRMED_FROM_VIDEO,2,pooled_even_odd_wide,Cumberland Hill,New Catalina,,Screen Recording 2026-08-16 223317.mp4,4,CONFIRMED_FROM_VIDEO
Coffee,12993.2,Villarreal Del Mar,234,,CONFIRMED_FROM_VIDEO,1,pooled_even_odd_wide,Cumberland Hill,New Catalina,Visually verified from frame 370s; not inferred.,Screen Recording 2026-08-16 223317.mp4,4,CONFIRMED_FROM_VIDEO
Coffee,4521.5,White Hook,124,,CONFIRMED_FROM_VIDEO,1,pooled_even_odd_wide,Cumberland Hill,New Catalina,,Screen Recording 2026-08-16 223317.mp4,9,CONFIRMED_FROM_VIDEO
Coffee,8432.5,Wyntergard,175,,CONFIRMED_FROM_VIDEO,1,pooled_even_odd_wide,Cumberland Hill,New Catalina,,Screen Recording 2026-08-16 223317.mp4,4,CONFIRMED_FROM_VIDEO
Coffee,6402.0,Yorinobu's Settlement,148,,CONFIRMED_FROM_VIDEO,2,pooled_even_odd_wide,Cumberland Hill,New Catalina,,Screen Recording 2026-08-16 223317.mp4,3,CONFIRMED_FROM_VIDEO
Oranges,3351.1,Al-Jazair,142,,CONFIRMED_FROM_VIDEO,1,pooled_even_odd_wide,Deadman's Murcia,East Somerset,,Screen Recording 2026-08-16 223317.mp4,7,CONFIRMED_FROM_VIDEO
Oranges,4213.4,Ashbourne,157,,CONFIRMED_FROM_VIDEO,1,pooled_even_odd_wide,Deadman's Murcia,East Somerset,,Screen Recording 2026-08-16 223317.mp4,10,CONFIRMED_FROM_VIDEO
Oranges,9207.7,Belfry Heights,242,,CONFIRMED_FROM_VIDEO,1,pooled_even_odd_wide,Deadman's Murcia,East Somerset,,Screen Recording 2026-08-16 223317.mp4,3,CONFIRMED_FROM_VIDEO
Oranges,4365.0,Bucket Bay,159,,CONFIRMED_FROM_VIDEO,1,pooled_even_odd_wide,Deadman's Murcia,East Somerset,,Screen Recording 2026-08-16 223317.mp4,4,CONFIRMED_FROM_VIDEO
Oranges,817.3,Caledonia,99,,CONFIRMED_FROM_VIDEO,1,pooled_even_odd_wide,Deadman's Murcia,East Somerset,,Screen Recording 2026-08-16 223317.mp4,6,CONFIRMED_FROM_VIDEO
Oranges,5922.5,Castle Landing,186,,CONFIRMED_FROM_VIDEO,1,pooled_even_odd_wide,Deadman's Murcia,East Somerset,,Screen Recording 2026-08-16 223317.mp4,6,CONFIRMED_FROM_VIDEO
Oranges,14846.5,Caveira,337,,CONFIRMED_FROM_VIDEO,2,pooled_even_odd_wide,Deadman's Murcia,East Somerset,,Screen Recording 2026-08-16 223317.mp4,6,CONFIRMED_FROM_VIDEO
Oranges,7736.1,Caye Tiburon,217,,CONFIRMED_FROM_VIDEO,1,pooled_even_odd_wide,Deadman's Murcia,East Somerset,,Screen Recording 2026-08-16 223317.mp4,8,CONFIRMED_FROM_VIDEO
Oranges,4785.3,Crownstead,166,,CONFIRMED_FROM_VIDEO,1,pooled_even_odd_wide,Deadman's Murcia,East Somerset,,Screen Recording 2026-08-16 223317.mp4,6,CONFIRMED_FROM_VIDEO
Oranges,4950.6,Cumberland Hill,169,,CONFIRMED_FROM_VIDEO,2,pooled_even_odd_wide,Deadman's Murcia,East Somerset,,Screen Recording 2026-08-16 223317.mp4,5,CONFIRMED_FROM_VIDEO
Oranges,3057.5,Fair Harbour,137,,CONFIRMED_FROM_VIDEO,1,pooled_even_odd_wide,Deadman's Murcia,East Somerset,,Screen Recording 2026-08-16 223317.mp4,7,CONFIRMED_FROM_VIDEO
Oranges,9554.2,Falmouth,247,,CONFIRMED_FROM_VIDEO,1,pooled_even_odd_wide,Deadman's Murcia,East Somerset,,Screen Recording 2026-08-16 223317.mp4,4,CONFIRMED_FROM_VIDEO
Oranges,4686.6,Gyldenvale,165,,CONFIRMED_FROM_VIDEO,1,pooled_even_odd_wide,Deadman's Murcia,East Somerset,,Screen Recording 2026-08-16 223317.mp4,4,CONFIRMED_FROM_VIDEO
Oranges,4126.3,Jones' Outpost,155,,CONFIRMED_FROM_VIDEO,1,pooled_even_odd_wide,Deadman's Murcia,East Somerset,,Screen Recording 2026-08-16 223317.mp4,10,CONFIRMED_FROM_VIDEO
Oranges,16428.5,Kandlerova,364,,CONFIRMED_FROM_VIDEO,2,pooled_even_odd_wide,Deadman's Murcia,East Somerset,,Screen Recording 2026-08-16 223317.mp4,2,CONFIRMED_FROM_VIDEO
Oranges,13656.5,La Povenglia,317,,CONFIRMED_FROM_VIDEO,2,pooled_even_odd_wide,Deadman's Murcia,East Somerset,,Screen Recording 2026-08-16 223317.mp4,6,CONFIRMED_FROM_VIDEO
Oranges,6725.5,Lebarde,199,,CONFIRMED_FROM_VIDEO,1,pooled_even_odd_wide,Deadman's Murcia,East Somerset,,Screen Recording 2026-08-16 223317.mp4,8,CONFIRMED_FROM_VIDEO
Oranges,10507.3,Lord Irving's Sacrifice,264,,CONFIRMED_FROM_VIDEO,2,pooled_even_odd_wide,Deadman's Murcia,East Somerset,,Screen Recording 2026-08-16 223317.mp4,2,CONFIRMED_FROM_VIDEO
Oranges,8012.3,Louisbourg,221,,CONFIRMED_FROM_VIDEO,1,pooled_even_odd_wide,Deadman's Murcia,East Somerset,,Screen Recording 2026-08-16 223317.mp4,5,CONFIRMED_FROM_VIDEO
Oranges,16409.4,Madalena,364,,CONFIRMED_FROM_VIDEO,2,pooled_even_odd_wide,Deadman's Murcia,East Somerset,,Screen Recording 2026-08-16 223317.mp4,2,CONFIRMED_FROM_VIDEO
Oranges,10690.0,Mako's Outlook,267,,CONFIRMED_FROM_VIDEO,1,pooled_even_odd_wide,Deadman's Murcia,East Somerset,,Screen Recording 2026-08-16 223317.mp4,7,CONFIRMED_FROM_VIDEO
Oranges,5248.1,Matthew's Rest,174,,CONFIRMED_FROM_VIDEO,1,pooled_even_odd_wide,Deadman's Murcia,East Somerset,,Screen Recording 2026-08-16 223317.mp4,9,CONFIRMED_FROM_VIDEO
Oranges,7336.1,Maurepas,210,,CONFIRMED_FROM_VIDEO,1,pooled_even_odd_wide,Deadman's Murcia,East Somerset,,Screen Recording 2026-08-16 223317.mp4,7,CONFIRMED_FROM_VIDEO
Oranges,4804.1,New Brighton,167,,CONFIRMED_FROM_VIDEO,1,pooled_even_odd_wide,Deadman's Murcia,East Somerset,,Screen Recording 2026-08-16 223317.mp4,5,CONFIRMED_FROM_VIDEO
Oranges,5338.4,New Catalina,176,,CONFIRMED_FROM_VIDEO,1,pooled_even_odd_wide,Deadman's Murcia,East Somerset,,Screen Recording 2026-08-16 223317.mp4,6,CONFIRMED_FROM_VIDEO
Oranges,6250.0,Pachard Town,191,,CONFIRMED_FROM_VIDEO,1,pooled_even_odd_wide,Deadman's Murcia,East Somerset,,Screen Recording 2026-08-16 223317.mp4,8,CONFIRMED_FROM_VIDEO
Oranges,10473.4,Peter's Cove,263,,CONFIRMED_FROM_VIDEO,2,pooled_even_odd_wide,Deadman's Murcia,East Somerset,,Screen Recording 2026-08-16 223317.mp4,2,CONFIRMED_FROM_VIDEO
Oranges,8120.9,Petit Anvers,223,,CONFIRMED_FROM_VIDEO,1,pooled_even_odd_wide,Deadman's Murcia,East Somerset,,Screen Recording 2026-08-16 223317.mp4,5,CONFIRMED_FROM_VIDEO
Oranges,15374.9,Poblado de San Juan,346,,CONFIRMED_FROM_VIDEO,2,pooled_even_odd_wide,Deadman's Murcia,East Somerset,,Screen Recording 2026-08-16 223317.mp4,2,CONFIRMED_FROM_VIDEO
Oranges,8275.7,Point Rocheux,226,,CONFIRMED_FROM_VIDEO,1,pooled_even_odd_wide,Deadman's Murcia,East Somerset,,Screen Recording 2026-08-16 223317.mp4,5,CONFIRMED_FROM_VIDEO
Oranges,15340.2,Ponta Delgada,346,,CONFIRMED_FROM_VIDEO,2,pooled_even_odd_wide,Deadman's Murcia,East Somerset,,Screen Recording 2026-08-16 223317.mp4,4,CONFIRMED_FROM_VIDEO
Oranges,10663.4,Port Antonio,266,,CONFIRMED_FROM_VIDEO,1,pooled_even_odd_wide,Deadman's Murcia,East Somerset,,Screen Recording 2026-08-16 223317.mp4,1,CONFIRMED_FROM_VIDEO
Oranges,2879.2,Port Louis,134,,CONFIRMED_FROM_VIDEO,1,pooled_even_odd_wide,Deadman's Murcia,East Somerset,,Screen Recording 2026-08-16 223317.mp4,6,CONFIRMED_FROM_VIDEO
Oranges,10361.5,Port Royal,261,,CONFIRMED_FROM_VIDEO,2,pooled_even_odd_wide,Deadman's Murcia,East Somerset,,Screen Recording 2026-08-16 223317.mp4,4,CONFIRMED_FROM_VIDEO
Oranges,7213.1,Port-Au-Croix,208,,CONFIRMED_FROM_VIDEO,1,pooled_even_odd_wide,Deadman's Murcia,East Somerset,,Screen Recording 2026-08-16 223317.mp4,6,CONFIRMED_FROM_VIDEO
Oranges,4904.8,Princeton,168,,CONFIRMED_FROM_VIDEO,1,pooled_even_odd_wide,Deadman's Murcia,East Somerset,,Screen Recording 2026-08-16 223317.mp4,5,CONFIRMED_FROM_VIDEO
Oranges,13334.5,Puerto de San Fernando,312,,CONFIRMED_FROM_VIDEO,2,pooled_even_odd_wide,Deadman's Murcia,East Somerset,,Screen Recording 2026-08-16 223317.mp4,4,CONFIRMED_FROM_VIDEO
Oranges,2290.9,Saint Vincent,124,,CONFIRMED_FROM_VIDEO,1,pooled_even_odd_wide,Deadman's Murcia,East Somerset,,Screen Recording 2026-08-16 223317.mp4,6,CONFIRMED_FROM_VIDEO
Oranges,10926.1,Saint-Nicholas,271,,CONFIRMED_FROM_VIDEO,2,pooled_even_odd_wide,Deadman's Murcia,East Somerset,,Screen Recording 2026-08-16 223317.mp4,4,CONFIRMED_FROM_VIDEO
Oranges,9131.1,Sainte Rose,240,,CONFIRMED_FROM_VIDEO,1,pooled_even_odd_wide,Deadman's Murcia,East Somerset,,Screen Recording 2026-08-16 223317.mp4,5,CONFIRMED_FROM_VIDEO
Oranges,15512.1,San Polo,349,,CONFIRMED_FROM_VIDEO,2,pooled_even_odd_wide,Deadman's Murcia,East Somerset,,Screen Recording 2026-08-16 223317.mp4,2,CONFIRMED_FROM_VIDEO
Oranges,15241.4,San Salvador,344,,CONFIRMED_FROM_VIDEO,2,pooled_even_odd_wide,Deadman's Murcia,East Somerset,,Screen Recording 2026-08-16 223317.mp4,4,CONFIRMED_FROM_VIDEO
Oranges,12506.6,San Vito,298,,CONFIRMED_FROM_VIDEO,2,pooled_even_odd_wide,Deadman's Murcia,East Somerset,,Screen Recording 2026-08-16 223317.mp4,2,CONFIRMED_FROM_VIDEO
Oranges,11126.1,Sandy Settlement,274,,CONFIRMED_FROM_VIDEO,2,pooled_even_odd_wide,Deadman's Murcia,East Somerset,Visually verified from frame 104s; not inferred.,Screen Recording 2026-08-16 223317.mp4,6,CONFIRMED_FROM_VIDEO
Oranges,14975.4,Santa Maria,340,,CONFIRMED_FROM_VIDEO,2,pooled_even_odd_wide,Deadman's Murcia,East Somerset,,Screen Recording 2026-08-16 223317.mp4,6,CONFIRMED_FROM_VIDEO
Oranges,14970.0,Sao Bento,339,,CONFIRMED_FROM_VIDEO,1,pooled_even_odd_wide,Deadman's Murcia,East Somerset,,Screen Recording 2026-08-16 223317.mp4,9,CONFIRMED_FROM_VIDEO
Oranges,852.5,Snake Prosper,99,,CONFIRMED_FROM_VIDEO,1,pooled_even_odd_wide,Deadman's Murcia,East Somerset,,Screen Recording 2026-08-16 223317.mp4,6,CONFIRMED_FROM_VIDEO
Oranges,6009.9,Sugar Cove,187,,CONFIRMED_FROM_VIDEO,1,pooled_even_odd_wide,Deadman's Murcia,East Somerset,,Screen Recording 2026-08-16 223317.mp4,6,CONFIRMED_FROM_VIDEO
Oranges,9702.5,Taylor's Town,250,,CONFIRMED_FROM_VIDEO,1,pooled_even_odd_wide,Deadman's Murcia,East Somerset,,Screen Recording 2026-08-16 223317.mp4,6,CONFIRMED_FROM_VIDEO
Oranges,11341.7,Theresa,278,,CONFIRMED_FROM_VIDEO,2,pooled_even_odd_wide,Deadman's Murcia,East Somerset,,Screen Recording 2026-08-16 223317.mp4,4,CONFIRMED_FROM_VIDEO
Oranges,8497.7,Thresher Point,229,,CONFIRMED_FROM_VIDEO,1,pooled_even_odd_wide,Deadman's Murcia,East Somerset,,Screen Recording 2026-08-16 223317.mp4,5,CONFIRMED_FROM_VIDEO
Oranges,11655.1,Venta Nueva,283,,CONFIRMED_FROM_VIDEO,2,pooled_even_odd_wide,Deadman's Murcia,East Somerset,,Screen Recording 2026-08-16 223317.mp4,2,CONFIRMED_FROM_VIDEO
Oranges,10504.1,Villarreal Del Mar,264,,CONFIRMED_FROM_VIDEO,2,pooled_even_odd_wide,Deadman's Murcia,East Somerset,,Screen Recording 2026-08-16 223317.mp4,1,CONFIRMED_FROM_VIDEO
Oranges,930.4,White Hook,101,,CONFIRMED_FROM_VIDEO,1,pooled_even_odd_wide,Deadman's Murcia,East Somerset,,Screen Recording 2026-08-16 223317.mp4,6,CONFIRMED_FROM_VIDEO
Oranges,3603.2,Wyntergard,146,,CONFIRMED_FROM_VIDEO,1,pooled_even_odd_wide,Deadman's Murcia,East Somerset,,Screen Recording 2026-08-16 223317.mp4,7,CONFIRMED_FROM_VIDEO
Oranges,4343.5,Yorinobu's Settlement,159,,CONFIRMED_FROM_VIDEO,1,pooled_even_odd_wide,Deadman's Murcia,East Somerset,,Screen Recording 2026-08-16 223317.mp4,4,CONFIRMED_FROM_VIDEO
Paper,2629.0,Al-Jazair,74,,CONFIRMED_FROM_VIDEO,2,,Fair Harbour,Îles de Louis,,Screen Recording 2026-08-16 110227.mp4,3,CONFIRMED_FROM_VIDEO
Paper,2468.9,Ashbourne,73,,CONFIRMED_FROM_VIDEO,1,,Fair Harbour,Îles de Louis,,Screen Recording 2026-08-16 110227.mp4,4,CONFIRMED_FROM_VIDEO
Paper,7547.4,Belfry Heights,122,,CONFIRMED_FROM_VIDEO,1,,Fair Harbour,Îles de Louis,,Screen Recording 2026-08-16 110227.mp4,9,CONFIRMED_FROM_VIDEO
Paper,1332.2,Bucket Bay,62,,CONFIRMED_FROM_VIDEO,1,,Fair Harbour,Îles de Louis,,Screen Recording 2026-08-16 110227.mp4,3,CONFIRMED_FROM_VIDEO
Paper,3434.1,Caledonia,82,,CONFIRMED_FROM_VIDEO,1,,Fair Harbour,Îles de Louis,,Screen Recording 2026-08-16 110227.mp4,4,CONFIRMED_FROM_VIDEO
Paper,6158.4,Castle Landing,109,,CONFIRMED_FROM_VIDEO,1,,Fair Harbour,Îles de Louis,,Screen Recording 2026-08-16 110227.mp4,5,CONFIRMED_FROM_VIDEO
Paper,11790.4,Caveira,164,,CONFIRMED_FROM_VIDEO,1,,Fair Harbour,Îles de Louis,,Screen Recording 2026-08-16 110227.mp4,3,CONFIRMED_FROM_VIDEO
Paper,5934.8,Caye Tiburon,107,,CONFIRMED_FROM_VIDEO,1,,Fair Harbour,Îles de Louis,,Screen Recording 2026-08-16 110227.mp4,5,CONFIRMED_FROM_VIDEO
Paper,3284.3,Crownstead,81,,CONFIRMED_FROM_VIDEO,1,,Fair Harbour,Îles de Louis,,Screen Recording 2026-08-16 110227.mp4,4,CONFIRMED_FROM_VIDEO
Paper,6697.3,Cumberland Hill,114,,CONFIRMED_FROM_VIDEO,1,,Fair Harbour,Îles de Louis,,Screen Recording 2026-08-16 110227.mp4,5,CONFIRMED_FROM_VIDEO
Paper,3057.5,Deadman's Murcia,79,,CONFIRMED_FROM_VIDEO,1,,Fair Harbour,Îles de Louis,,Screen Recording 2026-08-16 110227.mp4,5,CONFIRMED_FROM_VIDEO
Paper,6579.3,Falmouth,113,,CONFIRMED_FROM_VIDEO,1,,Fair Harbour,Îles de Louis,,Screen Recording 2026-08-16 110227.mp4,5,CONFIRMED_FROM_VIDEO
Paper,4093.4,Gyldenvale,89,,CONFIRMED_FROM_VIDEO,2,,Fair Harbour,Îles de Louis,,Screen Recording 2026-08-16 110227.mp4,3,CONFIRMED_FROM_VIDEO
Paper,5716.5,Jones' Outpost,104,,CONFIRMED_FROM_VIDEO,1,,Fair Harbour,Îles de Louis,,Screen Recording 2026-08-16 110227.mp4,5,CONFIRMED_FROM_VIDEO
Paper,14423.5,Kandlerova,189,,CONFIRMED_FROM_VIDEO,1,,Fair Harbour,Îles de Louis,,Screen Recording 2026-08-16 110227.mp4,1,CONFIRMED_FROM_VIDEO
Paper,11916.6,La Povenglia,165,,CONFIRMED_FROM_VIDEO,1,,Fair Harbour,Îles de Louis,,Screen Recording 2026-08-16 110227.mp4,3,CONFIRMED_FROM_VIDEO
Paper,6160.0,Lebarde,109,,CONFIRMED_FROM_VIDEO,1,,Fair Harbour,Îles de Louis,,Screen Recording 2026-08-16 110227.mp4,7,CONFIRMED_FROM_VIDEO
Paper,8228.2,Lord Irving's Sacrifice,129,,CONFIRMED_FROM_VIDEO,1,,Fair Harbour,Îles de Louis,,Screen Recording 2026-08-16 110227.mp4,6,CONFIRMED_FROM_VIDEO
Paper,5364.3,Louisbourg,101,,CONFIRMED_FROM_VIDEO,1,,Fair Harbour,Îles de Louis,,Screen Recording 2026-08-16 110227.mp4,3,CONFIRMED_FROM_VIDEO
Paper,13356.0,Madalena,179,,CONFIRMED_FROM_VIDEO,1,,Fair Harbour,Îles de Louis,,Screen Recording 2026-08-16 110227.mp4,2,CONFIRMED_FROM_VIDEO
Paper,8574.1,Mako's Outlook,132,,CONFIRMED_FROM_VIDEO,1,,Fair Harbour,Îles de Louis,,Screen Recording 2026-08-16 110227.mp4,4,CONFIRMED_FROM_VIDEO
Paper,2195.6,Matthew's Rest,70,,CONFIRMED_FROM_VIDEO,2,,Fair Harbour,Îles de Louis,,Screen Recording 2026-08-16 110227.mp4,3,CONFIRMED_FROM_VIDEO
Paper,4577.8,Maurepas,93,,CONFIRMED_FROM_VIDEO,1,,Fair Harbour,Îles de Louis,,Screen Recording 2026-08-16 110227.mp4,5,CONFIRMED_FROM_VIDEO
Paper,2978.7,New Brighton,78,,CONFIRMED_FROM_VIDEO,1,,Fair Harbour,Îles de Louis,,Screen Recording 2026-08-16 110227.mp4,5,CONFIRMED_FROM_VIDEO
Paper,6879.5,New Catalina,116,,CONFIRMED_FROM_VIDEO,1,,Fair Harbour,Îles de Louis,,Screen Recording 2026-08-16 110227.mp4,7,CONFIRMED_FROM_VIDEO
Paper,3205.3,Pachard Town,80,,CONFIRMED_FROM_VIDEO,1,,Fair Harbour,Îles de Louis,,Screen Recording 2026-08-16 110227.mp4,4,CONFIRMED_FROM_VIDEO
Paper,9525.7,Peter's Cove,142,,CONFIRMED_FROM_VIDEO,2,,Fair Harbour,Îles de Louis,,Screen Recording 2026-08-16 110227.mp4,4,CONFIRMED_FROM_VIDEO
Paper,5895.1,Petit Anvers,106,,CONFIRMED_FROM_VIDEO,1,,Fair Harbour,Îles de Louis,,Screen Recording 2026-08-16 110227.mp4,5,CONFIRMED_FROM_VIDEO
Paper,12494.9,Poblado de San Juan,171,,CONFIRMED_FROM_VIDEO,1,,Fair Harbour,Îles de Louis,,Screen Recording 2026-08-16 110227.mp4,2,CONFIRMED_FROM_VIDEO
Paper,5219.3,Point Rocheux,100,,CONFIRMED_FROM_VIDEO,1,,Fair Harbour,Îles de Louis,,Screen Recording 2026-08-16 110227.mp4,5,CONFIRMED_FROM_VIDEO
Paper,12376.9,Ponta Delgada,169,,CONFIRMED_FROM_VIDEO,1,,Fair Harbour,Îles de Louis,,Screen Recording 2026-08-16 110227.mp4,2,CONFIRMED_FROM_VIDEO
Paper,7690.1,Port Antonio,124,,CONFIRMED_FROM_VIDEO,1,,Fair Harbour,Îles de Louis,,Screen Recording 2026-08-16 110227.mp4,8,CONFIRMED_FROM_VIDEO
Paper,829.5,Port Louis,57,,CONFIRMED_FROM_VIDEO,1,,Fair Harbour,Îles de Louis,,Screen Recording 2026-08-16 110227.mp4,3,CONFIRMED_FROM_VIDEO
Paper,7689.6,Port Royal,124,,CONFIRMED_FROM_VIDEO,1,,Fair Harbour,Îles de Louis,,Screen Recording 2026-08-16 110227.mp4,8,CONFIRMED_FROM_VIDEO
Paper,4155.6,Port-Au-Croix,89,,CONFIRMED_FROM_VIDEO,1,,Fair Harbour,Îles de Louis,,Screen Recording 2026-08-16 110227.mp4,3,CONFIRMED_FROM_VIDEO
Paper,4584.4,Princeton,93,,CONFIRMED_FROM_VIDEO,1,,Fair Harbour,Îles de Louis,,Screen Recording 2026-08-16 110227.mp4,5,CONFIRMED_FROM_VIDEO
Paper,10360.5,Puerto de San Fernando,150,,CONFIRMED_FROM_VIDEO,1,,Fair Harbour,Îles de Louis,,Screen Recording 2026-08-16 110227.mp4,3,CONFIRMED_FROM_VIDEO
Paper,1543.8,Saint Vincent,64,,CONFIRMED_FROM_VIDEO,1,,Fair Harbour,Îles de Louis,,Screen Recording 2026-08-16 110227.mp4,3,CONFIRMED_FROM_VIDEO
Paper,10360.2,Saint-Nicholas,150,,CONFIRMED_FROM_VIDEO,1,,Fair Harbour,Îles de Louis,,Screen Recording 2026-08-16 110227.mp4,4,CONFIRMED_FROM_VIDEO
Paper,6540.4,Sainte Rose,113,,CONFIRMED_FROM_VIDEO,1,,Fair Harbour,Îles de Louis,,Screen Recording 2026-08-16 110227.mp4,6,CONFIRMED_FROM_VIDEO
Paper,13549.8,San Polo,181,,CONFIRMED_FROM_VIDEO,1,,Fair Harbour,Îles de Louis,,Screen Recording 2026-08-16 110227.mp4,2,CONFIRMED_FROM_VIDEO
Paper,12572.4,San Salvador,171,,CONFIRMED_FROM_VIDEO,1,,Fair Harbour,Îles de Louis,,Screen Recording 2026-08-16 110227.mp4,2,CONFIRMED_FROM_VIDEO
Paper,10535.0,San Vito,151,,CONFIRMED_FROM_VIDEO,1,,Fair Harbour,Îles de Louis,,Screen Recording 2026-08-16 110227.mp4,4,CONFIRMED_FROM_VIDEO
Paper,10412.5,Sandy Settlement,150,,CONFIRMED_FROM_VIDEO,1,,Fair Harbour,Îles de Louis,,Screen Recording 2026-08-16 110227.mp4,4,CONFIRMED_FROM_VIDEO
Paper,12116.5,Santa Maria,167,,CONFIRMED_FROM_VIDEO,1,,Fair Harbour,Îles de Louis,,Screen Recording 2026-08-16 110227.mp4,2,CONFIRMED_FROM_VIDEO
Paper,11932.5,Sao Bento,165,,CONFIRMED_FROM_VIDEO,1,,Fair Harbour,Îles de Louis,,Screen Recording 2026-08-16 110227.mp4,2,CONFIRMED_FROM_VIDEO
Paper,3079.9,Snake Prosper,79,,CONFIRMED_FROM_VIDEO,1,,Fair Harbour,Îles de Louis,,Screen Recording 2026-08-16 110227.mp4,4,CONFIRMED_FROM_VIDEO
Paper,7787.3,Sugar Cove,125,,CONFIRMED_FROM_VIDEO,1,,Fair Harbour,Îles de Louis,,Screen Recording 2026-08-16 110227.mp4,6,CONFIRMED_FROM_VIDEO
Paper,9457.8,Taylor's Town,141,,CONFIRMED_FROM_VIDEO,1,,Fair Harbour,Îles de Louis,,Screen Recording 2026-08-16 110227.mp4,3,CONFIRMED_FROM_VIDEO
Paper,8447.8,Theresa,131,,CONFIRMED_FROM_VIDEO,1,,Fair Harbour,Îles de Louis,,Screen Recording 2026-08-16 110227.mp4,6,CONFIRMED_FROM_VIDEO
Paper,7034.2,Thresher Point,117,,CONFIRMED_FROM_VIDEO,1,,Fair Harbour,Îles de Louis,,Screen Recording 2026-08-16 110227.mp4,7,CONFIRMED_FROM_VIDEO
Paper,8598.3,Venta Nueva,133,,CONFIRMED_FROM_VIDEO,1,,Fair Harbour,Îles de Louis,,Screen Recording 2026-08-16 110227.mp4,4,CONFIRMED_FROM_VIDEO
Paper,7449.8,Villarreal Del Mar,121,,CONFIRMED_FROM_VIDEO,1,,Fair Harbour,Îles de Louis,,Screen Recording 2026-08-16 110227.mp4,7,CONFIRMED_FROM_VIDEO
Paper,3974.7,White Hook,88,,CONFIRMED_FROM_VIDEO,1,,Fair Harbour,Îles de Louis,,Screen Recording 2026-08-16 110227.mp4,5,CONFIRMED_FROM_VIDEO
Paper,2813.0,Wyntergard,76,,CONFIRMED_FROM_VIDEO,1,,Fair Harbour,Îles de Louis,,Screen Recording 2026-08-16 110227.mp4,5,CONFIRMED_FROM_VIDEO
Sugar,7173.9,Al-Jazair,146,,CONFIRMED_FROM_VIDEO,1,pooled_even_odd_wide,Falmouth,Kingston,,Screen Recording 2026-08-16 223317.mp4,6,CONFIRMED_FROM_VIDEO
Sugar,7316.7,Ashbourne,148,,CONFIRMED_FROM_VIDEO,1,pooled_even_odd_wide,Falmouth,Kingston,,Screen Recording 2026-08-16 223317.mp4,6,CONFIRMED_FROM_VIDEO
Sugar,6064.2,Belfry Heights,133,,CONFIRMED_FROM_VIDEO,1,pooled_even_odd_wide,Falmouth,Kingston,,Screen Recording 2026-08-16 223317.mp4,5,CONFIRMED_FROM_VIDEO
Sugar,5249.2,Bucket Bay,123,,CONFIRMED_FROM_VIDEO,1,pooled_even_odd_wide,Falmouth,Kingston,,Screen Recording 2026-08-16 223317.mp4,6,CONFIRMED_FROM_VIDEO
Sugar,9726.5,Caledonia,177,,CONFIRMED_FROM_VIDEO,1,pooled_even_odd_wide,Falmouth,Kingston,,Screen Recording 2026-08-16 223317.mp4,16,CONFIRMED_FROM_VIDEO
Sugar,9226.1,Castle Landing,171,,CONFIRMED_FROM_VIDEO,1,pooled_even_odd_wide,Falmouth,Kingston,,Screen Recording 2026-08-16 223317.mp4,9,CONFIRMED_FROM_VIDEO
Sugar,5647.4,Caveira,128,,CONFIRMED_FROM_VIDEO,1,pooled_even_odd_wide,Falmouth,Kingston,,Screen Recording 2026-08-16 223317.mp4,6,CONFIRMED_FROM_VIDEO
Sugar,5219.5,Caye Tiburon,123,,CONFIRMED_FROM_VIDEO,1,pooled_even_odd_wide,Falmouth,Kingston,,Screen Recording 2026-08-16 223317.mp4,4,CONFIRMED_FROM_VIDEO
Sugar,7762.6,Crownstead,153,,CONFIRMED_FROM_VIDEO,1,pooled_even_odd_wide,Falmouth,Kingston,,Screen Recording 2026-08-16 223317.mp4,8,CONFIRMED_FROM_VIDEO
Sugar,11517.5,Cumberland Hill,198,,CONFIRMED_FROM_VIDEO,2,pooled_even_odd_wide,Falmouth,Kingston,,Screen Recording 2026-08-16 223317.mp4,3,CONFIRMED_FROM_VIDEO
Sugar,9554.2,Deadman's Murcia,175,,CONFIRMED_FROM_VIDEO,1,pooled_even_odd_wide,Falmouth,Kingston,,Screen Recording 2026-08-16 223317.mp4,7,CONFIRMED_FROM_VIDEO
Sugar,6579.3,Fair Harbour,139,,CONFIRMED_FROM_VIDEO,1,pooled_even_odd_wide,Falmouth,Kingston,,Screen Recording 2026-08-16 223317.mp4,6,CONFIRMED_FROM_VIDEO
Sugar,9130.6,Gyldenvale,170,,CONFIRMED_FROM_VIDEO,1,pooled_even_odd_wide,Falmouth,Kingston,,Screen Recording 2026-08-16 223317.mp4,9,CONFIRMED_FROM_VIDEO
Sugar,10631.5,Jones' Outpost,188,,CONFIRMED_FROM_VIDEO,2,pooled_even_odd_wide,Falmouth,Kingston,,Screen Recording 2026-08-16 223317.mp4,6,CONFIRMED_FROM_VIDEO
Sugar,10019.9,Kandlerova,180,,CONFIRMED_FROM_VIDEO,1,pooled_even_odd_wide,Falmouth,Kingston,,Screen Recording 2026-08-16 223317.mp4,3,CONFIRMED_FROM_VIDEO
Sugar,8629.5,La Povenglia,164,,CONFIRMED_FROM_VIDEO,1,pooled_even_odd_wide,Falmouth,Kingston,,Screen Recording 2026-08-16 223317.mp4,9,CONFIRMED_FROM_VIDEO
Sugar,7937.4,Lebarde,155,,CONFIRMED_FROM_VIDEO,1,pooled_even_odd_wide,Falmouth,Kingston,,Screen Recording 2026-08-16 223317.mp4,12,CONFIRMED_FROM_VIDEO
Sugar,4417.9,Lord Irving's Sacrifice,113,,CONFIRMED_FROM_VIDEO,1,pooled_even_odd_wide,Falmouth,Kingston,,Screen Recording 2026-08-16 223317.mp4,5,CONFIRMED_FROM_VIDEO
Sugar,5483.8,Louisbourg,126,,CONFIRMED_FROM_VIDEO,2,pooled_even_odd_wide,Falmouth,Kingston,,Screen Recording 2026-08-16 223317.mp4,4,CONFIRMED_FROM_VIDEO
Sugar,7479.2,Madalena,150,,CONFIRMED_FROM_VIDEO,1,pooled_even_odd_wide,Falmouth,Kingston,,Screen Recording 2026-08-16 223317.mp4,8,CONFIRMED_FROM_VIDEO
Sugar,5173.5,Mako's Outlook,122,,CONFIRMED_FROM_VIDEO,1,pooled_even_odd_wide,Falmouth,Kingston,,Screen Recording 2026-08-16 223317.mp4,3,CONFIRMED_FROM_VIDEO
Sugar,4444.3,Matthew's Rest,113,,CONFIRMED_FROM_VIDEO,2,pooled_even_odd_wide,Falmouth,Kingston,,Screen Recording 2026-08-16 223317.mp4,5,CONFIRMED_FROM_VIDEO
Sugar,4972.3,Maurepas,120,,CONFIRMED_FROM_VIDEO,1,pooled_even_odd_wide,Falmouth,Kingston,,Screen Recording 2026-08-16 223317.mp4,3,CONFIRMED_FROM_VIDEO
Sugar,5623.1,New Brighton,127,,CONFIRMED_FROM_VIDEO,1,pooled_even_odd_wide,Falmouth,Kingston,,Screen Recording 2026-08-16 223317.mp4,4,CONFIRMED_FROM_VIDEO
Sugar,11409.6,New Catalina,197,,CONFIRMED_FROM_VIDEO,2,pooled_even_odd_wide,Falmouth,Kingston,,Screen Recording 2026-08-16 223317.mp4,6,CONFIRMED_FROM_VIDEO
Sugar,3446.7,Pachard Town,101,,CONFIRMED_FROM_VIDEO,2,pooled_even_odd_wide,Falmouth,Kingston,,Screen Recording 2026-08-16 223317.mp4,7,CONFIRMED_FROM_VIDEO
Sugar,8934.0,Peter's Cove,167,,CONFIRMED_FROM_VIDEO,1,pooled_even_odd_wide,Falmouth,Kingston,,Screen Recording 2026-08-16 223317.mp4,9,CONFIRMED_FROM_VIDEO
Sugar,7073.1,Petit Anvers,145,,CONFIRMED_FROM_VIDEO,1,pooled_even_odd_wide,Falmouth,Kingston,,Screen Recording 2026-08-16 223317.mp4,5,CONFIRMED_FROM_VIDEO
Sugar,5984.3,Poblado de San Juan,132,,CONFIRMED_FROM_VIDEO,4,pooled_even_odd_wide,Falmouth,Kingston,,Screen Recording 2026-08-16 223317.mp4,2,CONFIRMED_FROM_VIDEO
Sugar,2288.2,Point Rocheux,87,,CONFIRMED_FROM_VIDEO,2,pooled_even_odd_wide,Falmouth,Kingston,,Screen Recording 2026-08-16 223317.mp4,5,CONFIRMED_FROM_VIDEO
Sugar,7643.3,Ponta Delgada,152,,CONFIRMED_FROM_VIDEO,1,pooled_even_odd_wide,Falmouth,Kingston,,Screen Recording 2026-08-16 223317.mp4,8,CONFIRMED_FROM_VIDEO
Sugar,1111.1,Port Antonio,73,,CONFIRMED_FROM_VIDEO,1,pooled_even_odd_wide,Falmouth,Kingston,,Screen Recording 2026-08-16 223317.mp4,3,CONFIRMED_FROM_VIDEO
Sugar,7101.7,Port Louis,145,,CONFIRMED_FROM_VIDEO,1,pooled_even_odd_wide,Falmouth,Kingston,,Screen Recording 2026-08-16 223317.mp4,4,CONFIRMED_FROM_VIDEO
Sugar,2496.4,Port Royal,90,,CONFIRMED_FROM_VIDEO,1,pooled_even_odd_wide,Falmouth,Kingston,,Screen Recording 2026-08-16 223317.mp4,8,CONFIRMED_FROM_VIDEO
Sugar,2808.6,Port-Au-Croix,94,,CONFIRMED_FROM_VIDEO,1,pooled_even_odd_wide,Falmouth,Kingston,,Screen Recording 2026-08-16 223317.mp4,8,CONFIRMED_FROM_VIDEO
Sugar,7810.7,Princeton,154,,CONFIRMED_FROM_VIDEO,1,pooled_even_odd_wide,Falmouth,Kingston,,Screen Recording 2026-08-16 223317.mp4,6,CONFIRMED_FROM_VIDEO
Sugar,3783.3,Puerto de San Fernando,105,,CONFIRMED_FROM_VIDEO,1,pooled_even_odd_wide,Falmouth,Kingston,,Screen Recording 2026-08-16 223317.mp4,8,CONFIRMED_FROM_VIDEO
Sugar,7414.1,Saint Vincent,149,,CONFIRMED_FROM_VIDEO,1,pooled_even_odd_wide,Falmouth,Kingston,,Screen Recording 2026-08-16 223317.mp4,6,CONFIRMED_FROM_VIDEO
Sugar,10353.1,Saint-Nicholas,184,,CONFIRMED_FROM_VIDEO,2,pooled_even_odd_wide,Falmouth,Kingston,,Screen Recording 2026-08-16 223317.mp4,6,CONFIRMED_FROM_VIDEO
Sugar,6032.8,Sainte Rose,132,,CONFIRMED_FROM_VIDEO,1,pooled_even_odd_wide,Falmouth,Kingston,,Screen Recording 2026-08-16 223317.mp4,6,CONFIRMED_FROM_VIDEO
Sugar,9370.2,San Polo,172,,CONFIRMED_FROM_VIDEO,1,pooled_even_odd_wide,Falmouth,Kingston,,Screen Recording 2026-08-16 223317.mp4,7,CONFIRMED_FROM_VIDEO
Sugar,6524.5,San Salvador,138,,CONFIRMED_FROM_VIDEO,1,pooled_even_odd_wide,Falmouth,Kingston,,Screen Recording 2026-08-16 223317.mp4,6,CONFIRMED_FROM_VIDEO
Sugar,6911.8,San Vito,143,,CONFIRMED_FROM_VIDEO,1,pooled_even_odd_wide,Falmouth,Kingston,,Screen Recording 2026-08-16 223317.mp4,6,CONFIRMED_FROM_VIDEO
Sugar,10067.3,Sandy Settlement,181,,CONFIRMED_FROM_VIDEO,1,pooled_even_odd_wide,Falmouth,Kingston,,Screen Recording 2026-08-16 223317.mp4,3,CONFIRMED_FROM_VIDEO
Sugar,5645.3,Santa Maria,128,,CONFIRMED_FROM_VIDEO,1,pooled_even_odd_wide,Falmouth,Kingston,,Screen Recording 2026-08-16 223317.mp4,6,CONFIRMED_FROM_VIDEO
Sugar,6456.5,Sao Bento,137,,CONFIRMED_FROM_VIDEO,2,pooled_even_odd_wide,Falmouth,Kingston,,Screen Recording 2026-08-16 223317.mp4,2,CONFIRMED_FROM_VIDEO
Sugar,9333.0,Snake Prosper,172,,CONFIRMED_FROM_VIDEO,1,pooled_even_odd_wide,Falmouth,Kingston,,Screen Recording 2026-08-16 223317.mp4,7,CONFIRMED_FROM_VIDEO
Sugar,12406.6,Sugar Cove,209,,CONFIRMED_FROM_VIDEO,2,pooled_even_odd_wide,Falmouth,Kingston,,Screen Recording 2026-08-16 223317.mp4,6,CONFIRMED_FROM_VIDEO
Sugar,10387.1,Taylor's Town,185,,CONFIRMED_FROM_VIDEO,2,pooled_even_odd_wide,Falmouth,Kingston,,Screen Recording 2026-08-16 223317.mp4,6,CONFIRMED_FROM_VIDEO
Sugar,2014.7,Theresa,84,,CONFIRMED_FROM_VIDEO,2,pooled_even_odd_wide,Falmouth,Kingston,,Screen Recording 2026-08-16 223317.mp4,3,CONFIRMED_FROM_VIDEO
Sugar,6376.4,Thresher Point,137,,CONFIRMED_FROM_VIDEO,1,pooled_even_odd_wide,Falmouth,Kingston,,Screen Recording 2026-08-16 223317.mp4,4,CONFIRMED_FROM_VIDEO
Sugar,3065.0,Venta Nueva,97,,CONFIRMED_FROM_VIDEO,1,pooled_even_odd_wide,Falmouth,Kingston,,Screen Recording 2026-08-16 223317.mp4,8,CONFIRMED_FROM_VIDEO
Sugar,1807.4,Villarreal Del Mar,82,,CONFIRMED_FROM_VIDEO,1,pooled_even_odd_wide,Falmouth,Kingston,,Screen Recording 2026-08-16 223317.mp4,6,CONFIRMED_FROM_VIDEO
Sugar,10422.3,White Hook,185,,CONFIRMED_FROM_VIDEO,2,pooled_even_odd_wide,Falmouth,Kingston,,Screen Recording 2026-08-16 223317.mp4,6,CONFIRMED_FROM_VIDEO
Sugar,8367.1,Wyntergard,160,,CONFIRMED_FROM_VIDEO,1,pooled_even_odd_wide,Falmouth,Kingston,,Screen Recording 2026-08-16 223317.mp4,13,CONFIRMED_FROM_VIDEO
Sugar,5424.8,Yorinobu's Settlement,125,,CONFIRMED_FROM_VIDEO,,,Falmouth,Kingston,Visually verified from long-video segment 978-1012s; not inferred.,Screen Recording 2026-08-16 223317.mp4,1,CONFIRMED_FROM_VIDEO
Grapes,4495.6,Al-Jazair,166,,CONFIRMED_FROM_VIDEO,1,,Griffard's Rock,Griffard's Rock,,Screen Recording 2026-08-16 205504.mp4,3,CONFIRMED_FROM_VIDEO
Grapes,6578.2,Ashbourne,203,,CONFIRMED_FROM_VIDEO,2,,Griffard's Rock,Griffard's Rock,,Screen Recording 2026-08-16 205504.mp4,8,CONFIRMED_FROM_VIDEO
Grapes,3669.0,Belfry Heights,152,,CONFIRMED_FROM_VIDEO,1,,Griffard's Rock,Griffard's Rock,,Screen Recording 2026-08-16 205504.mp4,6,CONFIRMED_FROM_VIDEO
Grapes,3774.3,Bucket Bay,154,,CONFIRMED_FROM_VIDEO,1,,Griffard's Rock,Griffard's Rock,,Screen Recording 2026-08-16 205504.mp4,3,CONFIRMED_FROM_VIDEO
Grapes,7396.0,Caledonia,217,,CONFIRMED_FROM_VIDEO,1,,Griffard's Rock,Griffard's Rock,,Screen Recording 2026-08-16 205504.mp4,7,CONFIRMED_FROM_VIDEO
Grapes,6143.0,Castle Landing,195,,CONFIRMED_FROM_VIDEO,3,,Griffard's Rock,Griffard's Rock,,Screen Recording 2026-08-16 205504.mp4,6,CONFIRMED_FROM_VIDEO
Grapes,8678.8,Caveira,239,,CONFIRMED_FROM_VIDEO,1,,Griffard's Rock,Griffard's Rock,,Screen Recording 2026-08-16 205504.mp4,3,CONFIRMED_FROM_VIDEO
Grapes,2363.0,Caye Tiburon,129,,CONFIRMED_FROM_VIDEO,1,,Griffard's Rock,Griffard's Rock,,Screen Recording 2026-08-16 205504.mp4,2,CONFIRMED_FROM_VIDEO
Grapes,7265.3,Crownstead,215,,CONFIRMED_FROM_VIDEO,1,,Griffard's Rock,Griffard's Rock,,Screen Recording 2026-08-16 205504.mp4,7,CONFIRMED_FROM_VIDEO
Grapes,7429.5,Deadman's Murcia,218,,CONFIRMED_FROM_VIDEO,1,,Griffard's Rock,Griffard's Rock,,Screen Recording 2026-08-16 205504.mp4,6,CONFIRMED_FROM_VIDEO
Grapes,4880.9,Fair Harbour,173,,CONFIRMED_FROM_VIDEO,1,,Griffard's Rock,Griffard's Rock,,Screen Recording 2026-08-16 205504.mp4,3,CONFIRMED_FROM_VIDEO
Grapes,3088.1,Falmouth,142,,CONFIRMED_FROM_VIDEO,1,,Griffard's Rock,Griffard's Rock,,Screen Recording 2026-08-16 205504.mp4,4,CONFIRMED_FROM_VIDEO
Grapes,8488.4,Gyldenvale,236,,CONFIRMED_FROM_VIDEO,1,,Griffard's Rock,Griffard's Rock,,Screen Recording 2026-08-16 205504.mp4,7,CONFIRMED_FROM_VIDEO
Grapes,7722.1,Jones' Outpost,223,,CONFIRMED_FROM_VIDEO,1,,Griffard's Rock,Griffard's Rock,,Screen Recording 2026-08-16 205504.mp4,6,CONFIRMED_FROM_VIDEO
Grapes,9677.6,Kandlerova,257,,CONFIRMED_FROM_VIDEO,1,,Griffard's Rock,Griffard's Rock,,Screen Recording 2026-08-16 205504.mp4,2,CONFIRMED_FROM_VIDEO
Grapes,7460.3,La Povenglia,218,,CONFIRMED_FROM_VIDEO,2,,Griffard's Rock,Griffard's Rock,,Screen Recording 2026-08-16 205504.mp4,5,CONFIRMED_FROM_VIDEO
Grapes,4866.0,Lebarde,173,,CONFIRMED_FROM_VIDEO,2,,Griffard's Rock,Griffard's Rock,,Screen Recording 2026-08-16 205504.mp4,2,CONFIRMED_FROM_VIDEO
Grapes,3413.2,Lord Irving's Sacrifice,147,,CONFIRMED_FROM_VIDEO,1,,Griffard's Rock,Griffard's Rock,,Screen Recording 2026-08-16 205504.mp4,6,CONFIRMED_FROM_VIDEO
Grapes,6582.4,Louisbourg,203,,CONFIRMED_FROM_VIDEO,1,,Griffard's Rock,Griffard's Rock,,Screen Recording 2026-08-16 205504.mp4,7,CONFIRMED_FROM_VIDEO
Grapes,10545.9,Madalena,272,,CONFIRMED_FROM_VIDEO,1,,Griffard's Rock,Griffard's Rock,,Screen Recording 2026-08-16 205504.mp4,2,CONFIRMED_FROM_VIDEO
Grapes,3887.0,Mako's Outlook,156,,CONFIRMED_FROM_VIDEO,1,,Griffard's Rock,Griffard's Rock,,Screen Recording 2026-08-16 205504.mp4,4,CONFIRMED_FROM_VIDEO
Grapes,3406.7,Matthew's Rest,147,,CONFIRMED_FROM_VIDEO,1,,Griffard's Rock,Griffard's Rock,,Screen Recording 2026-08-16 205504.mp4,6,CONFIRMED_FROM_VIDEO
Grapes,5783.1,Maurepas,189,,CONFIRMED_FROM_VIDEO,1,,Griffard's Rock,Griffard's Rock,,Screen Recording 2026-08-16 205504.mp4,3,CONFIRMED_FROM_VIDEO
Grapes,2839.2,New Brighton,137,,CONFIRMED_FROM_VIDEO,2,,Griffard's Rock,Griffard's Rock,,Screen Recording 2026-08-16 205504.mp4,2,CONFIRMED_FROM_VIDEO
Grapes,8407.9,New Catalina,235,,CONFIRMED_FROM_VIDEO,1,,Griffard's Rock,Griffard's Rock,,Screen Recording 2026-08-16 205504.mp4,7,CONFIRMED_FROM_VIDEO
Grapes,2915.1,Pachard Town,139,,CONFIRMED_FROM_VIDEO,1,,Griffard's Rock,Griffard's Rock,,Screen Recording 2026-08-16 205504.mp4,4,CONFIRMED_FROM_VIDEO
Grapes,6430.7,Peter's Cove,200,,CONFIRMED_FROM_VIDEO,1,,Griffard's Rock,Griffard's Rock,,Screen Recording 2026-08-16 205504.mp4,7,CONFIRMED_FROM_VIDEO
Grapes,7983.2,Petit Anvers,227,,CONFIRMED_FROM_VIDEO,1,,Griffard's Rock,Griffard's Rock,,Screen Recording 2026-08-16 205504.mp4,7,CONFIRMED_FROM_VIDEO
Grapes,8109.5,Poblado de San Juan,229,,CONFIRMED_FROM_VIDEO,1,,Griffard's Rock,Griffard's Rock,,Screen Recording 2026-08-16 205504.mp4,6,CONFIRMED_FROM_VIDEO
Grapes,3826.9,Point Rocheux,154,,CONFIRMED_FROM_VIDEO,1,,Griffard's Rock,Griffard's Rock,,Screen Recording 2026-08-16 205504.mp4,4,CONFIRMED_FROM_VIDEO
Grapes,10658.7,Ponta Delgada,274,,CONFIRMED_FROM_VIDEO,1,,Griffard's Rock,Griffard's Rock,,Screen Recording 2026-08-16 205504.mp4,2,CONFIRMED_FROM_VIDEO
Grapes,3974.2,Port Antonio,157,,CONFIRMED_FROM_VIDEO,1,,Griffard's Rock,Griffard's Rock,,Screen Recording 2026-08-16 205504.mp4,4,CONFIRMED_FROM_VIDEO
Grapes,5630.2,Port Louis,186,,CONFIRMED_FROM_VIDEO,1,,Griffard's Rock,Griffard's Rock,,Screen Recording 2026-08-16 205504.mp4,4,CONFIRMED_FROM_VIDEO
Grapes,2942.8,Port Royal,139,,CONFIRMED_FROM_VIDEO,1,,Griffard's Rock,Griffard's Rock,,Screen Recording 2026-08-16 205504.mp4,4,CONFIRMED_FROM_VIDEO
Grapes,3301.6,Port-Au-Croix,145,,CONFIRMED_FROM_VIDEO,1,,Griffard's Rock,Griffard's Rock,,Screen Recording 2026-08-16 205504.mp4,6,CONFIRMED_FROM_VIDEO
Grapes,4779.5,Princeton,171,,CONFIRMED_FROM_VIDEO,1,,Griffard's Rock,Griffard's Rock,,Screen Recording 2026-08-16 205504.mp4,3,CONFIRMED_FROM_VIDEO
Grapes,6418.1,Puerto de San Fernando,200,,CONFIRMED_FROM_VIDEO,1,,Griffard's Rock,Griffard's Rock,,Screen Recording 2026-08-16 205504.mp4,7,CONFIRMED_FROM_VIDEO
Grapes,5143.2,Saint Vincent,178,,CONFIRMED_FROM_VIDEO,1,,Griffard's Rock,Griffard's Rock,,Screen Recording 2026-08-16 205504.mp4,3,CONFIRMED_FROM_VIDEO
Grapes,7732.2,Saint-Nicholas,223,,CONFIRMED_FROM_VIDEO,1,,Griffard's Rock,Griffard's Rock,,Screen Recording 2026-08-16 205504.mp4,6,CONFIRMED_FROM_VIDEO
Grapes,7528.3,Sainte Rose,219,,CONFIRMED_FROM_VIDEO,1,,Griffard's Rock,Griffard's Rock,,Screen Recording 2026-08-16 205504.mp4,6,CONFIRMED_FROM_VIDEO
Grapes,8845.9,San Polo,242,,CONFIRMED_FROM_VIDEO,1,,Griffard's Rock,Griffard's Rock,,Screen Recording 2026-08-16 205504.mp4,4,CONFIRMED_FROM_VIDEO
Grapes,7811.9,San Salvador,224,,CONFIRMED_FROM_VIDEO,1,,Griffard's Rock,Griffard's Rock,,Screen Recording 2026-08-16 205504.mp4,6,CONFIRMED_FROM_VIDEO
Grapes,5899.9,San Vito,191,,CONFIRMED_FROM_VIDEO,1,,Griffard's Rock,Griffard's Rock,,Screen Recording 2026-08-16 205504.mp4,4,CONFIRMED_FROM_VIDEO
Grapes,7540.6,Sandy Settlement,219,,CONFIRMED_FROM_VIDEO,1,,Griffard's Rock,Griffard's Rock,,Screen Recording 2026-08-16 205504.mp4,5,CONFIRMED_FROM_VIDEO
Grapes,7678.9,Santa Maria,222,,CONFIRMED_FROM_VIDEO,1,,Griffard's Rock,Griffard's Rock,,Screen Recording 2026-08-16 205504.mp4,6,CONFIRMED_FROM_VIDEO
Grapes,9541.6,Sao Bento,254,,CONFIRMED_FROM_VIDEO,2,,Griffard's Rock,Griffard's Rock,,Screen Recording 2026-08-16 205504.mp4,2,CONFIRMED_FROM_VIDEO
Grapes,7004.3,Snake Prosper,210,,CONFIRMED_FROM_VIDEO,1,,Griffard's Rock,Griffard's Rock,,Screen Recording 2026-08-16 205504.mp4,6,CONFIRMED_FROM_VIDEO
Grapes,9397.1,Sugar Cove,252,,CONFIRMED_FROM_VIDEO,1,,Griffard's Rock,Griffard's Rock,,Screen Recording 2026-08-16 205504.mp4,3,CONFIRMED_FROM_VIDEO
Grapes,7527.2,Taylor's Town,219,,CONFIRMED_FROM_VIDEO,1,,Griffard's Rock,Griffard's Rock,,Screen Recording 2026-08-16 205504.mp4,6,CONFIRMED_FROM_VIDEO
Grapes,4236.8,Theresa,162,,CONFIRMED_FROM_VIDEO,1,,Griffard's Rock,Griffard's Rock,,Screen Recording 2026-08-16 205504.mp4,4,CONFIRMED_FROM_VIDEO
Grapes,3674.1,Thresher Point,152,,CONFIRMED_FROM_VIDEO,1,,Griffard's Rock,Griffard's Rock,,Screen Recording 2026-08-16 205504.mp4,4,CONFIRMED_FROM_VIDEO
Grapes,6108.9,Venta Nueva,194,,CONFIRMED_FROM_VIDEO,1,,Griffard's Rock,Griffard's Rock,,Screen Recording 2026-08-16 205504.mp4,4,CONFIRMED_FROM_VIDEO
Grapes,4800.4,Villarreal Del Mar,172,,CONFIRMED_FROM_VIDEO,1,,Griffard's Rock,Griffard's Rock,,Screen Recording 2026-08-16 205504.mp4,3,CONFIRMED_FROM_VIDEO
Grapes,8188.4,White Hook,231,,CONFIRMED_FROM_VIDEO,1,,Griffard's Rock,Griffard's Rock,,Screen Recording 2026-08-16 205504.mp4,5,CONFIRMED_FROM_VIDEO
Grapes,7397.7,Wyntergard,217,,CONFIRMED_FROM_VIDEO,1,,Griffard's Rock,Griffard's Rock,,Screen Recording 2026-08-16 205504.mp4,7,CONFIRMED_FROM_VIDEO
Wheat,6535.7,Al-Jazair,205,,CONFIRMED_FROM_VIDEO,1,,Gyldenvale,Vysarian Isles,,Screen Recording 2026-08-16 104156.mp4,6,CONFIRMED_FROM_VIDEO
Wheat,1914.0,Ashbourne,123,,CONFIRMED_FROM_VIDEO,1,,Gyldenvale,Vysarian Isles,,Screen Recording 2026-08-16 104156.mp4,2,CONFIRMED_FROM_VIDEO
Wheat,11560.9,Belfry Heights,294,,CONFIRMED_FROM_VIDEO,1,,Gyldenvale,Vysarian Isles,,Screen Recording 2026-08-16 104156.mp4,5,CONFIRMED_FROM_VIDEO
Wheat,4769.9,Bucket Bay,173,,CONFIRMED_FROM_VIDEO,1,,Gyldenvale,Vysarian Isles,,Screen Recording 2026-08-16 104156.mp4,4,CONFIRMED_FROM_VIDEO
Wheat,5493.9,Caledonia,186,,CONFIRMED_FROM_VIDEO,1,,Gyldenvale,Vysarian Isles,,Screen Recording 2026-08-16 104156.mp4,6,CONFIRMED_FROM_VIDEO
Wheat,9951.0,Castle Landing,265,,CONFIRMED_FROM_VIDEO,2,,Gyldenvale,Vysarian Isles,,Screen Recording 2026-08-16 104156.mp4,3,CONFIRMED_FROM_VIDEO
Wheat,13226.9,Caveira,324,,CONFIRMED_FROM_VIDEO,1,,Gyldenvale,Vysarian Isles,,Screen Recording 2026-08-16 104156.mp4,5,CONFIRMED_FROM_VIDEO
Wheat,9941.2,Caye Tiburon,265,,CONFIRMED_FROM_VIDEO,1,,Gyldenvale,Vysarian Isles,,Screen Recording 2026-08-16 104156.mp4,4,CONFIRMED_FROM_VIDEO
Wheat,1374.6,Crownstead,113,,CONFIRMED_FROM_VIDEO,1,,Gyldenvale,Vysarian Isles,,Screen Recording 2026-08-16 104156.mp4,2,CONFIRMED_FROM_VIDEO
Wheat,4686.6,Deadman's Murcia,172,,CONFIRMED_FROM_VIDEO,1,,Gyldenvale,Vysarian Isles,,Screen Recording 2026-08-16 104156.mp4,3,CONFIRMED_FROM_VIDEO
Wheat,4093.4,Fair Harbour,161,,CONFIRMED_FROM_VIDEO,1,,Gyldenvale,Vysarian Isles,,Screen Recording 2026-08-16 104156.mp4,2,CONFIRMED_FROM_VIDEO
Wheat,9130.6,Falmouth,251,,CONFIRMED_FROM_VIDEO,1,,Gyldenvale,Vysarian Isles,,Screen Recording 2026-08-16 104156.mp4,5,CONFIRMED_FROM_VIDEO
Wheat,8726.9,Jones' Outpost,244,,CONFIRMED_FROM_VIDEO,2,,Gyldenvale,Vysarian Isles,,Screen Recording 2026-08-16 104156.mp4,4,CONFIRMED_FROM_VIDEO
Wheat,18165.6,Kandlerova,411,,CONFIRMED_FROM_VIDEO,1,,Gyldenvale,Vysarian Isles,,Screen Recording 2026-08-16 104156.mp4,2,CONFIRMED_FROM_VIDEO
Wheat,15837.7,La Povenglia,370,,CONFIRMED_FROM_VIDEO,1,,Gyldenvale,Vysarian Isles,,Screen Recording 2026-08-16 104156.mp4,4,CONFIRMED_FROM_VIDEO
Wheat,10193.5,Lebarde,270,,CONFIRMED_FROM_VIDEO,1,,Gyldenvale,Vysarian Isles,,Screen Recording 2026-08-16 104156.mp4,4,CONFIRMED_FROM_VIDEO
Wheat,11899.1,Lord Irving's Sacrifice,300,,CONFIRMED_FROM_VIDEO,1,,Gyldenvale,Vysarian Isles,,Screen Recording 2026-08-16 104156.mp4,6,CONFIRMED_FROM_VIDEO
Wheat,5002.5,Louisbourg,178,,CONFIRMED_FROM_VIDEO,1,,Gyldenvale,Vysarian Isles,,Screen Recording 2026-08-16 104156.mp4,5,CONFIRMED_FROM_VIDEO
Wheat,14387.2,Madalena,344,,CONFIRMED_FROM_VIDEO,1,,Gyldenvale,Vysarian Isles,,Screen Recording 2026-08-16 104156.mp4,6,CONFIRMED_FROM_VIDEO
Wheat,12355.4,Mako's Outlook,308,,CONFIRMED_FROM_VIDEO,1,,Gyldenvale,Vysarian Isles,,Screen Recording 2026-08-16 104156.mp4,5,CONFIRMED_FROM_VIDEO
Wheat,5110.1,Matthew's Rest,179,,CONFIRMED_FROM_VIDEO,1,,Gyldenvale,Vysarian Isles,,Screen Recording 2026-08-16 104156.mp4,4,CONFIRMED_FROM_VIDEO
Wheat,4781.7,Maurepas,174,,CONFIRMED_FROM_VIDEO,2,,Gyldenvale,Vysarian Isles,,Screen Recording 2026-08-16 104156.mp4,5,CONFIRMED_FROM_VIDEO
Wheat,7062.9,New Brighton,214,,CONFIRMED_FROM_VIDEO,2,,Gyldenvale,Vysarian Isles,,Screen Recording 2026-08-16 104156.mp4,5,CONFIRMED_FROM_VIDEO
Wheat,9954.3,New Catalina,265,,CONFIRMED_FROM_VIDEO,1,,Gyldenvale,Vysarian Isles,,Screen Recording 2026-08-16 104156.mp4,4,CONFIRMED_FROM_VIDEO
Wheat,5885.8,Pachard Town,193,,CONFIRMED_FROM_VIDEO,1,,Gyldenvale,Vysarian Isles,,Screen Recording 2026-08-16 104156.mp4,6,CONFIRMED_FROM_VIDEO
Wheat,13619.2,Peter's Cove,330,,CONFIRMED_FROM_VIDEO,1,,Gyldenvale,Vysarian Isles,,Screen Recording 2026-08-16 104156.mp4,6,CONFIRMED_FROM_VIDEO
Wheat,4299.6,Petit Anvers,165,,CONFIRMED_FROM_VIDEO,1,,Gyldenvale,Vysarian Isles,,Screen Recording 2026-08-16 104156.mp4,3,CONFIRMED_FROM_VIDEO
Wheat,15037.9,Poblado de San Juan,356,,CONFIRMED_FROM_VIDEO,1,,Gyldenvale,Vysarian Isles,,Screen Recording 2026-08-16 104156.mp4,5,CONFIRMED_FROM_VIDEO
Wheat,7045.8,Point Rocheux,214,,CONFIRMED_FROM_VIDEO,2,,Gyldenvale,Vysarian Isles,,Screen Recording 2026-08-16 104156.mp4,5,CONFIRMED_FROM_VIDEO
Wheat,12596.8,Ponta Delgada,312,,CONFIRMED_FROM_VIDEO,1,,Gyldenvale,Vysarian Isles,,Screen Recording 2026-08-16 104156.mp4,5,CONFIRMED_FROM_VIDEO
Wheat,10145.8,Port Antonio,269,,CONFIRMED_FROM_VIDEO,1,,Gyldenvale,Vysarian Isles,,Screen Recording 2026-08-16 104156.mp4,5,CONFIRMED_FROM_VIDEO
Wheat,3281.7,Port Louis,147,,CONFIRMED_FROM_VIDEO,1,,Gyldenvale,Vysarian Isles,,Screen Recording 2026-08-16 104156.mp4,2,CONFIRMED_FROM_VIDEO
Wheat,10927.8,Port Royal,283,,CONFIRMED_FROM_VIDEO,1,,Gyldenvale,Vysarian Isles,,Screen Recording 2026-08-16 104156.mp4,4,CONFIRMED_FROM_VIDEO
Wheat,6322.1,Port-Au-Croix,201,,CONFIRMED_FROM_VIDEO,3,,Gyldenvale,Vysarian Isles,,Screen Recording 2026-08-16 104156.mp4,6,CONFIRMED_FROM_VIDEO
Wheat,8511.3,Princeton,240,,CONFIRMED_FROM_VIDEO,1,,Gyldenvale,Vysarian Isles,,Screen Recording 2026-08-16 104156.mp4,5,CONFIRMED_FROM_VIDEO
Wheat,12635.6,Puerto de San Fernando,313,,CONFIRMED_FROM_VIDEO,1,,Gyldenvale,Vysarian Isles,,Screen Recording 2026-08-16 104156.mp4,3,CONFIRMED_FROM_VIDEO
Wheat,5173.4,Saint Vincent,181,,CONFIRMED_FROM_VIDEO,1,,Gyldenvale,Vysarian Isles,,Screen Recording 2026-08-16 104156.mp4,4,CONFIRMED_FROM_VIDEO
Wheat,14431.2,Saint-Nicholas,345,,CONFIRMED_FROM_VIDEO,2,,Gyldenvale,Vysarian Isles,,Screen Recording 2026-08-16 104156.mp4,6,CONFIRMED_FROM_VIDEO
Wheat,5787.8,Sainte Rose,191,,CONFIRMED_FROM_VIDEO,1,,Gyldenvale,Vysarian Isles,,Screen Recording 2026-08-16 104156.mp4,6,CONFIRMED_FROM_VIDEO
Wheat,17331.7,San Polo,396,,CONFIRMED_FROM_VIDEO,2,,Gyldenvale,Vysarian Isles,,Screen Recording 2026-08-16 104156.mp4,2,CONFIRMED_FROM_VIDEO
Wheat,15609.1,San Salvador,366,,CONFIRMED_FROM_VIDEO,1,,Gyldenvale,Vysarian Isles,,Screen Recording 2026-08-16 104156.mp4,4,CONFIRMED_FROM_VIDEO
Wheat,14359.7,San Vito,344,,CONFIRMED_FROM_VIDEO,1,,Gyldenvale,Vysarian Isles,,Screen Recording 2026-08-16 104156.mp4,5,CONFIRMED_FROM_VIDEO
Wheat,14498.4,Sandy Settlement,346,,CONFIRMED_FROM_VIDEO,2,,Gyldenvale,Vysarian Isles,,Screen Recording 2026-08-16 104156.mp4,7,CONFIRMED_FROM_VIDEO
Wheat,14737.1,Santa Maria,350,,CONFIRMED_FROM_VIDEO,1,,Gyldenvale,Vysarian Isles,,Screen Recording 2026-08-16 104156.mp4,6,CONFIRMED_FROM_VIDEO
Wheat,12759.7,Sao Bento,315,,CONFIRMED_FROM_VIDEO,1,,Gyldenvale,Vysarian Isles,,Screen Recording 2026-08-16 104156.mp4,5,CONFIRMED_FROM_VIDEO
Wheat,5391.8,Snake Prosper,184,,CONFIRMED_FROM_VIDEO,1,,Gyldenvale,Vysarian Isles,,Screen Recording 2026-08-16 104156.mp4,6,CONFIRMED_FROM_VIDEO
Wheat,10681.4,Sugar Cove,278,,CONFIRMED_FROM_VIDEO,1,,Gyldenvale,Vysarian Isles,,Screen Recording 2026-08-16 104156.mp4,4,CONFIRMED_FROM_VIDEO
Wheat,13464.4,Taylor's Town,328,,CONFIRMED_FROM_VIDEO,1,,Gyldenvale,Vysarian Isles,,Screen Recording 2026-08-16 104156.mp4,4,CONFIRMED_FROM_VIDEO
Wheat,11144.9,Theresa,287,,CONFIRMED_FROM_VIDEO,1,,Gyldenvale,Vysarian Isles,,Screen Recording 2026-08-16 104156.mp4,4,CONFIRMED_FROM_VIDEO
Wheat,11098.5,Thresher Point,286,,CONFIRMED_FROM_VIDEO,2,,Gyldenvale,Vysarian Isles,,Screen Recording 2026-08-16 104156.mp4,4,CONFIRMED_FROM_VIDEO
Wheat,10025.5,Venta Nueva,267,,CONFIRMED_FROM_VIDEO,1,,Gyldenvale,Vysarian Isles,,Screen Recording 2026-08-16 104156.mp4,4,CONFIRMED_FROM_VIDEO
Wheat,9253.7,Villarreal Del Mar,253,,CONFIRMED_FROM_VIDEO,1,,Gyldenvale,Vysarian Isles,,Screen Recording 2026-08-16 104156.mp4,5,CONFIRMED_FROM_VIDEO
Wheat,5349.6,White Hook,184,,CONFIRMED_FROM_VIDEO,2,,Gyldenvale,Vysarian Isles,,Screen Recording 2026-08-16 104156.mp4,3,CONFIRMED_FROM_VIDEO
Wheat,1312.6,Wyntergard,112,,CONFIRMED_FROM_VIDEO,1,,Gyldenvale,Vysarian Isles,,Screen Recording 2026-08-16 104156.mp4,2,CONFIRMED_FROM_VIDEO
Wheat,6045.3,Yorinobu's Settlement,196,,CONFIRMED_FROM_VIDEO,1,,Gyldenvale,Vysarian Isles,Visually verified from a visible recording frame after OCR audit.,Screen Recording 2026-08-16 104156.mp4,1,CONFIRMED_FROM_VIDEO
Salmon,3593.1,Al-Jazair,168,,CONFIRMED_FROM_VIDEO,1,pooled_even_odd_wide,Jones' Outpost,New Catalina,,Screen Recording 2026-08-16 223317.mp4,7,CONFIRMED_FROM_VIDEO
Salmon,7833.1,Ashbourne,250,,CONFIRMED_FROM_VIDEO,1,pooled_even_odd_wide,Jones' Outpost,New Catalina,,Screen Recording 2026-08-16 223317.mp4,5,CONFIRMED_FROM_VIDEO
Salmon,7685.6,Belfry Heights,247,,CONFIRMED_FROM_VIDEO,1,pooled_even_odd_wide,Jones' Outpost,New Catalina,,Screen Recording 2026-08-16 223317.mp4,5,CONFIRMED_FROM_VIDEO
Salmon,6528.2,Bucket Bay,225,,CONFIRMED_FROM_VIDEO,1,pooled_even_odd_wide,Jones' Outpost,New Catalina,,Screen Recording 2026-08-16 223317.mp4,8,CONFIRMED_FROM_VIDEO
Salmon,3315.2,Caledonia,162,,CONFIRMED_FROM_VIDEO,1,pooled_even_odd_wide,Jones' Outpost,New Catalina,,Screen Recording 2026-08-16 223317.mp4,6,CONFIRMED_FROM_VIDEO
Salmon,2781.1,Castle Landing,152,,CONFIRMED_FROM_VIDEO,1,pooled_even_odd_wide,Jones' Outpost,New Catalina,,Screen Recording 2026-08-16 223317.mp4,6,CONFIRMED_FROM_VIDEO
Salmon,16274.2,Caveira,415,,CONFIRMED_FROM_VIDEO,2,pooled_even_odd_wide,Jones' Outpost,New Catalina,,Screen Recording 2026-08-16 223317.mp4,4,CONFIRMED_FROM_VIDEO
Salmon,6731.2,Caye Tiburon,229,,CONFIRMED_FROM_VIDEO,1,pooled_even_odd_wide,Jones' Outpost,New Catalina,,Screen Recording 2026-08-16 223317.mp4,6,CONFIRMED_FROM_VIDEO
Salmon,8553.1,Crownstead,264,,CONFIRMED_FROM_VIDEO,1,even_odd,Jones' Outpost,New Catalina,,Screen Recording 2026-08-16 223317.mp4,1,CONFIRMED_FROM_VIDEO
Salmon,984.8,Cumberland Hill,117,,CONFIRMED_FROM_VIDEO,2,pooled_even_odd_wide,Jones' Outpost,New Catalina,,Screen Recording 2026-08-16 223317.mp4,2,CONFIRMED_FROM_VIDEO
Salmon,4126.3,Deadman's Murcia,178,,CONFIRMED_FROM_VIDEO,1,pooled_even_odd_wide,Jones' Outpost,New Catalina,,Screen Recording 2026-08-16 223317.mp4,13,CONFIRMED_FROM_VIDEO
Salmon,5716.5,Fair Harbour,209,,CONFIRMED_FROM_VIDEO,2,pooled_even_odd_wide,Jones' Outpost,New Catalina,,Screen Recording 2026-08-16 223317.mp4,7,CONFIRMED_FROM_VIDEO
Salmon,10631.5,Falmouth,305,,CONFIRMED_FROM_VIDEO,2,pooled_even_odd_wide,Jones' Outpost,New Catalina,,Screen Recording 2026-08-16 223317.mp4,4,CONFIRMED_FROM_VIDEO
Salmon,8726.9,Gyldenvale,268,,CONFIRMED_FROM_VIDEO,1,pooled_even_odd_wide,Jones' Outpost,New Catalina,,Screen Recording 2026-08-16 223317.mp4,4,CONFIRMED_FROM_VIDEO
Salmon,14775.8,Kandlerova,386,,CONFIRMED_FROM_VIDEO,2,pooled_even_odd_wide,Jones' Outpost,New Catalina,,Screen Recording 2026-08-16 223317.mp4,4,CONFIRMED_FROM_VIDEO
Salmon,11758.3,La Povenglia,327,,CONFIRMED_FROM_VIDEO,2,pooled_even_odd_wide,Jones' Outpost,New Catalina,,Screen Recording 2026-08-16 223317.mp4,2,CONFIRMED_FROM_VIDEO
Salmon,4326.1,Lebarde,182,,CONFIRMED_FROM_VIDEO,1,pooled_even_odd_wide,Jones' Outpost,New Catalina,,Screen Recording 2026-08-16 223317.mp4,7,CONFIRMED_FROM_VIDEO
Salmon,9784.9,Lord Irving's Sacrifice,288,,CONFIRMED_FROM_VIDEO,1,pooled_even_odd_wide,Jones' Outpost,New Catalina,,Screen Recording 2026-08-16 223317.mp4,4,CONFIRMED_FROM_VIDEO
Salmon,11060.2,Louisbourg,313,,CONFIRMED_FROM_VIDEO,2,pooled_even_odd_wide,Jones' Outpost,New Catalina,,Screen Recording 2026-08-16 223317.mp4,4,CONFIRMED_FROM_VIDEO
Salmon,18061.8,Madalena,450,,CONFIRMED_FROM_VIDEO,2,pooled_even_odd_wide,Jones' Outpost,New Catalina,,Screen Recording 2026-08-16 223317.mp4,4,CONFIRMED_FROM_VIDEO
Salmon,9661.2,Mako's Outlook,286,,CONFIRMED_FROM_VIDEO,1,pooled_even_odd_wide,Jones' Outpost,New Catalina,,Screen Recording 2026-08-16 223317.mp4,4,CONFIRMED_FROM_VIDEO
Salmon,7336.4,Matthew's Rest,241,,CONFIRMED_FROM_VIDEO,1,pooled_even_odd_wide,Jones' Outpost,New Catalina,,Screen Recording 2026-08-16 223317.mp4,5,CONFIRMED_FROM_VIDEO
Salmon,10243.3,Maurepas,297,,CONFIRMED_FROM_VIDEO,2,pooled_even_odd_wide,Jones' Outpost,New Catalina,,Screen Recording 2026-08-16 223317.mp4,4,CONFIRMED_FROM_VIDEO
Salmon,5010.5,New Brighton,195,,CONFIRMED_FROM_VIDEO,1,pooled_even_odd_wide,Jones' Outpost,New Catalina,,Screen Recording 2026-08-16 223317.mp4,7,CONFIRMED_FROM_VIDEO
Salmon,1228.1,New Catalina,121,,CONFIRMED_FROM_VIDEO,1,pooled_even_odd_wide,Jones' Outpost,New Catalina,,Screen Recording 2026-08-16 223317.mp4,6,CONFIRMED_FROM_VIDEO
Salmon,8103.9,Pachard Town,256,,CONFIRMED_FROM_VIDEO,1,pooled_even_odd_wide,Jones' Outpost,New Catalina,,Screen Recording 2026-08-16 223317.mp4,4,CONFIRMED_FROM_VIDEO
Salmon,7821.7,Peter's Cove,250,,CONFIRMED_FROM_VIDEO,1,pooled_even_odd_wide,Jones' Outpost,New Catalina,,Screen Recording 2026-08-16 223317.mp4,5,CONFIRMED_FROM_VIDEO
Salmon,11580.8,Petit Anvers,323,,CONFIRMED_FROM_VIDEO,2,pooled_even_odd_wide,Jones' Outpost,New Catalina,,Screen Recording 2026-08-16 223317.mp4,4,CONFIRMED_FROM_VIDEO
Salmon,15698.9,Poblado de San Juan,404,,CONFIRMED_FROM_VIDEO,2,pooled_even_odd_wide,Jones' Outpost,New Catalina,,Screen Recording 2026-08-16 223317.mp4,4,CONFIRMED_FROM_VIDEO
Salmon,10196.8,Point Rocheux,296,,CONFIRMED_FROM_VIDEO,3,pooled_even_odd_wide,Jones' Outpost,New Catalina,,Screen Recording 2026-08-16 223317.mp4,3,CONFIRMED_FROM_VIDEO
Salmon,17615.1,Ponta Delgada,441,,CONFIRMED_FROM_VIDEO,3,pooled_even_odd_wide,Jones' Outpost,New Catalina,,Screen Recording 2026-08-16 223317.mp4,3,CONFIRMED_FROM_VIDEO
Salmon,11637.5,Port Antonio,324,,CONFIRMED_FROM_VIDEO,2,pooled_even_odd_wide,Jones' Outpost,New Catalina,,Screen Recording 2026-08-16 223317.mp4,4,CONFIRMED_FROM_VIDEO
Salmon,6103.6,Port Louis,217,,CONFIRMED_FROM_VIDEO,1,pooled_even_odd_wide,Jones' Outpost,New Catalina,,Screen Recording 2026-08-16 223317.mp4,7,CONFIRMED_FROM_VIDEO
Salmon,10451.7,Port Royal,301,,CONFIRMED_FROM_VIDEO,2,pooled_even_odd_wide,Jones' Outpost,New Catalina,,Screen Recording 2026-08-16 223317.mp4,4,CONFIRMED_FROM_VIDEO
Salmon,9143.9,Port-Au-Croix,276,,CONFIRMED_FROM_VIDEO,1,pooled_even_odd_wide,Jones' Outpost,New Catalina,,Screen Recording 2026-08-16 223317.mp4,4,CONFIRMED_FROM_VIDEO
Salmon,3092.9,Princeton,158,,CONFIRMED_FROM_VIDEO,1,pooled_even_odd_wide,Jones' Outpost,New Catalina,,Screen Recording 2026-08-16 223317.mp4,6,CONFIRMED_FROM_VIDEO
Salmon,14140.1,Puerto de San Fernando,373,,CONFIRMED_FROM_VIDEO,2,pooled_even_odd_wide,Jones' Outpost,New Catalina,,Screen Recording 2026-08-16 223317.mp4,4,CONFIRMED_FROM_VIDEO
Salmon,4174.3,Saint Vincent,179,,CONFIRMED_FROM_VIDEO,1,pooled_even_odd_wide,Jones' Outpost,New Catalina,,Screen Recording 2026-08-16 223317.mp4,10,CONFIRMED_FROM_VIDEO
Salmon,7804.3,Saint-Nicholas,250,,CONFIRMED_FROM_VIDEO,1,pooled_even_odd_wide,Jones' Outpost,New Catalina,,Screen Recording 2026-08-16 223317.mp4,5,CONFIRMED_FROM_VIDEO
Salmon,12241.7,Sainte Rose,336,Selected from the two recorded directional readings using reciprocal-distance agreement and the origin's other observed Distance/Value rows. No distance was fabricated.,CONFIRMED_RECORDED_RECIPROCAL_AUDIT,1,even_odd,Jones' Outpost,New Catalina,,Screen Recording 2026-08-16 223317.mp4,1,CONFIRMED_FROM_VIDEO
Salmon,13837.5,San Polo,367,,CONFIRMED_FROM_VIDEO,2,pooled_even_odd_wide,Jones' Outpost,New Catalina,,Screen Recording 2026-08-16 223317.mp4,4,CONFIRMED_FROM_VIDEO
Salmon,14953.6,San Salvador,389,,CONFIRMED_FROM_VIDEO,2,pooled_even_odd_wide,Jones' Outpost,New Catalina,,Screen Recording 2026-08-16 223317.mp4,4,CONFIRMED_FROM_VIDEO
Salmon,11052.9,San Vito,313,,CONFIRMED_FROM_VIDEO,2,pooled_even_odd_wide,Jones' Outpost,New Catalina,,Screen Recording 2026-08-16 223317.mp4,4,CONFIRMED_FROM_VIDEO
Salmon,8143.5,Sandy Settlement,256,,CONFIRMED_FROM_VIDEO,1,pooled_even_odd_wide,Jones' Outpost,New Catalina,,Screen Recording 2026-08-16 223317.mp4,6,CONFIRMED_FROM_VIDEO
Salmon,15245.2,Santa Maria,395,,CONFIRMED_FROM_VIDEO,2,pooled_even_odd_wide,Jones' Outpost,New Catalina,,Screen Recording 2026-08-16 223317.mp4,4,CONFIRMED_FROM_VIDEO
Salmon,16853.9,Sao Bento,426,,CONFIRMED_FROM_VIDEO,2,pooled_even_odd_wide,Jones' Outpost,New Catalina,,Screen Recording 2026-08-16 223317.mp4,4,CONFIRMED_FROM_VIDEO
Salmon,3344.1,Snake Prosper,163,,CONFIRMED_FROM_VIDEO,1,pooled_even_odd_wide,Jones' Outpost,New Catalina,,Screen Recording 2026-08-16 223317.mp4,6,CONFIRMED_FROM_VIDEO
Salmon,2071.1,Sugar Cove,138,,CONFIRMED_FROM_VIDEO,1,pooled_even_odd_wide,Jones' Outpost,New Catalina,,Screen Recording 2026-08-16 223317.mp4,6,CONFIRMED_FROM_VIDEO
Salmon,6369.1,Taylor's Town,222,,CONFIRMED_FROM_VIDEO,1,pooled_even_odd_wide,Jones' Outpost,New Catalina,,Screen Recording 2026-08-16 223317.mp4,6,CONFIRMED_FROM_VIDEO
Salmon,11954.3,Theresa,331,,CONFIRMED_FROM_VIDEO,2,pooled_even_odd_wide,Jones' Outpost,New Catalina,,Screen Recording 2026-08-16 223317.mp4,2,CONFIRMED_FROM_VIDEO
Salmon,6828.5,Thresher Point,231,,CONFIRMED_FROM_VIDEO,1,pooled_even_odd_wide,Jones' Outpost,New Catalina,,Screen Recording 2026-08-16 223317.mp4,5,CONFIRMED_FROM_VIDEO
Salmon,13367.4,Venta Nueva,358,Selected from the two recorded directional readings using reciprocal-distance agreement and the origin's other observed Distance/Value rows. No distance was fabricated.,CONFIRMED_RECORDED_RECIPROCAL_AUDIT,1,even_odd,Jones' Outpost,New Catalina,,Screen Recording 2026-08-16 223317.mp4,1,CONFIRMED_FROM_VIDEO
Salmon,12072.0,Villarreal Del Mar,333,,CONFIRMED_FROM_VIDEO,1,pooled_even_odd_wide,Jones' Outpost,New Catalina,,Screen Recording 2026-08-16 223317.mp4,4,CONFIRMED_FROM_VIDEO
Salmon,3818.9,White Hook,172,,CONFIRMED_FROM_VIDEO,1,pooled_even_odd_wide,Jones' Outpost,New Catalina,,Screen Recording 2026-08-16 223317.mp4,12,CONFIRMED_FROM_VIDEO
Salmon,7526.2,Wyntergard,244,,CONFIRMED_FROM_VIDEO,1,pooled_even_odd_wide,Jones' Outpost,New Catalina,,Screen Recording 2026-08-16 223317.mp4,5,CONFIRMED_FROM_VIDEO
Salmon,5445.7,Yorinobu's Settlement,204,,CONFIRMED_FROM_VIDEO,2,pooled_even_odd_wide,Jones' Outpost,New Catalina,,Screen Recording 2026-08-16 223317.mp4,3,CONFIRMED_FROM_VIDEO
Truffles,13084.4,Al-Jazair,289,,CONFIRMED_FROM_VIDEO,2,pooled_even_odd_wide,Kandlerova,San Polo,,Screen Recording 2026-08-16 223317.mp4,4,CONFIRMED_FROM_VIDEO
Truffles,16254.2,Ashbourne,340,,CONFIRMED_FROM_VIDEO,2,pooled_even_odd_wide,Kandlerova,San Polo,,Screen Recording 2026-08-16 223317.mp4,6,CONFIRMED_FROM_VIDEO
Truffles,7267.4,Belfry Heights,196,,CONFIRMED_FROM_VIDEO,2,pooled_even_odd_wide,Kandlerova,San Polo,,Screen Recording 2026-08-16 223317.mp4,5,CONFIRMED_FROM_VIDEO
Truffles,13433.7,Bucket Bay,295,,CONFIRMED_FROM_VIDEO,2,pooled_even_odd_wide,Kandlerova,San Polo,,Screen Recording 2026-08-16 223317.mp4,4,CONFIRMED_FROM_VIDEO
Truffles,16112.8,Caledonia,338,,CONFIRMED_FROM_VIDEO,2,pooled_even_odd_wide,Kandlerova,San Polo,,Screen Recording 2026-08-16 223317.mp4,6,CONFIRMED_FROM_VIDEO
Truffles,12049.2,Castle Landing,273,,CONFIRMED_FROM_VIDEO,3,pooled_even_odd_wide,Kandlerova,San Polo,,Screen Recording 2026-08-16 223317.mp4,4,CONFIRMED_FROM_VIDEO
Truffles,11637.0,Caveira,266,,CONFIRMED_FROM_VIDEO,3,pooled_even_odd_wide,Kandlerova,San Polo,,Screen Recording 2026-08-16 223317.mp4,4,CONFIRMED_FROM_VIDEO
Truffles,8693.7,Caye Tiburon,219,,CONFIRMED_FROM_VIDEO,1,pooled_even_odd_wide,Kandlerova,San Polo,,Screen Recording 2026-08-16 223317.mp4,6,CONFIRMED_FROM_VIDEO
Truffles,16925.0,Crownstead,351,,CONFIRMED_FROM_VIDEO,1,pooled_even_odd_wide,Kandlerova,San Polo,,Screen Recording 2026-08-16 223317.mp4,6,CONFIRMED_FROM_VIDEO
Truffles,15145.4,Cumberland Hill,322,,CONFIRMED_FROM_VIDEO,2,pooled_even_odd_wide,Kandlerova,San Polo,,Screen Recording 2026-08-16 223317.mp4,2,CONFIRMED_FROM_VIDEO
Truffles,16428.5,Deadman's Murcia,343,Selected from the two recorded directional readings using reciprocal-distance agreement and the origin's other observed Distance/Value rows. No distance was fabricated.,CONFIRMED_RECORDED_RECIPROCAL_AUDIT,1,pooled_even_odd_wide,Kandlerova,San Polo,,Screen Recording 2026-08-16 223317.mp4,8,CONFIRMED_FROM_VIDEO
Truffles,14423.5,Fair Harbour,311,,CONFIRMED_FROM_VIDEO,1,pooled_even_odd_wide,Kandlerova,San Polo,Visually verified from frame 780s; not inferred.,Screen Recording 2026-08-16 223317.mp4,2,CONFIRMED_FROM_VIDEO
Truffles,10019.9,Falmouth,240,,CONFIRMED_FROM_VIDEO,1,pooled_even_odd_wide,Kandlerova,San Polo,,Screen Recording 2026-08-16 223317.mp4,2,CONFIRMED_FROM_VIDEO
Truffles,18165.6,Gyldenvale,371,,CONFIRMED_FROM_VIDEO,2,pooled_even_odd_wide,Kandlerova,San Polo,,Screen Recording 2026-08-16 223317.mp4,4,CONFIRMED_FROM_VIDEO
Truffles,14775.8,Jones' Outpost,316,,CONFIRMED_FROM_VIDEO,2,pooled_even_odd_wide,Kandlerova,San Polo,,Screen Recording 2026-08-16 223317.mp4,2,CONFIRMED_FROM_VIDEO
Truffles,3063.7,La Povenglia,129,,CONFIRMED_FROM_VIDEO,1,pooled_even_odd_wide,Kandlerova,San Polo,,Screen Recording 2026-08-16 223317.mp4,5,CONFIRMED_FROM_VIDEO
Truffles,10450.7,Lebarde,247,,CONFIRMED_FROM_VIDEO,2,pooled_even_odd_wide,Kandlerova,San Polo,,Screen Recording 2026-08-16 223317.mp4,4,CONFIRMED_FROM_VIDEO
Truffles,6267.2,Lord Irving's Sacrifice,180,,CONFIRMED_FROM_VIDEO,1,pooled_even_odd_wide,Kandlerova,San Polo,,Screen Recording 2026-08-16 223317.mp4,6,CONFIRMED_FROM_VIDEO
Truffles,15460.5,Louisbourg,327,,CONFIRMED_FROM_VIDEO,2,pooled_even_odd_wide,Kandlerova,San Polo,,Screen Recording 2026-08-16 223317.mp4,4,CONFIRMED_FROM_VIDEO
Truffles,13237.4,Madalena,292,,CONFIRMED_FROM_VIDEO,2,pooled_even_odd_wide,Kandlerova,San Polo,,Screen Recording 2026-08-16 223317.mp4,4,CONFIRMED_FROM_VIDEO
Truffles,5849.6,Mako's Outlook,174,,CONFIRMED_FROM_VIDEO,1,pooled_even_odd_wide,Kandlerova,San Polo,,Screen Recording 2026-08-16 223317.mp4,11,CONFIRMED_FROM_VIDEO
Truffles,13068.2,Matthew's Rest,289,,CONFIRMED_FROM_VIDEO,2,pooled_even_odd_wide,Kandlerova,San Polo,,Screen Recording 2026-08-16 223317.mp4,4,CONFIRMED_FROM_VIDEO
Truffles,14850.1,Maurepas,318,,CONFIRMED_FROM_VIDEO,2,pooled_even_odd_wide,Kandlerova,San Polo,,Screen Recording 2026-08-16 223317.mp4,2,CONFIRMED_FROM_VIDEO
Truffles,11693.1,New Brighton,267,,CONFIRMED_FROM_VIDEO,2,pooled_even_odd_wide,Kandlerova,San Polo,,Screen Recording 2026-08-16 223317.mp4,2,CONFIRMED_FROM_VIDEO
Truffles,14700.6,New Catalina,315,,CONFIRMED_FROM_VIDEO,1,pooled_even_odd_wide,Kandlerova,San Polo,,Screen Recording 2026-08-16 223317.mp4,2,CONFIRMED_FROM_VIDEO
Truffles,12418.5,Pachard Town,279,,CONFIRMED_FROM_VIDEO,2,pooled_even_odd_wide,Kandlerova,San Polo,,Screen Recording 2026-08-16 223317.mp4,4,CONFIRMED_FROM_VIDEO
Truffles,7351.6,Peter's Cove,198,,CONFIRMED_FROM_VIDEO,1,pooled_even_odd_wide,Kandlerova,San Polo,,Screen Recording 2026-08-16 223317.mp4,9,CONFIRMED_FROM_VIDEO
Truffles,17032.7,Petit Anvers,353,,CONFIRMED_FROM_VIDEO,2,pooled_even_odd_wide,Kandlerova,San Polo,,Screen Recording 2026-08-16 223317.mp4,4,CONFIRMED_FROM_VIDEO
Truffles,7562.1,Poblado de San Juan,201,,CONFIRMED_FROM_VIDEO,2,pooled_even_odd_wide,Kandlerova,San Polo,,Screen Recording 2026-08-16 223317.mp4,4,CONFIRMED_FROM_VIDEO
Truffles,12237.8,Point Rocheux,276,,CONFIRMED_FROM_VIDEO,2,pooled_even_odd_wide,Kandlerova,San Polo,,Screen Recording 2026-08-16 223317.mp4,4,CONFIRMED_FROM_VIDEO
Truffles,15342.8,Ponta Delgada,325,,CONFIRMED_FROM_VIDEO,2,pooled_even_odd_wide,Kandlerova,San Polo,,Screen Recording 2026-08-16 223317.mp4,4,CONFIRMED_FROM_VIDEO
Truffles,9554.4,Port Antonio,233,,CONFIRMED_FROM_VIDEO,1,pooled_even_odd_wide,Kandlerova,San Polo,,Screen Recording 2026-08-16 223317.mp4,7,CONFIRMED_FROM_VIDEO
Truffles,15221.0,Port Louis,324,,CONFIRMED_FROM_VIDEO,1,pooled_even_odd_wide,Kandlerova,San Polo,,Screen Recording 2026-08-16 223317.mp4,5,CONFIRMED_FROM_VIDEO
Truffles,7598.2,Port Royal,202,,CONFIRMED_FROM_VIDEO,1,pooled_even_odd_wide,Kandlerova,San Polo,,Screen Recording 2026-08-16 223317.mp4,6,CONFIRMED_FROM_VIDEO
Truffles,12370.6,Port-Au-Croix,278,,CONFIRMED_FROM_VIDEO,2,pooled_even_odd_wide,Kandlerova,San Polo,,Screen Recording 2026-08-16 223317.mp4,4,CONFIRMED_FROM_VIDEO
Truffles,11968.3,Princeton,271,,CONFIRMED_FROM_VIDEO,2,pooled_even_odd_wide,Kandlerova,San Polo,,Screen Recording 2026-08-16 223317.mp4,2,CONFIRMED_FROM_VIDEO
Truffles,8971.7,Puerto de San Fernando,224,,CONFIRMED_FROM_VIDEO,1,pooled_even_odd_wide,Kandlerova,San Polo,,Screen Recording 2026-08-16 223317.mp4,6,CONFIRMED_FROM_VIDEO
Truffles,14234.6,Saint Vincent,308,,CONFIRMED_FROM_VIDEO,,,Kandlerova,San Polo,Visually verified from long-video segment 772-804s; not inferred.,Screen Recording 2026-08-16 223317.mp4,1,CONFIRMED_FROM_VIDEO
Truffles,8239.4,Saint-Nicholas,212,,CONFIRMED_FROM_VIDEO,1,pooled_even_odd_wide,Kandlerova,San Polo,,Screen Recording 2026-08-16 223317.mp4,6,CONFIRMED_FROM_VIDEO
Truffles,16051.3,Sainte Rose,337,,CONFIRMED_FROM_VIDEO,2,pooled_even_odd_wide,Kandlerova,San Polo,,Screen Recording 2026-08-16 223317.mp4,6,CONFIRMED_FROM_VIDEO
Truffles,938.8,San Polo,95,,CONFIRMED_FROM_VIDEO,1,pooled_even_odd_wide,Kandlerova,San Polo,,Screen Recording 2026-08-16 223317.mp4,5,CONFIRMED_FROM_VIDEO
Truffles,5250.2,San Salvador,164,,CONFIRMED_FROM_VIDEO,1,pooled_even_odd_wide,Kandlerova,San Polo,,Screen Recording 2026-08-16 223317.mp4,11,CONFIRMED_FROM_VIDEO
Truffles,3924.8,San Vito,143,,CONFIRMED_FROM_VIDEO,1,pooled_even_odd_wide,Kandlerova,San Polo,,Screen Recording 2026-08-16 223317.mp4,11,CONFIRMED_FROM_VIDEO
Truffles,7700.2,Sandy Settlement,203,,CONFIRMED_FROM_VIDEO,1,pooled_even_odd_wide,Kandlerova,San Polo,,Screen Recording 2026-08-16 223317.mp4,4,CONFIRMED_FROM_VIDEO
Truffles,7277.5,Santa Maria,196,,CONFIRMED_FROM_VIDEO,1,pooled_even_odd_wide,Kandlerova,San Polo,,Screen Recording 2026-08-16 223317.mp4,6,CONFIRMED_FROM_VIDEO
Truffles,13514.9,Sao Bento,296,,CONFIRMED_FROM_VIDEO,2,pooled_even_odd_wide,Kandlerova,San Polo,,Screen Recording 2026-08-16 223317.mp4,2,CONFIRMED_FROM_VIDEO
Truffles,15771.7,Snake Prosper,332,,CONFIRMED_FROM_VIDEO,2,pooled_even_odd_wide,Kandlerova,San Polo,,Screen Recording 2026-08-16 223317.mp4,8,CONFIRMED_FROM_VIDEO
Truffles,15392.9,Sugar Cove,326,,CONFIRMED_FROM_VIDEO,2,pooled_even_odd_wide,Kandlerova,San Polo,,Screen Recording 2026-08-16 223317.mp4,4,CONFIRMED_FROM_VIDEO
Truffles,9595.8,Taylor's Town,234,,CONFIRMED_FROM_VIDEO,2,pooled_even_odd_wide,Kandlerova,San Polo,,Screen Recording 2026-08-16 223317.mp4,6,CONFIRMED_FROM_VIDEO
Truffles,8466.7,Theresa,215,,CONFIRMED_FROM_VIDEO,1,pooled_even_odd_wide,Kandlerova,San Polo,,Screen Recording 2026-08-16 223317.mp4,6,CONFIRMED_FROM_VIDEO
Truffles,8061.7,Thresher Point,209,,CONFIRMED_FROM_VIDEO,1,pooled_even_odd_wide,Kandlerova,San Polo,,Screen Recording 2026-08-16 223317.mp4,6,CONFIRMED_FROM_VIDEO
Truffles,11813.6,Venta Nueva,269,,CONFIRMED_FROM_VIDEO,2,pooled_even_odd_wide,Kandlerova,San Polo,,Screen Recording 2026-08-16 223317.mp4,2,CONFIRMED_FROM_VIDEO
Truffles,11238.6,Villarreal Del Mar,260,Selected from the two recorded directional readings using reciprocal-distance agreement and the origin's other observed Distance/Value rows. No distance was fabricated.,CONFIRMED_RECORDED_RECIPROCAL_AUDIT,1,pooled_even_odd_wide,Kandlerova,San Polo,,Screen Recording 2026-08-16 223317.mp4,6,CONFIRMED_FROM_VIDEO
Truffles,16967.5,White Hook,351,,CONFIRMED_FROM_VIDEO,2,pooled_even_odd_wide,Kandlerova,San Polo,,Screen Recording 2026-08-16 223317.mp4,4,CONFIRMED_FROM_VIDEO
Truffles,17062.1,Wyntergard,353,,CONFIRMED_FROM_VIDEO,2,pooled_even_odd_wide,Kandlerova,San Polo,,Screen Recording 2026-08-16 223317.mp4,4,CONFIRMED_FROM_VIDEO
Truffles,12449.1,Yorinobu's Settlement,279,,CONFIRMED_FROM_VIDEO,2,pooled_even_odd_wide,Kandlerova,San Polo,,Screen Recording 2026-08-16 223317.mp4,2,CONFIRMED_FROM_VIDEO
Herbs,10307.3,Al-Jazair,184,,CONFIRMED_FROM_VIDEO,2,pooled_even_odd_wide,La Povenglia,San Polo,,Screen Recording 2026-08-16 223317.mp4,4,CONFIRMED_FROM_VIDEO
Herbs,13953.5,Ashbourne,227,,CONFIRMED_FROM_VIDEO,2,pooled_even_odd_wide,La Povenglia,San Polo,,Screen Recording 2026-08-16 223317.mp4,4,CONFIRMED_FROM_VIDEO
Herbs,4454.6,Belfry Heights,113,,CONFIRMED_FROM_VIDEO,1,pooled_even_odd_wide,La Povenglia,San Polo,,Screen Recording 2026-08-16 223317.mp4,5,CONFIRMED_FROM_VIDEO
Herbs,11068.0,Bucket Bay,193,,CONFIRMED_FROM_VIDEO,1,pooled_even_odd_wide,La Povenglia,San Polo,,Screen Recording 2026-08-16 223317.mp4,7,CONFIRMED_FROM_VIDEO
Herbs,13279.0,Caledonia,219,,CONFIRMED_FROM_VIDEO,1,pooled_even_odd_wide,La Povenglia,San Polo,,Screen Recording 2026-08-16 223317.mp4,8,CONFIRMED_FROM_VIDEO
Herbs,9012.1,Castle Landing,168,,CONFIRMED_FROM_VIDEO,1,pooled_even_odd_wide,La Povenglia,San Polo,,Screen Recording 2026-08-16 223317.mp4,5,CONFIRMED_FROM_VIDEO
Herbs,11714.7,Caveira,201,,CONFIRMED_FROM_VIDEO,2,pooled_even_odd_wide,La Povenglia,San Polo,,Screen Recording 2026-08-16 223317.mp4,4,CONFIRMED_FROM_VIDEO
Herbs,6009.7,Caye Tiburon,132,,CONFIRMED_FROM_VIDEO,2,pooled_even_odd_wide,La Povenglia,San Polo,,Screen Recording 2026-08-16 223317.mp4,6,CONFIRMED_FROM_VIDEO
Herbs,14680.4,Crownstead,236,,CONFIRMED_FROM_VIDEO,2,pooled_even_odd_wide,La Povenglia,San Polo,,Screen Recording 2026-08-16 223317.mp4,2,CONFIRMED_FROM_VIDEO
Herbs,12098.7,Cumberland Hill,205,Selected from the two recorded directional readings using reciprocal-distance agreement and the origin's other observed Distance/Value rows. No distance was fabricated.,CONFIRMED_RECORDED_RECIPROCAL_AUDIT,1,even_odd,La Povenglia,San Polo,,Screen Recording 2026-08-16 223317.mp4,3,CONFIRMED_FROM_VIDEO
Herbs,13656.5,Deadman's Murcia,224,Selected from the two recorded directional readings using reciprocal-distance agreement and the origin's other observed Distance/Value rows. No distance was fabricated.,CONFIRMED_RECORDED_RECIPROCAL_AUDIT,1,pooled_even_odd_wide,La Povenglia,San Polo,,Screen Recording 2026-08-16 223317.mp4,12,CONFIRMED_FROM_VIDEO
Herbs,11916.6,Fair Harbour,203,,CONFIRMED_FROM_VIDEO,2,pooled_even_odd_wide,La Povenglia,San Polo,,Screen Recording 2026-08-16 223317.mp4,4,CONFIRMED_FROM_VIDEO
Herbs,8629.5,Falmouth,164,,CONFIRMED_FROM_VIDEO,1,pooled_even_odd_wide,La Povenglia,San Polo,,Screen Recording 2026-08-16 223317.mp4,7,CONFIRMED_FROM_VIDEO
Herbs,15837.7,Gyldenvale,250,,CONFIRMED_FROM_VIDEO,2,pooled_even_odd_wide,La Povenglia,San Polo,,Screen Recording 2026-08-16 223317.mp4,2,CONFIRMED_FROM_VIDEO
Herbs,11758.3,Jones' Outpost,201,,CONFIRMED_FROM_VIDEO,2,pooled_even_odd_wide,La Povenglia,San Polo,,Screen Recording 2026-08-16 223317.mp4,4,CONFIRMED_FROM_VIDEO
Herbs,3063.7,Kandlerova,97,,CONFIRMED_FROM_VIDEO,1,pooled_even_odd_wide,La Povenglia,San Polo,,Screen Recording 2026-08-16 223317.mp4,9,CONFIRMED_FROM_VIDEO
Herbs,7443.9,Lebarde,149,,CONFIRMED_FROM_VIDEO,1,pooled_even_odd_wide,La Povenglia,San Polo,,Screen Recording 2026-08-16 223317.mp4,7,CONFIRMED_FROM_VIDEO
Herbs,4288.3,Lord Irving's Sacrifice,111,,CONFIRMED_FROM_VIDEO,1,pooled_even_odd_wide,La Povenglia,San Polo,,Screen Recording 2026-08-16 223317.mp4,9,CONFIRMED_FROM_VIDEO
Herbs,13774.2,Louisbourg,225,,CONFIRMED_FROM_VIDEO,2,pooled_even_odd_wide,La Povenglia,San Polo,,Screen Recording 2026-08-16 223317.mp4,4,CONFIRMED_FROM_VIDEO
Herbs,13533.8,Madalena,222,,CONFIRMED_FROM_VIDEO,2,pooled_even_odd_wide,La Povenglia,San Polo,,Screen Recording 2026-08-16 223317.mp4,6,CONFIRMED_FROM_VIDEO
Herbs,3625.8,Mako's Outlook,104,,CONFIRMED_FROM_VIDEO,1,pooled_even_odd_wide,La Povenglia,San Polo,,Screen Recording 2026-08-16 223317.mp4,9,CONFIRMED_FROM_VIDEO
Herbs,10845.2,Matthew's Rest,190,,CONFIRMED_FROM_VIDEO,2,pooled_even_odd_wide,La Povenglia,San Polo,,Screen Recording 2026-08-16 223317.mp4,4,CONFIRMED_FROM_VIDEO
Herbs,13062.3,Maurepas,217,,CONFIRMED_FROM_VIDEO,2,pooled_even_odd_wide,La Povenglia,San Polo,,Screen Recording 2026-08-16 223317.mp4,6,CONFIRMED_FROM_VIDEO
Herbs,9044.9,New Brighton,169,,CONFIRMED_FROM_VIDEO,1,pooled_even_odd_wide,La Povenglia,San Polo,,Screen Recording 2026-08-16 223317.mp4,5,CONFIRMED_FROM_VIDEO
Herbs,11646.8,New Catalina,200,,CONFIRMED_FROM_VIDEO,2,pooled_even_odd_wide,La Povenglia,San Polo,,Screen Recording 2026-08-16 223317.mp4,4,CONFIRMED_FROM_VIDEO
Herbs,10353.0,Pachard Town,184,,CONFIRMED_FROM_VIDEO,1,pooled_even_odd_wide,La Povenglia,San Polo,,Screen Recording 2026-08-16 223317.mp4,11,CONFIRMED_FROM_VIDEO
Herbs,4305.3,Peter's Cove,112,,CONFIRMED_FROM_VIDEO,1,pooled_even_odd_wide,La Povenglia,San Polo,,Screen Recording 2026-08-16 223317.mp4,5,CONFIRMED_FROM_VIDEO
Herbs,15283.7,Petit Anvers,243,,CONFIRMED_FROM_VIDEO,2,pooled_even_odd_wide,La Povenglia,San Polo,,Screen Recording 2026-08-16 223317.mp4,2,CONFIRMED_FROM_VIDEO
Herbs,8228.9,Poblado de San Juan,159,,CONFIRMED_FROM_VIDEO,2,pooled_even_odd_wide,La Povenglia,San Polo,,Screen Recording 2026-08-16 223317.mp4,4,CONFIRMED_FROM_VIDEO
Herbs,10628.1,Point Rocheux,188,,CONFIRMED_FROM_VIDEO,2,pooled_even_odd_wide,La Povenglia,San Polo,,Screen Recording 2026-08-16 223317.mp4,4,CONFIRMED_FROM_VIDEO
Herbs,15138.7,Ponta Delgada,242,,CONFIRMED_FROM_VIDEO,2,pooled_even_odd_wide,La Povenglia,San Polo,,Screen Recording 2026-08-16 223317.mp4,2,CONFIRMED_FROM_VIDEO
Herbs,8491.6,Port Antonio,162,,CONFIRMED_FROM_VIDEO,1,pooled_even_odd_wide,La Povenglia,San Polo,,Screen Recording 2026-08-16 223317.mp4,9,CONFIRMED_FROM_VIDEO
Herbs,12737.2,Port Louis,213,,CONFIRMED_FROM_VIDEO,2,pooled_even_odd_wide,La Povenglia,San Polo,,Screen Recording 2026-08-16 223317.mp4,6,CONFIRMED_FROM_VIDEO
Herbs,6144.8,Port Royal,134,,CONFIRMED_FROM_VIDEO,1,pooled_even_odd_wide,La Povenglia,San Polo,,Screen Recording 2026-08-16 223317.mp4,6,CONFIRMED_FROM_VIDEO
Herbs,10521.1,Port-Au-Croix,186,,CONFIRMED_FROM_VIDEO,2,pooled_even_odd_wide,La Povenglia,San Polo,,Screen Recording 2026-08-16 223317.mp4,6,CONFIRMED_FROM_VIDEO
Herbs,9034.4,Princeton,168,,CONFIRMED_FROM_VIDEO,1,pooled_even_odd_wide,La Povenglia,San Polo,,Screen Recording 2026-08-16 223317.mp4,6,CONFIRMED_FROM_VIDEO
Herbs,8803.5,Puerto de San Fernando,166,,CONFIRMED_FROM_VIDEO,1,pooled_even_odd_wide,La Povenglia,San Polo,,Screen Recording 2026-08-16 223317.mp4,6,CONFIRMED_FROM_VIDEO
Herbs,11539.0,Saint Vincent,198,,CONFIRMED_FROM_VIDEO,1,pooled_even_odd_wide,La Povenglia,San Polo,,Screen Recording 2026-08-16 223317.mp4,7,CONFIRMED_FROM_VIDEO
Herbs,5306.7,Saint-Nicholas,124,,CONFIRMED_FROM_VIDEO,1,pooled_even_odd_wide,La Povenglia,San Polo,,Screen Recording 2026-08-16 223317.mp4,9,CONFIRMED_FROM_VIDEO
Herbs,14534.7,Sainte Rose,234,,CONFIRMED_FROM_VIDEO,2,pooled_even_odd_wide,La Povenglia,San Polo,,Screen Recording 2026-08-16 223317.mp4,2,CONFIRMED_FROM_VIDEO
Herbs,2148.1,San Polo,86,,CONFIRMED_FROM_VIDEO,2,pooled_even_odd_wide,La Povenglia,San Polo,,Screen Recording 2026-08-16 223317.mp4,8,CONFIRMED_FROM_VIDEO
Herbs,6107.8,San Salvador,133,,CONFIRMED_FROM_VIDEO,1,pooled_even_odd_wide,La Povenglia,San Polo,,Screen Recording 2026-08-16 223317.mp4,6,CONFIRMED_FROM_VIDEO
Herbs,1718.2,San Vito,81,,CONFIRMED_FROM_VIDEO,2,pooled_even_odd_wide,La Povenglia,San Polo,,Screen Recording 2026-08-16 223317.mp4,3,CONFIRMED_FROM_VIDEO
Herbs,4763.1,Sandy Settlement,117,,CONFIRMED_FROM_VIDEO,1,pooled_even_odd_wide,La Povenglia,San Polo,,Screen Recording 2026-08-16 223317.mp4,6,CONFIRMED_FROM_VIDEO
Herbs,7820.5,Santa Maria,154,,CONFIRMED_FROM_VIDEO,1,pooled_even_odd_wide,La Povenglia,San Polo,,Screen Recording 2026-08-16 223317.mp4,7,CONFIRMED_FROM_VIDEO
Herbs,13428.2,Sao Bento,221,,CONFIRMED_FROM_VIDEO,2,pooled_even_odd_wide,La Povenglia,San Polo,,Screen Recording 2026-08-16 223317.mp4,6,CONFIRMED_FROM_VIDEO
Herbs,12955.5,Snake Prosper,215,,CONFIRMED_FROM_VIDEO,2,pooled_even_odd_wide,La Povenglia,San Polo,,Screen Recording 2026-08-16 223317.mp4,6,CONFIRMED_FROM_VIDEO
Herbs,12330.3,Sugar Cove,208,,CONFIRMED_FROM_VIDEO,2,pooled_even_odd_wide,La Povenglia,San Polo,,Screen Recording 2026-08-16 223317.mp4,4,CONFIRMED_FROM_VIDEO
Herbs,6587.5,Taylor's Town,139,,CONFIRMED_FROM_VIDEO,1,pooled_even_odd_wide,La Povenglia,San Polo,,Screen Recording 2026-08-16 223317.mp4,6,CONFIRMED_FROM_VIDEO
Herbs,7577.5,Theresa,151,,CONFIRMED_FROM_VIDEO,1,pooled_even_odd_wide,La Povenglia,San Polo,,Screen Recording 2026-08-16 223317.mp4,7,CONFIRMED_FROM_VIDEO
Herbs,5172.9,Thresher Point,122,,CONFIRMED_FROM_VIDEO,1,pooled_even_odd_wide,La Povenglia,San Polo,,Screen Recording 2026-08-16 223317.mp4,6,CONFIRMED_FROM_VIDEO
Herbs,11037.8,Venta Nueva,192,,CONFIRMED_FROM_VIDEO,2,pooled_even_odd_wide,La Povenglia,San Polo,,Screen Recording 2026-08-16 223317.mp4,4,CONFIRMED_FROM_VIDEO
Herbs,10171.8,Villarreal Del Mar,182,,CONFIRMED_FROM_VIDEO,2,pooled_even_odd_wide,La Povenglia,San Polo,Visually verified from frame 724s; not inferred.,Screen Recording 2026-08-16 223317.mp4,1,CONFIRMED_FROM_VIDEO
Herbs,14132.3,White Hook,230,,CONFIRMED_FROM_VIDEO,2,pooled_even_odd_wide,La Povenglia,San Polo,,Screen Recording 2026-08-16 223317.mp4,4,CONFIRMED_FROM_VIDEO
Herbs,14657.6,Wyntergard,236,,CONFIRMED_FROM_VIDEO,2,pooled_even_odd_wide,La Povenglia,San Polo,,Screen Recording 2026-08-16 223317.mp4,2,CONFIRMED_FROM_VIDEO
Herbs,9908.2,Yorinobu's Settlement,179,,CONFIRMED_FROM_VIDEO,1,pooled_even_odd_wide,La Povenglia,San Polo,,Screen Recording 2026-08-16 223317.mp4,4,CONFIRMED_FROM_VIDEO
Crumpets,3685.9,Al-Jazair,141,,CONFIRMED_FROM_VIDEO,1,pooled_even_odd_wide,Lebarde,Lebarde,,Screen Recording 2026-08-16 223317.mp4,11,CONFIRMED_FROM_VIDEO
Crumpets,8620.3,Ashbourne,221,,CONFIRMED_FROM_VIDEO,1,pooled_even_odd_wide,Lebarde,Lebarde,,Screen Recording 2026-08-16 223317.mp4,9,CONFIRMED_FROM_VIDEO
Crumpets,3444.0,Belfry Heights,137,,CONFIRMED_FROM_VIDEO,2,pooled_even_odd_wide,Lebarde,Lebarde,,Screen Recording 2026-08-16 223317.mp4,10,CONFIRMED_FROM_VIDEO
Crumpets,6069.6,Bucket Bay,180,,CONFIRMED_FROM_VIDEO,1,pooled_even_odd_wide,Lebarde,Lebarde,,Screen Recording 2026-08-16 223317.mp4,6,CONFIRMED_FROM_VIDEO
Crumpets,6171.1,Caledonia,182,,CONFIRMED_FROM_VIDEO,1,pooled_even_odd_wide,Lebarde,Lebarde,,Screen Recording 2026-08-16 223317.mp4,4,CONFIRMED_FROM_VIDEO
Crumpets,1689.0,Castle Landing,109,,CONFIRMED_FROM_VIDEO,1,pooled_even_odd_wide,Lebarde,Lebarde,,Screen Recording 2026-08-16 223317.mp4,7,CONFIRMED_FROM_VIDEO
Crumpets,13416.3,Caveira,299,,CONFIRMED_FROM_VIDEO,2,pooled_even_odd_wide,Lebarde,Lebarde,,Screen Recording 2026-08-16 223317.mp4,4,CONFIRMED_FROM_VIDEO
Crumpets,2937.5,Caye Tiburon,129,,CONFIRMED_FROM_VIDEO,1,pooled_even_odd_wide,Lebarde,Lebarde,,Screen Recording 2026-08-16 223317.mp4,12,CONFIRMED_FROM_VIDEO
Crumpets,9436.9,Crownstead,235,,CONFIRMED_FROM_VIDEO,1,pooled_even_odd_wide,Lebarde,Lebarde,,Screen Recording 2026-08-16 223317.mp4,5,CONFIRMED_FROM_VIDEO
Crumpets,4773.3,Cumberland Hill,159,,CONFIRMED_FROM_VIDEO,3,pooled_even_odd_wide,Lebarde,Lebarde,,Screen Recording 2026-08-16 223317.mp4,4,CONFIRMED_FROM_VIDEO
Crumpets,6725.5,Deadman's Murcia,191,,CONFIRMED_FROM_VIDEO,1,pooled_even_odd_wide,Lebarde,Lebarde,,Screen Recording 2026-08-16 223317.mp4,4,CONFIRMED_FROM_VIDEO
Crumpets,6160.0,Fair Harbour,181,,CONFIRMED_FROM_VIDEO,2,pooled_even_odd_wide,Lebarde,Lebarde,,Screen Recording 2026-08-16 223317.mp4,4,CONFIRMED_FROM_VIDEO
Crumpets,7937.4,Falmouth,210,,CONFIRMED_FROM_VIDEO,1,pooled_even_odd_wide,Lebarde,Lebarde,,Screen Recording 2026-08-16 223317.mp4,4,CONFIRMED_FROM_VIDEO
Crumpets,10193.5,Gyldenvale,247,,CONFIRMED_FROM_VIDEO,3,pooled_even_odd_wide,Lebarde,Lebarde,,Screen Recording 2026-08-16 223317.mp4,4,CONFIRMED_FROM_VIDEO
Crumpets,4326.1,Jones' Outpost,152,,CONFIRMED_FROM_VIDEO,2,pooled_even_odd_wide,Lebarde,Lebarde,,Screen Recording 2026-08-16 223317.mp4,5,CONFIRMED_FROM_VIDEO
Crumpets,10450.7,Kandlerova,251,Selected from the two recorded directional readings using reciprocal-distance agreement and the origin's other observed Distance/Value rows. No distance was fabricated.,CONFIRMED_RECORDED_RECIPROCAL_AUDIT,1,even_odd,Lebarde,Lebarde,,Screen Recording 2026-08-16 223317.mp4,1,CONFIRMED_FROM_VIDEO
Crumpets,7443.9,La Povenglia,202,,CONFIRMED_FROM_VIDEO,1,pooled_even_odd_wide,Lebarde,Lebarde,,Screen Recording 2026-08-16 223317.mp4,5,CONFIRMED_FROM_VIDEO
Crumpets,5791.4,Lord Irving's Sacrifice,175,,CONFIRMED_FROM_VIDEO,1,pooled_even_odd_wide,Lebarde,Lebarde,,Screen Recording 2026-08-16 223317.mp4,6,CONFIRMED_FROM_VIDEO
Crumpets,10470.9,Louisbourg,251,,CONFIRMED_FROM_VIDEO,2,pooled_even_odd_wide,Lebarde,Lebarde,,Screen Recording 2026-08-16 223317.mp4,4,CONFIRMED_FROM_VIDEO
Crumpets,15322.4,Madalena,330,,CONFIRMED_FROM_VIDEO,2,pooled_even_odd_wide,Lebarde,Lebarde,,Screen Recording 2026-08-16 223317.mp4,4,CONFIRMED_FROM_VIDEO
Crumpets,5520.6,Mako's Outlook,171,,CONFIRMED_FROM_VIDEO,1,pooled_even_odd_wide,Lebarde,Lebarde,,Screen Recording 2026-08-16 223317.mp4,6,CONFIRMED_FROM_VIDEO
Crumpets,6468.7,Matthew's Rest,186,,CONFIRMED_FROM_VIDEO,1,pooled_even_odd_wide,Lebarde,Lebarde,,Screen Recording 2026-08-16 223317.mp4,4,CONFIRMED_FROM_VIDEO
Crumpets,9594.4,Maurepas,237,,CONFIRMED_FROM_VIDEO,1,pooled_even_odd_wide,Lebarde,Lebarde,,Screen Recording 2026-08-16 223317.mp4,5,CONFIRMED_FROM_VIDEO
Crumpets,3469.7,New Brighton,138,,CONFIRMED_FROM_VIDEO,1,pooled_even_odd_wide,Lebarde,Lebarde,,Screen Recording 2026-08-16 223317.mp4,12,CONFIRMED_FROM_VIDEO
Crumpets,4396.1,New Catalina,153,,CONFIRMED_FROM_VIDEO,1,pooled_even_odd_wide,Lebarde,Lebarde,,Screen Recording 2026-08-16 223317.mp4,6,CONFIRMED_FROM_VIDEO
Crumpets,6732.4,Pachard Town,191,,CONFIRMED_FROM_VIDEO,1,pooled_even_odd_wide,Lebarde,Lebarde,,Screen Recording 2026-08-16 223317.mp4,5,CONFIRMED_FROM_VIDEO
Crumpets,3763.9,Peter's Cove,142,,CONFIRMED_FROM_VIDEO,1,pooled_even_odd_wide,Lebarde,Lebarde,,Screen Recording 2026-08-16 223317.mp4,12,CONFIRMED_FROM_VIDEO
Crumpets,11523.6,Petit Anvers,269,,CONFIRMED_FROM_VIDEO,2,pooled_even_odd_wide,Lebarde,Lebarde,,Screen Recording 2026-08-16 223317.mp4,4,CONFIRMED_FROM_VIDEO
Crumpets,12028.0,Poblado de San Juan,277,,CONFIRMED_FROM_VIDEO,1,even_odd,Lebarde,Lebarde,,Screen Recording 2026-08-16 223317.mp4,5,CONFIRMED_FROM_VIDEO
Crumpets,8418.3,Point Rocheux,218,,CONFIRMED_FROM_VIDEO,1,pooled_even_odd_wide,Lebarde,Lebarde,,Screen Recording 2026-08-16 223317.mp4,4,CONFIRMED_FROM_VIDEO
Crumpets,15520.4,Ponta Delgada,333,,CONFIRMED_FROM_VIDEO,2,pooled_even_odd_wide,Lebarde,Lebarde,,Screen Recording 2026-08-16 223317.mp4,4,CONFIRMED_FROM_VIDEO
Crumpets,8725.2,Port Antonio,223,,CONFIRMED_FROM_VIDEO,1,pooled_even_odd_wide,Lebarde,Lebarde,,Screen Recording 2026-08-16 223317.mp4,6,CONFIRMED_FROM_VIDEO
Crumpets,6929.7,Port Louis,194,,CONFIRMED_FROM_VIDEO,1,pooled_even_odd_wide,Lebarde,Lebarde,,Screen Recording 2026-08-16 223317.mp4,6,CONFIRMED_FROM_VIDEO
Crumpets,6940.1,Port Royal,194,,CONFIRMED_FROM_VIDEO,1,pooled_even_odd_wide,Lebarde,Lebarde,,Screen Recording 2026-08-16 223317.mp4,5,CONFIRMED_FROM_VIDEO
Crumpets,7585.3,Port-Au-Croix,205,,CONFIRMED_FROM_VIDEO,2,pooled_even_odd_wide,Lebarde,Lebarde,,Screen Recording 2026-08-16 223317.mp4,4,CONFIRMED_FROM_VIDEO
Crumpets,1821.4,Princeton,111,,CONFIRMED_FROM_VIDEO,3,pooled_even_odd_wide,Lebarde,Lebarde,,Screen Recording 2026-08-16 223317.mp4,10,CONFIRMED_FROM_VIDEO
Crumpets,10884.4,Puerto de San Fernando,258,Selected from the two recorded directional readings using reciprocal-distance agreement and the origin's other observed Distance/Value rows. No distance was fabricated.,CONFIRMED_RECORDED_RECIPROCAL_AUDIT,1,even_odd,Lebarde,Lebarde,,Screen Recording 2026-08-16 223317.mp4,1,CONFIRMED_FROM_VIDEO
Crumpets,5080.4,Saint Vincent,164,,CONFIRMED_FROM_VIDEO,1,pooled_even_odd_wide,Lebarde,Lebarde,,Screen Recording 2026-08-16 223317.mp4,6,CONFIRMED_FROM_VIDEO
Crumpets,4271.5,Saint-Nicholas,151,,CONFIRMED_FROM_VIDEO,1,pooled_even_odd_wide,Lebarde,Lebarde,,Screen Recording 2026-08-16 223317.mp4,12,CONFIRMED_FROM_VIDEO
Crumpets,11592.3,Sainte Rose,270,,CONFIRMED_FROM_VIDEO,2,pooled_even_odd_wide,Lebarde,Lebarde,,Screen Recording 2026-08-16 223317.mp4,4,CONFIRMED_FROM_VIDEO
Crumpets,9512.2,San Polo,236,,CONFIRMED_FROM_VIDEO,1,pooled_even_odd_wide,Lebarde,Lebarde,,Screen Recording 2026-08-16 223317.mp4,5,CONFIRMED_FROM_VIDEO
Crumpets,10963.9,San Salvador,259,,CONFIRMED_FROM_VIDEO,1,pooled_even_odd_wide,Lebarde,Lebarde,,Screen Recording 2026-08-16 223317.mp4,2,CONFIRMED_FROM_VIDEO
Crumpets,6749.0,San Vito,191,,CONFIRMED_FROM_VIDEO,1,pooled_even_odd_wide,Lebarde,Lebarde,,Screen Recording 2026-08-16 223317.mp4,4,CONFIRMED_FROM_VIDEO
Crumpets,4417.5,Sandy Settlement,153,,CONFIRMED_FROM_VIDEO,1,pooled_even_odd_wide,Lebarde,Lebarde,,Screen Recording 2026-08-16 223317.mp4,4,CONFIRMED_FROM_VIDEO
Crumpets,11556.8,Santa Maria,269,,CONFIRMED_FROM_VIDEO,2,pooled_even_odd_wide,Lebarde,Lebarde,,Screen Recording 2026-08-16 223317.mp4,4,CONFIRMED_FROM_VIDEO
Crumpets,14392.4,Sao Bento,315,,CONFIRMED_FROM_VIDEO,2,pooled_even_odd_wide,Lebarde,Lebarde,,Screen Recording 2026-08-16 223317.mp4,4,CONFIRMED_FROM_VIDEO
Crumpets,5917.3,Snake Prosper,177,,CONFIRMED_FROM_VIDEO,1,pooled_even_odd_wide,Lebarde,Lebarde,,Screen Recording 2026-08-16 223317.mp4,7,CONFIRMED_FROM_VIDEO
Crumpets,5245.6,Sugar Cove,166,,CONFIRMED_FROM_VIDEO,1,pooled_even_odd_wide,Lebarde,Lebarde,,Screen Recording 2026-08-16 223317.mp4,6,CONFIRMED_FROM_VIDEO
Crumpets,3303.7,Taylor's Town,135,,CONFIRMED_FROM_VIDEO,1,pooled_even_odd_wide,Lebarde,Lebarde,,Screen Recording 2026-08-16 223317.mp4,12,CONFIRMED_FROM_VIDEO
Crumpets,8705.3,Theresa,223,,CONFIRMED_FROM_VIDEO,1,pooled_even_odd_wide,Lebarde,Lebarde,,Screen Recording 2026-08-16 223317.mp4,6,CONFIRMED_FROM_VIDEO
Crumpets,2581.4,Thresher Point,123,,CONFIRMED_FROM_VIDEO,1,pooled_even_odd_wide,Lebarde,Lebarde,,Screen Recording 2026-08-16 223317.mp4,12,CONFIRMED_FROM_VIDEO
Crumpets,10974.6,Venta Nueva,260,,CONFIRMED_FROM_VIDEO,2,pooled_even_odd_wide,Lebarde,Lebarde,,Screen Recording 2026-08-16 223317.mp4,4,CONFIRMED_FROM_VIDEO
Crumpets,9666.1,Villarreal Del Mar,238,,CONFIRMED_FROM_VIDEO,1,pooled_even_odd_wide,Lebarde,Lebarde,,Screen Recording 2026-08-16 223317.mp4,5,CONFIRMED_FROM_VIDEO
Crumpets,6990.8,White Hook,195,,CONFIRMED_FROM_VIDEO,1,pooled_even_odd_wide,Lebarde,Lebarde,,Screen Recording 2026-08-16 223317.mp4,5,CONFIRMED_FROM_VIDEO
Crumpets,8882.8,Wyntergard,226,,CONFIRMED_FROM_VIDEO,2,pooled_even_odd_wide,Lebarde,Lebarde,,Screen Recording 2026-08-16 223317.mp4,5,CONFIRMED_FROM_VIDEO
Crumpets,4521.9,Yorinobu's Settlement,155,,CONFIRMED_FROM_VIDEO,1,pooled_even_odd_wide,Lebarde,Lebarde,,Screen Recording 2026-08-16 223317.mp4,2,CONFIRMED_FROM_VIDEO
Wool,7267.7,Al-Jazair,169,,CONFIRMED_FROM_VIDEO,1,,Lord Irving's Sacrifice,Irving's Reach,,Screen Recording 2026-08-16 113109.mp4,4,CONFIRMED_FROM_VIDEO
Wool,9987.1,Ashbourne,206,,CONFIRMED_FROM_VIDEO,1,,Lord Irving's Sacrifice,Irving's Reach,,Screen Recording 2026-08-16 113109.mp4,3,CONFIRMED_FROM_VIDEO
Wool,2548.2,Belfry Heights,104,,CONFIRMED_FROM_VIDEO,1,,Lord Irving's Sacrifice,Irving's Reach,,Screen Recording 2026-08-16 113109.mp4,3,CONFIRMED_FROM_VIDEO
Wool,7181.3,Bucket Bay,167,,CONFIRMED_FROM_VIDEO,1,,Lord Irving's Sacrifice,Irving's Reach,,Screen Recording 2026-08-16 113109.mp4,3,CONFIRMED_FROM_VIDEO
Wool,10324.8,Caledonia,211,,CONFIRMED_FROM_VIDEO,1,,Lord Irving's Sacrifice,Irving's Reach,,Screen Recording 2026-08-16 113109.mp4,4,CONFIRMED_FROM_VIDEO
Wool,7456.4,Castle Landing,171,,CONFIRMED_FROM_VIDEO,1,,Lord Irving's Sacrifice,Irving's Reach,,Screen Recording 2026-08-16 113109.mp4,3,CONFIRMED_FROM_VIDEO
Wool,8559.1,Caveira,186,,CONFIRMED_FROM_VIDEO,1,,Lord Irving's Sacrifice,Irving's Reach,,Screen Recording 2026-08-16 113109.mp4,3,CONFIRMED_FROM_VIDEO
Wool,3056.3,Caye Tiburon,111,,CONFIRMED_FROM_VIDEO,2,,Lord Irving's Sacrifice,Irving's Reach,,Screen Recording 2026-08-16 113109.mp4,5,CONFIRMED_FROM_VIDEO
Wool,10660.3,Crownstead,215,,CONFIRMED_FROM_VIDEO,1,,Lord Irving's Sacrifice,Irving's Reach,,Screen Recording 2026-08-16 113109.mp4,2,CONFIRMED_FROM_VIDEO
Wool,10425.6,Cumberland Hill,212,,CONFIRMED_FROM_VIDEO,1,,Lord Irving's Sacrifice,Irving's Reach,,Screen Recording 2026-08-16 113109.mp4,2,CONFIRMED_FROM_VIDEO
Wool,10507.3,Deadman's Murcia,213,,CONFIRMED_FROM_VIDEO,1,,Lord Irving's Sacrifice,Irving's Reach,Visually verified from a visible recording frame after OCR audit.,Screen Recording 2026-08-16 113109.mp4,2,CONFIRMED_FROM_VIDEO
Wool,8228.2,Fair Harbour,182,,CONFIRMED_FROM_VIDEO,1,,Lord Irving's Sacrifice,Irving's Reach,,Screen Recording 2026-08-16 113109.mp4,3,CONFIRMED_FROM_VIDEO
Wool,4417.9,Falmouth,129,,CONFIRMED_FROM_VIDEO,1,,Lord Irving's Sacrifice,Irving's Reach,,Screen Recording 2026-08-16 113109.mp4,3,CONFIRMED_FROM_VIDEO
Wool,11899.1,Gyldenvale,232,,CONFIRMED_FROM_VIDEO,1,,Lord Irving's Sacrifice,Irving's Reach,,Screen Recording 2026-08-16 113109.mp4,1,CONFIRMED_FROM_VIDEO
Wool,9784.9,Jones' Outpost,203,,CONFIRMED_FROM_VIDEO,1,,Lord Irving's Sacrifice,Irving's Reach,,Screen Recording 2026-08-16 113109.mp4,4,CONFIRMED_FROM_VIDEO
Wool,6267.2,Kandlerova,155,,CONFIRMED_FROM_VIDEO,1,,Lord Irving's Sacrifice,Irving's Reach,,Screen Recording 2026-08-16 113109.mp4,3,CONFIRMED_FROM_VIDEO
Wool,4288.3,La Povenglia,128,,CONFIRMED_FROM_VIDEO,1,,Lord Irving's Sacrifice,Irving's Reach,,Screen Recording 2026-08-16 113109.mp4,3,CONFIRMED_FROM_VIDEO
Wool,5791.4,Lebarde,148,,CONFIRMED_FROM_VIDEO,1,,Lord Irving's Sacrifice,Irving's Reach,,Screen Recording 2026-08-16 113109.mp4,4,CONFIRMED_FROM_VIDEO
Wool,9490.8,Louisbourg,199,,CONFIRMED_FROM_VIDEO,1,,Lord Irving's Sacrifice,Irving's Reach,,Screen Recording 2026-08-16 113109.mp4,4,CONFIRMED_FROM_VIDEO
Wool,10493.2,Madalena,213,,CONFIRMED_FROM_VIDEO,1,,Lord Irving's Sacrifice,Irving's Reach,,Screen Recording 2026-08-16 113109.mp4,2,CONFIRMED_FROM_VIDEO
Wool,772.3,Mako's Outlook,79,,CONFIRMED_FROM_VIDEO,1,,Lord Irving's Sacrifice,Irving's Reach,,Screen Recording 2026-08-16 113109.mp4,2,CONFIRMED_FROM_VIDEO
Wool,8793.2,Maurepas,190,,CONFIRMED_FROM_VIDEO,1,,Lord Irving's Sacrifice,Irving's Reach,,Screen Recording 2026-08-16 113109.mp4,4,CONFIRMED_FROM_VIDEO
Wool,5704.1,New Brighton,147,,CONFIRMED_FROM_VIDEO,1,,Lord Irving's Sacrifice,Irving's Reach,,Screen Recording 2026-08-16 113109.mp4,3,CONFIRMED_FROM_VIDEO
Wool,10116.9,New Catalina,208,,CONFIRMED_FROM_VIDEO,1,,Lord Irving's Sacrifice,Irving's Reach,,Screen Recording 2026-08-16 113109.mp4,4,CONFIRMED_FROM_VIDEO
Wool,6184.8,Pachard Town,154,,CONFIRMED_FROM_VIDEO,1,,Lord Irving's Sacrifice,Irving's Reach,,Screen Recording 2026-08-16 113109.mp4,2,CONFIRMED_FROM_VIDEO
Wool,5054.2,Peter's Cove,138,,CONFIRMED_FROM_VIDEO,1,,Lord Irving's Sacrifice,Irving's Reach,,Screen Recording 2026-08-16 113109.mp4,3,CONFIRMED_FROM_VIDEO
Wool,11011.9,Petit Anvers,220,,CONFIRMED_FROM_VIDEO,1,,Lord Irving's Sacrifice,Irving's Reach,,Screen Recording 2026-08-16 113109.mp4,2,CONFIRMED_FROM_VIDEO
Wool,6325.6,Poblado de San Juan,156,,CONFIRMED_FROM_VIDEO,1,,Lord Irving's Sacrifice,Irving's Reach,,Screen Recording 2026-08-16 113109.mp4,3,CONFIRMED_FROM_VIDEO
Wool,6341.0,Point Rocheux,156,,CONFIRMED_FROM_VIDEO,1,,Lord Irving's Sacrifice,Irving's Reach,,Screen Recording 2026-08-16 113109.mp4,3,CONFIRMED_FROM_VIDEO
Wool,11525.5,Ponta Delgada,227,,CONFIRMED_FROM_VIDEO,1,,Lord Irving's Sacrifice,Irving's Reach,,Screen Recording 2026-08-16 113109.mp4,1,CONFIRMED_FROM_VIDEO
Wool,4492.9,Port Antonio,131,,CONFIRMED_FROM_VIDEO,1,,Lord Irving's Sacrifice,Irving's Reach,,Screen Recording 2026-08-16 113109.mp4,3,CONFIRMED_FROM_VIDEO
Wool,9005.7,Port Louis,193,,CONFIRMED_FROM_VIDEO,1,,Lord Irving's Sacrifice,Irving's Reach,,Screen Recording 2026-08-16 113109.mp4,5,CONFIRMED_FROM_VIDEO
Wool,2046.6,Port Royal,97,,CONFIRMED_FROM_VIDEO,1,,Lord Irving's Sacrifice,Irving's Reach,,Screen Recording 2026-08-16 113109.mp4,3,CONFIRMED_FROM_VIDEO
Wool,6257.9,Port-Au-Croix,155,,CONFIRMED_FROM_VIDEO,1,,Lord Irving's Sacrifice,Irving's Reach,,Screen Recording 2026-08-16 113109.mp4,3,CONFIRMED_FROM_VIDEO
Wool,6703.2,Princeton,161,,CONFIRMED_FROM_VIDEO,1,,Lord Irving's Sacrifice,Irving's Reach,,Screen Recording 2026-08-16 113109.mp4,2,CONFIRMED_FROM_VIDEO
Wool,5692.4,Puerto de San Fernando,147,,CONFIRMED_FROM_VIDEO,1,,Lord Irving's Sacrifice,Irving's Reach,,Screen Recording 2026-08-16 113109.mp4,2,CONFIRMED_FROM_VIDEO
Wool,8235.6,Saint Vincent,182,,CONFIRMED_FROM_VIDEO,1,,Lord Irving's Sacrifice,Irving's Reach,,Screen Recording 2026-08-16 113109.mp4,3,CONFIRMED_FROM_VIDEO
Wool,6533.2,Saint-Nicholas,159,,CONFIRMED_FROM_VIDEO,1,,Lord Irving's Sacrifice,Irving's Reach,,Screen Recording 2026-08-16 113109.mp4,2,CONFIRMED_FROM_VIDEO
Wool,10248.2,Sainte Rose,210,,CONFIRMED_FROM_VIDEO,1,,Lord Irving's Sacrifice,Irving's Reach,,Screen Recording 2026-08-16 113109.mp4,4,CONFIRMED_FROM_VIDEO
Wool,5450.2,San Polo,144,,CONFIRMED_FROM_VIDEO,1,,Lord Irving's Sacrifice,Irving's Reach,,Screen Recording 2026-08-16 113109.mp4,3,CONFIRMED_FROM_VIDEO
Wool,5189.4,San Salvador,140,,CONFIRMED_FROM_VIDEO,1,,Lord Irving's Sacrifice,Irving's Reach,,Screen Recording 2026-08-16 113109.mp4,3,CONFIRMED_FROM_VIDEO
Wool,2605.4,San Vito,105,,CONFIRMED_FROM_VIDEO,1,,Lord Irving's Sacrifice,Irving's Reach,,Screen Recording 2026-08-16 113109.mp4,4,CONFIRMED_FROM_VIDEO
Wool,6136.5,Sandy Settlement,153,,CONFIRMED_FROM_VIDEO,1,,Lord Irving's Sacrifice,Irving's Reach,,Screen Recording 2026-08-16 113109.mp4,2,CONFIRMED_FROM_VIDEO
Wool,5850.1,Santa Maria,149,,CONFIRMED_FROM_VIDEO,1,,Lord Irving's Sacrifice,Irving's Reach,,Screen Recording 2026-08-16 113109.mp4,3,CONFIRMED_FROM_VIDEO
Wool,9992.9,Sao Bento,206,,CONFIRMED_FROM_VIDEO,1,,Lord Irving's Sacrifice,Irving's Reach,,Screen Recording 2026-08-16 113109.mp4,4,CONFIRMED_FROM_VIDEO
Wool,9952.5,Snake Prosper,206,,CONFIRMED_FROM_VIDEO,1,,Lord Irving's Sacrifice,Irving's Reach,,Screen Recording 2026-08-16 113109.mp4,3,CONFIRMED_FROM_VIDEO
Wool,11014.5,Sugar Cove,220,,CONFIRMED_FROM_VIDEO,1,,Lord Irving's Sacrifice,Irving's Reach,,Screen Recording 2026-08-16 113109.mp4,2,CONFIRMED_FROM_VIDEO
Wool,7022.0,Taylor's Town,165,,CONFIRMED_FROM_VIDEO,1,,Lord Irving's Sacrifice,Irving's Reach,,Screen Recording 2026-08-16 113109.mp4,4,CONFIRMED_FROM_VIDEO
Wool,3835.2,Theresa,121,,CONFIRMED_FROM_VIDEO,2,,Lord Irving's Sacrifice,Irving's Reach,,Screen Recording 2026-08-16 113109.mp4,2,CONFIRMED_FROM_VIDEO
Wool,3307.7,Thresher Point,114,,CONFIRMED_FROM_VIDEO,1,,Lord Irving's Sacrifice,Irving's Reach,,Screen Recording 2026-08-16 113109.mp4,2,CONFIRMED_FROM_VIDEO
Wool,7116.6,Venta Nueva,167,,CONFIRMED_FROM_VIDEO,1,,Lord Irving's Sacrifice,Irving's Reach,,Screen Recording 2026-08-16 113109.mp4,4,CONFIRMED_FROM_VIDEO
Wool,6084.7,Villarreal Del Mar,152,,CONFIRMED_FROM_VIDEO,2,,Lord Irving's Sacrifice,Irving's Reach,,Screen Recording 2026-08-16 113109.mp4,2,CONFIRMED_FROM_VIDEO
Wool,11163.1,White Hook,222,,CONFIRMED_FROM_VIDEO,1,,Lord Irving's Sacrifice,Irving's Reach,,Screen Recording 2026-08-16 113109.mp4,1,CONFIRMED_FROM_VIDEO
Wool,10808.3,Wyntergard,217,,CONFIRMED_FROM_VIDEO,1,,Lord Irving's Sacrifice,Irving's Reach,,Screen Recording 2026-08-16 113109.mp4,1,CONFIRMED_FROM_VIDEO
Lace,7678.4,Al-Jazair,206,,CONFIRMED_FROM_SCREENSHOT,1,,Louisbourg,Belle Isles,,Louisbourg sell4.png,1,CONFIRMED_FROM_SCREENSHOT
Lace,3970.9,Ashbourne,146,,CONFIRMED_FROM_SCREENSHOT,1,,Louisbourg,Belle Isles,,Louisbourg sell6.png; Louisbourg sell7.png,2,CONFIRMED_FROM_SCREENSHOT
Lace,10247.4,Belfry Heights,248,,CONFIRMED_FROM_SCREENSHOT,1,,Louisbourg,Belle Isles,,Louisbourg sell3.png,1,CONFIRMED_FROM_SCREENSHOT
Lace,4634.5,Bucket Bay,157,,CONFIRMED_FROM_SCREENSHOT,1,,Louisbourg,Belle Isles,,Louisbourg sell6.png; Louisbourg sell7.png,2,CONFIRMED_FROM_SCREENSHOT
Lace,8607.7,Caledonia,221,,CONFIRMED_FROM_SCREENSHOT,1,,Louisbourg,Belle Isles,,Louisbourg sell4.png,1,CONFIRMED_FROM_SCREENSHOT
Lace,11029.2,Castle Landing,260,,CONFIRMED_FROM_SCREENSHOT,1,,Louisbourg,Belle Isles,,Louisbourg sell2.png,1,CONFIRMED_FROM_SCREENSHOT
Lace,8360.7,Caveira,217,,CONFIRMED_FROM_SCREENSHOT,1,,Louisbourg,Belle Isles,,Louisbourg sell4.png,1,CONFIRMED_FROM_SCREENSHOT
Lace,8817.0,Caye Tiburon,225,,CONFIRMED_FROM_SCREENSHOT,1,,Louisbourg,Belle Isles,,Louisbourg sell3.png,1,CONFIRMED_FROM_SCREENSHOT
Lace,3811.8,Crownstead,143,,CONFIRMED_FROM_SCREENSHOT,1,,Louisbourg,Belle Isles,,Louisbourg sell6.png; Louisbourg sell7.png,2,CONFIRMED_FROM_SCREENSHOT
Lace,12044.4,Cumberland Hill,277,,CONFIRMED_FROM_SCREENSHOT,2,,Louisbourg,Belle Isles,,Louisbourg sell2.png,1,CONFIRMED_FROM_SCREENSHOT
Lace,8012.3,Deadman's Murcia,211,,CONFIRMED_FROM_SCREENSHOT,1,,Louisbourg,Belle Isles,,Louisbourg sell4.png,1,CONFIRMED_FROM_SCREENSHOT
Lace,5364.3,Fair Harbour,168,,CONFIRMED_FROM_SCREENSHOT,1,,Louisbourg,Belle Isles,,Louisbourg sell5.png,1,CONFIRMED_FROM_SCREENSHOT
Lace,5483.8,Falmouth,170,,CONFIRMED_FROM_SCREENSHOT,1,,Louisbourg,Belle Isles,,Louisbourg sell5.png,1,CONFIRMED_FROM_SCREENSHOT
Lace,5002.5,Gyldenvale,163,,CONFIRMED_FROM_SCREENSHOT,1,,Louisbourg,Belle Isles,,Louisbourg sell5.png,1,CONFIRMED_FROM_SCREENSHOT
Lace,11060.2,Jones' Outpost,261,,CONFIRMED_FROM_SCREENSHOT,1,,Louisbourg,Belle Isles,,Louisbourg sell2.png,1,CONFIRMED_FROM_SCREENSHOT
Lace,15460.5,Kandlerova,332,,CONFIRMED_FROM_SCREENSHOT,1,,Louisbourg,Belle Isles,,Louisbourg sell1.png,1,CONFIRMED_FROM_SCREENSHOT
Lace,13774.2,La Povenglia,305,,CONFIRMED_FROM_SCREENSHOT,1,,Louisbourg,Belle Isles,,Louisbourg sell1.png,1,CONFIRMED_FROM_SCREENSHOT
Lace,10470.9,Lebarde,251,,CONFIRMED_FROM_SCREENSHOT,1,,Louisbourg,Belle Isles,,Louisbourg sell3.png,1,CONFIRMED_FROM_SCREENSHOT
Lace,9490.8,Lord Irving's Sacrifice,235,,CONFIRMED_FROM_SCREENSHOT,1,,Louisbourg,Belle Isles,,Louisbourg sell3.png,1,CONFIRMED_FROM_SCREENSHOT
Lace,9404.8,Madalena,234,,CONFIRMED_FROM_SCREENSHOT,1,,Louisbourg,Belle Isles,,Louisbourg sell3.png,1,CONFIRMED_FROM_SCREENSHOT
Lace,10157.6,Mako's Outlook,246,,CONFIRMED_FROM_SCREENSHOT,1,,Louisbourg,Belle Isles,,Louisbourg sell3.png,1,CONFIRMED_FROM_SCREENSHOT
Lace,4026.9,Matthew's Rest,147,,CONFIRMED_FROM_SCREENSHOT,1,,Louisbourg,Belle Isles,,Louisbourg sell6.png; Louisbourg sell7.png,2,CONFIRMED_FROM_SCREENSHOT
Lace,877.6,Maurepas,96,,CONFIRMED_FROM_SCREENSHOT,1,,Louisbourg,Belle Isles,,Louisbourg sell7.png,1,CONFIRMED_FROM_SCREENSHOT
Lace,7040.2,New Brighton,196,,CONFIRMED_FROM_SCREENSHOT,1,,Louisbourg,Belle Isles,Visually verified from visible screenshot row; not inferred.,Louisbourg sell5.png,1,CONFIRMED_FROM_SCREENSHOT
Lace,12192.4,New Catalina,279,,CONFIRMED_FROM_SCREENSHOT,1,,Louisbourg,Belle Isles,,Louisbourg sell1.png,1,CONFIRMED_FROM_SCREENSHOT
Lace,3821.9,Pachard Town,143,,CONFIRMED_FROM_SCREENSHOT,1,,Louisbourg,Belle Isles,,Louisbourg sell6.png; Louisbourg sell7.png,2,CONFIRMED_FROM_SCREENSHOT
Lace,12934.0,Peter's Cove,291,,CONFIRMED_FROM_SCREENSHOT,1,,Louisbourg,Belle Isles,,Louisbourg sell1.png,1,CONFIRMED_FROM_SCREENSHOT
Lace,1592.2,Petit Anvers,107,,CONFIRMED_FROM_SCREENSHOT,1,,Louisbourg,Belle Isles,,Louisbourg sell6.png; Louisbourg sell7.png,2,CONFIRMED_FROM_SCREENSHOT
Lace,10783.5,Poblado de San Juan,256,,CONFIRMED_FROM_SCREENSHOT,1,,Louisbourg,Belle Isles,,Louisbourg sell2.png,1,CONFIRMED_FROM_SCREENSHOT
Lace,3223.3,Point Rocheux,134,,CONFIRMED_FROM_SCREENSHOT,1,,Louisbourg,Belle Isles,,Louisbourg sell6.png; Louisbourg sell7.png,2,CONFIRMED_FROM_SCREENSHOT
Lace,7640.5,Ponta Delgada,205,,CONFIRMED_FROM_SCREENSHOT,1,,Louisbourg,Belle Isles,,Louisbourg sell4.png,1,CONFIRMED_FROM_SCREENSHOT
Lace,6211.1,Port Antonio,182,,CONFIRMED_FROM_SCREENSHOT,1,,Louisbourg,Belle Isles,,Louisbourg sell5.png,1,CONFIRMED_FROM_SCREENSHOT
Lace,5179.7,Port Louis,165,,CONFIRMED_FROM_SCREENSHOT,1,,Louisbourg,Belle Isles,,Louisbourg sell5.png,1,CONFIRMED_FROM_SCREENSHOT
Lace,7863.8,Port Royal,209,,CONFIRMED_FROM_SCREENSHOT,1,,Louisbourg,Belle Isles,,Louisbourg sell4.png,1,CONFIRMED_FROM_SCREENSHOT
Lace,3296.0,Port-Au-Croix,135,,CONFIRMED_FROM_SCREENSHOT,1,,Louisbourg,Belle Isles,,Louisbourg sell6.png; Louisbourg sell7.png,2,CONFIRMED_FROM_SCREENSHOT
Lace,9363.2,Princeton,233,,CONFIRMED_FROM_SCREENSHOT,1,,Louisbourg,Belle Isles,,Louisbourg sell3.png,1,CONFIRMED_FROM_SCREENSHOT
Lace,8285.1,Puerto de San Fernando,216,,CONFIRMED_FROM_SCREENSHOT,1,,Louisbourg,Belle Isles,,Louisbourg sell4.png,1,CONFIRMED_FROM_SCREENSHOT
Lace,6892.4,Saint Vincent,193,,CONFIRMED_FROM_SCREENSHOT,1,,Louisbourg,Belle Isles,,Louisbourg sell5.png,1,CONFIRMED_FROM_SCREENSHOT
Lace,14132.6,Saint-Nicholas,311,,CONFIRMED_FROM_SCREENSHOT,1,,Louisbourg,Belle Isles,,Louisbourg sell1.png,1,CONFIRMED_FROM_SCREENSHOT
Lace,1183.4,Sainte Rose,100,,CONFIRMED_FROM_SCREENSHOT,1,,Louisbourg,Belle Isles,,Louisbourg sell6.png; Louisbourg sell7.png,2,CONFIRMED_FROM_SCREENSHOT
Lace,14765.7,San Polo,321,,CONFIRMED_FROM_SCREENSHOT,1,,Louisbourg,Belle Isles,,Louisbourg sell1.png,1,CONFIRMED_FROM_SCREENSHOT
Lace,11843.2,San Salvador,274,,CONFIRMED_FROM_SCREENSHOT,1,,Louisbourg,Belle Isles,,Louisbourg sell2.png,1,CONFIRMED_FROM_SCREENSHOT
Lace,12094.0,San Vito,278,,CONFIRMED_FROM_SCREENSHOT,1,,Louisbourg,Belle Isles,,Louisbourg sell1.png,1,CONFIRMED_FROM_SCREENSHOT
Lace,14010.0,Sandy Settlement,309,,CONFIRMED_FROM_SCREENSHOT,1,,Louisbourg,Belle Isles,,Louisbourg sell1.png,1,CONFIRMED_FROM_SCREENSHOT
Lace,10568.0,Santa Maria,253,,CONFIRMED_FROM_SCREENSHOT,1,,Louisbourg,Belle Isles,,Louisbourg sell3.png,1,CONFIRMED_FROM_SCREENSHOT
Lace,7764.1,Sao Bento,207,,CONFIRMED_FROM_SCREENSHOT,1,,Louisbourg,Belle Isles,,Louisbourg sell4.png,1,CONFIRMED_FROM_SCREENSHOT
Lace,8308.3,Snake Prosper,216,,CONFIRMED_FROM_SCREENSHOT,1,,Louisbourg,Belle Isles,,Louisbourg sell4.png,1,CONFIRMED_FROM_SCREENSHOT
Lace,13125.8,Sugar Cove,295,,CONFIRMED_FROM_SCREENSHOT,1,,Louisbourg,Belle Isles,,Louisbourg sell1.png,1,CONFIRMED_FROM_SCREENSHOT
Lace,13641.7,Taylor's Town,303,,CONFIRMED_FROM_SCREENSHOT,1,,Louisbourg,Belle Isles,,Louisbourg sell1.png,1,CONFIRMED_FROM_SCREENSHOT
Lace,7338.6,Theresa,201,,CONFIRMED_FROM_SCREENSHOT,1,,Louisbourg,Belle Isles,,Louisbourg sell4.png,1,CONFIRMED_FROM_SCREENSHOT
Lace,10154.7,Thresher Point,246,,CONFIRMED_FROM_SCREENSHOT,1,,Louisbourg,Belle Isles,,Louisbourg sell3.png,1,CONFIRMED_FROM_SCREENSHOT
Lace,5286.2,Venta Nueva,167,,CONFIRMED_FROM_SCREENSHOT,1,,Louisbourg,Belle Isles,,Louisbourg sell5.png,1,CONFIRMED_FROM_SCREENSHOT
Lace,4848.0,Villarreal Del Mar,160,,CONFIRMED_FROM_SCREENSHOT,1,,Louisbourg,Belle Isles,,Louisbourg sell6.png,1,CONFIRMED_FROM_SCREENSHOT
Lace,8921.7,White Hook,226,,CONFIRMED_FROM_SCREENSHOT,1,,Louisbourg,Belle Isles,,Louisbourg sell3.png,1,CONFIRMED_FROM_SCREENSHOT
Lace,4991.7,Wyntergard,162,,CONFIRMED_FROM_SCREENSHOT,1,,Louisbourg,Belle Isles,,Louisbourg sell5.png,1,CONFIRMED_FROM_SCREENSHOT
Lace,6074.7,Yorinobu's Settlement,180,,CONFIRMED_FROM_SCREENSHOT,1,,Louisbourg,Belle Isles,,Louisbourg sell5.png,1,CONFIRMED_FROM_SCREENSHOT
Cheese,14528.2,Al-Jazair,269,,CONFIRMED_FROM_VIDEO,2,pooled_even_odd_wide,Madalena,Ilhas Brumas,,Screen Recording 2026-08-16 223317.mp4,4,CONFIRMED_FROM_VIDEO
Cheese,13063.8,Ashbourne,248,,CONFIRMED_FROM_VIDEO,2,pooled_even_odd_wide,Madalena,Ilhas Brumas,,Screen Recording 2026-08-16 223317.mp4,6,CONFIRMED_FROM_VIDEO
Cheese,12861.8,Belfry Heights,246,,CONFIRMED_FROM_VIDEO,2,pooled_even_odd_wide,Madalena,Ilhas Brumas,,Screen Recording 2026-08-16 223317.mp4,8,CONFIRMED_FROM_VIDEO
Cheese,12084.9,Bucket Bay,235,,CONFIRMED_FROM_VIDEO,2,pooled_even_odd_wide,Madalena,Ilhas Brumas,,Screen Recording 2026-08-16 223317.mp4,4,CONFIRMED_FROM_VIDEO
Cheese,16752.2,Caledonia,299,,CONFIRMED_FROM_VIDEO,2,pooled_even_odd_wide,Madalena,Ilhas Brumas,,Screen Recording 2026-08-16 223317.mp4,4,CONFIRMED_FROM_VIDEO
Cheese,16687.2,Castle Landing,298,,CONFIRMED_FROM_VIDEO,2,pooled_even_odd_wide,Madalena,Ilhas Brumas,,Screen Recording 2026-08-16 223317.mp4,4,CONFIRMED_FROM_VIDEO
Cheese,1940.9,Caveira,95,,CONFIRMED_FROM_VIDEO,1,pooled_even_odd_wide,Madalena,Ilhas Brumas,,Screen Recording 2026-08-16 223317.mp4,4,CONFIRMED_FROM_VIDEO
Cheese,12460.2,Caye Tiburon,240,,CONFIRMED_FROM_VIDEO,2,pooled_even_odd_wide,Madalena,Ilhas Brumas,,Screen Recording 2026-08-16 223317.mp4,4,CONFIRMED_FROM_VIDEO
Cheese,13119.3,Crownstead,249,,CONFIRMED_FROM_VIDEO,2,pooled_even_odd_wide,Madalena,Ilhas Brumas,,Screen Recording 2026-08-16 223317.mp4,6,CONFIRMED_FROM_VIDEO
Cheese,18969.0,Cumberland Hill,330,,CONFIRMED_FROM_VIDEO,1,pooled_even_odd_wide,Madalena,Ilhas Brumas,,Screen Recording 2026-08-16 223317.mp4,4,CONFIRMED_FROM_VIDEO
Cheese,16409.4,Deadman's Murcia,294,Selected from the two recorded directional readings using reciprocal-distance agreement and the origin's other observed Distance/Value rows. No distance was fabricated.,CONFIRMED_RECORDED_RECIPROCAL_AUDIT,1,pooled_even_odd_wide,Madalena,Ilhas Brumas,,Screen Recording 2026-08-16 223317.mp4,7,CONFIRMED_FROM_VIDEO
Cheese,13356.0,Fair Harbour,252,,CONFIRMED_FROM_VIDEO,1,pooled_even_odd_wide,Madalena,Ilhas Brumas,,Screen Recording 2026-08-16 223317.mp4,5,CONFIRMED_FROM_VIDEO
Cheese,7479.2,Falmouth,172,,CONFIRMED_FROM_VIDEO,1,pooled_even_odd_wide,Madalena,Ilhas Brumas,,Screen Recording 2026-08-16 223317.mp4,6,CONFIRMED_FROM_VIDEO
Cheese,14387.2,Gyldenvale,267,,CONFIRMED_FROM_VIDEO,2,pooled_even_odd_wide,Madalena,Ilhas Brumas,,Screen Recording 2026-08-16 223317.mp4,4,CONFIRMED_FROM_VIDEO
Cheese,18061.8,Jones' Outpost,317,,CONFIRMED_FROM_VIDEO,2,pooled_even_odd_wide,Madalena,Ilhas Brumas,,Screen Recording 2026-08-16 223317.mp4,4,CONFIRMED_FROM_VIDEO
Cheese,13237.4,Kandlerova,251,,CONFIRMED_FROM_VIDEO,2,pooled_even_odd_wide,Madalena,Ilhas Brumas,,Screen Recording 2026-08-16 223317.mp4,4,CONFIRMED_FROM_VIDEO
Cheese,13533.8,La Povenglia,255,,CONFIRMED_FROM_VIDEO,2,pooled_even_odd_wide,Madalena,Ilhas Brumas,,Screen Recording 2026-08-16 223317.mp4,4,CONFIRMED_FROM_VIDEO
Cheese,15322.4,Lebarde,279,,CONFIRMED_FROM_VIDEO,2,pooled_even_odd_wide,Madalena,Ilhas Brumas,,Screen Recording 2026-08-16 223317.mp4,4,CONFIRMED_FROM_VIDEO
Cheese,10493.2,Lord Irving's Sacrifice,213,,CONFIRMED_FROM_VIDEO,2,pooled_even_odd_wide,Madalena,Ilhas Brumas,,Screen Recording 2026-08-16 223317.mp4,2,CONFIRMED_FROM_VIDEO
Cheese,9404.8,Louisbourg,198,,CONFIRMED_FROM_VIDEO,1,pooled_even_odd_wide,Madalena,Ilhas Brumas,,Screen Recording 2026-08-16 223317.mp4,7,CONFIRMED_FROM_VIDEO
Cheese,11200.9,Mako's Outlook,223,,CONFIRMED_FROM_VIDEO,2,pooled_even_odd_wide,Madalena,Ilhas Brumas,,Screen Recording 2026-08-16 223317.mp4,4,CONFIRMED_FROM_VIDEO
Cheese,11188.5,Matthew's Rest,223,,CONFIRMED_FROM_VIDEO,2,pooled_even_odd_wide,Madalena,Ilhas Brumas,,Screen Recording 2026-08-16 223317.mp4,4,CONFIRMED_FROM_VIDEO
Cheese,9642.5,Maurepas,201,,CONFIRMED_FROM_VIDEO,1,pooled_even_odd_wide,Madalena,Ilhas Brumas,,Screen Recording 2026-08-16 223317.mp4,13,CONFIRMED_FROM_VIDEO
Cheese,13057.0,New Brighton,248,,CONFIRMED_FROM_VIDEO,1,pooled_even_odd_wide,Madalena,Ilhas Brumas,,Screen Recording 2026-08-16 223317.mp4,9,CONFIRMED_FROM_VIDEO
Cheese,18879.8,New Catalina,328,,CONFIRMED_FROM_VIDEO,2,pooled_even_odd_wide,Madalena,Ilhas Brumas,,Screen Recording 2026-08-16 223317.mp4,4,CONFIRMED_FROM_VIDEO
Cheese,10223.0,Pachard Town,209,,CONFIRMED_FROM_VIDEO,1,pooled_even_odd_wide,Madalena,Ilhas Brumas,,Screen Recording 2026-08-16 223317.mp4,9,CONFIRMED_FROM_VIDEO
Cheese,15546.2,Peter's Cove,283,,CONFIRMED_FROM_VIDEO,2,pooled_even_odd_wide,Madalena,Ilhas Brumas,,Screen Recording 2026-08-16 223317.mp4,4,CONFIRMED_FROM_VIDEO
Cheese,10519.1,Petit Anvers,213,,CONFIRMED_FROM_VIDEO,2,pooled_even_odd_wide,Madalena,Ilhas Brumas,,Screen Recording 2026-08-16 223317.mp4,4,CONFIRMED_FROM_VIDEO
Cheese,5691.3,Poblado de San Juan,147,,CONFIRMED_FROM_VIDEO,2,pooled_even_odd_wide,Madalena,Ilhas Brumas,,Screen Recording 2026-08-16 223317.mp4,4,CONFIRMED_FROM_VIDEO
Cheese,8139.2,Point Rocheux,181,,CONFIRMED_FROM_VIDEO,1,pooled_even_odd_wide,Madalena,Ilhas Brumas,,Screen Recording 2026-08-16 223317.mp4,8,CONFIRMED_FROM_VIDEO
Cheese,2988.0,Ponta Delgada,110,,CONFIRMED_FROM_VIDEO,1,pooled_even_odd_wide,Madalena,Ilhas Brumas,,Screen Recording 2026-08-16 223317.mp4,4,CONFIRMED_FROM_VIDEO
Cheese,6599.0,Port Antonio,159,,CONFIRMED_FROM_VIDEO,1,pooled_even_odd_wide,Madalena,Ilhas Brumas,,Screen Recording 2026-08-16 223317.mp4,9,CONFIRMED_FROM_VIDEO
Cheese,13619.6,Port Louis,256,,CONFIRMED_FROM_VIDEO,3,pooled_even_odd_wide,Madalena,Ilhas Brumas,,Screen Recording 2026-08-16 223317.mp4,3,CONFIRMED_FROM_VIDEO
Cheese,8637.1,Port Royal,188,,CONFIRMED_FROM_VIDEO,1,pooled_even_odd_wide,Madalena,Ilhas Brumas,,Screen Recording 2026-08-16 223317.mp4,8,CONFIRMED_FROM_VIDEO
Cheese,9213.9,Port-Au-Croix,195,,CONFIRMED_FROM_VIDEO,1,pooled_even_odd_wide,Madalena,Ilhas Brumas,,Screen Recording 2026-08-16 223317.mp4,6,CONFIRMED_FROM_VIDEO
Cheese,15289.7,Princeton,279,,CONFIRMED_FROM_VIDEO,2,pooled_even_odd_wide,Madalena,Ilhas Brumas,,Screen Recording 2026-08-16 223317.mp4,4,CONFIRMED_FROM_VIDEO
Cheese,4834.7,Puerto de San Fernando,135,,CONFIRMED_FROM_VIDEO,1,pooled_even_odd_wide,Madalena,Ilhas Brumas,,Screen Recording 2026-08-16 223317.mp4,4,CONFIRMED_FROM_VIDEO
Cheese,14517.8,Saint Vincent,268,,CONFIRMED_FROM_VIDEO,2,pooled_even_odd_wide,Madalena,Ilhas Brumas,,Screen Recording 2026-08-16 223317.mp4,4,CONFIRMED_FROM_VIDEO
Cheese,17025.1,Saint-Nicholas,303,,CONFIRMED_FROM_VIDEO,2,pooled_even_odd_wide,Madalena,Ilhas Brumas,,Screen Recording 2026-08-16 223317.mp4,4,CONFIRMED_FROM_VIDEO
Cheese,8865.7,Sainte Rose,191,,CONFIRMED_FROM_VIDEO,2,pooled_even_odd_wide,Madalena,Ilhas Brumas,,Screen Recording 2026-08-16 223317.mp4,6,CONFIRMED_FROM_VIDEO
Cheese,13079.9,San Polo,249,,CONFIRMED_FROM_VIDEO,2,pooled_even_odd_wide,Madalena,Ilhas Brumas,,Screen Recording 2026-08-16 223317.mp4,6,CONFIRMED_FROM_VIDEO
Cheese,7990.8,San Salvador,179,,CONFIRMED_FROM_VIDEO,1,pooled_even_odd_wide,Madalena,Ilhas Brumas,,Screen Recording 2026-08-16 223317.mp4,8,CONFIRMED_FROM_VIDEO
Cheese,12059.6,San Vito,235,,CONFIRMED_FROM_VIDEO,2,pooled_even_odd_wide,Madalena,Ilhas Brumas,,Screen Recording 2026-08-16 223317.mp4,4,CONFIRMED_FROM_VIDEO
Cheese,16627.5,Sandy Settlement,297,,CONFIRMED_FROM_VIDEO,2,pooled_even_odd_wide,Madalena,Ilhas Brumas,,Screen Recording 2026-08-16 223317.mp4,4,CONFIRMED_FROM_VIDEO
Cheese,5960.5,Santa Maria,151,,CONFIRMED_FROM_VIDEO,1,pooled_even_odd_wide,Madalena,Ilhas Brumas,,Screen Recording 2026-08-16 223317.mp4,6,CONFIRMED_FROM_VIDEO
Cheese,1682.4,Sao Bento,92,,CONFIRMED_FROM_VIDEO,1,pooled_even_odd_wide,Madalena,Ilhas Brumas,,Screen Recording 2026-08-16 223317.mp4,4,CONFIRMED_FROM_VIDEO
Cheese,16375.0,Snake Prosper,294,,CONFIRMED_FROM_VIDEO,1,pooled_even_odd_wide,Madalena,Ilhas Brumas,,Screen Recording 2026-08-16 223317.mp4,6,CONFIRMED_FROM_VIDEO
Cheese,19878.4,Sugar Cove,342,,CONFIRMED_FROM_VIDEO,2,pooled_even_odd_wide,Madalena,Ilhas Brumas,,Screen Recording 2026-08-16 223317.mp4,4,CONFIRMED_FROM_VIDEO
Cheese,17396.6,Taylor's Town,308,,CONFIRMED_FROM_VIDEO,2,pooled_even_odd_wide,Madalena,Ilhas Brumas,,Screen Recording 2026-08-16 223317.mp4,4,CONFIRMED_FROM_VIDEO
Cheese,6754.1,Theresa,162,,CONFIRMED_FROM_VIDEO,1,pooled_even_odd_wide,Madalena,Ilhas Brumas,,Screen Recording 2026-08-16 223317.mp4,10,CONFIRMED_FROM_VIDEO
Cheese,13408.3,Thresher Point,253,,CONFIRMED_FROM_VIDEO,2,pooled_even_odd_wide,Madalena,Ilhas Brumas,,Screen Recording 2026-08-16 223317.mp4,4,CONFIRMED_FROM_VIDEO
Cheese,4769.6,Venta Nueva,134,,CONFIRMED_FROM_VIDEO,1,pooled_even_odd_wide,Madalena,Ilhas Brumas,,Screen Recording 2026-08-16 223317.mp4,4,CONFIRMED_FROM_VIDEO
Cheese,6011.7,Villarreal Del Mar,151,,CONFIRMED_FROM_VIDEO,1,pooled_even_odd_wide,Madalena,Ilhas Brumas,,Screen Recording 2026-08-16 223317.mp4,6,CONFIRMED_FROM_VIDEO
Cheese,17330.5,White Hook,307,,CONFIRMED_FROM_VIDEO,2,pooled_even_odd_wide,Madalena,Ilhas Brumas,,Screen Recording 2026-08-16 223317.mp4,4,CONFIRMED_FROM_VIDEO
Cheese,14169.2,Wyntergard,264,,CONFIRMED_FROM_VIDEO,2,pooled_even_odd_wide,Madalena,Ilhas Brumas,,Screen Recording 2026-08-16 223317.mp4,4,CONFIRMED_FROM_VIDEO
Cheese,12701.0,Yorinobu's Settlement,243,,CONFIRMED_FROM_VIDEO,1,pooled_even_odd_wide,Madalena,Ilhas Brumas,,Screen Recording 2026-08-16 223317.mp4,6,CONFIRMED_FROM_VIDEO
Spyglasses,7388.8,Al-Jazair,198,,CONFIRMED_FROM_VIDEO,1,,Mako's Outlook,Irving's Reach,,Screen Recording 2026-08-16 113333.mp4,3,CONFIRMED_FROM_VIDEO
Spyglasses,10451.4,Ashbourne,247,,CONFIRMED_FROM_VIDEO,1,,Mako's Outlook,Irving's Reach,,Screen Recording 2026-08-16 113333.mp4,2,CONFIRMED_FROM_VIDEO
Spyglasses,2117.0,Belfry Heights,114,,CONFIRMED_FROM_VIDEO,2,,Mako's Outlook,Irving's Reach,,Screen Recording 2026-08-16 113333.mp4,3,CONFIRMED_FROM_VIDEO
Spyglasses,7601.1,Bucket Bay,202,,CONFIRMED_FROM_VIDEO,1,,Mako's Outlook,Irving's Reach,,Screen Recording 2026-08-16 113333.mp4,3,CONFIRMED_FROM_VIDEO
Spyglasses,10450.6,Caledonia,247,,CONFIRMED_FROM_VIDEO,1,,Mako's Outlook,Irving's Reach,,Screen Recording 2026-08-16 113333.mp4,3,CONFIRMED_FROM_VIDEO
Spyglasses,7207.0,Castle Landing,195,,CONFIRMED_FROM_VIDEO,1,,Mako's Outlook,Irving's Reach,,Screen Recording 2026-08-16 113333.mp4,3,CONFIRMED_FROM_VIDEO
Spyglasses,9272.8,Caveira,228,,CONFIRMED_FROM_VIDEO,1,,Mako's Outlook,Irving's Reach,,Screen Recording 2026-08-16 113333.mp4,3,CONFIRMED_FROM_VIDEO
Spyglasses,3026.2,Caye Tiburon,128,,CONFIRMED_FROM_VIDEO,1,,Mako's Outlook,Irving's Reach,,Screen Recording 2026-08-16 113333.mp4,3,CONFIRMED_FROM_VIDEO
Spyglasses,11150.0,Crownstead,258,,CONFIRMED_FROM_VIDEO,1,,Mako's Outlook,Irving's Reach,,Screen Recording 2026-08-16 113333.mp4,2,CONFIRMED_FROM_VIDEO
Spyglasses,10690.0,Deadman's Murcia,251,,CONFIRMED_FROM_VIDEO,1,,Mako's Outlook,Irving's Reach,,Screen Recording 2026-08-16 113333.mp4,2,CONFIRMED_FROM_VIDEO
Spyglasses,8574.1,Fair Harbour,217,,CONFIRMED_FROM_VIDEO,1,,Mako's Outlook,Irving's Reach,,Screen Recording 2026-08-16 113333.mp4,3,CONFIRMED_FROM_VIDEO
Spyglasses,5173.5,Falmouth,163,,CONFIRMED_FROM_VIDEO,1,,Mako's Outlook,Irving's Reach,,Screen Recording 2026-08-16 113333.mp4,4,CONFIRMED_FROM_VIDEO
Spyglasses,12355.4,Gyldenvale,278,,CONFIRMED_FROM_VIDEO,2,,Mako's Outlook,Irving's Reach,,Screen Recording 2026-08-16 113333.mp4,1,CONFIRMED_FROM_VIDEO
Spyglasses,9661.2,Jones' Outpost,235,,CONFIRMED_FROM_VIDEO,1,,Mako's Outlook,Irving's Reach,,Screen Recording 2026-08-16 113333.mp4,3,CONFIRMED_FROM_VIDEO
Spyglasses,5849.6,Kandlerova,174,,CONFIRMED_FROM_VIDEO,1,,Mako's Outlook,Irving's Reach,,Screen Recording 2026-08-16 113333.mp4,3,CONFIRMED_FROM_VIDEO
Spyglasses,3625.8,La Povenglia,138,,CONFIRMED_FROM_VIDEO,1,,Mako's Outlook,Irving's Reach,,Screen Recording 2026-08-16 113333.mp4,4,CONFIRMED_FROM_VIDEO
Spyglasses,5520.6,Lebarde,168,,CONFIRMED_FROM_VIDEO,1,,Mako's Outlook,Irving's Reach,,Screen Recording 2026-08-16 113333.mp4,4,CONFIRMED_FROM_VIDEO
Spyglasses,772.3,Lord Irving's Sacrifice,92,,CONFIRMED_FROM_VIDEO,1,,Mako's Outlook,Irving's Reach,,Screen Recording 2026-08-16 113333.mp4,3,CONFIRMED_FROM_VIDEO
Spyglasses,10157.6,Louisbourg,243,,CONFIRMED_FROM_VIDEO,1,,Mako's Outlook,Irving's Reach,,Screen Recording 2026-08-16 113333.mp4,3,CONFIRMED_FROM_VIDEO
Spyglasses,11200.9,Madalena,259,,CONFIRMED_FROM_VIDEO,1,,Mako's Outlook,Irving's Reach,,Screen Recording 2026-08-16 113333.mp4,2,CONFIRMED_FROM_VIDEO
Spyglasses,7293.2,Matthew's Rest,197,,CONFIRMED_FROM_VIDEO,1,,Mako's Outlook,Irving's Reach,,Screen Recording 2026-08-16 113333.mp4,3,CONFIRMED_FROM_VIDEO
Spyglasses,9437.8,Maurepas,231,,CONFIRMED_FROM_VIDEO,1,,Mako's Outlook,Irving's Reach,,Screen Recording 2026-08-16 113333.mp4,2,CONFIRMED_FROM_VIDEO
Spyglasses,5900.1,New Brighton,174,,CONFIRMED_FROM_VIDEO,1,,Mako's Outlook,Irving's Reach,,Screen Recording 2026-08-16 113333.mp4,2,CONFIRMED_FROM_VIDEO
Spyglasses,9901.9,New Catalina,238,,CONFIRMED_FROM_VIDEO,1,,Mako's Outlook,Irving's Reach,,Screen Recording 2026-08-16 113333.mp4,2,CONFIRMED_FROM_VIDEO
Spyglasses,6745.7,Pachard Town,188,,CONFIRMED_FROM_VIDEO,1,,Mako's Outlook,Irving's Reach,,Screen Recording 2026-08-16 113333.mp4,3,CONFIRMED_FROM_VIDEO
Spyglasses,4373.0,Peter's Cove,150,,CONFIRMED_FROM_VIDEO,1,,Mako's Outlook,Irving's Reach,,Screen Recording 2026-08-16 113333.mp4,5,CONFIRMED_FROM_VIDEO
Spyglasses,11659.5,Petit Anvers,267,,CONFIRMED_FROM_VIDEO,1,,Mako's Outlook,Irving's Reach,,Screen Recording 2026-08-16 113333.mp4,2,CONFIRMED_FROM_VIDEO
Spyglasses,6828.7,Poblado de San Juan,189,,CONFIRMED_FROM_VIDEO,1,,Mako's Outlook,Irving's Reach,,Screen Recording 2026-08-16 113333.mp4,3,CONFIRMED_FROM_VIDEO
Spyglasses,7041.1,Point Rocheux,193,,CONFIRMED_FROM_VIDEO,1,,Mako's Outlook,Irving's Reach,,Screen Recording 2026-08-16 113333.mp4,3,CONFIRMED_FROM_VIDEO
Spyglasses,12287.3,Ponta Delgada,277,,CONFIRMED_FROM_VIDEO,1,,Mako's Outlook,Irving's Reach,,Screen Recording 2026-08-16 113333.mp4,2,CONFIRMED_FROM_VIDEO
Spyglasses,5265.0,Port Antonio,164,,CONFIRMED_FROM_VIDEO,1,,Mako's Outlook,Irving's Reach,,Screen Recording 2026-08-16 113333.mp4,5,CONFIRMED_FROM_VIDEO
Spyglasses,9371.8,Port Louis,230,,CONFIRMED_FROM_VIDEO,1,,Mako's Outlook,Irving's Reach,,Screen Recording 2026-08-16 113333.mp4,2,CONFIRMED_FROM_VIDEO
Spyglasses,2818.6,Port Royal,125,,CONFIRMED_FROM_VIDEO,1,,Mako's Outlook,Irving's Reach,,Screen Recording 2026-08-16 113333.mp4,6,CONFIRMED_FROM_VIDEO
Spyglasses,6896.0,Port-Au-Croix,190,,CONFIRMED_FROM_VIDEO,1,,Mako's Outlook,Irving's Reach,,Screen Recording 2026-08-16 113333.mp4,3,CONFIRMED_FROM_VIDEO
Spyglasses,6618.2,Princeton,186,,CONFIRMED_FROM_VIDEO,1,,Mako's Outlook,Irving's Reach,,Screen Recording 2026-08-16 113333.mp4,2,CONFIRMED_FROM_VIDEO
Spyglasses,6380.8,Puerto de San Fernando,182,,CONFIRMED_FROM_VIDEO,1,,Mako's Outlook,Irving's Reach,,Screen Recording 2026-08-16 113333.mp4,3,CONFIRMED_FROM_VIDEO
Spyglasses,8449.0,Saint Vincent,215,,CONFIRMED_FROM_VIDEO,1,,Mako's Outlook,Irving's Reach,,Screen Recording 2026-08-16 113333.mp4,2,CONFIRMED_FROM_VIDEO
Spyglasses,5848.0,Saint-Nicholas,174,,CONFIRMED_FROM_VIDEO,1,,Mako's Outlook,Irving's Reach,,Screen Recording 2026-08-16 113333.mp4,3,CONFIRMED_FROM_VIDEO
Spyglasses,10946.6,Sainte Rose,255,,CONFIRMED_FROM_VIDEO,1,,Mako's Outlook,Irving's Reach,,Screen Recording 2026-08-16 113333.mp4,1,CONFIRMED_FROM_VIDEO
Spyglasses,4985.7,San Polo,160,,CONFIRMED_FROM_VIDEO,1,,Mako's Outlook,Irving's Reach,,Screen Recording 2026-08-16 113333.mp4,4,CONFIRMED_FROM_VIDEO
Spyglasses,5475.0,San Salvador,168,,CONFIRMED_FROM_VIDEO,1,,Mako's Outlook,Irving's Reach,,Screen Recording 2026-08-16 113333.mp4,4,CONFIRMED_FROM_VIDEO
Spyglasses,2013.1,San Vito,112,,CONFIRMED_FROM_VIDEO,2,,Mako's Outlook,Irving's Reach,,Screen Recording 2026-08-16 113333.mp4,3,CONFIRMED_FROM_VIDEO
Spyglasses,5431.1,Sandy Settlement,167,,CONFIRMED_FROM_VIDEO,1,,Mako's Outlook,Irving's Reach,,Screen Recording 2026-08-16 113333.mp4,4,CONFIRMED_FROM_VIDEO
Spyglasses,6354.5,Santa Maria,182,,CONFIRMED_FROM_VIDEO,1,,Mako's Outlook,Irving's Reach,,Screen Recording 2026-08-16 113333.mp4,3,CONFIRMED_FROM_VIDEO
Spyglasses,10739.3,Sao Bento,252,,CONFIRMED_FROM_VIDEO,1,,Mako's Outlook,Irving's Reach,,Screen Recording 2026-08-16 113333.mp4,3,CONFIRMED_FROM_VIDEO
Spyglasses,10089.3,Snake Prosper,241,,CONFIRMED_FROM_VIDEO,1,,Mako's Outlook,Irving's Reach,,Screen Recording 2026-08-16 113333.mp4,3,CONFIRMED_FROM_VIDEO
Spyglasses,10766.2,Sugar Cove,252,,CONFIRMED_FROM_VIDEO,1,,Mako's Outlook,Irving's Reach,,Screen Recording 2026-08-16 113333.mp4,3,CONFIRMED_FROM_VIDEO
Spyglasses,6431.3,Taylor's Town,183,,CONFIRMED_FROM_VIDEO,1,,Mako's Outlook,Irving's Reach,,Screen Recording 2026-08-16 113333.mp4,3,CONFIRMED_FROM_VIDEO
Spyglasses,4587.9,Theresa,153,,CONFIRMED_FROM_VIDEO,1,,Mako's Outlook,Irving's Reach,,Screen Recording 2026-08-16 113333.mp4,4,CONFIRMED_FROM_VIDEO
Spyglasses,2954.2,Thresher Point,127,,CONFIRMED_FROM_VIDEO,1,,Mako's Outlook,Irving's Reach,,Screen Recording 2026-08-16 113333.mp4,6,CONFIRMED_FROM_VIDEO
Spyglasses,7888.5,Venta Nueva,206,,CONFIRMED_FROM_VIDEO,1,,Mako's Outlook,Irving's Reach,,Screen Recording 2026-08-16 113333.mp4,3,CONFIRMED_FROM_VIDEO
Spyglasses,6854.1,Villarreal Del Mar,190,,CONFIRMED_FROM_VIDEO,1,,Mako's Outlook,Irving's Reach,,Screen Recording 2026-08-16 113333.mp4,3,CONFIRMED_FROM_VIDEO
Spyglasses,11298.6,White Hook,261,,CONFIRMED_FROM_VIDEO,1,,Mako's Outlook,Irving's Reach,,Screen Recording 2026-08-16 113333.mp4,2,CONFIRMED_FROM_VIDEO
Spyglasses,11226.1,Wyntergard,260,,CONFIRMED_FROM_VIDEO,1,,Mako's Outlook,Irving's Reach,,Screen Recording 2026-08-16 113333.mp4,2,CONFIRMED_FROM_VIDEO
Shale,3789.1,Al-Jazair,160,,CONFIRMED_FROM_VIDEO,1,,Matthew's Rest,Îles de Louis,,Screen Recording 2026-08-16 110744.mp4,4,CONFIRMED_FROM_VIDEO
Shale,3196.3,Ashbourne,150,,CONFIRMED_FROM_VIDEO,1,,Matthew's Rest,Îles de Louis,,Screen Recording 2026-08-16 110744.mp4,6,CONFIRMED_FROM_VIDEO
Shale,6773.1,Belfry Heights,215,,CONFIRMED_FROM_VIDEO,1,,Matthew's Rest,Îles de Louis,,Screen Recording 2026-08-16 110744.mp4,8,CONFIRMED_FROM_VIDEO
Shale,897.0,Bucket Bay,108,,CONFIRMED_FROM_VIDEO,3,,Matthew's Rest,Îles de Louis,,Screen Recording 2026-08-16 110744.mp4,1,CONFIRMED_FROM_VIDEO
Shale,5564.1,Caledonia,193,,CONFIRMED_FROM_VIDEO,1,,Matthew's Rest,Îles de Louis,,Screen Recording 2026-08-16 110744.mp4,7,CONFIRMED_FROM_VIDEO
Shale,7014.3,Castle Landing,219,,CONFIRMED_FROM_VIDEO,2,,Matthew's Rest,Îles de Louis,,Screen Recording 2026-08-16 110744.mp4,7,CONFIRMED_FROM_VIDEO
Shale,9598.9,Caveira,266,,CONFIRMED_FROM_VIDEO,1,,Matthew's Rest,Îles de Louis,,Screen Recording 2026-08-16 110744.mp4,6,CONFIRMED_FROM_VIDEO
Shale,5197.7,Caye Tiburon,186,,CONFIRMED_FROM_VIDEO,1,,Matthew's Rest,Îles de Louis,,Screen Recording 2026-08-16 110744.mp4,5,CONFIRMED_FROM_VIDEO
Shale,3859.9,Crownstead,162,,CONFIRMED_FROM_VIDEO,1,,Matthew's Rest,Îles de Louis,,Screen Recording 2026-08-16 110744.mp4,4,CONFIRMED_FROM_VIDEO
Shale,8313.6,Cumberland Hill,243,,CONFIRMED_FROM_VIDEO,1,,Matthew's Rest,Îles de Louis,Visually verified from a visible recording frame after OCR audit.,Screen Recording 2026-08-16 110744.mp4,5,CONFIRMED_FROM_VIDEO
Shale,5248.1,Deadman's Murcia,187,,CONFIRMED_FROM_VIDEO,1,,Matthew's Rest,Îles de Louis,,Screen Recording 2026-08-16 110744.mp4,8,CONFIRMED_FROM_VIDEO
Shale,2195.6,Fair Harbour,131,,CONFIRMED_FROM_VIDEO,1,,Matthew's Rest,Îles de Louis,,Screen Recording 2026-08-16 110744.mp4,3,CONFIRMED_FROM_VIDEO
Shale,4444.3,Falmouth,172,,CONFIRMED_FROM_VIDEO,2,,Matthew's Rest,Îles de Louis,,Screen Recording 2026-08-16 110744.mp4,4,CONFIRMED_FROM_VIDEO
Shale,5110.1,Gyldenvale,185,,CONFIRMED_FROM_VIDEO,1,,Matthew's Rest,Îles de Louis,,Screen Recording 2026-08-16 110744.mp4,4,CONFIRMED_FROM_VIDEO
Shale,7336.4,Jones' Outpost,225,,CONFIRMED_FROM_VIDEO,2,,Matthew's Rest,Îles de Louis,,Screen Recording 2026-08-16 110744.mp4,6,CONFIRMED_FROM_VIDEO
Shale,13068.2,Kandlerova,330,,CONFIRMED_FROM_VIDEO,1,,Matthew's Rest,Îles de Louis,,Screen Recording 2026-08-16 110744.mp4,1,CONFIRMED_FROM_VIDEO
Shale,10845.2,La Povenglia,289,,CONFIRMED_FROM_VIDEO,1,,Matthew's Rest,Îles de Louis,,Screen Recording 2026-08-16 110744.mp4,3,CONFIRMED_FROM_VIDEO
Shale,6468.7,Lebarde,209,,CONFIRMED_FROM_VIDEO,1,,Matthew's Rest,Îles de Louis,,Screen Recording 2026-08-16 110744.mp4,8,CONFIRMED_FROM_VIDEO
Shale,6801.9,Lord Irving's Sacrifice,215,,CONFIRMED_FROM_VIDEO,2,,Matthew's Rest,Îles de Louis,,Screen Recording 2026-08-16 110744.mp4,5,CONFIRMED_FROM_VIDEO
Shale,4026.9,Louisbourg,165,,CONFIRMED_FROM_VIDEO,1,,Matthew's Rest,Îles de Louis,,Screen Recording 2026-08-16 110744.mp4,4,CONFIRMED_FROM_VIDEO
Shale,11188.5,Madalena,295,,CONFIRMED_FROM_VIDEO,1,,Matthew's Rest,Îles de Louis,,Screen Recording 2026-08-16 110744.mp4,2,CONFIRMED_FROM_VIDEO
Shale,7293.2,Mako's Outlook,224,,CONFIRMED_FROM_VIDEO,1,,Matthew's Rest,Îles de Louis,,Screen Recording 2026-08-16 110744.mp4,7,CONFIRMED_FROM_VIDEO
Shale,3150.7,Maurepas,149,,CONFIRMED_FROM_VIDEO,1,,Matthew's Rest,Îles de Louis,,Screen Recording 2026-08-16 110744.mp4,5,CONFIRMED_FROM_VIDEO
Shale,3016.6,New Brighton,146,,CONFIRMED_FROM_VIDEO,1,,Matthew's Rest,Îles de Louis,,Screen Recording 2026-08-16 110744.mp4,4,CONFIRMED_FROM_VIDEO
Shale,8385.2,New Catalina,244,,CONFIRMED_FROM_VIDEO,2,,Matthew's Rest,Îles de Louis,,Screen Recording 2026-08-16 110744.mp4,6,CONFIRMED_FROM_VIDEO
Shale,1015.0,Pachard Town,110,,CONFIRMED_FROM_VIDEO,1,,Matthew's Rest,Îles de Louis,,Screen Recording 2026-08-16 110744.mp4,2,CONFIRMED_FROM_VIDEO
Shale,9221.1,Peter's Cove,260,,CONFIRMED_FROM_VIDEO,2,,Matthew's Rest,Îles de Louis,,Screen Recording 2026-08-16 110744.mp4,5,CONFIRMED_FROM_VIDEO
Shale,5076.9,Petit Anvers,184,,CONFIRMED_FROM_VIDEO,1,,Matthew's Rest,Îles de Louis,,Screen Recording 2026-08-16 110744.mp4,4,CONFIRMED_FROM_VIDEO
Shale,10411.8,Poblado de San Juan,281,,CONFIRMED_FROM_VIDEO,3,,Matthew's Rest,Îles de Louis,,Screen Recording 2026-08-16 110744.mp4,4,CONFIRMED_FROM_VIDEO
Shale,3052.0,Point Rocheux,147,,CONFIRMED_FROM_VIDEO,1,,Matthew's Rest,Îles de Louis,,Screen Recording 2026-08-16 110744.mp4,5,CONFIRMED_FROM_VIDEO
Shale,10357.0,Ponta Delgada,280,,CONFIRMED_FROM_VIDEO,2,,Matthew's Rest,Îles de Louis,,Screen Recording 2026-08-16 110744.mp4,4,CONFIRMED_FROM_VIDEO
Shale,5548.9,Port Antonio,193,,CONFIRMED_FROM_VIDEO,1,,Matthew's Rest,Îles de Louis,,Screen Recording 2026-08-16 110744.mp4,7,CONFIRMED_FROM_VIDEO
Shale,2657.4,Port Louis,140,,CONFIRMED_FROM_VIDEO,2,,Matthew's Rest,Îles de Louis,,Screen Recording 2026-08-16 110744.mp4,3,CONFIRMED_FROM_VIDEO
Shale,5869.8,Port Royal,198,,CONFIRMED_FROM_VIDEO,1,,Matthew's Rest,Îles de Louis,,Screen Recording 2026-08-16 110744.mp4,8,CONFIRMED_FROM_VIDEO
Shale,1974.6,Port-Au-Croix,127,,CONFIRMED_FROM_VIDEO,1,,Matthew's Rest,Îles de Louis,,Screen Recording 2026-08-16 110744.mp4,2,CONFIRMED_FROM_VIDEO
Shale,5348.6,Princeton,189,,CONFIRMED_FROM_VIDEO,1,,Matthew's Rest,Îles de Louis,,Screen Recording 2026-08-16 110744.mp4,8,CONFIRMED_FROM_VIDEO
Shale,8208.6,Puerto de San Fernando,241,,CONFIRMED_FROM_VIDEO,1,,Matthew's Rest,Îles de Louis,,Screen Recording 2026-08-16 110744.mp4,5,CONFIRMED_FROM_VIDEO
Shale,3377.0,Saint Vincent,153,,CONFIRMED_FROM_VIDEO,1,,Matthew's Rest,Îles de Louis,,Screen Recording 2026-08-16 110744.mp4,4,CONFIRMED_FROM_VIDEO
Shale,10304.7,Saint-Nicholas,279,,CONFIRMED_FROM_VIDEO,1,,Matthew's Rest,Îles de Louis,,Screen Recording 2026-08-16 110744.mp4,5,CONFIRMED_FROM_VIDEO
Shale,5180.4,Sainte Rose,186,,CONFIRMED_FROM_VIDEO,1,,Matthew's Rest,Îles de Louis,,Screen Recording 2026-08-16 110744.mp4,4,CONFIRMED_FROM_VIDEO
Shale,12247.2,San Polo,315,,CONFIRMED_FROM_VIDEO,1,,Matthew's Rest,Îles de Louis,,Screen Recording 2026-08-16 110744.mp4,2,CONFIRMED_FROM_VIDEO
Shale,10669.9,San Salvador,286,,CONFIRMED_FROM_VIDEO,1,,Matthew's Rest,Îles de Louis,,Screen Recording 2026-08-16 110744.mp4,2,CONFIRMED_FROM_VIDEO
Shale,9305.7,San Vito,261,,CONFIRMED_FROM_VIDEO,2,,Matthew's Rest,Îles de Louis,,Screen Recording 2026-08-16 110744.mp4,5,CONFIRMED_FROM_VIDEO
Shale,10241.7,Sandy Settlement,278,,CONFIRMED_FROM_VIDEO,1,,Matthew's Rest,Îles de Louis,,Screen Recording 2026-08-16 110744.mp4,6,CONFIRMED_FROM_VIDEO
Shale,10052.7,Santa Maria,275,,CONFIRMED_FROM_VIDEO,1,,Matthew's Rest,Îles de Louis,,Screen Recording 2026-08-16 110744.mp4,7,CONFIRMED_FROM_VIDEO
Shale,9800.1,Sao Bento,270,,CONFIRMED_FROM_VIDEO,2,,Matthew's Rest,Îles de Louis,,Screen Recording 2026-08-16 110744.mp4,6,CONFIRMED_FROM_VIDEO
Shale,5189.3,Snake Prosper,186,,CONFIRMED_FROM_VIDEO,1,,Matthew's Rest,Îles de Louis,,Screen Recording 2026-08-16 110744.mp4,6,CONFIRMED_FROM_VIDEO
Shale,9357.1,Sugar Cove,262,,CONFIRMED_FROM_VIDEO,1,,Matthew's Rest,Îles de Louis,,Screen Recording 2026-08-16 110744.mp4,6,CONFIRMED_FROM_VIDEO
Shale,9691.7,Taylor's Town,268,,CONFIRMED_FROM_VIDEO,1,,Matthew's Rest,Îles de Louis,,Screen Recording 2026-08-16 110744.mp4,6,CONFIRMED_FROM_VIDEO
Shale,6378.0,Theresa,208,,CONFIRMED_FROM_VIDEO,1,,Matthew's Rest,Îles de Louis,,Screen Recording 2026-08-16 110744.mp4,8,CONFIRMED_FROM_VIDEO
Shale,6490.3,Thresher Point,210,,CONFIRMED_FROM_VIDEO,1,,Matthew's Rest,Îles de Louis,,Screen Recording 2026-08-16 110744.mp4,6,CONFIRMED_FROM_VIDEO
Shale,6422.2,Venta Nueva,208,,CONFIRMED_FROM_VIDEO,1,,Matthew's Rest,Îles de Louis,,Screen Recording 2026-08-16 110744.mp4,9,CONFIRMED_FROM_VIDEO
Shale,5256.0,Villarreal Del Mar,187,,CONFIRMED_FROM_VIDEO,1,,Matthew's Rest,Îles de Louis,,Screen Recording 2026-08-16 110744.mp4,9,CONFIRMED_FROM_VIDEO
Shale,6157.7,White Hook,204,,CONFIRMED_FROM_VIDEO,2,,Matthew's Rest,Îles de Louis,,Screen Recording 2026-08-16 110744.mp4,8,CONFIRMED_FROM_VIDEO
Shale,4105.7,Wyntergard,166,,CONFIRMED_FROM_VIDEO,1,,Matthew's Rest,Îles de Louis,,Screen Recording 2026-08-16 110744.mp4,3,CONFIRMED_FROM_VIDEO
Pelts,6826.4,Al-Jazair,177,,CONFIRMED_FROM_SCREENSHOT,1,,Maurepas,Belle Isles,,Maurepas sell4.png,2,CONFIRMED_FROM_SCREENSHOT
Pelts,3468.0,Ashbourne,127,,CONFIRMED_FROM_SCREENSHOT,1,,Maurepas,Belle Isles,,Maurepa Sell7.png; Maurepas Sell6.png,3,CONFIRMED_FROM_SCREENSHOT
Pelts,9436.7,Belfry Heights,217,,CONFIRMED_FROM_SCREENSHOT,1,,Maurepas,Belle Isles,,Maurepas sell3.png,2,CONFIRMED_FROM_SCREENSHOT
Pelts,3778.2,Bucket Bay,132,,CONFIRMED_FROM_SCREENSHOT,1,,Maurepas,Belle Isles,,Maurepa Sell7.png; Maurepas Sell6.png,3,CONFIRMED_FROM_SCREENSHOT
Pelts,7892.6,Caledonia,193,,CONFIRMED_FROM_SCREENSHOT,1,,Maurepas,Belle Isles,,Maurepas sell4.png,2,CONFIRMED_FROM_SCREENSHOT
Pelts,10157.2,Castle Landing,227,Selected from the two recorded directional readings using reciprocal-distance agreement and the origin's other observed Distance/Value rows. No distance was fabricated.,CONFIRMED_RECORDED_RECIPROCAL_AUDIT,1,,Maurepas,Belle Isles,,Maurepas sell3.png,2,CONFIRMED_FROM_SCREENSHOT
Pelts,8445.8,Caveira,202,,CONFIRMED_FROM_SCREENSHOT,1,,Maurepas,Belle Isles,,Maurepas sell3.png,2,CONFIRMED_FROM_SCREENSHOT
Pelts,7981.9,Caye Tiburon,195,,CONFIRMED_FROM_SCREENSHOT,1,,Maurepas,Belle Isles,,Maurepas sell4.png,2,CONFIRMED_FROM_SCREENSHOT
Pelts,3479.3,Crownstead,127,,CONFIRMED_FROM_SCREENSHOT,1,,Maurepas,Belle Isles,,Maurepa Sell7.png; Maurepas Sell6.png,3,CONFIRMED_FROM_SCREENSHOT
Pelts,11228.1,Cumberland Hill,243,,CONFIRMED_FROM_SCREENSHOT,1,,Maurepas,Belle Isles,,Maurepas sell2.png,2,CONFIRMED_FROM_SCREENSHOT
Pelts,7336.1,Deadman's Murcia,185,,CONFIRMED_FROM_SCREENSHOT,1,,Maurepas,Belle Isles,,Maurepas sell4.png,2,CONFIRMED_FROM_SCREENSHOT
Pelts,4577.8,Fair Harbour,144,,CONFIRMED_FROM_SCREENSHOT,1,,Maurepas,Belle Isles,,Maurepas sell5.png,2,CONFIRMED_FROM_SCREENSHOT
Pelts,4972.3,Falmouth,150,,CONFIRMED_FROM_SCREENSHOT,1,,Maurepas,Belle Isles,,Maurepas sell5.png,2,CONFIRMED_FROM_SCREENSHOT
Pelts,4781.7,Gyldenvale,147,,CONFIRMED_FROM_SCREENSHOT,1,,Maurepas,Belle Isles,,Maurepas sell5.png,2,CONFIRMED_FROM_SCREENSHOT
Pelts,10243.3,Jones' Outpost,229,,CONFIRMED_FROM_SCREENSHOT,1,,Maurepas,Belle Isles,,Maurepas sell2.png,2,CONFIRMED_FROM_SCREENSHOT
Pelts,14850.1,Kandlerova,298,,CONFIRMED_FROM_SCREENSHOT,1,,Maurepas,Belle Isles,,Maurepas sell1.png,2,CONFIRMED_FROM_SCREENSHOT
Pelts,13062.3,La Povenglia,271,,CONFIRMED_FROM_SCREENSHOT,1,,Maurepas,Belle Isles,,Maurepas sell1.png,2,CONFIRMED_FROM_SCREENSHOT
Pelts,9594.4,Lebarde,219,,CONFIRMED_FROM_SCREENSHOT,1,,Maurepas,Belle Isles,,Maurepas sell3.png,2,CONFIRMED_FROM_SCREENSHOT
Pelts,8793.2,Lord Irving's Sacrifice,207,,CONFIRMED_FROM_SCREENSHOT,1,,Maurepas,Belle Isles,,Maurepas sell3.png,2,CONFIRMED_FROM_SCREENSHOT
Pelts,877.6,Louisbourg,87,,CONFIRMED_FROM_SCREENSHOT,1,,Maurepas,Belle Isles,,Maurepa Sell7.png,1,CONFIRMED_FROM_SCREENSHOT
Pelts,9642.5,Madalena,220,,CONFIRMED_FROM_SCREENSHOT,1,,Maurepas,Belle Isles,,Maurepas sell3.png,2,CONFIRMED_FROM_SCREENSHOT
Pelts,9437.8,Mako's Outlook,217,,CONFIRMED_FROM_SCREENSHOT,1,,Maurepas,Belle Isles,,Maurepas sell3.png,2,CONFIRMED_FROM_SCREENSHOT
Pelts,3150.7,Matthew's Rest,122,,CONFIRMED_FROM_SCREENSHOT,1,,Maurepas,Belle Isles,,Maurepa Sell7.png; Maurepas Sell6.png,3,CONFIRMED_FROM_SCREENSHOT
Pelts,6163.0,New Brighton,167,,CONFIRMED_FROM_SCREENSHOT,1,,Maurepas,Belle Isles,,Maurepas sell5.png,2,CONFIRMED_FROM_SCREENSHOT
Pelts,11362.2,New Catalina,245,,CONFIRMED_FROM_SCREENSHOT,1,,Maurepas,Belle Isles,,Maurepas sell2.png,2,CONFIRMED_FROM_SCREENSHOT
Pelts,2969.3,Pachard Town,120,,CONFIRMED_FROM_SCREENSHOT,1,,Maurepas,Belle Isles,,Maurepa Sell7.png; Maurepas Sell6.png,3,CONFIRMED_FROM_SCREENSHOT
Pelts,12095.2,Peter's Cove,256,,CONFIRMED_FROM_SCREENSHOT,1,,Maurepas,Belle Isles,,Maurepas sell1.png,2,CONFIRMED_FROM_SCREENSHOT
Pelts,2221.9,Petit Anvers,108,,CONFIRMED_FROM_SCREENSHOT,1,,Maurepas,Belle Isles,,Maurepa Sell7.png; Maurepas Sell6.png,3,CONFIRMED_FROM_SCREENSHOT
Pelts,10535.7,Poblado de San Juan,233,,CONFIRMED_FROM_SCREENSHOT,1,,Maurepas,Belle Isles,,Maurepas sell2.png,2,CONFIRMED_FROM_SCREENSHOT
Pelts,2684.8,Point Rocheux,115,,CONFIRMED_FROM_SCREENSHOT,1,,Maurepas,Belle Isles,,Maurepa Sell7.png; Maurepas Sell6.png,3,CONFIRMED_FROM_SCREENSHOT
Pelts,8108.8,Ponta Delgada,197,,CONFIRMED_FROM_SCREENSHOT,1,,Maurepas,Belle Isles,,Maurepas sell4.png,2,CONFIRMED_FROM_SCREENSHOT
Pelts,5804.9,Port Antonio,162,,CONFIRMED_FROM_SCREENSHOT,1,,Maurepas,Belle Isles,,Maurepas sell5.png,2,CONFIRMED_FROM_SCREENSHOT
Pelts,4469.0,Port Louis,142,,CONFIRMED_FROM_SCREENSHOT,1,,Maurepas,Belle Isles,,Maurepas Sell6.png,2,CONFIRMED_FROM_SCREENSHOT
Pelts,7257.7,Port Royal,184,,CONFIRMED_FROM_SCREENSHOT,1,,Maurepas,Belle Isles,,Maurepas sell4.png,2,CONFIRMED_FROM_SCREENSHOT
Pelts,2542.1,Port-Au-Croix,113,,CONFIRMED_FROM_SCREENSHOT,1,,Maurepas,Belle Isles,,Maurepa Sell7.png; Maurepas Sell6.png,3,CONFIRMED_FROM_SCREENSHOT
Pelts,8491.0,Princeton,202,,CONFIRMED_FROM_SCREENSHOT,1,,Maurepas,Belle Isles,,Maurepas sell3.png,2,CONFIRMED_FROM_SCREENSHOT
Pelts,8061.2,Puerto de San Fernando,196,,CONFIRMED_FROM_SCREENSHOT,1,,Maurepas,Belle Isles,Visually verified from visible screenshot row; not inferred.,Maurepas sell4.png,2,CONFIRMED_FROM_SCREENSHOT
Pelts,6088.4,Saint Vincent,166,,CONFIRMED_FROM_SCREENSHOT,1,,Maurepas,Belle Isles,,Maurepas sell5.png,2,CONFIRMED_FROM_SCREENSHOT
Pelts,13278.5,Saint-Nicholas,274,,CONFIRMED_FROM_SCREENSHOT,1,,Maurepas,Belle Isles,,Maurepas sell1.png,2,CONFIRMED_FROM_SCREENSHOT
Pelts,2038.0,Sainte Rose,106,,CONFIRMED_FROM_SCREENSHOT,1,,Maurepas,Belle Isles,,Maurepa Sell7.png; Maurepas Sell6.png,3,CONFIRMED_FROM_SCREENSHOT
Pelts,14129.6,San Polo,287,,CONFIRMED_FROM_SCREENSHOT,1,,Maurepas,Belle Isles,,Maurepas sell1.png,2,CONFIRMED_FROM_SCREENSHOT
Pelts,11442.3,San Salvador,247,,CONFIRMED_FROM_SCREENSHOT,1,,Maurepas,Belle Isles,,Maurepas sell1.png,2,CONFIRMED_FROM_SCREENSHOT
Pelts,11398.5,San Vito,246,,CONFIRMED_FROM_SCREENSHOT,1,,Maurepas,Belle Isles,,Maurepas sell1.png,2,CONFIRMED_FROM_SCREENSHOT
Pelts,13164.4,Sandy Settlement,272,,CONFIRMED_FROM_SCREENSHOT,1,,Maurepas,Belle Isles,,Maurepas sell1.png,2,CONFIRMED_FROM_SCREENSHOT
Pelts,10287.2,Santa Maria,229,,CONFIRMED_FROM_SCREENSHOT,1,,Maurepas,Belle Isles,,Maurepas sell2.png,2,CONFIRMED_FROM_SCREENSHOT
Pelts,8045.4,Sao Bento,196,,CONFIRMED_FROM_SCREENSHOT,1,,Maurepas,Belle Isles,Visually verified from visible screenshot row; not inferred.,Maurepas sell4.png,2,CONFIRMED_FROM_SCREENSHOT
Pelts,7577.8,Snake Prosper,189,,CONFIRMED_FROM_SCREENSHOT,1,,Maurepas,Belle Isles,,Maurepas sell4.png,2,CONFIRMED_FROM_SCREENSHOT
Pelts,12304.0,Sugar Cove,260,,CONFIRMED_FROM_SCREENSHOT,1,,Maurepas,Belle Isles,,Maurepas sell1.png,2,CONFIRMED_FROM_SCREENSHOT
Pelts,12771.1,Taylor's Town,267,,CONFIRMED_FROM_SCREENSHOT,1,,Maurepas,Belle Isles,,Maurepas sell1.png,2,CONFIRMED_FROM_SCREENSHOT
Pelts,6908.7,Theresa,179,,CONFIRMED_FROM_SCREENSHOT,1,,Maurepas,Belle Isles,,Maurepas sell4.png,2,CONFIRMED_FROM_SCREENSHOT
Pelts,9317.7,Thresher Point,215,,CONFIRMED_FROM_SCREENSHOT,1,,Maurepas,Belle Isles,,Maurepas sell3.png,2,CONFIRMED_FROM_SCREENSHOT
Pelts,5259.9,Venta Nueva,154,,CONFIRMED_FROM_SCREENSHOT,1,,Maurepas,Belle Isles,,Maurepas sell5.png,2,CONFIRMED_FROM_SCREENSHOT
Pelts,4613.1,Villarreal Del Mar,144,,CONFIRMED_FROM_SCREENSHOT,1,,Maurepas,Belle Isles,,Maurepas sell5.png,2,CONFIRMED_FROM_SCREENSHOT
Pelts,8257.0,White Hook,199,,CONFIRMED_FROM_SCREENSHOT,1,,Maurepas,Belle Isles,,Maurepas sell3.png,2,CONFIRMED_FROM_SCREENSHOT
Pelts,4551.3,Wyntergard,143,,CONFIRMED_FROM_SCREENSHOT,1,,Maurepas,Belle Isles,,Maurepas sell5.png,2,CONFIRMED_FROM_SCREENSHOT
Pelts,5201.5,Yorinobu's Settlement,153,,CONFIRMED_FROM_SCREENSHOT,1,,Maurepas,Belle Isles,,Maurepas sell5.png,2,CONFIRMED_FROM_SCREENSHOT
Dyes,1659.6,Al-Jazair,108,,CONFIRMED_FROM_VIDEO,1,pooled_even_odd_wide,New Brighton,West Somerset,,Screen Recording 2026-08-16 223317.mp4,9,CONFIRMED_FROM_VIDEO
Dyes,5327.0,Ashbourne,168,,CONFIRMED_FROM_VIDEO,1,pooled_even_odd_wide,New Brighton,West Somerset,,Screen Recording 2026-08-16 223317.mp4,4,CONFIRMED_FROM_VIDEO
Dyes,4617.8,Belfry Heights,156,,CONFIRMED_FROM_VIDEO,1,pooled_even_odd_wide,New Brighton,West Somerset,,Screen Recording 2026-08-16 223317.mp4,6,CONFIRMED_FROM_VIDEO
Dyes,2614.3,Bucket Bay,124,,CONFIRMED_FROM_VIDEO,1,pooled_even_odd_wide,New Brighton,West Somerset,,Screen Recording 2026-08-16 223317.mp4,10,CONFIRMED_FROM_VIDEO
Dyes,4647.4,Caledonia,157,,CONFIRMED_FROM_VIDEO,1,pooled_even_odd_wide,New Brighton,West Somerset,,Screen Recording 2026-08-16 223317.mp4,4,CONFIRMED_FROM_VIDEO
Dyes,4063.8,Castle Landing,147,,CONFIRMED_FROM_VIDEO,1,pooled_even_odd_wide,New Brighton,West Somerset,,Screen Recording 2026-08-16 223317.mp4,5,CONFIRMED_FROM_VIDEO
Dyes,11263.8,Caveira,264,,CONFIRMED_FROM_VIDEO,2,pooled_even_odd_wide,New Brighton,West Somerset,,Screen Recording 2026-08-16 223317.mp4,6,CONFIRMED_FROM_VIDEO
Dyes,3035.8,Caye Tiburon,131,,CONFIRMED_FROM_VIDEO,2,pooled_even_odd_wide,New Brighton,West Somerset,,Screen Recording 2026-08-16 223317.mp4,14,CONFIRMED_FROM_VIDEO
Dyes,6133.5,Crownstead,181,,CONFIRMED_FROM_VIDEO,1,pooled_even_odd_wide,New Brighton,West Somerset,,Screen Recording 2026-08-16 223317.mp4,8,CONFIRMED_FROM_VIDEO
Dyes,5912.6,Cumberland Hill,177,,CONFIRMED_FROM_VIDEO,2,pooled_even_odd_wide,New Brighton,West Somerset,,Screen Recording 2026-08-16 223317.mp4,4,CONFIRMED_FROM_VIDEO
Dyes,4804.1,Deadman's Murcia,159,,CONFIRMED_FROM_VIDEO,1,pooled_even_odd_wide,New Brighton,West Somerset,,Screen Recording 2026-08-16 223317.mp4,4,CONFIRMED_FROM_VIDEO
Dyes,2978.7,Fair Harbour,130,,CONFIRMED_FROM_VIDEO,1,pooled_even_odd_wide,New Brighton,West Somerset,,Screen Recording 2026-08-16 223317.mp4,12,CONFIRMED_FROM_VIDEO
Dyes,5623.1,Falmouth,173,,CONFIRMED_FROM_VIDEO,1,pooled_even_odd_wide,New Brighton,West Somerset,,Screen Recording 2026-08-16 223317.mp4,9,CONFIRMED_FROM_VIDEO
Dyes,7062.9,Gyldenvale,196,,CONFIRMED_FROM_VIDEO,2,pooled_even_odd_wide,New Brighton,West Somerset,,Screen Recording 2026-08-16 223317.mp4,3,CONFIRMED_FROM_VIDEO
Dyes,5010.5,Jones' Outpost,163,,CONFIRMED_FROM_VIDEO,1,pooled_even_odd_wide,New Brighton,West Somerset,,Screen Recording 2026-08-16 223317.mp4,4,CONFIRMED_FROM_VIDEO
Dyes,11693.1,Kandlerova,271,,CONFIRMED_FROM_VIDEO,2,pooled_even_odd_wide,New Brighton,West Somerset,,Screen Recording 2026-08-16 223317.mp4,4,CONFIRMED_FROM_VIDEO
Dyes,9044.9,La Povenglia,228,,CONFIRMED_FROM_VIDEO,1,pooled_even_odd_wide,New Brighton,West Somerset,,Screen Recording 2026-08-16 223317.mp4,2,CONFIRMED_FROM_VIDEO
Dyes,3469.7,Lebarde,138,,CONFIRMED_FROM_VIDEO,1,pooled_even_odd_wide,New Brighton,West Somerset,,Screen Recording 2026-08-16 223317.mp4,14,CONFIRMED_FROM_VIDEO
Dyes,5704.1,Lord Irving's Sacrifice,174,,CONFIRMED_FROM_VIDEO,1,pooled_even_odd_wide,New Brighton,West Somerset,,Screen Recording 2026-08-16 223317.mp4,6,CONFIRMED_FROM_VIDEO
Dyes,7040.2,Louisbourg,196,,CONFIRMED_FROM_VIDEO,2,pooled_even_odd_wide,New Brighton,West Somerset,,Screen Recording 2026-08-16 223317.mp4,3,CONFIRMED_FROM_VIDEO
Dyes,13057.0,Madalena,293,,CONFIRMED_FROM_VIDEO,1,pooled_even_odd_wide,New Brighton,West Somerset,,Screen Recording 2026-08-16 223317.mp4,6,CONFIRMED_FROM_VIDEO
Dyes,5900.1,Mako's Outlook,177,,CONFIRMED_FROM_VIDEO,1,pooled_even_odd_wide,New Brighton,West Somerset,,Screen Recording 2026-08-16 223317.mp4,6,CONFIRMED_FROM_VIDEO
Dyes,3016.6,Matthew's Rest,130,,CONFIRMED_FROM_VIDEO,1,pooled_even_odd_wide,New Brighton,West Somerset,,Screen Recording 2026-08-16 223317.mp4,12,CONFIRMED_FROM_VIDEO
Dyes,6163.0,Maurepas,181,,CONFIRMED_FROM_VIDEO,1,pooled_even_odd_wide,New Brighton,West Somerset,,Screen Recording 2026-08-16 223317.mp4,6,CONFIRMED_FROM_VIDEO
Dyes,5847.3,New Catalina,176,,CONFIRMED_FROM_VIDEO,1,pooled_even_odd_wide,New Brighton,West Somerset,,Screen Recording 2026-08-16 223317.mp4,6,CONFIRMED_FROM_VIDEO
Dyes,3427.0,Pachard Town,137,,CONFIRMED_FROM_VIDEO,1,pooled_even_odd_wide,New Brighton,West Somerset,,Screen Recording 2026-08-16 223317.mp4,14,CONFIRMED_FROM_VIDEO
Dyes,6570.5,Peter's Cove,188,,CONFIRMED_FROM_VIDEO,1,pooled_even_odd_wide,New Brighton,West Somerset,,Screen Recording 2026-08-16 223317.mp4,7,CONFIRMED_FROM_VIDEO
Dyes,8054.4,Petit Anvers,212,,CONFIRMED_FROM_VIDEO,1,pooled_even_odd_wide,New Brighton,West Somerset,,Screen Recording 2026-08-16 223317.mp4,4,CONFIRMED_FROM_VIDEO
Dyes,10948.3,Poblado de San Juan,259,,CONFIRMED_FROM_VIDEO,1,pooled_even_odd_wide,New Brighton,West Somerset,,Screen Recording 2026-08-16 223317.mp4,4,CONFIRMED_FROM_VIDEO
Dyes,5369.8,Point Rocheux,169,,CONFIRMED_FROM_VIDEO,1,pooled_even_odd_wide,New Brighton,West Somerset,,Screen Recording 2026-08-16 223317.mp4,4,CONFIRMED_FROM_VIDEO
Dyes,12752.3,Ponta Delgada,288,,CONFIRMED_FROM_VIDEO,2,pooled_even_odd_wide,New Brighton,West Somerset,,Screen Recording 2026-08-16 223317.mp4,4,CONFIRMED_FROM_VIDEO
Dyes,6644.7,Port Antonio,189,,CONFIRMED_FROM_VIDEO,1,pooled_even_odd_wide,New Brighton,West Somerset,,Screen Recording 2026-08-16 223317.mp4,6,CONFIRMED_FROM_VIDEO
Dyes,3806.0,Port Louis,143,,CONFIRMED_FROM_VIDEO,1,pooled_even_odd_wide,New Brighton,West Somerset,,Screen Recording 2026-08-16 223317.mp4,5,CONFIRMED_FROM_VIDEO
Dyes,5750.7,Port Royal,175,,CONFIRMED_FROM_VIDEO,1,pooled_even_odd_wide,New Brighton,West Somerset,,Screen Recording 2026-08-16 223317.mp4,6,CONFIRMED_FROM_VIDEO
Dyes,4394.9,Port-Au-Croix,153,,CONFIRMED_FROM_VIDEO,1,pooled_even_odd_wide,New Brighton,West Somerset,,Screen Recording 2026-08-16 223317.mp4,5,CONFIRMED_FROM_VIDEO
Dyes,2425.1,Princeton,121,,CONFIRMED_FROM_VIDEO,1,pooled_even_odd_wide,New Brighton,West Somerset,,Screen Recording 2026-08-16 223317.mp4,9,CONFIRMED_FROM_VIDEO
Dyes,9201.6,Puerto de San Fernando,231,,CONFIRMED_FROM_VIDEO,1,pooled_even_odd_wide,New Brighton,West Somerset,,Screen Recording 2026-08-16 223317.mp4,8,CONFIRMED_FROM_VIDEO
Dyes,2549.1,Saint Vincent,123,,CONFIRMED_FROM_VIDEO,1,pooled_even_odd_wide,New Brighton,West Somerset,,Screen Recording 2026-08-16 223317.mp4,9,CONFIRMED_FROM_VIDEO
Dyes,7488.2,Saint-Nicholas,203,,CONFIRMED_FROM_VIDEO,1,pooled_even_odd_wide,New Brighton,West Somerset,,Screen Recording 2026-08-16 223317.mp4,7,CONFIRMED_FROM_VIDEO
Dyes,8183.3,Sainte Rose,214,,CONFIRMED_FROM_VIDEO,1,pooled_even_odd_wide,New Brighton,West Somerset,,Screen Recording 2026-08-16 223317.mp4,4,CONFIRMED_FROM_VIDEO
Dyes,10791.5,San Polo,257,,CONFIRMED_FROM_VIDEO,2,pooled_even_odd_wide,New Brighton,West Somerset,,Screen Recording 2026-08-16 223317.mp4,6,CONFIRMED_FROM_VIDEO
Dyes,10552.7,San Salvador,253,,CONFIRMED_FROM_VIDEO,2,pooled_even_odd_wide,New Brighton,West Somerset,,Screen Recording 2026-08-16 223317.mp4,6,CONFIRMED_FROM_VIDEO
Dyes,7770.0,San Vito,208,,CONFIRMED_FROM_VIDEO,1,pooled_even_odd_wide,New Brighton,West Somerset,,Screen Recording 2026-08-16 223317.mp4,4,CONFIRMED_FROM_VIDEO
Dyes,7497.4,Sandy Settlement,203,,CONFIRMED_FROM_VIDEO,1,pooled_even_odd_wide,New Brighton,West Somerset,,Screen Recording 2026-08-16 223317.mp4,4,CONFIRMED_FROM_VIDEO
Dyes,10516.0,Santa Maria,252,,CONFIRMED_FROM_VIDEO,1,pooled_even_odd_wide,New Brighton,West Somerset,,Screen Recording 2026-08-16 223317.mp4,8,CONFIRMED_FROM_VIDEO
Dyes,11884.6,Sao Bento,274,,CONFIRMED_FROM_VIDEO,2,pooled_even_odd_wide,New Brighton,West Somerset,,Screen Recording 2026-08-16 223317.mp4,4,CONFIRMED_FROM_VIDEO
Dyes,4266.1,Snake Prosper,151,,CONFIRMED_FROM_VIDEO,1,pooled_even_odd_wide,New Brighton,West Somerset,,Screen Recording 2026-08-16 223317.mp4,8,CONFIRMED_FROM_VIDEO
Dyes,6847.4,Sugar Cove,193,,CONFIRMED_FROM_VIDEO,1,pooled_even_odd_wide,New Brighton,West Somerset,,Screen Recording 2026-08-16 223317.mp4,5,CONFIRMED_FROM_VIDEO
Dyes,6738.4,Taylor's Town,191,,CONFIRMED_FROM_VIDEO,1,pooled_even_odd_wide,New Brighton,West Somerset,,Screen Recording 2026-08-16 223317.mp4,5,CONFIRMED_FROM_VIDEO
Dyes,7047.8,Theresa,196,,CONFIRMED_FROM_VIDEO,2,pooled_even_odd_wide,New Brighton,West Somerset,,Screen Recording 2026-08-16 223317.mp4,3,CONFIRMED_FROM_VIDEO
Dyes,4061.1,Thresher Point,147,,CONFIRMED_FROM_VIDEO,1,pooled_even_odd_wide,New Brighton,West Somerset,,Screen Recording 2026-08-16 223317.mp4,5,CONFIRMED_FROM_VIDEO
Dyes,8392.8,Venta Nueva,218,,CONFIRMED_FROM_VIDEO,1,pooled_even_odd_wide,New Brighton,West Somerset,,Screen Recording 2026-08-16 223317.mp4,5,CONFIRMED_FROM_VIDEO
Dyes,7085.7,Villarreal Del Mar,196,,CONFIRMED_FROM_VIDEO,2,pooled_even_odd_wide,New Brighton,West Somerset,,Screen Recording 2026-08-16 223317.mp4,2,CONFIRMED_FROM_VIDEO
Dyes,5473.2,White Hook,170,,CONFIRMED_FROM_VIDEO,1,pooled_even_odd_wide,New Brighton,West Somerset,,Screen Recording 2026-08-16 223317.mp4,4,CONFIRMED_FROM_VIDEO
Dyes,5791.5,Wyntergard,175,,CONFIRMED_FROM_VIDEO,1,pooled_even_odd_wide,New Brighton,West Somerset,,Screen Recording 2026-08-16 223317.mp4,6,CONFIRMED_FROM_VIDEO
Dyes,1075.4,Yorinobu's Settlement,99,,CONFIRMED_FROM_VIDEO,2,pooled_even_odd_wide,New Brighton,West Somerset,,Screen Recording 2026-08-16 223317.mp4,8,CONFIRMED_FROM_VIDEO
Pierogi,4598.6,Al-Jazair,166,,CONFIRMED_FROM_VIDEO,1,pooled_even_odd_wide,New Catalina,New Catalina,,Screen Recording 2026-08-16 223317.mp4,9,CONFIRMED_FROM_VIDEO
Pierogi,9046.0,Ashbourne,242,,CONFIRMED_FROM_VIDEO,1,pooled_even_odd_wide,New Catalina,New Catalina,,Screen Recording 2026-08-16 223317.mp4,5,CONFIRMED_FROM_VIDEO
Pierogi,7839.9,Belfry Heights,221,,CONFIRMED_FROM_VIDEO,1,pooled_even_odd_wide,New Catalina,New Catalina,,Screen Recording 2026-08-16 223317.mp4,7,CONFIRMED_FROM_VIDEO
Pierogi,7611.5,Bucket Bay,218,,CONFIRMED_FROM_VIDEO,1,pooled_even_odd_wide,New Catalina,New Catalina,,Screen Recording 2026-08-16 223317.mp4,4,CONFIRMED_FROM_VIDEO
Pierogi,4523.3,Caledonia,164,,CONFIRMED_FROM_VIDEO,1,pooled_even_odd_wide,New Catalina,New Catalina,,Screen Recording 2026-08-16 223317.mp4,7,CONFIRMED_FROM_VIDEO
Pierogi,2709.9,Castle Landing,133,,CONFIRMED_FROM_VIDEO,1,pooled_even_odd_wide,New Catalina,New Catalina,,Screen Recording 2026-08-16 223317.mp4,4,CONFIRMED_FROM_VIDEO
Pierogi,17054.6,Caveira,380,,CONFIRMED_FROM_VIDEO,2,pooled_even_odd_wide,New Catalina,New Catalina,,Screen Recording 2026-08-16 223317.mp4,6,CONFIRMED_FROM_VIDEO
Pierogi,7111.5,Caye Tiburon,209,,CONFIRMED_FROM_VIDEO,1,pooled_even_odd_wide,New Catalina,New Catalina,,Screen Recording 2026-08-16 223317.mp4,4,CONFIRMED_FROM_VIDEO
Pierogi,9773.2,Crownstead,255,,CONFIRMED_FROM_VIDEO,1,pooled_even_odd_wide,New Catalina,New Catalina,,Screen Recording 2026-08-16 223317.mp4,6,CONFIRMED_FROM_VIDEO
Pierogi,554.4,Cumberland Hill,96,,CONFIRMED_FROM_VIDEO,2,pooled_even_odd_wide,New Catalina,New Catalina,,Screen Recording 2026-08-16 223317.mp4,3,CONFIRMED_FROM_VIDEO
Pierogi,5338.4,Deadman's Murcia,178,,CONFIRMED_FROM_VIDEO,1,pooled_even_odd_wide,New Catalina,New Catalina,,Screen Recording 2026-08-16 223317.mp4,5,CONFIRMED_FROM_VIDEO
Pierogi,6879.5,Fair Harbour,205,,CONFIRMED_FROM_VIDEO,1,pooled_even_odd_wide,New Catalina,New Catalina,,Screen Recording 2026-08-16 223317.mp4,5,CONFIRMED_FROM_VIDEO
Pierogi,11409.6,Falmouth,283,,CONFIRMED_FROM_VIDEO,2,pooled_even_odd_wide,New Catalina,New Catalina,,Screen Recording 2026-08-16 223317.mp4,4,CONFIRMED_FROM_VIDEO
Pierogi,9954.3,Gyldenvale,258,,CONFIRMED_FROM_VIDEO,1,pooled_even_odd_wide,New Catalina,New Catalina,,Screen Recording 2026-08-16 223317.mp4,6,CONFIRMED_FROM_VIDEO
Pierogi,1228.1,Jones' Outpost,107,,CONFIRMED_FROM_VIDEO,1,pooled_even_odd_wide,New Catalina,New Catalina,,Screen Recording 2026-08-16 223317.mp4,4,CONFIRMED_FROM_VIDEO
Pierogi,14700.6,Kandlerova,340,,CONFIRMED_FROM_VIDEO,2,pooled_even_odd_wide,New Catalina,New Catalina,,Screen Recording 2026-08-16 223317.mp4,6,CONFIRMED_FROM_VIDEO
Pierogi,11646.8,La Povenglia,287,,CONFIRMED_FROM_VIDEO,2,pooled_even_odd_wide,New Catalina,New Catalina,,Screen Recording 2026-08-16 223317.mp4,4,CONFIRMED_FROM_VIDEO
Pierogi,4396.1,Lebarde,162,,CONFIRMED_FROM_VIDEO,1,pooled_even_odd_wide,New Catalina,New Catalina,,Screen Recording 2026-08-16 223317.mp4,7,CONFIRMED_FROM_VIDEO
Pierogi,10116.9,Lord Irving's Sacrifice,261,,CONFIRMED_FROM_VIDEO,3,pooled_even_odd_wide,New Catalina,New Catalina,,Screen Recording 2026-08-16 223317.mp4,4,CONFIRMED_FROM_VIDEO
Pierogi,12192.4,Louisbourg,297,,CONFIRMED_FROM_VIDEO,2,pooled_even_odd_wide,New Catalina,New Catalina,,Screen Recording 2026-08-16 223317.mp4,6,CONFIRMED_FROM_VIDEO
Pierogi,18879.8,Madalena,412,,CONFIRMED_FROM_VIDEO,2,pooled_even_odd_wide,New Catalina,New Catalina,,Screen Recording 2026-08-16 223317.mp4,6,CONFIRMED_FROM_VIDEO
Pierogi,9901.9,Mako's Outlook,257,,CONFIRMED_FROM_VIDEO,1,pooled_even_odd_wide,New Catalina,New Catalina,,Screen Recording 2026-08-16 223317.mp4,3,CONFIRMED_FROM_VIDEO
Pierogi,8385.2,Matthew's Rest,231,,CONFIRMED_FROM_VIDEO,1,pooled_even_odd_wide,New Catalina,New Catalina,,Screen Recording 2026-08-16 223317.mp4,6,CONFIRMED_FROM_VIDEO
Pierogi,11362.2,Maurepas,282,,CONFIRMED_FROM_VIDEO,2,pooled_even_odd_wide,New Catalina,New Catalina,,Screen Recording 2026-08-16 223317.mp4,4,CONFIRMED_FROM_VIDEO
Pierogi,5847.3,New Brighton,187,,CONFIRMED_FROM_VIDEO,1,pooled_even_odd_wide,New Catalina,New Catalina,,Screen Recording 2026-08-16 223317.mp4,5,CONFIRMED_FROM_VIDEO
Pierogi,9094.7,Pachard Town,243,,CONFIRMED_FROM_VIDEO,1,pooled_even_odd_wide,New Catalina,New Catalina,,Screen Recording 2026-08-16 223317.mp4,5,CONFIRMED_FROM_VIDEO
Pierogi,7520.1,Peter's Cove,216,,CONFIRMED_FROM_VIDEO,1,pooled_even_odd_wide,New Catalina,New Catalina,,Screen Recording 2026-08-16 223317.mp4,4,CONFIRMED_FROM_VIDEO
Pierogi,12763.7,Petit Anvers,306,,CONFIRMED_FROM_VIDEO,2,pooled_even_odd_wide,New Catalina,New Catalina,,Screen Recording 2026-08-16 223317.mp4,6,CONFIRMED_FROM_VIDEO
Pierogi,16211.3,Poblado de San Juan,366,,CONFIRMED_FROM_VIDEO,2,pooled_even_odd_wide,New Catalina,New Catalina,,Screen Recording 2026-08-16 223317.mp4,6,CONFIRMED_FROM_VIDEO
Pierogi,11155.1,Point Rocheux,279,,CONFIRMED_FROM_VIDEO,2,pooled_even_odd_wide,New Catalina,New Catalina,,Screen Recording 2026-08-16 223317.mp4,4,CONFIRMED_FROM_VIDEO
Pierogi,18570.5,Ponta Delgada,407,,CONFIRMED_FROM_VIDEO,3,pooled_even_odd_wide,New Catalina,New Catalina,,Screen Recording 2026-08-16 223317.mp4,5,CONFIRMED_FROM_VIDEO
Pierogi,12372.3,Port Antonio,300,,CONFIRMED_FROM_VIDEO,2,pooled_even_odd_wide,New Catalina,New Catalina,,Screen Recording 2026-08-16 223317.mp4,6,CONFIRMED_FROM_VIDEO
Pierogi,7303.4,Port Louis,212,,CONFIRMED_FROM_VIDEO,1,pooled_even_odd_wide,New Catalina,New Catalina,,Screen Recording 2026-08-16 223317.mp4,4,CONFIRMED_FROM_VIDEO
Pierogi,10994.1,Port Royal,276,,CONFIRMED_FROM_VIDEO,1,pooled_even_odd_wide,New Catalina,New Catalina,,Screen Recording 2026-08-16 223317.mp4,2,CONFIRMED_FROM_VIDEO
Pierogi,10123.9,Port-Au-Croix,261,,CONFIRMED_FROM_VIDEO,2,pooled_even_odd_wide,New Catalina,New Catalina,,Screen Recording 2026-08-16 223317.mp4,8,CONFIRMED_FROM_VIDEO
Pierogi,3633.5,Princeton,149,,CONFIRMED_FROM_VIDEO,1,pooled_even_odd_wide,New Catalina,New Catalina,,Screen Recording 2026-08-16 223317.mp4,4,CONFIRMED_FROM_VIDEO
Pierogi,14795.6,Puerto de San Fernando,341,,CONFIRMED_FROM_VIDEO,2,pooled_even_odd_wide,New Catalina,New Catalina,,Screen Recording 2026-08-16 223317.mp4,6,CONFIRMED_FROM_VIDEO
Pierogi,5336.2,Saint Vincent,178,,CONFIRMED_FROM_VIDEO,1,pooled_even_odd_wide,New Catalina,New Catalina,,Screen Recording 2026-08-16 223317.mp4,5,CONFIRMED_FROM_VIDEO
Pierogi,7278.6,Saint-Nicholas,212,,CONFIRMED_FROM_VIDEO,1,pooled_even_odd_wide,New Catalina,New Catalina,,Screen Recording 2026-08-16 223317.mp4,4,CONFIRMED_FROM_VIDEO
Pierogi,13375.5,Sainte Rose,317,,CONFIRMED_FROM_VIDEO,2,pooled_even_odd_wide,New Catalina,New Catalina,,Screen Recording 2026-08-16 223317.mp4,6,CONFIRMED_FROM_VIDEO
Pierogi,13768.3,San Polo,324,,CONFIRMED_FROM_VIDEO,2,pooled_even_odd_wide,New Catalina,New Catalina,,Screen Recording 2026-08-16 223317.mp4,6,CONFIRMED_FROM_VIDEO
Pierogi,15306.2,San Salvador,350,,CONFIRMED_FROM_VIDEO,2,pooled_even_odd_wide,New Catalina,New Catalina,,Screen Recording 2026-08-16 223317.mp4,6,CONFIRMED_FROM_VIDEO
Pierogi,11114.1,San Vito,278,,CONFIRMED_FROM_VIDEO,2,pooled_even_odd_wide,New Catalina,New Catalina,,Screen Recording 2026-08-16 223317.mp4,4,CONFIRMED_FROM_VIDEO
Pierogi,7675.9,Sandy Settlement,219,,CONFIRMED_FROM_VIDEO,2,pooled_even_odd_wide,New Catalina,New Catalina,,Screen Recording 2026-08-16 223317.mp4,4,CONFIRMED_FROM_VIDEO
Pierogi,15748.6,Santa Maria,358,,CONFIRMED_FROM_VIDEO,2,pooled_even_odd_wide,New Catalina,New Catalina,,Screen Recording 2026-08-16 223317.mp4,6,CONFIRMED_FROM_VIDEO
Pierogi,17731.6,Sao Bento,392,,CONFIRMED_FROM_VIDEO,2,pooled_even_odd_wide,New Catalina,New Catalina,,Screen Recording 2026-08-16 223317.mp4,6,CONFIRMED_FROM_VIDEO
Pierogi,4568.4,Snake Prosper,165,,CONFIRMED_FROM_VIDEO,1,pooled_even_odd_wide,New Catalina,New Catalina,,Screen Recording 2026-08-16 223317.mp4,7,CONFIRMED_FROM_VIDEO
Pierogi,1000.2,Sugar Cove,104,,CONFIRMED_FROM_VIDEO,1,pooled_even_odd_wide,New Catalina,New Catalina,,Screen Recording 2026-08-16 223317.mp4,4,CONFIRMED_FROM_VIDEO
Pierogi,5783.0,Taylor's Town,186,,CONFIRMED_FROM_VIDEO,1,pooled_even_odd_wide,New Catalina,New Catalina,,Screen Recording 2026-08-16 223317.mp4,5,CONFIRMED_FROM_VIDEO
Pierogi,12596.7,Theresa,304,,CONFIRMED_FROM_VIDEO,2,pooled_even_odd_wide,New Catalina,New Catalina,,Screen Recording 2026-08-16 223317.mp4,6,CONFIRMED_FROM_VIDEO
Pierogi,6976.7,Thresher Point,207,,CONFIRMED_FROM_VIDEO,1,pooled_even_odd_wide,New Catalina,New Catalina,,Screen Recording 2026-08-16 223317.mp4,6,CONFIRMED_FROM_VIDEO
Pierogi,14239.8,Venta Nueva,332,,CONFIRMED_FROM_VIDEO,2,pooled_even_odd_wide,New Catalina,New Catalina,,Screen Recording 2026-08-16 223317.mp4,12,CONFIRMED_FROM_VIDEO
Pierogi,12930.7,Villarreal Del Mar,309,Selected from the two recorded directional readings using reciprocal-distance agreement and the origin's other observed Distance/Value rows. No distance was fabricated.,CONFIRMED_RECORDED_RECIPROCAL_AUDIT,1,pooled_even_odd_wide,New Catalina,New Catalina,,Screen Recording 2026-08-16 223317.mp4,9,CONFIRMED_FROM_VIDEO
Pierogi,4970.9,White Hook,172,,CONFIRMED_FROM_VIDEO,1,pooled_even_odd_wide,New Catalina,New Catalina,,Screen Recording 2026-08-16 223317.mp4,9,CONFIRMED_FROM_VIDEO
Pierogi,8753.8,Wyntergard,237,,CONFIRMED_FROM_VIDEO,1,pooled_even_odd_wide,New Catalina,New Catalina,,Screen Recording 2026-08-16 223317.mp4,6,CONFIRMED_FROM_VIDEO
Pierogi,6421.0,Yorinobu's Settlement,197,,CONFIRMED_FROM_VIDEO,1,pooled_even_odd_wide,New Catalina,New Catalina,,Screen Recording 2026-08-16 223317.mp4,7,CONFIRMED_FROM_VIDEO
Jewelry,4513.3,Al-Jazair,216,,CONFIRMED_FROM_VIDEO,1,,Pachard Town,Saint-Pierre,,Screen Recording 2026-08-16 111220.mp4,5,CONFIRMED_FROM_VIDEO
Jewelry,3996.0,Ashbourne,205,,CONFIRMED_FROM_VIDEO,1,,Pachard Town,Saint-Pierre,,Screen Recording 2026-08-16 111220.mp4,2,CONFIRMED_FROM_VIDEO
Jewelry,6508.9,Belfry Heights,262,,CONFIRMED_FROM_VIDEO,1,,Pachard Town,Saint-Pierre,,Screen Recording 2026-08-16 111220.mp4,3,CONFIRMED_FROM_VIDEO
Jewelry,1885.1,Bucket Bay,157,,CONFIRMED_FROM_VIDEO,1,,Pachard Town,Saint-Pierre,,Screen Recording 2026-08-16 111220.mp4,4,CONFIRMED_FROM_VIDEO
Jewelry,6536.7,Caledonia,262,,CONFIRMED_FROM_VIDEO,1,,Pachard Town,Saint-Pierre,,Screen Recording 2026-08-16 111220.mp4,3,CONFIRMED_FROM_VIDEO
Jewelry,7490.6,Castle Landing,284,,CONFIRMED_FROM_VIDEO,1,,Pachard Town,Saint-Pierre,,Screen Recording 2026-08-16 111220.mp4,3,CONFIRMED_FROM_VIDEO
Jewelry,8604.6,Caveira,310,,CONFIRMED_FROM_VIDEO,1,,Pachard Town,Saint-Pierre,,Screen Recording 2026-08-16 111220.mp4,3,CONFIRMED_FROM_VIDEO
Jewelry,5020.1,Caye Tiburon,228,,CONFIRMED_FROM_VIDEO,1,,Pachard Town,Saint-Pierre,,Screen Recording 2026-08-16 111220.mp4,4,CONFIRMED_FROM_VIDEO
Jewelry,4566.4,Crownstead,218,,CONFIRMED_FROM_VIDEO,1,,Pachard Town,Saint-Pierre,,Screen Recording 2026-08-16 111220.mp4,4,CONFIRMED_FROM_VIDEO
Jewelry,6250.0,Deadman's Murcia,256,,CONFIRMED_FROM_VIDEO,1,,Pachard Town,Saint-Pierre,,Screen Recording 2026-08-16 111220.mp4,3,CONFIRMED_FROM_VIDEO
Jewelry,3205.3,Fair Harbour,187,,CONFIRMED_FROM_VIDEO,1,,Pachard Town,Saint-Pierre,,Screen Recording 2026-08-16 111220.mp4,5,CONFIRMED_FROM_VIDEO
Jewelry,3446.7,Falmouth,192,,CONFIRMED_FROM_VIDEO,1,,Pachard Town,Saint-Pierre,,Screen Recording 2026-08-16 111220.mp4,6,CONFIRMED_FROM_VIDEO
Jewelry,5885.8,Gyldenvale,248,,CONFIRMED_FROM_VIDEO,1,,Pachard Town,Saint-Pierre,,Screen Recording 2026-08-16 111220.mp4,3,CONFIRMED_FROM_VIDEO
Jewelry,8103.9,Jones' Outpost,298,,CONFIRMED_FROM_VIDEO,1,,Pachard Town,Saint-Pierre,,Screen Recording 2026-08-16 111220.mp4,3,CONFIRMED_FROM_VIDEO
Jewelry,12418.5,Kandlerova,396,,CONFIRMED_FROM_VIDEO,1,,Pachard Town,Saint-Pierre,Visually verified from a visible recording frame after OCR audit.,Screen Recording 2026-08-16 111220.mp4,2,CONFIRMED_FROM_VIDEO
Jewelry,10353.0,La Povenglia,349,,CONFIRMED_FROM_VIDEO,1,,Pachard Town,Saint-Pierre,,Screen Recording 2026-08-16 111220.mp4,2,CONFIRMED_FROM_VIDEO
Jewelry,6732.4,Lebarde,267,,CONFIRMED_FROM_VIDEO,1,,Pachard Town,Saint-Pierre,,Screen Recording 2026-08-16 111220.mp4,3,CONFIRMED_FROM_VIDEO
Jewelry,6184.8,Lord Irving's Sacrifice,254,,CONFIRMED_FROM_VIDEO,1,,Pachard Town,Saint-Pierre,,Screen Recording 2026-08-16 111220.mp4,4,CONFIRMED_FROM_VIDEO
Jewelry,3821.9,Louisbourg,201,,CONFIRMED_FROM_VIDEO,1,,Pachard Town,Saint-Pierre,,Screen Recording 2026-08-16 111220.mp4,3,CONFIRMED_FROM_VIDEO
Jewelry,10223.0,Madalena,346,,CONFIRMED_FROM_VIDEO,1,,Pachard Town,Saint-Pierre,,Screen Recording 2026-08-16 111220.mp4,2,CONFIRMED_FROM_VIDEO
Jewelry,6745.7,Mako's Outlook,267,,CONFIRMED_FROM_VIDEO,1,,Pachard Town,Saint-Pierre,,Screen Recording 2026-08-16 111220.mp4,3,CONFIRMED_FROM_VIDEO
Jewelry,1015.0,Matthew's Rest,137,,CONFIRMED_FROM_VIDEO,1,,Pachard Town,Saint-Pierre,,Screen Recording 2026-08-16 111220.mp4,3,CONFIRMED_FROM_VIDEO
Jewelry,2969.3,Maurepas,181,,CONFIRMED_FROM_VIDEO,1,,Pachard Town,Saint-Pierre,,Screen Recording 2026-08-16 111220.mp4,4,CONFIRMED_FROM_VIDEO
Jewelry,3427.0,New Brighton,192,,CONFIRMED_FROM_VIDEO,1,,Pachard Town,Saint-Pierre,,Screen Recording 2026-08-16 111220.mp4,6,CONFIRMED_FROM_VIDEO
Jewelry,9094.7,New Catalina,321,,CONFIRMED_FROM_VIDEO,1,,Pachard Town,Saint-Pierre,,Screen Recording 2026-08-16 111220.mp4,4,CONFIRMED_FROM_VIDEO
Jewelry,9128.6,Peter's Cove,321,,CONFIRMED_FROM_VIDEO,1,,Pachard Town,Saint-Pierre,,Screen Recording 2026-08-16 111220.mp4,4,CONFIRMED_FROM_VIDEO
Jewelry,5114.0,Petit Anvers,230,,CONFIRMED_FROM_VIDEO,1,,Pachard Town,Saint-Pierre,,Screen Recording 2026-08-16 111220.mp4,4,CONFIRMED_FROM_VIDEO
Jewelry,9426.1,Poblado de San Juan,328,,CONFIRMED_FROM_VIDEO,1,,Pachard Town,Saint-Pierre,,Screen Recording 2026-08-16 111220.mp4,3,CONFIRMED_FROM_VIDEO
Jewelry,2119.7,Point Rocheux,162,,CONFIRMED_FROM_VIDEO,1,,Pachard Town,Saint-Pierre,,Screen Recording 2026-08-16 111220.mp4,4,CONFIRMED_FROM_VIDEO
Jewelry,9516.2,Ponta Delgada,330,,CONFIRMED_FROM_VIDEO,1,,Pachard Town,Saint-Pierre,,Screen Recording 2026-08-16 111220.mp4,3,CONFIRMED_FROM_VIDEO
Jewelry,4545.8,Port Antonio,217,,CONFIRMED_FROM_VIDEO,1,,Pachard Town,Saint-Pierre,,Screen Recording 2026-08-16 111220.mp4,5,CONFIRMED_FROM_VIDEO
Jewelry,3662.8,Port Louis,197,,CONFIRMED_FROM_VIDEO,1,,Pachard Town,Saint-Pierre,,Screen Recording 2026-08-16 111220.mp4,6,CONFIRMED_FROM_VIDEO
Jewelry,5043.3,Port Royal,228,,CONFIRMED_FROM_VIDEO,1,,Pachard Town,Saint-Pierre,,Screen Recording 2026-08-16 111220.mp4,4,CONFIRMED_FROM_VIDEO
Jewelry,1044.3,Port-Au-Croix,138,,CONFIRMED_FROM_VIDEO,1,,Pachard Town,Saint-Pierre,,Screen Recording 2026-08-16 111220.mp4,3,CONFIRMED_FROM_VIDEO
Jewelry,5847.2,Princeton,247,,CONFIRMED_FROM_VIDEO,1,,Pachard Town,Saint-Pierre,,Screen Recording 2026-08-16 111220.mp4,3,CONFIRMED_FROM_VIDEO
Jewelry,7199.4,Puerto de San Fernando,278,,CONFIRMED_FROM_VIDEO,2,,Pachard Town,Saint-Pierre,,Screen Recording 2026-08-16 111220.mp4,2,CONFIRMED_FROM_VIDEO
Jewelry,4298.8,Saint Vincent,212,,CONFIRMED_FROM_VIDEO,1,,Pachard Town,Saint-Pierre,,Screen Recording 2026-08-16 111220.mp4,4,CONFIRMED_FROM_VIDEO
Jewelry,10311.2,Saint-Nicholas,348,,CONFIRMED_FROM_VIDEO,1,,Pachard Town,Saint-Pierre,,Screen Recording 2026-08-16 111220.mp4,2,CONFIRMED_FROM_VIDEO
Jewelry,4889.0,Sainte Rose,225,,CONFIRMED_FROM_VIDEO,1,,Pachard Town,Saint-Pierre,,Screen Recording 2026-08-16 111220.mp4,3,CONFIRMED_FROM_VIDEO
Jewelry,11628.4,San Polo,378,,CONFIRMED_FROM_VIDEO,1,,Pachard Town,Saint-Pierre,,Screen Recording 2026-08-16 111220.mp4,2,CONFIRMED_FROM_VIDEO
Jewelry,9764.8,San Salvador,336,,CONFIRMED_FROM_VIDEO,1,,Pachard Town,Saint-Pierre,,Screen Recording 2026-08-16 111220.mp4,3,CONFIRMED_FROM_VIDEO
Jewelry,8751.9,San Vito,313,,CONFIRMED_FROM_VIDEO,1,,Pachard Town,Saint-Pierre,,Screen Recording 2026-08-16 111220.mp4,3,CONFIRMED_FROM_VIDEO
Jewelry,10195.1,Sandy Settlement,346,,CONFIRMED_FROM_VIDEO,1,,Pachard Town,Saint-Pierre,,Screen Recording 2026-08-16 111220.mp4,2,CONFIRMED_FROM_VIDEO
Jewelry,9075.5,Santa Maria,320,,CONFIRMED_FROM_VIDEO,1,,Pachard Town,Saint-Pierre,,Screen Recording 2026-08-16 111220.mp4,4,CONFIRMED_FROM_VIDEO
Jewelry,8869.7,Sao Bento,316,,CONFIRMED_FROM_VIDEO,1,,Pachard Town,Saint-Pierre,,Screen Recording 2026-08-16 111220.mp4,4,CONFIRMED_FROM_VIDEO
Jewelry,6155.8,Snake Prosper,254,,CONFIRMED_FROM_VIDEO,1,,Pachard Town,Saint-Pierre,,Screen Recording 2026-08-16 111220.mp4,3,CONFIRMED_FROM_VIDEO
Jewelry,10082.1,Sugar Cove,343,,CONFIRMED_FROM_VIDEO,1,,Pachard Town,Saint-Pierre,,Screen Recording 2026-08-16 111220.mp4,2,CONFIRMED_FROM_VIDEO
Jewelry,9841.0,Taylor's Town,338,,CONFIRMED_FROM_VIDEO,1,,Pachard Town,Saint-Pierre,,Screen Recording 2026-08-16 111220.mp4,2,CONFIRMED_FROM_VIDEO
Jewelry,5406.4,Theresa,237,,CONFIRMED_FROM_VIDEO,1,,Pachard Town,Saint-Pierre,,Screen Recording 2026-08-16 111220.mp4,4,CONFIRMED_FROM_VIDEO
Jewelry,6353.3,Thresher Point,258,,CONFIRMED_FROM_VIDEO,1,,Pachard Town,Saint-Pierre,,Screen Recording 2026-08-16 111220.mp4,3,CONFIRMED_FROM_VIDEO
Jewelry,5453.4,Venta Nueva,238,,CONFIRMED_FROM_VIDEO,2,,Pachard Town,Saint-Pierre,,Screen Recording 2026-08-16 111220.mp4,3,CONFIRMED_FROM_VIDEO
Jewelry,4259.5,Villarreal Del Mar,211,,CONFIRMED_FROM_VIDEO,1,,Pachard Town,Saint-Pierre,,Screen Recording 2026-08-16 111220.mp4,4,CONFIRMED_FROM_VIDEO
Jewelry,7153.5,White Hook,276,,CONFIRMED_FROM_VIDEO,1,,Pachard Town,Saint-Pierre,,Screen Recording 2026-08-16 111220.mp4,4,CONFIRMED_FROM_VIDEO
Jewelry,4986.8,Wyntergard,227,,CONFIRMED_FROM_VIDEO,1,,Pachard Town,Saint-Pierre,,Screen Recording 2026-08-16 111220.mp4,4,CONFIRMED_FROM_VIDEO
Tuna,7301.7,Al-Jazair,188,,CONFIRMED_FROM_VIDEO,1,pooled_even_odd_wide,Peter's Cove,Saint-Nicholas,,Screen Recording 2026-08-16 223317.mp4,6,CONFIRMED_FROM_VIDEO
Tuna,11895.2,Ashbourne,258,,CONFIRMED_FROM_VIDEO,2,pooled_even_odd_wide,Peter's Cove,Saint-Nicholas,,Screen Recording 2026-08-16 223317.mp4,4,CONFIRMED_FROM_VIDEO
Tuna,2871.8,Belfry Heights,120,,CONFIRMED_FROM_VIDEO,1,pooled_even_odd_wide,Peter's Cove,Saint-Nicholas,,Screen Recording 2026-08-16 223317.mp4,12,CONFIRMED_FROM_VIDEO
Tuna,9094.3,Bucket Bay,215,,CONFIRMED_FROM_VIDEO,1,pooled_even_odd_wide,Peter's Cove,Saint-Nicholas,,Screen Recording 2026-08-16 223317.mp4,4,CONFIRMED_FROM_VIDEO
Tuna,9934.4,Caledonia,228,,CONFIRMED_FROM_VIDEO,1,pooled_even_odd_wide,Peter's Cove,Saint-Nicholas,,Screen Recording 2026-08-16 223317.mp4,6,CONFIRMED_FROM_VIDEO
Tuna,5044.7,Castle Landing,153,,CONFIRMED_FROM_VIDEO,1,pooled_even_odd_wide,Peter's Cove,Saint-Nicholas,,Screen Recording 2026-08-16 223317.mp4,5,CONFIRMED_FROM_VIDEO
Tuna,13610.3,Caveira,284,,CONFIRMED_FROM_VIDEO,2,pooled_even_odd_wide,Peter's Cove,Saint-Nicholas,,Screen Recording 2026-08-16 223317.mp4,4,CONFIRMED_FROM_VIDEO
Tuna,4117.9,Caye Tiburon,139,,CONFIRMED_FROM_VIDEO,1,pooled_even_odd_wide,Peter's Cove,Saint-Nicholas,,Screen Recording 2026-08-16 223317.mp4,12,CONFIRMED_FROM_VIDEO
Tuna,12697.8,Crownstead,270,,CONFIRMED_FROM_VIDEO,2,pooled_even_odd_wide,Peter's Cove,Saint-Nicholas,,Screen Recording 2026-08-16 223317.mp4,4,CONFIRMED_FROM_VIDEO
Tuna,8010.9,Cumberland Hill,198,,CONFIRMED_FROM_VIDEO,2,pooled_even_odd_wide,Peter's Cove,Saint-Nicholas,,Screen Recording 2026-08-16 223317.mp4,4,CONFIRMED_FROM_VIDEO
Tuna,10473.4,Deadman's Murcia,236,Selected from the two recorded directional readings using reciprocal-distance agreement and the origin's other observed Distance/Value rows. No distance was fabricated.,CONFIRMED_RECORDED_RECIPROCAL_AUDIT,1,pooled_even_odd_wide,Peter's Cove,Saint-Nicholas,,Screen Recording 2026-08-16 223317.mp4,7,CONFIRMED_FROM_VIDEO
Tuna,9525.7,Fair Harbour,222,,CONFIRMED_FROM_VIDEO,1,pooled_even_odd_wide,Peter's Cove,Saint-Nicholas,,Screen Recording 2026-08-16 223317.mp4,6,CONFIRMED_FROM_VIDEO
Tuna,8934.0,Falmouth,212,,CONFIRMED_FROM_VIDEO,1,pooled_even_odd_wide,Peter's Cove,Saint-Nicholas,,Screen Recording 2026-08-16 223317.mp4,6,CONFIRMED_FROM_VIDEO
Tuna,13619.2,Gyldenvale,284,,CONFIRMED_FROM_VIDEO,2,pooled_even_odd_wide,Peter's Cove,Saint-Nicholas,,Screen Recording 2026-08-16 223317.mp4,4,CONFIRMED_FROM_VIDEO
Tuna,7821.7,Jones' Outpost,196,,CONFIRMED_FROM_VIDEO,3,pooled_even_odd_wide,Peter's Cove,Saint-Nicholas,,Screen Recording 2026-08-16 223317.mp4,5,CONFIRMED_FROM_VIDEO
Tuna,7351.6,Kandlerova,188,,CONFIRMED_FROM_VIDEO,1,pooled_even_odd_wide,Peter's Cove,Saint-Nicholas,,Screen Recording 2026-08-16 223317.mp4,8,CONFIRMED_FROM_VIDEO
Tuna,4305.3,La Povenglia,142,,CONFIRMED_FROM_VIDEO,1,pooled_even_odd_wide,Peter's Cove,Saint-Nicholas,,Screen Recording 2026-08-16 223317.mp4,12,CONFIRMED_FROM_VIDEO
Tuna,3763.9,Lebarde,134,,CONFIRMED_FROM_VIDEO,1,pooled_even_odd_wide,Peter's Cove,Saint-Nicholas,,Screen Recording 2026-08-16 223317.mp4,12,CONFIRMED_FROM_VIDEO
Tuna,5054.2,Lord Irving's Sacrifice,153,,CONFIRMED_FROM_VIDEO,1,pooled_even_odd_wide,Peter's Cove,Saint-Nicholas,,Screen Recording 2026-08-16 223317.mp4,7,CONFIRMED_FROM_VIDEO
Tuna,12934.0,Louisbourg,273,,CONFIRMED_FROM_VIDEO,1,pooled_even_odd_wide,Peter's Cove,Saint-Nicholas,,Screen Recording 2026-08-16 223317.mp4,6,CONFIRMED_FROM_VIDEO
Tuna,15546.2,Madalena,313,,CONFIRMED_FROM_VIDEO,2,pooled_even_odd_wide,Peter's Cove,Saint-Nicholas,,Screen Recording 2026-08-16 223317.mp4,4,CONFIRMED_FROM_VIDEO
Tuna,4373.0,Mako's Outlook,143,,CONFIRMED_FROM_VIDEO,1,pooled_even_odd_wide,Peter's Cove,Saint-Nicholas,,Screen Recording 2026-08-16 223317.mp4,12,CONFIRMED_FROM_VIDEO
Tuna,9221.1,Matthew's Rest,217,,CONFIRMED_FROM_VIDEO,1,pooled_even_odd_wide,Peter's Cove,Saint-Nicholas,,Screen Recording 2026-08-16 223317.mp4,6,CONFIRMED_FROM_VIDEO
Tuna,12095.2,Maurepas,261,Selected from the two recorded directional readings using reciprocal-distance agreement and the origin's other observed Distance/Value rows. No distance was fabricated.,CONFIRMED_RECORDED_RECIPROCAL_AUDIT,1,even_odd,Peter's Cove,Saint-Nicholas,,Screen Recording 2026-08-16 223317.mp4,1,CONFIRMED_FROM_VIDEO
Tuna,6570.5,New Brighton,176,,CONFIRMED_FROM_VIDEO,1,pooled_even_odd_wide,Peter's Cove,Saint-Nicholas,,Screen Recording 2026-08-16 223317.mp4,6,CONFIRMED_FROM_VIDEO
Tuna,7520.1,New Catalina,191,,CONFIRMED_FROM_VIDEO,1,pooled_even_odd_wide,Peter's Cove,Saint-Nicholas,,Screen Recording 2026-08-16 223317.mp4,6,CONFIRMED_FROM_VIDEO
Tuna,9128.6,Pachard Town,215,,CONFIRMED_FROM_VIDEO,1,pooled_even_odd_wide,Peter's Cove,Saint-Nicholas,,Screen Recording 2026-08-16 223317.mp4,6,CONFIRMED_FROM_VIDEO
Tuna,14226.2,Petit Anvers,293,,CONFIRMED_FROM_VIDEO,2,pooled_even_odd_wide,Peter's Cove,Saint-Nicholas,,Screen Recording 2026-08-16 223317.mp4,4,CONFIRMED_FROM_VIDEO
Tuna,11092.2,Poblado de San Juan,245,,CONFIRMED_FROM_VIDEO,2,pooled_even_odd_wide,Peter's Cove,Saint-Nicholas,,Screen Recording 2026-08-16 223317.mp4,4,CONFIRMED_FROM_VIDEO
Tuna,10242.0,Point Rocheux,232,,CONFIRMED_FROM_VIDEO,1,pooled_even_odd_wide,Peter's Cove,Saint-Nicholas,,Screen Recording 2026-08-16 223317.mp4,8,CONFIRMED_FROM_VIDEO
Tuna,16439.9,Ponta Delgada,327,,CONFIRMED_FROM_VIDEO,2,pooled_even_odd_wide,Peter's Cove,Saint-Nicholas,,Screen Recording 2026-08-16 223317.mp4,4,CONFIRMED_FROM_VIDEO
Tuna,9328.6,Port Antonio,219,,CONFIRMED_FROM_VIDEO,1,pooled_even_odd_wide,Peter's Cove,Saint-Nicholas,,Screen Recording 2026-08-16 223317.mp4,6,CONFIRMED_FROM_VIDEO
Tuna,10342.1,Port Louis,234,,CONFIRMED_FROM_VIDEO,2,pooled_even_odd_wide,Peter's Cove,Saint-Nicholas,,Screen Recording 2026-08-16 223317.mp4,6,CONFIRMED_FROM_VIDEO
Tuna,6973.9,Port Royal,183,,CONFIRMED_FROM_VIDEO,1,pooled_even_odd_wide,Peter's Cove,Saint-Nicholas,,Screen Recording 2026-08-16 223317.mp4,9,CONFIRMED_FROM_VIDEO
Tuna,9706.8,Port-Au-Croix,224,,CONFIRMED_FROM_VIDEO,1,pooled_even_odd_wide,Peter's Cove,Saint-Nicholas,,Screen Recording 2026-08-16 223317.mp4,6,CONFIRMED_FROM_VIDEO
Tuna,5573.2,Princeton,161,,CONFIRMED_FROM_VIDEO,1,pooled_even_odd_wide,Peter's Cove,Saint-Nicholas,,Screen Recording 2026-08-16 223317.mp4,6,CONFIRMED_FROM_VIDEO
Tuna,10743.6,Puerto de San Fernando,240,,CONFIRMED_FROM_VIDEO,2,pooled_even_odd_wide,Peter's Cove,Saint-Nicholas,,Screen Recording 2026-08-16 223317.mp4,4,CONFIRMED_FROM_VIDEO
Tuna,8681.5,Saint Vincent,209,,CONFIRMED_FROM_VIDEO,1,pooled_even_odd_wide,Peter's Cove,Saint-Nicholas,,Screen Recording 2026-08-16 223317.mp4,6,CONFIRMED_FROM_VIDEO
Tuna,1479.0,Saint-Nicholas,99,,CONFIRMED_FROM_VIDEO,1,pooled_even_odd_wide,Peter's Cove,Saint-Nicholas,,Screen Recording 2026-08-16 223317.mp4,7,CONFIRMED_FROM_VIDEO
Tuna,13934.2,Sainte Rose,289,,CONFIRMED_FROM_VIDEO,2,pooled_even_odd_wide,Peter's Cove,Saint-Nicholas,,Screen Recording 2026-08-16 223317.mp4,4,CONFIRMED_FROM_VIDEO
Tuna,6451.0,San Polo,175,,CONFIRMED_FROM_VIDEO,1,pooled_even_odd_wide,Peter's Cove,Saint-Nicholas,,Screen Recording 2026-08-16 223317.mp4,6,CONFIRMED_FROM_VIDEO
Tuna,9421.0,San Salvador,220,,CONFIRMED_FROM_VIDEO,1,pooled_even_odd_wide,Peter's Cove,Saint-Nicholas,,Screen Recording 2026-08-16 223317.mp4,6,CONFIRMED_FROM_VIDEO
Tuna,4381.1,San Vito,143,,CONFIRMED_FROM_VIDEO,1,pooled_even_odd_wide,Peter's Cove,Saint-Nicholas,,Screen Recording 2026-08-16 223317.mp4,12,CONFIRMED_FROM_VIDEO
Tuna,1133.5,Sandy Settlement,94,,CONFIRMED_FROM_VIDEO,1,pooled_even_odd_wide,Peter's Cove,Saint-Nicholas,,Screen Recording 2026-08-16 223317.mp4,7,CONFIRMED_FROM_VIDEO
Tuna,10625.1,Santa Maria,238,,CONFIRMED_FROM_VIDEO,2,pooled_even_odd_wide,Peter's Cove,Saint-Nicholas,,Screen Recording 2026-08-16 223317.mp4,4,CONFIRMED_FROM_VIDEO
Tuna,14990.5,Sao Bento,305,,CONFIRMED_FROM_VIDEO,2,pooled_even_odd_wide,Peter's Cove,Saint-Nicholas,,Screen Recording 2026-08-16 223317.mp4,4,CONFIRMED_FROM_VIDEO
Tuna,9675.2,Snake Prosper,224,,CONFIRMED_FROM_VIDEO,2,pooled_even_odd_wide,Peter's Cove,Saint-Nicholas,,Screen Recording 2026-08-16 223317.mp4,4,CONFIRMED_FROM_VIDEO
Tuna,8119.3,Sugar Cove,200,,CONFIRMED_FROM_VIDEO,1,pooled_even_odd_wide,Peter's Cove,Saint-Nicholas,,Screen Recording 2026-08-16 223317.mp4,6,CONFIRMED_FROM_VIDEO
Tuna,2332.6,Taylor's Town,112,,CONFIRMED_FROM_VIDEO,1,pooled_even_odd_wide,Peter's Cove,Saint-Nicholas,,Screen Recording 2026-08-16 223317.mp4,8,CONFIRMED_FROM_VIDEO
Tuna,8843.2,Theresa,211,,CONFIRMED_FROM_VIDEO,1,pooled_even_odd_wide,Peter's Cove,Saint-Nicholas,,Screen Recording 2026-08-16 223317.mp4,5,CONFIRMED_FROM_VIDEO
Tuna,2779.7,Thresher Point,119,,CONFIRMED_FROM_VIDEO,2,pooled_even_odd_wide,Peter's Cove,Saint-Nicholas,,Screen Recording 2026-08-16 223317.mp4,10,CONFIRMED_FROM_VIDEO
Tuna,11912.3,Venta Nueva,258,,CONFIRMED_FROM_VIDEO,2,pooled_even_odd_wide,Peter's Cove,Saint-Nicholas,,Screen Recording 2026-08-16 223317.mp4,4,CONFIRMED_FROM_VIDEO
Tuna,10732.8,Villarreal Del Mar,240,,CONFIRMED_FROM_VIDEO,2,pooled_even_odd_wide,Peter's Cove,Saint-Nicholas,,Screen Recording 2026-08-16 223317.mp4,3,CONFIRMED_FROM_VIDEO
Tuna,10754.4,White Hook,240,,CONFIRMED_FROM_VIDEO,2,pooled_even_odd_wide,Peter's Cove,Saint-Nicholas,,Screen Recording 2026-08-16 223317.mp4,4,CONFIRMED_FROM_VIDEO
Tuna,12330.8,Wyntergard,264,,CONFIRMED_FROM_VIDEO,2,pooled_even_odd_wide,Peter's Cove,Saint-Nicholas,,Screen Recording 2026-08-16 223317.mp4,4,CONFIRMED_FROM_VIDEO
Tuna,7625.2,Yorinobu's Settlement,193,,CONFIRMED_FROM_VIDEO,1,pooled_even_odd_wide,Peter's Cove,Saint-Nicholas,,Screen Recording 2026-08-16 223317.mp4,2,CONFIRMED_FROM_VIDEO
Chocolate,8423.8,Al-Jazair,228,,CONFIRMED_FROM_SCREENSHOT,1,,Petit Anvers,Belle Isles,,Petit Sell4.png,1,CONFIRMED_FROM_SCREENSHOT
Chocolate,3907.5,Ashbourne,151,,CONFIRMED_FROM_SCREENSHOT,1,,Petit Anvers,Belle Isles,,Petit Sell6.png,1,CONFIRMED_FROM_SCREENSHOT
Chocolate,11618.9,Belfry Heights,283,,CONFIRMED_FROM_SCREENSHOT,1,,Petit Anvers,Belle Isles,,Petit Sell3.png,1,CONFIRMED_FROM_SCREENSHOT
Chocolate,5488.5,Bucket Bay,178,,CONFIRMED_FROM_SCREENSHOT,1,,Petit Anvers,Belle Isles,,Petit Sell5.png,1,CONFIRMED_FROM_SCREENSHOT
Chocolate,8811.0,Caledonia,235,,CONFIRMED_FROM_SCREENSHOT,1,,Petit Anvers,Belle Isles,,Petit Sell4.png,1,CONFIRMED_FROM_SCREENSHOT
Chocolate,11898.5,Castle Landing,287,,CONFIRMED_FROM_SCREENSHOT,1,,Petit Anvers,Belle Isles,,Petit Sell2.png,1,CONFIRMED_FROM_SCREENSHOT
Chocolate,9659.8,Caveira,249,,CONFIRMED_FROM_SCREENSHOT,1,,Petit Anvers,Belle Isles,,Petit Sell4.png,1,CONFIRMED_FROM_SCREENSHOT
Chocolate,10129.7,Caye Tiburon,257,,CONFIRMED_FROM_SCREENSHOT,1,,Petit Anvers,Belle Isles,,Petit Sell3.png,1,CONFIRMED_FROM_SCREENSHOT
Chocolate,3435.3,Crownstead,143,,CONFIRMED_FROM_SCREENSHOT,1,,Petit Anvers,Belle Isles,,Petit Sell6.png,1,CONFIRMED_FROM_SCREENSHOT
Chocolate,12552.3,Cumberland Hill,298,,CONFIRMED_FROM_SCREENSHOT,1,,Petit Anvers,Belle Isles,,Petit Sell2.png,1,CONFIRMED_FROM_SCREENSHOT
Chocolate,8120.9,Deadman's Murcia,223,,CONFIRMED_FROM_SCREENSHOT,1,,Petit Anvers,Belle Isles,,Petit Sell4.png,1,CONFIRMED_FROM_SCREENSHOT
Chocolate,5895.1,Fair Harbour,185,,CONFIRMED_FROM_SCREENSHOT,1,,Petit Anvers,Belle Isles,,Petit Sell5.png,1,CONFIRMED_FROM_SCREENSHOT
Chocolate,7073.1,Falmouth,205,,CONFIRMED_FROM_SCREENSHOT,1,,Petit Anvers,Belle Isles,,Petit Sell5.png,1,CONFIRMED_FROM_SCREENSHOT
Chocolate,4299.6,Gyldenvale,158,,CONFIRMED_FROM_SCREENSHOT,1,,Petit Anvers,Belle Isles,,Petit Sell6.png,1,CONFIRMED_FROM_SCREENSHOT
Chocolate,11580.8,Jones' Outpost,282,,CONFIRMED_FROM_SCREENSHOT,1,,Petit Anvers,Belle Isles,,Petit Sell3.png,1,CONFIRMED_FROM_SCREENSHOT
Chocolate,17032.7,Kandlerova,375,,CONFIRMED_FROM_SCREENSHOT,1,,Petit Anvers,Belle Isles,,Petit Sell1.png,1,CONFIRMED_FROM_SCREENSHOT
Chocolate,15283.7,La Povenglia,345,,CONFIRMED_FROM_SCREENSHOT,1,,Petit Anvers,Belle Isles,,Petit Sell1.png,1,CONFIRMED_FROM_SCREENSHOT
Chocolate,11523.6,Lebarde,281,,CONFIRMED_FROM_SCREENSHOT,1,,Petit Anvers,Belle Isles,,Petit Sell3.png,1,CONFIRMED_FROM_SCREENSHOT
Chocolate,11011.9,Lord Irving's Sacrifice,272,,CONFIRMED_FROM_SCREENSHOT,1,,Petit Anvers,Belle Isles,,Petit Sell3.png,1,CONFIRMED_FROM_SCREENSHOT
Chocolate,1592.2,Louisbourg,112,,CONFIRMED_FROM_SCREENSHOT,1,,Petit Anvers,Belle Isles,,Petit Sell6.png,1,CONFIRMED_FROM_SCREENSHOT
Chocolate,10519.1,Madalena,264,,CONFIRMED_FROM_SCREENSHOT,1,,Petit Anvers,Belle Isles,,Petit Sell3.png,1,CONFIRMED_FROM_SCREENSHOT
Chocolate,11659.5,Mako's Outlook,283,,CONFIRMED_FROM_SCREENSHOT,1,,Petit Anvers,Belle Isles,,Petit Sell3.png,1,CONFIRMED_FROM_SCREENSHOT
Chocolate,5076.9,Matthew's Rest,171,,CONFIRMED_FROM_SCREENSHOT,1,,Petit Anvers,Belle Isles,,Petit Sell6.png,1,CONFIRMED_FROM_SCREENSHOT
Chocolate,2221.9,Maurepas,123,,CONFIRMED_FROM_SCREENSHOT,1,,Petit Anvers,Belle Isles,,Petit Sell6.png,1,CONFIRMED_FROM_SCREENSHOT
Chocolate,12763.7,New Catalina,302,,CONFIRMED_FROM_SCREENSHOT,1,,Petit Anvers,Belle Isles,,Petit Sell2.png,1,CONFIRMED_FROM_SCREENSHOT
Chocolate,5114.0,Pachard Town,172,,CONFIRMED_FROM_SCREENSHOT,1,,Petit Anvers,Belle Isles,,Petit Sell5.png,1,CONFIRMED_FROM_SCREENSHOT
Chocolate,14226.2,Peter's Cove,327,,CONFIRMED_FROM_SCREENSHOT,1,,Petit Anvers,Belle Isles,,Petit Sell1.png,1,CONFIRMED_FROM_SCREENSHOT
Chocolate,12313.9,Poblado de San Juan,294,,CONFIRMED_FROM_SCREENSHOT,1,,Petit Anvers,Belle Isles,,Petit Sell2.png,1,CONFIRMED_FROM_SCREENSHOT
Chocolate,4803.4,Point Rocheux,167,,CONFIRMED_FROM_SCREENSHOT,1,,Petit Anvers,Belle Isles,,Petit Sell6.png,1,CONFIRMED_FROM_SCREENSHOT
Chocolate,8430.8,Ponta Delgada,228,,CONFIRMED_FROM_SCREENSHOT,1,,Petit Anvers,Belle Isles,,Petit Sell4.png,1,CONFIRMED_FROM_SCREENSHOT
Chocolate,7799.1,Port Antonio,218,,CONFIRMED_FROM_SCREENSHOT,1,,Petit Anvers,Belle Isles,,Petit Sell5.png,1,CONFIRMED_FROM_SCREENSHOT
Chocolate,5493.5,Port Louis,178,,CONFIRMED_FROM_SCREENSHOT,1,,Petit Anvers,Belle Isles,,Petit Sell5.png,1,CONFIRMED_FROM_SCREENSHOT
Chocolate,9434.5,Port Royal,245,,CONFIRMED_FROM_SCREENSHOT,1,,Petit Anvers,Belle Isles,,Petit Sell4.png,1,CONFIRMED_FROM_SCREENSHOT
Chocolate,4764.0,Port-Au-Croix,166,,CONFIRMED_FROM_SCREENSHOT,1,,Petit Anvers,Belle Isles,,Petit Sell6.png,1,CONFIRMED_FROM_SCREENSHOT
Chocolate,10248.5,Princeton,259,,CONFIRMED_FROM_SCREENSHOT,1,,Petit Anvers,Belle Isles,,Petit Sell3.png,1,CONFIRMED_FROM_SCREENSHOT
Chocolate,9811.2,Puerto de San Fernando,252,,CONFIRMED_FROM_SCREENSHOT,1,,Petit Anvers,Belle Isles,,Petit Sell3.png,1,CONFIRMED_FROM_SCREENSHOT
Chocolate,7432.1,Saint Vincent,211,,CONFIRMED_FROM_SCREENSHOT,1,,Petit Anvers,Belle Isles,,Petit Sell5.png,1,CONFIRMED_FROM_SCREENSHOT
Chocolate,15362.4,Saint-Nicholas,346,,CONFIRMED_FROM_SCREENSHOT,1,,Petit Anvers,Belle Isles,,Petit Sell1.png,1,CONFIRMED_FROM_SCREENSHOT
Chocolate,1653.5,Sainte Rose,113,,CONFIRMED_FROM_SCREENSHOT,1,,Petit Anvers,Belle Isles,,Petit Sell6.png,1,CONFIRMED_FROM_SCREENSHOT
Chocolate,16326.8,San Polo,363,,CONFIRMED_FROM_SCREENSHOT,1,,Petit Anvers,Belle Isles,,Petit Sell1.png,1,CONFIRMED_FROM_SCREENSHOT
Chocolate,13425.7,San Salvador,313,,CONFIRMED_FROM_SCREENSHOT,1,,Petit Anvers,Belle Isles,,Petit Sell2.png,1,CONFIRMED_FROM_SCREENSHOT
Chocolate,13617.3,San Vito,316,,CONFIRMED_FROM_SCREENSHOT,1,,Petit Anvers,Belle Isles,,Petit Sell2.png,1,CONFIRMED_FROM_SCREENSHOT
Chocolate,15275.8,Sandy Settlement,345,,CONFIRMED_FROM_SCREENSHOT,1,,Petit Anvers,Belle Isles,,Petit Sell1.png,1,CONFIRMED_FROM_SCREENSHOT
Chocolate,12113.7,Santa Maria,291,,CONFIRMED_FROM_SCREENSHOT,1,,Petit Anvers,Belle Isles,,Petit Sell2.png,1,CONFIRMED_FROM_SCREENSHOT
Chocolate,8844.5,Sao Bento,235,,CONFIRMED_FROM_SCREENSHOT,1,,Petit Anvers,Belle Isles,,Petit Sell4.png,1,CONFIRMED_FROM_SCREENSHOT
Chocolate,8563.9,Snake Prosper,231,,CONFIRMED_FROM_SCREENSHOT,1,,Petit Anvers,Belle Isles,,Petit Sell4.png,1,CONFIRMED_FROM_SCREENSHOT
Chocolate,13649.4,Sugar Cove,317,,CONFIRMED_FROM_SCREENSHOT,1,,Petit Anvers,Belle Isles,,Petit Sell1.png,1,CONFIRMED_FROM_SCREENSHOT
Chocolate,14766.8,Taylor's Town,336,,CONFIRMED_FROM_SCREENSHOT,1,,Petit Anvers,Belle Isles,,Petit Sell1.png,1,CONFIRMED_FROM_SCREENSHOT
Chocolate,8928.2,Theresa,237,,CONFIRMED_FROM_SCREENSHOT,1,,Petit Anvers,Belle Isles,,Petit Sell4.png,1,CONFIRMED_FROM_SCREENSHOT
Chocolate,11458.3,Thresher Point,280,,CONFIRMED_FROM_SCREENSHOT,1,,Petit Anvers,Belle Isles,,Petit Sell3.png,1,CONFIRMED_FROM_SCREENSHOT
Chocolate,6719.8,Venta Nueva,199,,CONFIRMED_FROM_SCREENSHOT,1,,Petit Anvers,Belle Isles,,Petit Sell5.png,1,CONFIRMED_FROM_SCREENSHOT
Chocolate,6398.0,Villarreal Del Mar,194,,CONFIRMED_FROM_SCREENSHOT,1,,Petit Anvers,Belle Isles,,Petit Sell5.png,1,CONFIRMED_FROM_SCREENSHOT
Chocolate,8977.6,White Hook,238,,CONFIRMED_FROM_SCREENSHOT,1,,Petit Anvers,Belle Isles,,Petit Sell4.png,1,CONFIRMED_FROM_SCREENSHOT
Chocolate,4702.4,Wyntergard,165,,CONFIRMED_FROM_SCREENSHOT,1,,Petit Anvers,Belle Isles,,Petit Sell6.png,1,CONFIRMED_FROM_SCREENSHOT
Chocolate,7019.9,Yorinobu's Settlement,204,,CONFIRMED_FROM_SCREENSHOT,1,,Petit Anvers,Belle Isles,,Petit Sell5.png,1,CONFIRMED_FROM_SCREENSHOT
stuff,12604.9,Al-Jazair,273,,CONFIRMED_FROM_VIDEO,2,pooled_even_odd_wide,Poblado de San Juan,San Salvador,,Screen Recording 2026-08-16 223317.mp4,6,CONFIRMED_FROM_VIDEO
stuff,13272.5,Ashbourne,283,Selected from the two recorded directional readings using reciprocal-distance agreement and the origin's other observed Distance/Value rows. No distance was fabricated.,CONFIRMED_RECORDED_RECIPROCAL_AUDIT,1,even_odd,Poblado de San Juan,San Salvador,,Screen Recording 2026-08-16 223317.mp4,1,CONFIRMED_FROM_VIDEO
stuff,8870.5,Belfry Heights,215,,CONFIRMED_FROM_VIDEO,1,even_odd,Poblado de San Juan,San Salvador,,Screen Recording 2026-08-16 223317.mp4,1,CONFIRMED_FROM_VIDEO
stuff,11179.5,Bucket Bay,251,,CONFIRMED_FROM_VIDEO,2,pooled_even_odd_wide,Poblado de San Juan,San Salvador,,Screen Recording 2026-08-16 223317.mp4,6,CONFIRMED_FROM_VIDEO
stuff,15442.2,Caledonia,317,,CONFIRMED_FROM_VIDEO,2,pooled_even_odd_wide,Poblado de San Juan,San Salvador,,Screen Recording 2026-08-16 223317.mp4,6,CONFIRMED_FROM_VIDEO
stuff,13642.4,Castle Landing,289,Selected from the two recorded directional readings using reciprocal-distance agreement and the origin's other observed Distance/Value rows. No distance was fabricated.,CONFIRMED_RECORDED_RECIPROCAL_AUDIT,1,even_odd,Poblado de San Juan,San Salvador,,Screen Recording 2026-08-16 223317.mp4,1,CONFIRMED_FROM_VIDEO
stuff,4256.1,Caveira,143,,CONFIRMED_FROM_VIDEO,1,pooled_even_odd_wide,Poblado de San Juan,San Salvador,,Screen Recording 2026-08-16 223317.mp4,11,CONFIRMED_FROM_VIDEO
stuff,9128.0,Caye Tiburon,219,,CONFIRMED_FROM_VIDEO,1,pooled_even_odd_wide,Poblado de San Juan,San Salvador,,Screen Recording 2026-08-16 223317.mp4,6,CONFIRMED_FROM_VIDEO
stuff,13663.4,Crownstead,289,Selected from the two recorded directional readings using reciprocal-distance agreement and the origin's other observed Distance/Value rows. No distance was fabricated.,CONFIRMED_RECORDED_RECIPROCAL_AUDIT,1,even_odd,Poblado de San Juan,San Salvador,,Screen Recording 2026-08-16 223317.mp4,1,CONFIRMED_FROM_VIDEO
stuff,16452.8,Cumberland Hill,333,,CONFIRMED_FROM_VIDEO,2,pooled_even_odd_wide,Poblado de San Juan,San Salvador,,Screen Recording 2026-08-16 223317.mp4,3,CONFIRMED_FROM_VIDEO
stuff,15374.9,Deadman's Murcia,316,Selected from the two recorded directional readings using reciprocal-distance agreement and the origin's other observed Distance/Value rows. No distance was fabricated.,CONFIRMED_RECORDED_RECIPROCAL_AUDIT,1,pooled_even_odd_wide,Poblado de San Juan,San Salvador,,Screen Recording 2026-08-16 223317.mp4,9,CONFIRMED_FROM_VIDEO
stuff,12494.9,Fair Harbour,271,,CONFIRMED_FROM_VIDEO,2,pooled_even_odd_wide,Poblado de San Juan,San Salvador,,Screen Recording 2026-08-16 223317.mp4,6,CONFIRMED_FROM_VIDEO
stuff,5984.3,Falmouth,170,,CONFIRMED_FROM_VIDEO,1,pooled_even_odd_wide,Poblado de San Juan,San Salvador,,Screen Recording 2026-08-16 223317.mp4,8,CONFIRMED_FROM_VIDEO
stuff,15037.9,Gyldenvale,311,,CONFIRMED_FROM_VIDEO,2,pooled_even_odd_wide,Poblado de San Juan,San Salvador,,Screen Recording 2026-08-16 223317.mp4,6,CONFIRMED_FROM_VIDEO
stuff,15698.9,Jones' Outpost,321,,CONFIRMED_FROM_VIDEO,2,pooled_even_odd_wide,Poblado de San Juan,San Salvador,,Screen Recording 2026-08-16 223317.mp4,6,CONFIRMED_FROM_VIDEO
stuff,7562.1,Kandlerova,195,,CONFIRMED_FROM_VIDEO,1,pooled_even_odd_wide,Poblado de San Juan,San Salvador,,Screen Recording 2026-08-16 223317.mp4,7,CONFIRMED_FROM_VIDEO
stuff,8228.9,La Povenglia,205,,CONFIRMED_FROM_VIDEO,1,even_odd,Poblado de San Juan,San Salvador,,Screen Recording 2026-08-16 223317.mp4,1,CONFIRMED_FROM_VIDEO
stuff,12028.0,Lebarde,264,,CONFIRMED_FROM_VIDEO,1,pooled_even_odd_wide,Poblado de San Juan,San Salvador,,Screen Recording 2026-08-16 223317.mp4,8,CONFIRMED_FROM_VIDEO
stuff,6325.6,Lord Irving's Sacrifice,176,,CONFIRMED_FROM_VIDEO,1,pooled_even_odd_wide,Poblado de San Juan,San Salvador,,Screen Recording 2026-08-16 223317.mp4,6,CONFIRMED_FROM_VIDEO
stuff,10783.5,Louisbourg,245,,CONFIRMED_FROM_VIDEO,2,pooled_even_odd_wide,Poblado de San Juan,San Salvador,,Screen Recording 2026-08-16 223317.mp4,4,CONFIRMED_FROM_VIDEO
stuff,5691.3,Madalena,166,,CONFIRMED_FROM_VIDEO,1,pooled_even_odd_wide,Poblado de San Juan,San Salvador,,Screen Recording 2026-08-16 223317.mp4,18,CONFIRMED_FROM_VIDEO
stuff,6828.7,Mako's Outlook,183,,CONFIRMED_FROM_VIDEO,1,pooled_even_odd_wide,Poblado de San Juan,San Salvador,,Screen Recording 2026-08-16 223317.mp4,6,CONFIRMED_FROM_VIDEO
stuff,10411.8,Matthew's Rest,239,,CONFIRMED_FROM_VIDEO,2,pooled_even_odd_wide,Poblado de San Juan,San Salvador,,Screen Recording 2026-08-16 223317.mp4,4,CONFIRMED_FROM_VIDEO
stuff,10535.7,Maurepas,241,,CONFIRMED_FROM_VIDEO,2,pooled_even_odd_wide,Poblado de San Juan,San Salvador,,Screen Recording 2026-08-16 223317.mp4,4,CONFIRMED_FROM_VIDEO
stuff,10948.3,New Brighton,247,,CONFIRMED_FROM_VIDEO,1,pooled_even_odd_wide,Poblado de San Juan,San Salvador,,Screen Recording 2026-08-16 223317.mp4,4,CONFIRMED_FROM_VIDEO
stuff,16211.3,New Catalina,329,,CONFIRMED_FROM_VIDEO,2,pooled_even_odd_wide,Poblado de San Juan,San Salvador,,Screen Recording 2026-08-16 223317.mp4,6,CONFIRMED_FROM_VIDEO
stuff,9426.1,Pachard Town,224,,CONFIRMED_FROM_VIDEO,1,pooled_even_odd_wide,Poblado de San Juan,San Salvador,,Screen Recording 2026-08-16 223317.mp4,7,CONFIRMED_FROM_VIDEO
stuff,11092.2,Peter's Cove,249,,CONFIRMED_FROM_VIDEO,2,pooled_even_odd_wide,Poblado de San Juan,San Salvador,,Screen Recording 2026-08-16 223317.mp4,6,CONFIRMED_FROM_VIDEO
stuff,12313.9,Petit Anvers,268,,CONFIRMED_FROM_VIDEO,2,pooled_even_odd_wide,Poblado de San Juan,San Salvador,,Screen Recording 2026-08-16 223317.mp4,6,CONFIRMED_FROM_VIDEO
stuff,8000.7,Point Rocheux,202,,CONFIRMED_FROM_VIDEO,1,pooled_even_odd_wide,Poblado de San Juan,San Salvador,,Screen Recording 2026-08-16 223317.mp4,7,CONFIRMED_FROM_VIDEO
stuff,8048.7,Ponta Delgada,202,,CONFIRMED_FROM_VIDEO,1,pooled_even_odd_wide,Poblado de San Juan,San Salvador,,Screen Recording 2026-08-16 223317.mp4,6,CONFIRMED_FROM_VIDEO
stuff,4910.9,Port Antonio,154,,CONFIRMED_FROM_VIDEO,1,pooled_even_odd_wide,Poblado de San Juan,San Salvador,,Screen Recording 2026-08-16 223317.mp4,16,CONFIRMED_FROM_VIDEO
stuff,13064.5,Port Louis,280,,CONFIRMED_FROM_VIDEO,2,pooled_even_odd_wide,Poblado de San Juan,San Salvador,,Screen Recording 2026-08-16 223317.mp4,4,CONFIRMED_FROM_VIDEO
stuff,5248.8,Port Royal,159,,CONFIRMED_FROM_VIDEO,1,pooled_even_odd_wide,Poblado de San Juan,San Salvador,,Screen Recording 2026-08-16 223317.mp4,17,CONFIRMED_FROM_VIDEO
stuff,8754.9,Port-Au-Croix,213,,CONFIRMED_FROM_VIDEO,1,even_odd,Poblado de San Juan,San Salvador,,Screen Recording 2026-08-16 223317.mp4,1,CONFIRMED_FROM_VIDEO
stuff,12629.8,Princeton,273,,CONFIRMED_FROM_VIDEO,2,pooled_even_odd_wide,Poblado de San Juan,San Salvador,,Screen Recording 2026-08-16 223317.mp4,6,CONFIRMED_FROM_VIDEO
stuff,2503.1,Puerto de San Fernando,116,,CONFIRMED_FROM_VIDEO,1,pooled_even_odd_wide,Poblado de San Juan,San Salvador,,Screen Recording 2026-08-16 223317.mp4,10,CONFIRMED_FROM_VIDEO
stuff,13140.0,Saint Vincent,281,,CONFIRMED_FROM_VIDEO,1,pooled_even_odd_wide,Poblado de San Juan,San Salvador,,Screen Recording 2026-08-16 223317.mp4,7,CONFIRMED_FROM_VIDEO
stuff,12527.2,Saint-Nicholas,272,,CONFIRMED_FROM_VIDEO,2,pooled_even_odd_wide,Poblado de San Juan,San Salvador,,Screen Recording 2026-08-16 223317.mp4,6,CONFIRMED_FROM_VIDEO
stuff,10878.3,Sainte Rose,246,,CONFIRMED_FROM_VIDEO,2,pooled_even_odd_wide,Poblado de San Juan,San Salvador,,Screen Recording 2026-08-16 223317.mp4,4,CONFIRMED_FROM_VIDEO
stuff,7469.2,San Polo,193,,CONFIRMED_FROM_VIDEO,1,pooled_even_odd_wide,Poblado de San Juan,San Salvador,,Screen Recording 2026-08-16 223317.mp4,7,CONFIRMED_FROM_VIDEO
stuff,2313.5,San Salvador,113,,CONFIRMED_FROM_VIDEO,1,pooled_even_odd_wide,Poblado de San Juan,San Salvador,,Screen Recording 2026-08-16 223317.mp4,10,CONFIRMED_FROM_VIDEO
stuff,7004.8,San Vito,186,,CONFIRMED_FROM_VIDEO,1,pooled_even_odd_wide,Poblado de San Juan,San Salvador,,Screen Recording 2026-08-16 223317.mp4,6,CONFIRMED_FROM_VIDEO
stuff,12052.9,Sandy Settlement,264,Selected from the two recorded directional readings using reciprocal-distance agreement and the origin's other observed Distance/Value rows. No distance was fabricated.,CONFIRMED_RECORDED_RECIPROCAL_AUDIT,1,pooled_even_odd_wide,Poblado de San Juan,San Salvador,,Screen Recording 2026-08-16 223317.mp4,5,CONFIRMED_FROM_VIDEO
stuff,475.5,Santa Maria,85,,CONFIRMED_FROM_VIDEO,1,pooled_even_odd_wide,Poblado de San Juan,San Salvador,,Screen Recording 2026-08-16 223317.mp4,10,CONFIRMED_FROM_VIDEO
stuff,6186.3,Sao Bento,173,,CONFIRMED_FROM_VIDEO,1,pooled_even_odd_wide,Poblado de San Juan,San Salvador,,Screen Recording 2026-08-16 223317.mp4,8,CONFIRMED_FROM_VIDEO
stuff,15046.9,Snake Prosper,311,,CONFIRMED_FROM_VIDEO,2,pooled_even_odd_wide,Poblado de San Juan,San Salvador,,Screen Recording 2026-08-16 223317.mp4,6,CONFIRMED_FROM_VIDEO
stuff,17155.6,Sugar Cove,343,,CONFIRMED_FROM_VIDEO,2,pooled_even_odd_wide,Poblado de San Juan,San Salvador,,Screen Recording 2026-08-16 223317.mp4,6,CONFIRMED_FROM_VIDEO
stuff,13249.5,Taylor's Town,283,Selected from the two recorded directional readings using reciprocal-distance agreement and the origin's other observed Distance/Value rows. No distance was fabricated.,CONFIRMED_RECORDED_RECIPROCAL_AUDIT,1,even_odd,Poblado de San Juan,San Salvador,,Screen Recording 2026-08-16 223317.mp4,1,CONFIRMED_FROM_VIDEO
stuff,4047.2,Theresa,140,,CONFIRMED_FROM_VIDEO,1,pooled_even_odd_wide,Poblado de San Juan,San Salvador,,Screen Recording 2026-08-16 223317.mp4,10,CONFIRMED_FROM_VIDEO
stuff,9626.0,Thresher Point,227,,CONFIRMED_FROM_VIDEO,1,pooled_even_odd_wide,Poblado de San Juan,San Salvador,,Screen Recording 2026-08-16 223317.mp4,7,CONFIRMED_FROM_VIDEO
stuff,5726.0,Venta Nueva,166,,CONFIRMED_FROM_VIDEO,1,pooled_even_odd_wide,Poblado de San Juan,San Salvador,,Screen Recording 2026-08-16 223317.mp4,18,CONFIRMED_FROM_VIDEO
stuff,5940.5,Villarreal Del Mar,170,,CONFIRMED_FROM_VIDEO,1,pooled_even_odd_wide,Poblado de San Juan,San Salvador,,Screen Recording 2026-08-16 223317.mp4,18,CONFIRMED_FROM_VIDEO
stuff,16197.4,White Hook,329,,CONFIRMED_FROM_VIDEO,2,pooled_even_odd_wide,Poblado de San Juan,San Salvador,,Screen Recording 2026-08-16 223317.mp4,6,CONFIRMED_FROM_VIDEO
stuff,14339.1,Wyntergard,300,,CONFIRMED_FROM_VIDEO,2,pooled_even_odd_wide,Poblado de San Juan,San Salvador,,Screen Recording 2026-08-16 223317.mp4,6,CONFIRMED_FROM_VIDEO
stuff,11074.9,Yorinobu's Settlement,249,,CONFIRMED_FROM_VIDEO,2,pooled_even_odd_wide,Poblado de San Juan,San Salvador,,Screen Recording 2026-08-16 223317.mp4,4,CONFIRMED_FROM_VIDEO
Candles,6603.9,Al-Jazair,131,,CONFIRMED_FROM_VIDEO,1,,Point Rocheux,Saint-Pierre,,Screen Recording 2026-08-16 111947.mp4,4,CONFIRMED_FROM_VIDEO
Candles,5342.3,Ashbourne,116,,CONFIRMED_FROM_VIDEO,1,,Point Rocheux,Saint-Pierre,,Screen Recording 2026-08-16 111947.mp4,5,CONFIRMED_FROM_VIDEO
Candles,7424.4,Belfry Heights,140,,CONFIRMED_FROM_VIDEO,1,,Point Rocheux,Saint-Pierre,,Screen Recording 2026-08-16 111947.mp4,7,CONFIRMED_FROM_VIDEO
Candles,3948.9,Bucket Bay,101,,CONFIRMED_FROM_VIDEO,1,,Point Rocheux,Saint-Pierre,,Screen Recording 2026-08-16 111947.mp4,3,CONFIRMED_FROM_VIDEO
Candles,8615.7,Caledonia,153,,CONFIRMED_FROM_VIDEO,1,,Point Rocheux,Saint-Pierre,,Screen Recording 2026-08-16 111947.mp4,6,CONFIRMED_FROM_VIDEO
Candles,9382.2,Castle Landing,162,,CONFIRMED_FROM_VIDEO,1,,Point Rocheux,Saint-Pierre,,Screen Recording 2026-08-16 111947.mp4,7,CONFIRMED_FROM_VIDEO
Candles,6592.4,Caveira,130,,CONFIRMED_FROM_VIDEO,1,,Point Rocheux,Saint-Pierre,,Screen Recording 2026-08-16 111947.mp4,6,CONFIRMED_FROM_VIDEO
Candles,6188.0,Caye Tiburon,126,,CONFIRMED_FROM_VIDEO,2,,Point Rocheux,Saint-Pierre,,Screen Recording 2026-08-16 111947.mp4,4,CONFIRMED_FROM_VIDEO
Candles,5671.7,Crownstead,120,,CONFIRMED_FROM_VIDEO,1,,Point Rocheux,Saint-Pierre,,Screen Recording 2026-08-16 111947.mp4,5,CONFIRMED_FROM_VIDEO
Candles,8275.7,Deadman's Murcia,149,,CONFIRMED_FROM_VIDEO,1,,Point Rocheux,Saint-Pierre,,Screen Recording 2026-08-16 111947.mp4,7,CONFIRMED_FROM_VIDEO
Candles,5219.3,Fair Harbour,115,,CONFIRMED_FROM_VIDEO,1,,Point Rocheux,Saint-Pierre,,Screen Recording 2026-08-16 111947.mp4,4,CONFIRMED_FROM_VIDEO
Candles,2288.2,Falmouth,82,,CONFIRMED_FROM_VIDEO,1,,Point Rocheux,Saint-Pierre,,Screen Recording 2026-08-16 111947.mp4,1,CONFIRMED_FROM_VIDEO
Candles,7045.8,Gyldenvale,136,,CONFIRMED_FROM_VIDEO,1,,Point Rocheux,Saint-Pierre,,Screen Recording 2026-08-16 111947.mp4,6,CONFIRMED_FROM_VIDEO
Candles,10196.8,Jones' Outpost,171,,CONFIRMED_FROM_VIDEO,2,,Point Rocheux,Saint-Pierre,,Screen Recording 2026-08-16 111947.mp4,6,CONFIRMED_FROM_VIDEO
Candles,12237.8,Kandlerova,194,,CONFIRMED_FROM_VIDEO,1,,Point Rocheux,Saint-Pierre,,Screen Recording 2026-08-16 111947.mp4,2,CONFIRMED_FROM_VIDEO
Candles,10628.1,La Povenglia,176,,CONFIRMED_FROM_VIDEO,1,,Point Rocheux,Saint-Pierre,,Screen Recording 2026-08-16 111947.mp4,7,CONFIRMED_FROM_VIDEO
Candles,8418.3,Lebarde,151,,CONFIRMED_FROM_VIDEO,2,,Point Rocheux,Saint-Pierre,,Screen Recording 2026-08-16 111947.mp4,7,CONFIRMED_FROM_VIDEO
Candles,6341.0,Lord Irving's Sacrifice,128,,CONFIRMED_FROM_VIDEO,1,,Point Rocheux,Saint-Pierre,,Screen Recording 2026-08-16 111947.mp4,5,CONFIRMED_FROM_VIDEO
Candles,3223.3,Louisbourg,93,,CONFIRMED_FROM_VIDEO,1,,Point Rocheux,Saint-Pierre,,Screen Recording 2026-08-16 111947.mp4,2,CONFIRMED_FROM_VIDEO
Candles,8139.2,Madalena,148,,CONFIRMED_FROM_VIDEO,1,,Point Rocheux,Saint-Pierre,,Screen Recording 2026-08-16 111947.mp4,6,CONFIRMED_FROM_VIDEO
Candles,7041.1,Mako's Outlook,135,,CONFIRMED_FROM_VIDEO,1,,Point Rocheux,Saint-Pierre,,Screen Recording 2026-08-16 111947.mp4,6,CONFIRMED_FROM_VIDEO
Candles,3052.0,Matthew's Rest,91,,CONFIRMED_FROM_VIDEO,1,,Point Rocheux,Saint-Pierre,Visually verified from a visible recording frame after OCR audit.,Screen Recording 2026-08-16 111947.mp4,2,CONFIRMED_FROM_VIDEO
Candles,2684.8,Maurepas,86,,CONFIRMED_FROM_VIDEO,1,,Point Rocheux,Saint-Pierre,,Screen Recording 2026-08-16 111947.mp4,2,CONFIRMED_FROM_VIDEO
Candles,5369.8,New Brighton,117,,CONFIRMED_FROM_VIDEO,1,,Point Rocheux,Saint-Pierre,,Screen Recording 2026-08-16 111947.mp4,5,CONFIRMED_FROM_VIDEO
Candles,11155.1,New Catalina,182,,CONFIRMED_FROM_VIDEO,1,,Point Rocheux,Saint-Pierre,,Screen Recording 2026-08-16 111947.mp4,6,CONFIRMED_FROM_VIDEO
Candles,2119.7,Pachard Town,80,,CONFIRMED_FROM_VIDEO,1,,Point Rocheux,Saint-Pierre,,Screen Recording 2026-08-16 111947.mp4,1,CONFIRMED_FROM_VIDEO
Candles,10242.0,Peter's Cove,171,,CONFIRMED_FROM_VIDEO,1,,Point Rocheux,Saint-Pierre,,Screen Recording 2026-08-16 111947.mp4,8,CONFIRMED_FROM_VIDEO
Candles,4803.4,Petit Anvers,110,,CONFIRMED_FROM_VIDEO,2,,Point Rocheux,Saint-Pierre,,Screen Recording 2026-08-16 111947.mp4,3,CONFIRMED_FROM_VIDEO
Candles,8000.7,Poblado de San Juan,146,,CONFIRMED_FROM_VIDEO,3,,Point Rocheux,Saint-Pierre,,Screen Recording 2026-08-16 111947.mp4,4,CONFIRMED_FROM_VIDEO
Candles,7419.9,Ponta Delgada,140,,CONFIRMED_FROM_VIDEO,1,,Point Rocheux,Saint-Pierre,,Screen Recording 2026-08-16 111947.mp4,7,CONFIRMED_FROM_VIDEO
Candles,3157.1,Port Antonio,92,,CONFIRMED_FROM_VIDEO,1,,Point Rocheux,Saint-Pierre,,Screen Recording 2026-08-16 111947.mp4,2,CONFIRMED_FROM_VIDEO
Candles,5534.9,Port Louis,119,,CONFIRMED_FROM_VIDEO,1,,Point Rocheux,Saint-Pierre,,Screen Recording 2026-08-16 111947.mp4,5,CONFIRMED_FROM_VIDEO
Candles,4643.1,Port Royal,108,,CONFIRMED_FROM_VIDEO,1,,Point Rocheux,Saint-Pierre,,Screen Recording 2026-08-16 111947.mp4,4,CONFIRMED_FROM_VIDEO
Candles,1082.4,Port-Au-Croix,68,,CONFIRMED_FROM_VIDEO,1,,Point Rocheux,Saint-Pierre,,Screen Recording 2026-08-16 111947.mp4,1,CONFIRMED_FROM_VIDEO
Candles,7783.9,Princeton,144,,CONFIRMED_FROM_VIDEO,2,,Point Rocheux,Saint-Pierre,,Screen Recording 2026-08-16 111947.mp4,5,CONFIRMED_FROM_VIDEO
Candles,5591.7,Puerto de San Fernando,119,,CONFIRMED_FROM_VIDEO,1,,Point Rocheux,Saint-Pierre,,Screen Recording 2026-08-16 111947.mp4,4,CONFIRMED_FROM_VIDEO
Candles,6409.4,Saint Vincent,128,,CONFIRMED_FROM_VIDEO,1,,Point Rocheux,Saint-Pierre,,Screen Recording 2026-08-16 111947.mp4,4,CONFIRMED_FROM_VIDEO
Candles,11558.9,Saint-Nicholas,186,,CONFIRMED_FROM_VIDEO,1,,Point Rocheux,Saint-Pierre,,Screen Recording 2026-08-16 111947.mp4,4,CONFIRMED_FROM_VIDEO
Candles,3907.4,Sainte Rose,100,,CONFIRMED_FROM_VIDEO,1,,Point Rocheux,Saint-Pierre,,Screen Recording 2026-08-16 111947.mp4,3,CONFIRMED_FROM_VIDEO
Candles,11549.5,San Polo,186,,CONFIRMED_FROM_VIDEO,1,,Point Rocheux,Saint-Pierre,,Screen Recording 2026-08-16 111947.mp4,3,CONFIRMED_FROM_VIDEO
Candles,8773.9,San Salvador,155,,CONFIRMED_FROM_VIDEO,2,,Point Rocheux,Saint-Pierre,,Screen Recording 2026-08-16 111947.mp4,8,CONFIRMED_FROM_VIDEO
Candles,8929.6,San Vito,157,,CONFIRMED_FROM_VIDEO,1,,Point Rocheux,Saint-Pierre,,Screen Recording 2026-08-16 111947.mp4,7,CONFIRMED_FROM_VIDEO
Candles,11359.2,Sandy Settlement,184,,CONFIRMED_FROM_VIDEO,3,,Point Rocheux,Saint-Pierre,,Screen Recording 2026-08-16 111947.mp4,5,CONFIRMED_FROM_VIDEO
Candles,7716.2,Santa Maria,143,,CONFIRMED_FROM_VIDEO,1,,Point Rocheux,Saint-Pierre,,Screen Recording 2026-08-16 111947.mp4,7,CONFIRMED_FROM_VIDEO
Candles,6754.9,Sao Bento,132,,CONFIRMED_FROM_VIDEO,1,,Point Rocheux,Saint-Pierre,,Screen Recording 2026-08-16 111947.mp4,6,CONFIRMED_FROM_VIDEO
Candles,8241.2,Snake Prosper,149,,CONFIRMED_FROM_VIDEO,1,,Point Rocheux,Saint-Pierre,,Screen Recording 2026-08-16 111947.mp4,6,CONFIRMED_FROM_VIDEO
Candles,12148.8,Sugar Cove,193,,CONFIRMED_FROM_VIDEO,1,,Point Rocheux,Saint-Pierre,,Screen Recording 2026-08-16 111947.mp4,2,CONFIRMED_FROM_VIDEO
Candles,11311.7,Taylor's Town,184,,CONFIRMED_FROM_VIDEO,1,,Point Rocheux,Saint-Pierre,,Screen Recording 2026-08-16 111947.mp4,4,CONFIRMED_FROM_VIDEO
Candles,4237.9,Theresa,104,,CONFIRMED_FROM_VIDEO,1,,Point Rocheux,Saint-Pierre,,Screen Recording 2026-08-16 111947.mp4,3,CONFIRMED_FROM_VIDEO
Candles,7499.4,Thresher Point,141,,CONFIRMED_FROM_VIDEO,1,,Point Rocheux,Saint-Pierre,,Screen Recording 2026-08-16 111947.mp4,8,CONFIRMED_FROM_VIDEO
Candles,3379.4,Venta Nueva,94,,CONFIRMED_FROM_VIDEO,1,,Point Rocheux,Saint-Pierre,,Screen Recording 2026-08-16 111947.mp4,3,CONFIRMED_FROM_VIDEO
Candles,2297.8,Villarreal Del Mar,82,,CONFIRMED_FROM_VIDEO,1,,Point Rocheux,Saint-Pierre,,Screen Recording 2026-08-16 111947.mp4,1,CONFIRMED_FROM_VIDEO
Candles,9193.9,White Hook,160,,CONFIRMED_FROM_VIDEO,2,,Point Rocheux,Saint-Pierre,,Screen Recording 2026-08-16 111947.mp4,4,CONFIRMED_FROM_VIDEO
Candles,6441.7,Wyntergard,129,,CONFIRMED_FROM_VIDEO,1,,Point Rocheux,Saint-Pierre,,Screen Recording 2026-08-16 111947.mp4,6,CONFIRMED_FROM_VIDEO
Pineapple,14022.1,Al-Jazair,295,,CONFIRMED_FROM_VIDEO,2,pooled_even_odd_wide,Ponta Delgada,Ilhas Brumas,,Screen Recording 2026-08-16 223317.mp4,8,CONFIRMED_FROM_VIDEO
Pineapple,11564.8,Ashbourne,257,,CONFIRMED_FROM_VIDEO,2,pooled_even_odd_wide,Ponta Delgada,Ilhas Brumas,,Screen Recording 2026-08-16 223317.mp4,4,CONFIRMED_FROM_VIDEO
Pineapple,13607.3,Belfry Heights,288,,CONFIRMED_FROM_VIDEO,2,pooled_even_odd_wide,Ponta Delgada,Ilhas Brumas,,Screen Recording 2026-08-16 223317.mp4,4,CONFIRMED_FROM_VIDEO
Pineapple,11232.1,Bucket Bay,252,,CONFIRMED_FROM_VIDEO,2,pooled_even_odd_wide,Ponta Delgada,Ilhas Brumas,,Screen Recording 2026-08-16 223317.mp4,6,CONFIRMED_FROM_VIDEO
Pineapple,15807.1,Caledonia,323,,CONFIRMED_FROM_VIDEO,2,pooled_even_odd_wide,Ponta Delgada,Ilhas Brumas,,Screen Recording 2026-08-16 223317.mp4,4,CONFIRMED_FROM_VIDEO
Pineapple,16677.0,Castle Landing,336,,CONFIRMED_FROM_VIDEO,1,pooled_even_odd_wide,Ponta Delgada,Ilhas Brumas,,Screen Recording 2026-08-16 223317.mp4,8,CONFIRMED_FROM_VIDEO
Pineapple,3792.7,Caveira,136,,CONFIRMED_FROM_VIDEO,1,pooled_even_odd_wide,Ponta Delgada,Ilhas Brumas,,Screen Recording 2026-08-16 223317.mp4,23,CONFIRMED_FROM_VIDEO
Pineapple,12862.8,Caye Tiburon,277,,CONFIRMED_FROM_VIDEO,3,pooled_even_odd_wide,Ponta Delgada,Ilhas Brumas,,Screen Recording 2026-08-16 223317.mp4,6,CONFIRMED_FROM_VIDEO
Pineapple,11451.9,Crownstead,255,,CONFIRMED_FROM_VIDEO,2,pooled_even_odd_wide,Ponta Delgada,Ilhas Brumas,,Screen Recording 2026-08-16 223317.mp4,6,CONFIRMED_FROM_VIDEO
Pineapple,18572.2,Cumberland Hill,365,,CONFIRMED_FROM_VIDEO,2,pooled_even_odd_wide,Ponta Delgada,Ilhas Brumas,,Screen Recording 2026-08-16 223317.mp4,3,CONFIRMED_FROM_VIDEO
Pineapple,15340.2,Deadman's Murcia,315,Selected from the two recorded directional readings using reciprocal-distance agreement and the origin's other observed Distance/Value rows. No distance was fabricated.,CONFIRMED_RECORDED_RECIPROCAL_AUDIT,1,pooled_even_odd_wide,Ponta Delgada,Ilhas Brumas,,Screen Recording 2026-08-16 223317.mp4,9,CONFIRMED_FROM_VIDEO
Pineapple,12376.9,Fair Harbour,269,,CONFIRMED_FROM_VIDEO,2,pooled_even_odd_wide,Ponta Delgada,Ilhas Brumas,,Screen Recording 2026-08-16 223317.mp4,6,CONFIRMED_FROM_VIDEO
Pineapple,7643.3,Falmouth,196,,CONFIRMED_FROM_VIDEO,2,pooled_even_odd_wide,Ponta Delgada,Ilhas Brumas,,Screen Recording 2026-08-16 223317.mp4,6,CONFIRMED_FROM_VIDEO
Pineapple,12596.8,Gyldenvale,273,,CONFIRMED_FROM_VIDEO,2,pooled_even_odd_wide,Ponta Delgada,Ilhas Brumas,,Screen Recording 2026-08-16 223317.mp4,6,CONFIRMED_FROM_VIDEO
Pineapple,17615.1,Jones' Outpost,351,,CONFIRMED_FROM_VIDEO,2,pooled_even_odd_wide,Ponta Delgada,Ilhas Brumas,,Screen Recording 2026-08-16 223317.mp4,6,CONFIRMED_FROM_VIDEO
Pineapple,15342.8,Kandlerova,315,,CONFIRMED_FROM_VIDEO,2,pooled_even_odd_wide,Ponta Delgada,Ilhas Brumas,,Screen Recording 2026-08-16 223317.mp4,6,CONFIRMED_FROM_VIDEO
Pineapple,15138.7,La Povenglia,312,,CONFIRMED_FROM_VIDEO,2,pooled_even_odd_wide,Ponta Delgada,Ilhas Brumas,,Screen Recording 2026-08-16 223317.mp4,6,CONFIRMED_FROM_VIDEO
Pineapple,15520.4,Lebarde,318,,CONFIRMED_FROM_VIDEO,2,pooled_even_odd_wide,Ponta Delgada,Ilhas Brumas,,Screen Recording 2026-08-16 223317.mp4,6,CONFIRMED_FROM_VIDEO
Pineapple,11525.5,Lord Irving's Sacrifice,256,,CONFIRMED_FROM_VIDEO,2,pooled_even_odd_wide,Ponta Delgada,Ilhas Brumas,,Screen Recording 2026-08-16 223317.mp4,4,CONFIRMED_FROM_VIDEO
Pineapple,7640.5,Louisbourg,196,,CONFIRMED_FROM_VIDEO,2,pooled_even_odd_wide,Ponta Delgada,Ilhas Brumas,,Screen Recording 2026-08-16 223317.mp4,19,CONFIRMED_FROM_VIDEO
Pineapple,2988.0,Madalena,124,,CONFIRMED_FROM_VIDEO,1,pooled_even_odd_wide,Ponta Delgada,Ilhas Brumas,,Screen Recording 2026-08-16 223317.mp4,23,CONFIRMED_FROM_VIDEO
Pineapple,12287.3,Mako's Outlook,268,,CONFIRMED_FROM_VIDEO,2,pooled_even_odd_wide,Ponta Delgada,Ilhas Brumas,,Screen Recording 2026-08-16 223317.mp4,6,CONFIRMED_FROM_VIDEO
Pineapple,10357.0,Matthew's Rest,238,,CONFIRMED_FROM_VIDEO,1,pooled_even_odd_wide,Ponta Delgada,Ilhas Brumas,,Screen Recording 2026-08-16 223317.mp4,9,CONFIRMED_FROM_VIDEO
Pineapple,8108.8,Maurepas,203,,CONFIRMED_FROM_VIDEO,1,pooled_even_odd_wide,Ponta Delgada,Ilhas Brumas,,Screen Recording 2026-08-16 223317.mp4,9,CONFIRMED_FROM_VIDEO
Pineapple,12752.3,New Brighton,275,,CONFIRMED_FROM_VIDEO,2,pooled_even_odd_wide,Ponta Delgada,Ilhas Brumas,,Screen Recording 2026-08-16 223317.mp4,6,CONFIRMED_FROM_VIDEO
Pineapple,18570.5,New Catalina,365,,CONFIRMED_FROM_VIDEO,3,pooled_even_odd_wide,Ponta Delgada,Ilhas Brumas,,Screen Recording 2026-08-16 223317.mp4,5,CONFIRMED_FROM_VIDEO
Pineapple,9516.2,Pachard Town,225,,CONFIRMED_FROM_VIDEO,1,pooled_even_odd_wide,Ponta Delgada,Ilhas Brumas,,Screen Recording 2026-08-16 223317.mp4,9,CONFIRMED_FROM_VIDEO
Pineapple,16439.9,Peter's Cove,332,,CONFIRMED_FROM_VIDEO,2,pooled_even_odd_wide,Ponta Delgada,Ilhas Brumas,,Screen Recording 2026-08-16 223317.mp4,6,CONFIRMED_FROM_VIDEO
Pineapple,8430.8,Petit Anvers,208,,CONFIRMED_FROM_VIDEO,1,pooled_even_odd_wide,Ponta Delgada,Ilhas Brumas,,Screen Recording 2026-08-16 223317.mp4,8,CONFIRMED_FROM_VIDEO
Pineapple,8048.7,Poblado de San Juan,202,,CONFIRMED_FROM_VIDEO,2,pooled_even_odd_wide,Ponta Delgada,Ilhas Brumas,,Screen Recording 2026-08-16 223317.mp4,5,CONFIRMED_FROM_VIDEO
Pineapple,7419.9,Point Rocheux,193,,CONFIRMED_FROM_VIDEO,1,pooled_even_odd_wide,Ponta Delgada,Ilhas Brumas,,Screen Recording 2026-08-16 223317.mp4,30,CONFIRMED_FROM_VIDEO
Pineapple,7111.6,Port Antonio,188,,CONFIRMED_FROM_VIDEO,1,pooled_even_odd_wide,Ponta Delgada,Ilhas Brumas,,Screen Recording 2026-08-16 223317.mp4,27,CONFIRMED_FROM_VIDEO
Pineapple,12465.6,Port Louis,271,,CONFIRMED_FROM_VIDEO,2,pooled_even_odd_wide,Ponta Delgada,Ilhas Brumas,,Screen Recording 2026-08-16 223317.mp4,6,CONFIRMED_FROM_VIDEO
Pineapple,9501.9,Port Royal,225,,CONFIRMED_FROM_VIDEO,1,pooled_even_odd_wide,Ponta Delgada,Ilhas Brumas,,Screen Recording 2026-08-16 223317.mp4,9,CONFIRMED_FROM_VIDEO
Pineapple,8473.3,Port-Au-Croix,209,,CONFIRMED_FROM_VIDEO,1,pooled_even_odd_wide,Ponta Delgada,Ilhas Brumas,,Screen Recording 2026-08-16 223317.mp4,12,CONFIRMED_FROM_VIDEO
Pineapple,15134.7,Princeton,312,,CONFIRMED_FROM_VIDEO,2,pooled_even_odd_wide,Ponta Delgada,Ilhas Brumas,,Screen Recording 2026-08-16 223317.mp4,6,CONFIRMED_FROM_VIDEO
Pineapple,6410.2,Puerto de San Fernando,177,,CONFIRMED_FROM_VIDEO,1,pooled_even_odd_wide,Ponta Delgada,Ilhas Brumas,,Screen Recording 2026-08-16 223317.mp4,24,CONFIRMED_FROM_VIDEO
Pineapple,13726.7,Saint Vincent,290,,CONFIRMED_FROM_VIDEO,2,pooled_even_odd_wide,Ponta Delgada,Ilhas Brumas,,Screen Recording 2026-08-16 223317.mp4,4,CONFIRMED_FROM_VIDEO
Pineapple,17894.8,Saint-Nicholas,355,,CONFIRMED_FROM_VIDEO,2,pooled_even_odd_wide,Ponta Delgada,Ilhas Brumas,,Screen Recording 2026-08-16 223317.mp4,6,CONFIRMED_FROM_VIDEO
Pineapple,6827.5,Sainte Rose,183,,CONFIRMED_FROM_VIDEO,1,pooled_even_odd_wide,Ponta Delgada,Ilhas Brumas,,Screen Recording 2026-08-16 223317.mp4,24,CONFIRMED_FROM_VIDEO
Pineapple,15044.4,San Polo,311,,CONFIRMED_FROM_VIDEO,2,pooled_even_odd_wide,Ponta Delgada,Ilhas Brumas,,Screen Recording 2026-08-16 223317.mp4,6,CONFIRMED_FROM_VIDEO
Pineapple,10217.6,San Salvador,236,,CONFIRMED_FROM_VIDEO,2,pooled_even_odd_wide,Ponta Delgada,Ilhas Brumas,,Screen Recording 2026-08-16 223317.mp4,6,CONFIRMED_FROM_VIDEO
Pineapple,13524.4,San Vito,287,,CONFIRMED_FROM_VIDEO,2,pooled_even_odd_wide,Ponta Delgada,Ilhas Brumas,,Screen Recording 2026-08-16 223317.mp4,4,CONFIRMED_FROM_VIDEO
Pineapple,17563.5,Sandy Settlement,350,,CONFIRMED_FROM_VIDEO,2,pooled_even_odd_wide,Ponta Delgada,Ilhas Brumas,,Screen Recording 2026-08-16 223317.mp4,6,CONFIRMED_FROM_VIDEO
Pineapple,8199.9,Santa Maria,205,,CONFIRMED_FROM_VIDEO,1,pooled_even_odd_wide,Ponta Delgada,Ilhas Brumas,,Screen Recording 2026-08-16 223317.mp4,8,CONFIRMED_FROM_VIDEO
Pineapple,1862.4,Sao Bento,106,,CONFIRMED_FROM_VIDEO,2,pooled_even_odd_wide,Ponta Delgada,Ilhas Brumas,,Screen Recording 2026-08-16 223317.mp4,22,CONFIRMED_FROM_VIDEO
Pineapple,15456.8,Snake Prosper,317,,CONFIRMED_FROM_VIDEO,2,pooled_even_odd_wide,Ponta Delgada,Ilhas Brumas,,Screen Recording 2026-08-16 223317.mp4,6,CONFIRMED_FROM_VIDEO
Pineapple,19565.8,Sugar Cove,381,,CONFIRMED_FROM_VIDEO,2,pooled_even_odd_wide,Ponta Delgada,Ilhas Brumas,,Screen Recording 2026-08-16 223317.mp4,6,CONFIRMED_FROM_VIDEO
Pineapple,18020.1,Taylor's Town,357,,CONFIRMED_FROM_VIDEO,2,pooled_even_odd_wide,Ponta Delgada,Ilhas Brumas,,Screen Recording 2026-08-16 223317.mp4,6,CONFIRMED_FROM_VIDEO
Pineapple,7707.1,Theresa,197,,CONFIRMED_FROM_VIDEO,1,pooled_even_odd_wide,Ponta Delgada,Ilhas Brumas,,Screen Recording 2026-08-16 223317.mp4,7,CONFIRMED_FROM_VIDEO
Pineapple,13997.2,Thresher Point,294,,CONFIRMED_FROM_VIDEO,2,pooled_even_odd_wide,Ponta Delgada,Ilhas Brumas,,Screen Recording 2026-08-16 223317.mp4,6,CONFIRMED_FROM_VIDEO
Pineapple,4579.1,Venta Nueva,148,,CONFIRMED_FROM_VIDEO,1,pooled_even_odd_wide,Ponta Delgada,Ilhas Brumas,,Screen Recording 2026-08-16 223317.mp4,23,CONFIRMED_FROM_VIDEO
Pineapple,5863.0,Villarreal Del Mar,168,,CONFIRMED_FROM_VIDEO,1,pooled_even_odd_wide,Ponta Delgada,Ilhas Brumas,,Screen Recording 2026-08-16 223317.mp4,24,CONFIRMED_FROM_VIDEO
Pineapple,16270.3,White Hook,330,,CONFIRMED_FROM_VIDEO,2,pooled_even_odd_wide,Ponta Delgada,Ilhas Brumas,,Screen Recording 2026-08-16 223317.mp4,10,CONFIRMED_FROM_VIDEO
Pineapple,12620.4,Wyntergard,273,,CONFIRMED_FROM_VIDEO,2,pooled_even_odd_wide,Ponta Delgada,Ilhas Brumas,,Screen Recording 2026-08-16 223317.mp4,6,CONFIRMED_FROM_VIDEO
Pineapple,12170.7,Yorinobu's Settlement,266,,CONFIRMED_FROM_VIDEO,,,Ponta Delgada,Ilhas Brumas,Visually verified from long-video segment 1164-1216s; not inferred.,Screen Recording 2026-08-16 223317.mp4,1,CONFIRMED_FROM_VIDEO
Ginger,8227.1,Al-Jazair,212,,CONFIRMED_FROM_VIDEO,1,pooled_even_odd_wide,Port Antonio,Kingston,,Screen Recording 2026-08-16 223317.mp4,5,CONFIRMED_FROM_VIDEO
Ginger,8363.0,Ashbourne,214,,CONFIRMED_FROM_VIDEO,1,pooled_even_odd_wide,Port Antonio,Kingston,,Screen Recording 2026-08-16 223317.mp4,6,CONFIRMED_FROM_VIDEO
Ginger,6500.2,Belfry Heights,184,,CONFIRMED_FROM_VIDEO,2,pooled_even_odd_wide,Port Antonio,Kingston,,Screen Recording 2026-08-16 223317.mp4,10,CONFIRMED_FROM_VIDEO
Ginger,6359.6,Bucket Bay,182,,CONFIRMED_FROM_VIDEO,1,pooled_even_odd_wide,Port Antonio,Kingston,,Screen Recording 2026-08-16 223317.mp4,6,CONFIRMED_FROM_VIDEO
Ginger,10827.2,Caledonia,253,,CONFIRMED_FROM_VIDEO,2,pooled_even_odd_wide,Port Antonio,Kingston,,Screen Recording 2026-08-16 223317.mp4,4,CONFIRMED_FROM_VIDEO
Ginger,10099.2,Castle Landing,242,,CONFIRMED_FROM_VIDEO,2,pooled_even_odd_wide,Port Antonio,Kingston,,Screen Recording 2026-08-16 223317.mp4,3,CONFIRMED_FROM_VIDEO
Ginger,4709.6,Caveira,155,,CONFIRMED_FROM_VIDEO,1,pooled_even_odd_wide,Port Antonio,Kingston,,Screen Recording 2026-08-16 223317.mp4,4,CONFIRMED_FROM_VIDEO
Ginger,5890.9,Caye Tiburon,174,,CONFIRMED_FROM_VIDEO,1,pooled_even_odd_wide,Port Antonio,Kingston,,Screen Recording 2026-08-16 223317.mp4,9,CONFIRMED_FROM_VIDEO
Ginger,8772.7,Crownstead,220,,CONFIRMED_FROM_VIDEO,1,pooled_even_odd_wide,Port Antonio,Kingston,,Screen Recording 2026-08-16 223317.mp4,8,CONFIRMED_FROM_VIDEO
Ginger,12504.4,Cumberland Hill,280,,CONFIRMED_FROM_VIDEO,2,pooled_even_odd_wide,Port Antonio,Kingston,,Screen Recording 2026-08-16 223317.mp4,2,CONFIRMED_FROM_VIDEO
Ginger,10663.4,Deadman's Murcia,251,Selected from the two recorded directional readings using reciprocal-distance agreement and the origin's other observed Distance/Value rows. No distance was fabricated.,CONFIRMED_RECORDED_RECIPROCAL_AUDIT,1,pooled_even_odd_wide,Port Antonio,Kingston,,Screen Recording 2026-08-16 223317.mp4,7,CONFIRMED_FROM_VIDEO
Ginger,7690.1,Fair Harbour,203,,CONFIRMED_FROM_VIDEO,1,pooled_even_odd_wide,Port Antonio,Kingston,,Screen Recording 2026-08-16 223317.mp4,9,CONFIRMED_FROM_VIDEO
Ginger,1111.1,Falmouth,98,,CONFIRMED_FROM_VIDEO,1,pooled_even_odd_wide,Port Antonio,Kingston,,Screen Recording 2026-08-16 223317.mp4,8,CONFIRMED_FROM_VIDEO
Ginger,10145.8,Gyldenvale,242,,CONFIRMED_FROM_VIDEO,2,pooled_even_odd_wide,Port Antonio,Kingston,,Screen Recording 2026-08-16 223317.mp4,4,CONFIRMED_FROM_VIDEO
Ginger,11637.5,Jones' Outpost,266,,CONFIRMED_FROM_VIDEO,2,pooled_even_odd_wide,Port Antonio,Kingston,,Screen Recording 2026-08-16 223317.mp4,4,CONFIRMED_FROM_VIDEO
Ginger,9554.4,Kandlerova,233,,CONFIRMED_FROM_VIDEO,2,pooled_even_odd_wide,Port Antonio,Kingston,,Screen Recording 2026-08-16 223317.mp4,6,CONFIRMED_FROM_VIDEO
Ginger,8491.6,La Povenglia,216,,CONFIRMED_FROM_VIDEO,1,pooled_even_odd_wide,Port Antonio,Kingston,,Screen Recording 2026-08-16 223317.mp4,6,CONFIRMED_FROM_VIDEO
Ginger,8725.2,Lebarde,220,,CONFIRMED_FROM_VIDEO,1,pooled_even_odd_wide,Port Antonio,Kingston,,Screen Recording 2026-08-16 223317.mp4,9,CONFIRMED_FROM_VIDEO
Ginger,4492.9,Lord Irving's Sacrifice,152,,CONFIRMED_FROM_VIDEO,1,pooled_even_odd_wide,Port Antonio,Kingston,,Screen Recording 2026-08-16 223317.mp4,9,CONFIRMED_FROM_VIDEO
Ginger,6211.1,Louisbourg,179,,CONFIRMED_FROM_VIDEO,1,pooled_even_odd_wide,Port Antonio,Kingston,,Screen Recording 2026-08-16 223317.mp4,6,CONFIRMED_FROM_VIDEO
Ginger,6599.0,Madalena,186,,CONFIRMED_FROM_VIDEO,1,pooled_even_odd_wide,Port Antonio,Kingston,,Screen Recording 2026-08-16 223317.mp4,6,CONFIRMED_FROM_VIDEO
Ginger,5265.0,Mako's Outlook,164,,CONFIRMED_FROM_VIDEO,1,pooled_even_odd_wide,Port Antonio,Kingston,,Screen Recording 2026-08-16 223317.mp4,4,CONFIRMED_FROM_VIDEO
Ginger,5548.9,Matthew's Rest,169,,CONFIRMED_FROM_VIDEO,1,pooled_even_odd_wide,Port Antonio,Kingston,,Screen Recording 2026-08-16 223317.mp4,6,CONFIRMED_FROM_VIDEO
Ginger,5804.9,Maurepas,173,,CONFIRMED_FROM_VIDEO,1,pooled_even_odd_wide,Port Antonio,Kingston,,Screen Recording 2026-08-16 223317.mp4,5,CONFIRMED_FROM_VIDEO
Ginger,6644.7,New Brighton,186,,CONFIRMED_FROM_VIDEO,1,pooled_even_odd_wide,Port Antonio,Kingston,,Screen Recording 2026-08-16 223317.mp4,6,CONFIRMED_FROM_VIDEO
Ginger,12372.3,New Catalina,278,,CONFIRMED_FROM_VIDEO,2,pooled_even_odd_wide,Port Antonio,Kingston,,Screen Recording 2026-08-16 223317.mp4,4,CONFIRMED_FROM_VIDEO
Ginger,4545.8,Pachard Town,153,,CONFIRMED_FROM_VIDEO,1,pooled_even_odd_wide,Port Antonio,Kingston,,Screen Recording 2026-08-16 223317.mp4,4,CONFIRMED_FROM_VIDEO
Ginger,9328.6,Peter's Cove,229,,CONFIRMED_FROM_VIDEO,1,pooled_even_odd_wide,Port Antonio,Kingston,,Screen Recording 2026-08-16 223317.mp4,6,CONFIRMED_FROM_VIDEO
Ginger,7799.1,Petit Anvers,205,,CONFIRMED_FROM_VIDEO,1,pooled_even_odd_wide,Port Antonio,Kingston,,Screen Recording 2026-08-16 223317.mp4,9,CONFIRMED_FROM_VIDEO
Ginger,4910.9,Poblado de San Juan,159,,CONFIRMED_FROM_VIDEO,2,pooled_even_odd_wide,Port Antonio,Kingston,,Screen Recording 2026-08-16 223317.mp4,3,CONFIRMED_FROM_VIDEO
Ginger,3157.1,Point Rocheux,131,,CONFIRMED_FROM_VIDEO,1,pooled_even_odd_wide,Port Antonio,Kingston,,Screen Recording 2026-08-16 223317.mp4,8,CONFIRMED_FROM_VIDEO
Ginger,7111.6,Ponta Delgada,194,,CONFIRMED_FROM_VIDEO,1,pooled_even_odd_wide,Port Antonio,Kingston,,Screen Recording 2026-08-16 223317.mp4,6,CONFIRMED_FROM_VIDEO
Ginger,8205.8,Port Louis,211,,CONFIRMED_FROM_VIDEO,1,pooled_even_odd_wide,Port Antonio,Kingston,,Screen Recording 2026-08-16 223317.mp4,6,CONFIRMED_FROM_VIDEO
Ginger,2446.5,Port Royal,119,,CONFIRMED_FROM_VIDEO,2,pooled_even_odd_wide,Port Antonio,Kingston,,Screen Recording 2026-08-16 223317.mp4,5,CONFIRMED_FROM_VIDEO
Ginger,3844.6,Port-Au-Croix,142,,CONFIRMED_FROM_VIDEO,1,pooled_even_odd_wide,Port Antonio,Kingston,,Screen Recording 2026-08-16 223317.mp4,8,CONFIRMED_FROM_VIDEO
Ginger,8750.5,Princeton,220,,CONFIRMED_FROM_VIDEO,3,pooled_even_odd_wide,Port Antonio,Kingston,,Screen Recording 2026-08-16 223317.mp4,4,CONFIRMED_FROM_VIDEO
Ginger,2672.3,Puerto de San Fernando,123,,CONFIRMED_FROM_VIDEO,1,pooled_even_odd_wide,Port Antonio,Kingston,,Screen Recording 2026-08-16 223317.mp4,8,CONFIRMED_FROM_VIDEO
Ginger,8513.0,Saint Vincent,216,,CONFIRMED_FROM_VIDEO,1,pooled_even_odd_wide,Port Antonio,Kingston,,Screen Recording 2026-08-16 223317.mp4,6,CONFIRMED_FROM_VIDEO
Ginger,10783.6,Saint-Nicholas,253,,CONFIRMED_FROM_VIDEO,2,pooled_even_odd_wide,Port Antonio,Kingston,,Screen Recording 2026-08-16 223317.mp4,4,CONFIRMED_FROM_VIDEO
Ginger,6598.7,Sainte Rose,186,,CONFIRMED_FROM_VIDEO,1,pooled_even_odd_wide,Port Antonio,Kingston,,Screen Recording 2026-08-16 223317.mp4,6,CONFIRMED_FROM_VIDEO
Ginger,8981.8,San Polo,224,,CONFIRMED_FROM_VIDEO,1,pooled_even_odd_wide,Port Antonio,Kingston,,Screen Recording 2026-08-16 223317.mp4,6,CONFIRMED_FROM_VIDEO
Ginger,5641.1,San Salvador,170,,CONFIRMED_FROM_VIDEO,1,pooled_even_odd_wide,Port Antonio,Kingston,,Screen Recording 2026-08-16 223317.mp4,6,CONFIRMED_FROM_VIDEO
Ginger,6785.5,San Vito,189,,CONFIRMED_FROM_VIDEO,1,pooled_even_odd_wide,Port Antonio,Kingston,,Screen Recording 2026-08-16 223317.mp4,6,CONFIRMED_FROM_VIDEO
Ginger,10453.3,Sandy Settlement,247,,CONFIRMED_FROM_VIDEO,2,pooled_even_odd_wide,Port Antonio,Kingston,,Screen Recording 2026-08-16 223317.mp4,4,CONFIRMED_FROM_VIDEO
Ginger,4593.0,Santa Maria,153,,CONFIRMED_FROM_VIDEO,1,pooled_even_odd_wide,Port Antonio,Kingston,,Screen Recording 2026-08-16 223317.mp4,12,CONFIRMED_FROM_VIDEO
Ginger,5739.9,Sao Bento,172,,CONFIRMED_FROM_VIDEO,1,pooled_even_odd_wide,Port Antonio,Kingston,,Screen Recording 2026-08-16 223317.mp4,6,CONFIRMED_FROM_VIDEO
Ginger,10433.0,Snake Prosper,247,,CONFIRMED_FROM_VIDEO,2,pooled_even_odd_wide,Port Antonio,Kingston,,Screen Recording 2026-08-16 223317.mp4,9,CONFIRMED_FROM_VIDEO
Ginger,13364.8,Sugar Cove,294,,CONFIRMED_FROM_VIDEO,2,pooled_even_odd_wide,Port Antonio,Kingston,,Screen Recording 2026-08-16 223317.mp4,4,CONFIRMED_FROM_VIDEO
Ginger,10958.9,Taylor's Town,255,,CONFIRMED_FROM_VIDEO,1,pooled_even_odd_wide,Port Antonio,Kingston,,Screen Recording 2026-08-16 223317.mp4,3,CONFIRMED_FROM_VIDEO
Ginger,1135.5,Theresa,98,,CONFIRMED_FROM_VIDEO,2,pooled_even_odd_wide,Port Antonio,Kingston,,Screen Recording 2026-08-16 223317.mp4,5,CONFIRMED_FROM_VIDEO
Ginger,6932.3,Thresher Point,191,,CONFIRMED_FROM_VIDEO,1,pooled_even_odd_wide,Port Antonio,Kingston,,Screen Recording 2026-08-16 223317.mp4,8,CONFIRMED_FROM_VIDEO
Ginger,2624.4,Venta Nueva,122,,CONFIRMED_FROM_VIDEO,1,pooled_even_odd_wide,Port Antonio,Kingston,,Screen Recording 2026-08-16 223317.mp4,8,CONFIRMED_FROM_VIDEO
Ginger,1700.6,Villarreal Del Mar,107,,CONFIRMED_FROM_VIDEO,1,pooled_even_odd_wide,Port Antonio,Kingston,,Screen Recording 2026-08-16 223317.mp4,8,CONFIRMED_FROM_VIDEO
Ginger,11528.8,White Hook,264,,CONFIRMED_FROM_VIDEO,2,pooled_even_odd_wide,Port Antonio,Kingston,,Screen Recording 2026-08-16 223317.mp4,4,CONFIRMED_FROM_VIDEO
Ginger,9428.2,Wyntergard,231,,CONFIRMED_FROM_VIDEO,1,pooled_even_odd_wide,Port Antonio,Kingston,,Screen Recording 2026-08-16 223317.mp4,6,CONFIRMED_FROM_VIDEO
Ginger,6507.3,Yorinobu's Settlement,184,,CONFIRMED_FROM_VIDEO,1,pooled_even_odd_wide,Port Antonio,Kingston,,Screen Recording 2026-08-16 223317.mp4,1,CONFIRMED_FROM_VIDEO
Pelts,3319.5,Al-Jazair,137,,CONFIRMED_FROM_VIDEO,1,,Port Louis,Îles de Louis,,Screen Recording 2026-08-16 110000.mp4,6,CONFIRMED_FROM_VIDEO
Pelts,1788.6,Ashbourne,112,,CONFIRMED_FROM_VIDEO,1,,Port Louis,Îles de Louis,,Screen Recording 2026-08-16 110000.mp4,2,CONFIRMED_FROM_VIDEO
Pelts,8375.5,Belfry Heights,221,,CONFIRMED_FROM_VIDEO,1,,Port Louis,Îles de Louis,,Screen Recording 2026-08-16 110000.mp4,5,CONFIRMED_FROM_VIDEO
Pelts,1918.1,Bucket Bay,114,,CONFIRMED_FROM_VIDEO,1,,Port Louis,Îles de Louis,,Screen Recording 2026-08-16 110000.mp4,3,CONFIRMED_FROM_VIDEO
Pelts,3429.0,Caledonia,139,,CONFIRMED_FROM_VIDEO,1,,Port Louis,Îles de Louis,,Screen Recording 2026-08-16 110000.mp4,6,CONFIRMED_FROM_VIDEO
Pelts,6822.6,Castle Landing,195,,CONFIRMED_FROM_VIDEO,1,,Port Louis,Îles de Louis,,Screen Recording 2026-08-16 110000.mp4,3,CONFIRMED_FROM_VIDEO
Pelts,12126.6,Caveira,283,,CONFIRMED_FROM_VIDEO,1,,Port Louis,Îles de Louis,,Screen Recording 2026-08-16 110000.mp4,3,CONFIRMED_FROM_VIDEO
Pelts,6761.8,Caye Tiburon,194,,CONFIRMED_FROM_VIDEO,2,,Port Louis,Îles de Louis,,Screen Recording 2026-08-16 110000.mp4,4,CONFIRMED_FROM_VIDEO
Pelts,2581.9,Crownstead,125,,CONFIRMED_FROM_VIDEO,2,,Port Louis,Îles de Louis,,Screen Recording 2026-08-16 110000.mp4,4,CONFIRMED_FROM_VIDEO
Pelts,7067.7,Cumberland Hill,199,,CONFIRMED_FROM_VIDEO,1,,Port Louis,Îles de Louis,Visually verified from a visible recording frame after OCR audit.,Screen Recording 2026-08-16 110000.mp4,3,CONFIRMED_FROM_VIDEO
Pelts,2879.2,Deadman's Murcia,130,,CONFIRMED_FROM_VIDEO,2,,Port Louis,Îles de Louis,,Screen Recording 2026-08-16 110000.mp4,6,CONFIRMED_FROM_VIDEO
Pelts,829.5,Fair Harbour,96,,CONFIRMED_FROM_VIDEO,2,,Port Louis,Îles de Louis,,Screen Recording 2026-08-16 110000.mp4,1,CONFIRMED_FROM_VIDEO
Pelts,7101.7,Falmouth,200,,CONFIRMED_FROM_VIDEO,1,,Port Louis,Îles de Louis,,Screen Recording 2026-08-16 110000.mp4,3,CONFIRMED_FROM_VIDEO
Pelts,3281.7,Gyldenvale,137,,CONFIRMED_FROM_VIDEO,1,,Port Louis,Îles de Louis,,Screen Recording 2026-08-16 110000.mp4,6,CONFIRMED_FROM_VIDEO
Pelts,6103.6,Jones' Outpost,183,,CONFIRMED_FROM_VIDEO,1,,Port Louis,Îles de Louis,,Screen Recording 2026-08-16 110000.mp4,5,CONFIRMED_FROM_VIDEO
Pelts,15221.0,Kandlerova,334,,CONFIRMED_FROM_VIDEO,1,,Port Louis,Îles de Louis,,Screen Recording 2026-08-16 110000.mp4,1,CONFIRMED_FROM_VIDEO
Pelts,12737.2,La Povenglia,293,,CONFIRMED_FROM_VIDEO,1,,Port Louis,Îles de Louis,,Screen Recording 2026-08-16 110000.mp4,2,CONFIRMED_FROM_VIDEO
Pelts,6929.7,Lebarde,197,,CONFIRMED_FROM_VIDEO,1,,Port Louis,Îles de Louis,,Screen Recording 2026-08-16 110000.mp4,3,CONFIRMED_FROM_VIDEO
Pelts,9005.7,Lord Irving's Sacrifice,231,,CONFIRMED_FROM_VIDEO,1,,Port Louis,Îles de Louis,,Screen Recording 2026-08-16 110000.mp4,3,CONFIRMED_FROM_VIDEO
Pelts,5179.7,Louisbourg,168,,CONFIRMED_FROM_VIDEO,2,,Port Louis,Îles de Louis,,Screen Recording 2026-08-16 110000.mp4,4,CONFIRMED_FROM_VIDEO
Pelts,13619.6,Madalena,307,,CONFIRMED_FROM_VIDEO,1,,Port Louis,Îles de Louis,,Screen Recording 2026-08-16 110000.mp4,2,CONFIRMED_FROM_VIDEO
Pelts,9371.8,Mako's Outlook,237,,CONFIRMED_FROM_VIDEO,1,,Port Louis,Îles de Louis,,Screen Recording 2026-08-16 110000.mp4,5,CONFIRMED_FROM_VIDEO
Pelts,2657.4,Matthew's Rest,125,,CONFIRMED_FROM_VIDEO,1,,Port Louis,Îles de Louis,,Screen Recording 2026-08-16 110000.mp4,4,CONFIRMED_FROM_VIDEO
Pelts,4469.0,Maurepas,156,,CONFIRMED_FROM_VIDEO,2,,Port Louis,Îles de Louis,,Screen Recording 2026-08-16 110000.mp4,6,CONFIRMED_FROM_VIDEO
Pelts,3806.0,New Brighton,145,,CONFIRMED_FROM_VIDEO,1,,Port Louis,Îles de Louis,,Screen Recording 2026-08-16 110000.mp4,5,CONFIRMED_FROM_VIDEO
Pelts,7303.4,New Catalina,203,,CONFIRMED_FROM_VIDEO,1,,Port Louis,Îles de Louis,,Screen Recording 2026-08-16 110000.mp4,3,CONFIRMED_FROM_VIDEO
Pelts,3662.8,Pachard Town,143,,CONFIRMED_FROM_VIDEO,1,,Port Louis,Îles de Louis,,Screen Recording 2026-08-16 110000.mp4,5,CONFIRMED_FROM_VIDEO
Pelts,10342.1,Peter's Cove,253,,CONFIRMED_FROM_VIDEO,2,,Port Louis,Îles de Louis,,Screen Recording 2026-08-16 110000.mp4,4,CONFIRMED_FROM_VIDEO
Pelts,5493.5,Petit Anvers,173,,CONFIRMED_FROM_VIDEO,1,,Port Louis,Îles de Louis,,Screen Recording 2026-08-16 110000.mp4,4,CONFIRMED_FROM_VIDEO
Pelts,13064.5,Poblado de San Juan,298,,CONFIRMED_FROM_VIDEO,1,,Port Louis,Îles de Louis,,Screen Recording 2026-08-16 110000.mp4,2,CONFIRMED_FROM_VIDEO
Pelts,5534.9,Point Rocheux,174,,CONFIRMED_FROM_VIDEO,1,,Port Louis,Îles de Louis,,Screen Recording 2026-08-16 110000.mp4,4,CONFIRMED_FROM_VIDEO
Pelts,12465.6,Ponta Delgada,288,,CONFIRMED_FROM_VIDEO,2,,Port Louis,Îles de Louis,,Screen Recording 2026-08-16 110000.mp4,2,CONFIRMED_FROM_VIDEO
Pelts,8205.8,Port Antonio,218,,CONFIRMED_FROM_VIDEO,1,,Port Louis,Îles de Louis,,Screen Recording 2026-08-16 110000.mp4,5,CONFIRMED_FROM_VIDEO
Pelts,8377.7,Port Royal,221,,CONFIRMED_FROM_VIDEO,1,,Port Louis,Îles de Louis,,Screen Recording 2026-08-16 110000.mp4,5,CONFIRMED_FROM_VIDEO
Pelts,4515.7,Port-Au-Croix,157,,CONFIRMED_FROM_VIDEO,1,,Port Louis,Îles de Louis,,Screen Recording 2026-08-16 110000.mp4,5,CONFIRMED_FROM_VIDEO
Pelts,5298.4,Princeton,170,,CONFIRMED_FROM_VIDEO,1,,Port Louis,Îles de Louis,,Screen Recording 2026-08-16 110000.mp4,5,CONFIRMED_FROM_VIDEO
Pelts,10862.2,Puerto de San Fernando,262,,CONFIRMED_FROM_VIDEO,1,,Port Louis,Îles de Louis,,Screen Recording 2026-08-16 110000.mp4,4,CONFIRMED_FROM_VIDEO
Pelts,2052.6,Saint Vincent,116,,CONFIRMED_FROM_VIDEO,1,,Port Louis,Îles de Louis,,Screen Recording 2026-08-16 110000.mp4,4,CONFIRMED_FROM_VIDEO
Pelts,11153.2,Saint-Nicholas,267,,CONFIRMED_FROM_VIDEO,1,,Port Louis,Îles de Louis,,Screen Recording 2026-08-16 110000.mp4,4,CONFIRMED_FROM_VIDEO
Pelts,6326.8,Sainte Rose,187,,CONFIRMED_FROM_VIDEO,1,,Port Louis,Îles de Louis,,Screen Recording 2026-08-16 110000.mp4,5,CONFIRMED_FROM_VIDEO
Pelts,14352.7,San Polo,319,,CONFIRMED_FROM_VIDEO,1,,Port Louis,Îles de Louis,,Screen Recording 2026-08-16 110000.mp4,1,CONFIRMED_FROM_VIDEO
Pelts,13240.8,San Salvador,301,,CONFIRMED_FROM_VIDEO,1,,Port Louis,Îles de Louis,,Screen Recording 2026-08-16 110000.mp4,2,CONFIRMED_FROM_VIDEO
Pelts,11341.9,San Vito,270,,CONFIRMED_FROM_VIDEO,1,,Port Louis,Îles de Louis,,Screen Recording 2026-08-16 110000.mp4,4,CONFIRMED_FROM_VIDEO
Pelts,11216.7,Sandy Settlement,268,,CONFIRMED_FROM_VIDEO,1,,Port Louis,Îles de Louis,,Screen Recording 2026-08-16 110000.mp4,5,CONFIRMED_FROM_VIDEO
Pelts,12700.2,Santa Maria,292,,CONFIRMED_FROM_VIDEO,1,,Port Louis,Îles de Louis,,Screen Recording 2026-08-16 110000.mp4,2,CONFIRMED_FROM_VIDEO
Pelts,12142.9,Sao Bento,283,,CONFIRMED_FROM_VIDEO,1,,Port Louis,Îles de Louis,,Screen Recording 2026-08-16 110000.mp4,3,CONFIRMED_FROM_VIDEO
Pelts,3130.7,Snake Prosper,134,,CONFIRMED_FROM_VIDEO,1,,Port Louis,Îles de Louis,,Screen Recording 2026-08-16 110000.mp4,7,CONFIRMED_FROM_VIDEO
Pelts,8166.4,Sugar Cove,217,,CONFIRMED_FROM_VIDEO,1,,Port Louis,Îles de Louis,,Screen Recording 2026-08-16 110000.mp4,5,CONFIRMED_FROM_VIDEO
Pelts,10216.9,Taylor's Town,251,,CONFIRMED_FROM_VIDEO,2,,Port Louis,Îles de Louis,,Screen Recording 2026-08-16 110000.mp4,3,CONFIRMED_FROM_VIDEO
Pelts,9024.6,Theresa,231,,CONFIRMED_FROM_VIDEO,1,,Port Louis,Îles de Louis,,Screen Recording 2026-08-16 110000.mp4,5,CONFIRMED_FROM_VIDEO
Pelts,7863.2,Thresher Point,212,,CONFIRMED_FROM_VIDEO,1,,Port Louis,Îles de Louis,,Screen Recording 2026-08-16 110000.mp4,5,CONFIRMED_FROM_VIDEO
Pelts,8898.3,Venta Nueva,229,,CONFIRMED_FROM_VIDEO,1,,Port Louis,Îles de Louis,,Screen Recording 2026-08-16 110000.mp4,6,CONFIRMED_FROM_VIDEO
Pelts,7815.0,Villarreal Del Mar,211,,CONFIRMED_FROM_VIDEO,1,,Port Louis,Îles de Louis,,Screen Recording 2026-08-16 110000.mp4,4,CONFIRMED_FROM_VIDEO
Pelts,3807.4,White Hook,145,,CONFIRMED_FROM_VIDEO,1,,Port Louis,Îles de Louis,,Screen Recording 2026-08-16 110000.mp4,6,CONFIRMED_FROM_VIDEO
Pelts,1989.4,Wyntergard,115,,CONFIRMED_FROM_VIDEO,1,,Port Louis,Îles de Louis,,Screen Recording 2026-08-16 110000.mp4,3,CONFIRMED_FROM_VIDEO
Cotton,7409.8,Al-Jazair,242,,CONFIRMED_FROM_VIDEO,1,pooled_even_odd_wide,Port Royal,Kingston,,Screen Recording 2026-08-16 223317.mp4,8,CONFIRMED_FROM_VIDEO
Cotton,9029.3,Ashbourne,274,,CONFIRMED_FROM_VIDEO,1,pooled_even_odd_wide,Port Royal,Kingston,,Screen Recording 2026-08-16 223317.mp4,5,CONFIRMED_FROM_VIDEO
Cotton,4225.9,Belfry Heights,180,,CONFIRMED_FROM_VIDEO,3,pooled_even_odd_wide,Port Royal,Kingston,,Screen Recording 2026-08-16 223317.mp4,8,CONFIRMED_FROM_VIDEO
Cotton,6463.3,Bucket Bay,224,,CONFIRMED_FROM_VIDEO,1,pooled_even_odd_wide,Port Royal,Kingston,,Screen Recording 2026-08-16 223317.mp4,7,CONFIRMED_FROM_VIDEO
Cotton,10338.8,Caledonia,299,,CONFIRMED_FROM_VIDEO,2,pooled_even_odd_wide,Port Royal,Kingston,,Screen Recording 2026-08-16 223317.mp4,4,CONFIRMED_FROM_VIDEO
Cotton,8487.0,Castle Landing,263,,CONFIRMED_FROM_VIDEO,1,pooled_even_odd_wide,Port Royal,Kingston,,Screen Recording 2026-08-16 223317.mp4,6,CONFIRMED_FROM_VIDEO
Cotton,6696.6,Caveira,228,,CONFIRMED_FROM_VIDEO,1,pooled_even_odd_wide,Port Royal,Kingston,,Screen Recording 2026-08-16 223317.mp4,8,CONFIRMED_FROM_VIDEO
Cotton,4002.5,Caye Tiburon,176,,CONFIRMED_FROM_VIDEO,1,pooled_even_odd_wide,Port Royal,Kingston,,Screen Recording 2026-08-16 223317.mp4,15,CONFIRMED_FROM_VIDEO
Cotton,9607.6,Crownstead,285,,CONFIRMED_FROM_VIDEO,1,pooled_even_odd_wide,Port Royal,Kingston,,Screen Recording 2026-08-16 223317.mp4,5,CONFIRMED_FROM_VIDEO
Cotton,11217.8,Cumberland Hill,316,,CONFIRMED_FROM_VIDEO,2,pooled_even_odd_wide,Port Royal,Kingston,,Screen Recording 2026-08-16 223317.mp4,2,CONFIRMED_FROM_VIDEO
Cotton,10361.5,Deadman's Murcia,300,Selected from the two recorded directional readings using reciprocal-distance agreement and the origin's other observed Distance/Value rows. No distance was fabricated.,CONFIRMED_RECORDED_RECIPROCAL_AUDIT,1,pooled_even_odd_wide,Port Royal,Kingston,,Screen Recording 2026-08-16 223317.mp4,7,CONFIRMED_FROM_VIDEO
Cotton,7689.6,Fair Harbour,247,,CONFIRMED_FROM_VIDEO,1,pooled_even_odd_wide,Port Royal,Kingston,,Screen Recording 2026-08-16 223317.mp4,6,CONFIRMED_FROM_VIDEO
Cotton,2496.4,Falmouth,146,,CONFIRMED_FROM_VIDEO,1,pooled_even_odd_wide,Port Royal,Kingston,,Screen Recording 2026-08-16 223317.mp4,11,CONFIRMED_FROM_VIDEO
Cotton,10927.8,Gyldenvale,311,,CONFIRMED_FROM_VIDEO,2,pooled_even_odd_wide,Port Royal,Kingston,,Screen Recording 2026-08-16 223317.mp4,4,CONFIRMED_FROM_VIDEO
Cotton,10451.7,Jones' Outpost,301,,CONFIRMED_FROM_VIDEO,2,pooled_even_odd_wide,Port Royal,Kingston,,Screen Recording 2026-08-16 223317.mp4,4,CONFIRMED_FROM_VIDEO
Cotton,7598.2,Kandlerova,246,,CONFIRMED_FROM_VIDEO,1,pooled_even_odd_wide,Port Royal,Kingston,,Screen Recording 2026-08-16 223317.mp4,8,CONFIRMED_FROM_VIDEO
Cotton,6144.8,La Povenglia,217,,CONFIRMED_FROM_VIDEO,1,pooled_even_odd_wide,Port Royal,Kingston,,Screen Recording 2026-08-16 223317.mp4,4,CONFIRMED_FROM_VIDEO
Cotton,6940.1,Lebarde,233,,CONFIRMED_FROM_VIDEO,1,pooled_even_odd_wide,Port Royal,Kingston,,Screen Recording 2026-08-16 223317.mp4,4,CONFIRMED_FROM_VIDEO
Cotton,2046.6,Lord Irving's Sacrifice,137,,CONFIRMED_FROM_VIDEO,1,pooled_even_odd_wide,Port Royal,Kingston,,Screen Recording 2026-08-16 223317.mp4,11,CONFIRMED_FROM_VIDEO
Cotton,7863.8,Louisbourg,251,,CONFIRMED_FROM_VIDEO,1,pooled_even_odd_wide,Port Royal,Kingston,,Screen Recording 2026-08-16 223317.mp4,6,CONFIRMED_FROM_VIDEO
Cotton,8637.1,Madalena,266,,CONFIRMED_FROM_VIDEO,1,pooled_even_odd_wide,Port Royal,Kingston,,Screen Recording 2026-08-16 223317.mp4,6,CONFIRMED_FROM_VIDEO
Cotton,2818.6,Mako's Outlook,152,,CONFIRMED_FROM_VIDEO,1,pooled_even_odd_wide,Port Royal,Kingston,,Screen Recording 2026-08-16 223317.mp4,15,CONFIRMED_FROM_VIDEO
Cotton,5869.8,Matthew's Rest,212,,CONFIRMED_FROM_VIDEO,1,pooled_even_odd_wide,Port Royal,Kingston,,Screen Recording 2026-08-16 223317.mp4,4,CONFIRMED_FROM_VIDEO
Cotton,7257.7,Maurepas,239,,CONFIRMED_FROM_VIDEO,1,pooled_even_odd_wide,Port Royal,Kingston,,Screen Recording 2026-08-16 223317.mp4,5,CONFIRMED_FROM_VIDEO
Cotton,5750.7,New Brighton,210,,CONFIRMED_FROM_VIDEO,1,pooled_even_odd_wide,Port Royal,Kingston,,Screen Recording 2026-08-16 223317.mp4,4,CONFIRMED_FROM_VIDEO
Cotton,10994.1,New Catalina,312,,CONFIRMED_FROM_VIDEO,1,pooled_even_odd_wide,Port Royal,Kingston,,Screen Recording 2026-08-16 223317.mp4,3,CONFIRMED_FROM_VIDEO
Cotton,5043.3,Pachard Town,196,,CONFIRMED_FROM_VIDEO,2,pooled_even_odd_wide,Port Royal,Kingston,,Screen Recording 2026-08-16 223317.mp4,5,CONFIRMED_FROM_VIDEO
Cotton,6973.9,Peter's Cove,233,,CONFIRMED_FROM_VIDEO,2,pooled_even_odd_wide,Port Royal,Kingston,,Screen Recording 2026-08-16 223317.mp4,5,CONFIRMED_FROM_VIDEO
Cotton,9434.5,Petit Anvers,281,,CONFIRMED_FROM_VIDEO,1,pooled_even_odd_wide,Port Royal,Kingston,,Screen Recording 2026-08-16 223317.mp4,5,CONFIRMED_FROM_VIDEO
Cotton,5248.8,Poblado de San Juan,200,,CONFIRMED_FROM_VIDEO,2,pooled_even_odd_wide,Port Royal,Kingston,,Screen Recording 2026-08-16 223317.mp4,3,CONFIRMED_FROM_VIDEO
Cotton,4643.1,Point Rocheux,188,,CONFIRMED_FROM_VIDEO,1,pooled_even_odd_wide,Port Royal,Kingston,,Screen Recording 2026-08-16 223317.mp4,5,CONFIRMED_FROM_VIDEO
Cotton,9501.9,Ponta Delgada,283,,CONFIRMED_FROM_VIDEO,1,pooled_even_odd_wide,Port Royal,Kingston,,Screen Recording 2026-08-16 223317.mp4,5,CONFIRMED_FROM_VIDEO
Cotton,2446.5,Port Antonio,145,,CONFIRMED_FROM_VIDEO,2,pooled_even_odd_wide,Port Royal,Kingston,,Screen Recording 2026-08-16 223317.mp4,7,CONFIRMED_FROM_VIDEO
Cotton,8377.7,Port Louis,261,,CONFIRMED_FROM_VIDEO,1,pooled_even_odd_wide,Port Royal,Kingston,,Screen Recording 2026-08-16 223317.mp4,4,CONFIRMED_FROM_VIDEO
Cotton,4818.6,Port-Au-Croix,191,,CONFIRMED_FROM_VIDEO,1,pooled_even_odd_wide,Port Royal,Kingston,,Screen Recording 2026-08-16 223317.mp4,3,CONFIRMED_FROM_VIDEO
Cotton,7391.2,Princeton,242,,CONFIRMED_FROM_VIDEO,1,pooled_even_odd_wide,Port Royal,Kingston,,Screen Recording 2026-08-16 223317.mp4,5,CONFIRMED_FROM_VIDEO
Cotton,3971.7,Puerto de San Fernando,175,,CONFIRMED_FROM_VIDEO,1,pooled_even_odd_wide,Port Royal,Kingston,,Screen Recording 2026-08-16 223317.mp4,15,CONFIRMED_FROM_VIDEO
Cotton,8080.3,Saint Vincent,255,,CONFIRMED_FROM_VIDEO,1,pooled_even_odd_wide,Port Royal,Kingston,,Screen Recording 2026-08-16 223317.mp4,4,CONFIRMED_FROM_VIDEO
Cotton,8445.3,Saint-Nicholas,262,,CONFIRMED_FROM_VIDEO,2,pooled_even_odd_wide,Port Royal,Kingston,,Screen Recording 2026-08-16 223317.mp4,7,CONFIRMED_FROM_VIDEO
Cotton,8498.5,Sainte Rose,263,,CONFIRMED_FROM_VIDEO,1,pooled_even_odd_wide,Port Royal,Kingston,,Screen Recording 2026-08-16 223317.mp4,9,CONFIRMED_FROM_VIDEO
Cotton,6908.5,San Polo,232,,CONFIRMED_FROM_VIDEO,1,pooled_even_odd_wide,Port Royal,Kingston,,Screen Recording 2026-08-16 223317.mp4,6,CONFIRMED_FROM_VIDEO
Cotton,4892.4,San Salvador,193,,CONFIRMED_FROM_VIDEO,1,pooled_even_odd_wide,Port Royal,Kingston,,Screen Recording 2026-08-16 223317.mp4,6,CONFIRMED_FROM_VIDEO
Cotton,4426.7,San Vito,184,,CONFIRMED_FROM_VIDEO,1,pooled_even_odd_wide,Port Royal,Kingston,,Screen Recording 2026-08-16 223317.mp4,5,CONFIRMED_FROM_VIDEO
Cotton,8085.1,Sandy Settlement,255,,CONFIRMED_FROM_VIDEO,1,pooled_even_odd_wide,Port Royal,Kingston,,Screen Recording 2026-08-16 223317.mp4,4,CONFIRMED_FROM_VIDEO
Cotton,4799.7,Santa Maria,191,,CONFIRMED_FROM_VIDEO,1,pooled_even_odd_wide,Port Royal,Kingston,,Screen Recording 2026-08-16 223317.mp4,3,CONFIRMED_FROM_VIDEO
Cotton,8016.6,Sao Bento,254,,CONFIRMED_FROM_VIDEO,1,pooled_even_odd_wide,Port Royal,Kingston,,Screen Recording 2026-08-16 223317.mp4,4,CONFIRMED_FROM_VIDEO
Cotton,9947.2,Snake Prosper,291,,CONFIRMED_FROM_VIDEO,1,pooled_even_odd_wide,Port Royal,Kingston,,Screen Recording 2026-08-16 223317.mp4,12,CONFIRMED_FROM_VIDEO
Cotton,11952.6,Sugar Cove,331,,CONFIRMED_FROM_VIDEO,2,pooled_even_odd_wide,Port Royal,Kingston,,Screen Recording 2026-08-16 223317.mp4,4,CONFIRMED_FROM_VIDEO
Cotton,8759.7,Taylor's Town,268,,CONFIRMED_FROM_VIDEO,1,pooled_even_odd_wide,Port Royal,Kingston,,Screen Recording 2026-08-16 223317.mp4,5,CONFIRMED_FROM_VIDEO
Cotton,1884.8,Theresa,134,,CONFIRMED_FROM_VIDEO,1,pooled_even_odd_wide,Port Royal,Kingston,,Screen Recording 2026-08-16 223317.mp4,11,CONFIRMED_FROM_VIDEO
Cotton,4791.8,Thresher Point,191,,CONFIRMED_FROM_VIDEO,1,pooled_even_odd_wide,Port Royal,Kingston,,Screen Recording 2026-08-16 223317.mp4,3,CONFIRMED_FROM_VIDEO
Cotton,5070.0,Venta Nueva,196,,CONFIRMED_FROM_VIDEO,2,pooled_even_odd_wide,Port Royal,Kingston,,Screen Recording 2026-08-16 223317.mp4,5,CONFIRMED_FROM_VIDEO
Cotton,4062.2,Villarreal Del Mar,177,,CONFIRMED_FROM_VIDEO,3,pooled_even_odd_wide,Port Royal,Kingston,,Screen Recording 2026-08-16 223317.mp4,17,CONFIRMED_FROM_VIDEO
Cotton,11130.1,White Hook,315,,CONFIRMED_FROM_VIDEO,2,pooled_even_odd_wide,Port Royal,Kingston,,Screen Recording 2026-08-16 223317.mp4,4,CONFIRMED_FROM_VIDEO
Cotton,9975.3,Wyntergard,292,,CONFIRMED_FROM_VIDEO,1,pooled_even_odd_wide,Port Royal,Kingston,,Screen Recording 2026-08-16 223317.mp4,7,CONFIRMED_FROM_VIDEO
Cotton,6018.1,Yorinobu's Settlement,215,,CONFIRMED_FROM_VIDEO,1,even_odd,Port Royal,Kingston,,Screen Recording 2026-08-16 223317.mp4,1,CONFIRMED_FROM_VIDEO
Baguettes,5551.7,Al-Jazair,148,,CONFIRMED_FROM_VIDEO,1,,Port-Au-Croix,Saint-Pierre,,Screen Recording 2026-08-16 111849.mp4,2,CONFIRMED_FROM_VIDEO
Baguettes,4518.6,Ashbourne,133,,CONFIRMED_FROM_VIDEO,1,,Port-Au-Croix,Saint-Pierre,,Screen Recording 2026-08-16 111849.mp4,3,CONFIRMED_FROM_VIDEO
Baguettes,6970.5,Belfry Heights,168,,CONFIRMED_FROM_VIDEO,1,,Port-Au-Croix,Saint-Pierre,,Screen Recording 2026-08-16 111849.mp4,3,CONFIRMED_FROM_VIDEO
Baguettes,2871.0,Bucket Bay,110,,CONFIRMED_FROM_VIDEO,1,,Port-Au-Croix,Saint-Pierre,,Screen Recording 2026-08-16 111849.mp4,3,CONFIRMED_FROM_VIDEO
Baguettes,7538.4,Caledonia,176,,CONFIRMED_FROM_VIDEO,1,,Port-Au-Croix,Saint-Pierre,,Screen Recording 2026-08-16 111849.mp4,4,CONFIRMED_FROM_VIDEO
Baguettes,8445.0,Castle Landing,188,,CONFIRMED_FROM_VIDEO,1,,Port-Au-Croix,Saint-Pierre,,Screen Recording 2026-08-16 111849.mp4,4,CONFIRMED_FROM_VIDEO
Baguettes,7636.7,Caveira,177,,CONFIRMED_FROM_VIDEO,1,,Port-Au-Croix,Saint-Pierre,,Screen Recording 2026-08-16 111849.mp4,3,CONFIRMED_FROM_VIDEO
Baguettes,5595.3,Caye Tiburon,148,,CONFIRMED_FROM_VIDEO,1,,Port-Au-Croix,Saint-Pierre,,Screen Recording 2026-08-16 111849.mp4,3,CONFIRMED_FROM_VIDEO
Baguettes,4955.2,Crownstead,139,,CONFIRMED_FROM_VIDEO,1,,Port-Au-Croix,Saint-Pierre,,Screen Recording 2026-08-16 111849.mp4,4,CONFIRMED_FROM_VIDEO
Baguettes,10105.4,Cumberland Hill,211,,CONFIRMED_FROM_VIDEO,1,,Port-Au-Croix,Saint-Pierre,,Screen Recording 2026-08-16 111849.mp4,4,CONFIRMED_FROM_VIDEO
Baguettes,7213.1,Deadman's Murcia,171,,CONFIRMED_FROM_VIDEO,1,,Port-Au-Croix,Saint-Pierre,,Screen Recording 2026-08-16 111849.mp4,4,CONFIRMED_FROM_VIDEO
Baguettes,4155.6,Fair Harbour,128,,CONFIRMED_FROM_VIDEO,1,,Port-Au-Croix,Saint-Pierre,,Screen Recording 2026-08-16 111849.mp4,2,CONFIRMED_FROM_VIDEO
Baguettes,2808.6,Falmouth,109,,CONFIRMED_FROM_VIDEO,1,,Port-Au-Croix,Saint-Pierre,,Screen Recording 2026-08-16 111849.mp4,3,CONFIRMED_FROM_VIDEO
Baguettes,6322.1,Gyldenvale,159,,CONFIRMED_FROM_VIDEO,1,,Port-Au-Croix,Saint-Pierre,,Screen Recording 2026-08-16 111849.mp4,3,CONFIRMED_FROM_VIDEO
Baguettes,9143.9,Jones' Outpost,198,,CONFIRMED_FROM_VIDEO,1,,Port-Au-Croix,Saint-Pierre,,Screen Recording 2026-08-16 111849.mp4,4,CONFIRMED_FROM_VIDEO
Baguettes,12370.6,Kandlerova,243,,CONFIRMED_FROM_VIDEO,1,,Port-Au-Croix,Saint-Pierre,,Screen Recording 2026-08-16 111849.mp4,1,CONFIRMED_FROM_VIDEO
Baguettes,10521.1,La Povenglia,217,,CONFIRMED_FROM_VIDEO,1,,Port-Au-Croix,Saint-Pierre,,Screen Recording 2026-08-16 111849.mp4,4,CONFIRMED_FROM_VIDEO
Baguettes,7585.3,Lebarde,176,,CONFIRMED_FROM_VIDEO,1,,Port-Au-Croix,Saint-Pierre,,Screen Recording 2026-08-16 111849.mp4,3,CONFIRMED_FROM_VIDEO
Baguettes,6257.9,Lord Irving's Sacrifice,158,,CONFIRMED_FROM_VIDEO,1,,Port-Au-Croix,Saint-Pierre,,Screen Recording 2026-08-16 111849.mp4,2,CONFIRMED_FROM_VIDEO
Baguettes,3296.0,Louisbourg,116,,CONFIRMED_FROM_VIDEO,1,,Port-Au-Croix,Saint-Pierre,,Screen Recording 2026-08-16 111849.mp4,3,CONFIRMED_FROM_VIDEO
Baguettes,9213.9,Madalena,199,,CONFIRMED_FROM_VIDEO,1,,Port-Au-Croix,Saint-Pierre,,Screen Recording 2026-08-16 111849.mp4,3,CONFIRMED_FROM_VIDEO
Baguettes,6896.0,Mako's Outlook,167,,CONFIRMED_FROM_VIDEO,1,,Port-Au-Croix,Saint-Pierre,,Screen Recording 2026-08-16 111849.mp4,3,CONFIRMED_FROM_VIDEO
Baguettes,1974.6,Matthew's Rest,98,,CONFIRMED_FROM_VIDEO,1,,Port-Au-Croix,Saint-Pierre,,Screen Recording 2026-08-16 111849.mp4,2,CONFIRMED_FROM_VIDEO
Baguettes,2542.1,Maurepas,106,,CONFIRMED_FROM_VIDEO,1,,Port-Au-Croix,Saint-Pierre,,Screen Recording 2026-08-16 111849.mp4,3,CONFIRMED_FROM_VIDEO
Baguettes,4394.9,New Brighton,132,,CONFIRMED_FROM_VIDEO,1,,Port-Au-Croix,Saint-Pierre,,Screen Recording 2026-08-16 111849.mp4,3,CONFIRMED_FROM_VIDEO
Baguettes,10123.9,New Catalina,212,,CONFIRMED_FROM_VIDEO,1,,Port-Au-Croix,Saint-Pierre,,Screen Recording 2026-08-16 111849.mp4,4,CONFIRMED_FROM_VIDEO
Baguettes,1044.3,Pachard Town,85,,CONFIRMED_FROM_VIDEO,1,,Port-Au-Croix,Saint-Pierre,,Screen Recording 2026-08-16 111849.mp4,2,CONFIRMED_FROM_VIDEO
Baguettes,9706.8,Peter's Cove,206,,CONFIRMED_FROM_VIDEO,1,,Port-Au-Croix,Saint-Pierre,,Screen Recording 2026-08-16 111849.mp4,5,CONFIRMED_FROM_VIDEO
Baguettes,4764.0,Petit Anvers,137,,CONFIRMED_FROM_VIDEO,1,,Port-Au-Croix,Saint-Pierre,,Screen Recording 2026-08-16 111849.mp4,4,CONFIRMED_FROM_VIDEO
Baguettes,8754.9,Poblado de San Juan,193,,CONFIRMED_FROM_VIDEO,1,,Port-Au-Croix,Saint-Pierre,,Screen Recording 2026-08-16 111849.mp4,3,CONFIRMED_FROM_VIDEO
Baguettes,1082.4,Point Rocheux,85,,CONFIRMED_FROM_VIDEO,1,,Port-Au-Croix,Saint-Pierre,Visually verified from a visible recording frame after OCR audit.,Screen Recording 2026-08-16 111849.mp4,2,CONFIRMED_FROM_VIDEO
Baguettes,8473.3,Ponta Delgada,189,,CONFIRMED_FROM_VIDEO,1,,Port-Au-Croix,Saint-Pierre,,Screen Recording 2026-08-16 111849.mp4,4,CONFIRMED_FROM_VIDEO
Baguettes,3844.6,Port Antonio,124,,CONFIRMED_FROM_VIDEO,1,,Port-Au-Croix,Saint-Pierre,,Screen Recording 2026-08-16 111849.mp4,4,CONFIRMED_FROM_VIDEO
Baguettes,4515.7,Port Louis,133,,CONFIRMED_FROM_VIDEO,1,,Port-Au-Croix,Saint-Pierre,,Screen Recording 2026-08-16 111849.mp4,3,CONFIRMED_FROM_VIDEO
Baguettes,4818.6,Port Royal,137,,CONFIRMED_FROM_VIDEO,1,,Port-Au-Croix,Saint-Pierre,,Screen Recording 2026-08-16 111849.mp4,3,CONFIRMED_FROM_VIDEO
Baguettes,6819.8,Princeton,165,,CONFIRMED_FROM_VIDEO,1,,Port-Au-Croix,Saint-Pierre,,Screen Recording 2026-08-16 111849.mp4,2,CONFIRMED_FROM_VIDEO
Baguettes,6428.8,Puerto de San Fernando,160,,CONFIRMED_FROM_VIDEO,1,,Port-Au-Croix,Saint-Pierre,,Screen Recording 2026-08-16 111849.mp4,2,CONFIRMED_FROM_VIDEO
Baguettes,5327.0,Saint Vincent,145,,CONFIRMED_FROM_VIDEO,1,,Port-Au-Croix,Saint-Pierre,,Screen Recording 2026-08-16 111849.mp4,4,CONFIRMED_FROM_VIDEO
Baguettes,4230.0,Sainte Rose,129,,CONFIRMED_FROM_VIDEO,1,,Port-Au-Croix,Saint-Pierre,,Screen Recording 2026-08-16 111849.mp4,3,CONFIRMED_FROM_VIDEO
Baguettes,11627.6,San Polo,233,,CONFIRMED_FROM_VIDEO,1,,Port-Au-Croix,Saint-Pierre,,Screen Recording 2026-08-16 111849.mp4,2,CONFIRMED_FROM_VIDEO
Baguettes,9307.2,San Salvador,200,,CONFIRMED_FROM_VIDEO,1,,Port-Au-Croix,Saint-Pierre,,Screen Recording 2026-08-16 111849.mp4,3,CONFIRMED_FROM_VIDEO
Baguettes,8862.1,San Vito,194,,CONFIRMED_FROM_VIDEO,1,,Port-Au-Croix,Saint-Pierre,,Screen Recording 2026-08-16 111849.mp4,4,CONFIRMED_FROM_VIDEO
Baguettes,10802.5,Sandy Settlement,221,,CONFIRMED_FROM_VIDEO,1,,Port-Au-Croix,Saint-Pierre,Visually verified from a visible recording frame after OCR audit.,Screen Recording 2026-08-16 111849.mp4,1,CONFIRMED_FROM_VIDEO
Baguettes,8434.9,Santa Maria,188,,CONFIRMED_FROM_VIDEO,2,,Port-Au-Croix,Saint-Pierre,,Screen Recording 2026-08-16 111849.mp4,4,CONFIRMED_FROM_VIDEO
Baguettes,7837.3,Sao Bento,180,,CONFIRMED_FROM_VIDEO,2,,Port-Au-Croix,Saint-Pierre,,Screen Recording 2026-08-16 111849.mp4,5,CONFIRMED_FROM_VIDEO
Baguettes,7162.3,Snake Prosper,170,,CONFIRMED_FROM_VIDEO,1,,Port-Au-Croix,Saint-Pierre,,Screen Recording 2026-08-16 111849.mp4,3,CONFIRMED_FROM_VIDEO
Baguettes,11113.8,Sugar Cove,226,,CONFIRMED_FROM_VIDEO,1,,Port-Au-Croix,Saint-Pierre,,Screen Recording 2026-08-16 111849.mp4,2,CONFIRMED_FROM_VIDEO
Baguettes,10597.8,Taylor's Town,218,,CONFIRMED_FROM_VIDEO,1,,Port-Au-Croix,Saint-Pierre,,Screen Recording 2026-08-16 111849.mp4,3,CONFIRMED_FROM_VIDEO
Baguettes,4822.8,Theresa,138,,CONFIRMED_FROM_VIDEO,1,,Port-Au-Croix,Saint-Pierre,,Screen Recording 2026-08-16 111849.mp4,3,CONFIRMED_FROM_VIDEO
Baguettes,6931.1,Thresher Point,167,,CONFIRMED_FROM_VIDEO,1,,Port-Au-Croix,Saint-Pierre,,Screen Recording 2026-08-16 111849.mp4,1,CONFIRMED_FROM_VIDEO
Baguettes,4447.8,Venta Nueva,132,,CONFIRMED_FROM_VIDEO,2,,Port-Au-Croix,Saint-Pierre,,Screen Recording 2026-08-16 111849.mp4,3,CONFIRMED_FROM_VIDEO
Baguettes,3303.9,Villarreal Del Mar,116,,CONFIRMED_FROM_VIDEO,1,,Port-Au-Croix,Saint-Pierre,,Screen Recording 2026-08-16 111849.mp4,1,CONFIRMED_FROM_VIDEO
Baguettes,8127.3,White Hook,184,,CONFIRMED_FROM_VIDEO,1,,Port-Au-Croix,Saint-Pierre,,Screen Recording 2026-08-16 111849.mp4,5,CONFIRMED_FROM_VIDEO
Baguettes,5586.6,Wyntergard,148,,CONFIRMED_FROM_VIDEO,1,,Port-Au-Croix,Saint-Pierre,,Screen Recording 2026-08-16 111849.mp4,2,CONFIRMED_FROM_VIDEO
Herbs,1980.9,Al-Jazair,103,,CONFIRMED_FROM_VIDEO,1,pooled_even_odd_wide,Princeton,Lebarde,,Screen Recording 2026-08-16 223317.mp4,5,CONFIRMED_FROM_VIDEO
Herbs,7049.0,Ashbourne,178,,CONFIRMED_FROM_VIDEO,1,pooled_even_odd_wide,Princeton,Lebarde,,Screen Recording 2026-08-16 223317.mp4,6,CONFIRMED_FROM_VIDEO
Herbs,4735.0,Belfry Heights,144,,CONFIRMED_FROM_VIDEO,1,pooled_even_odd_wide,Princeton,Lebarde,,Screen Recording 2026-08-16 223317.mp4,7,CONFIRMED_FROM_VIDEO
Herbs,4768.7,Bucket Bay,144,,CONFIRMED_FROM_VIDEO,1,pooled_even_odd_wide,Princeton,Lebarde,,Screen Recording 2026-08-16 223317.mp4,7,CONFIRMED_FROM_VIDEO
Herbs,4367.8,Caledonia,138,,CONFIRMED_FROM_VIDEO,1,pooled_even_odd_wide,Princeton,Lebarde,,Screen Recording 2026-08-16 223317.mp4,9,CONFIRMED_FROM_VIDEO
Herbs,1666.2,Castle Landing,98,,CONFIRMED_FROM_VIDEO,2,pooled_even_odd_wide,Princeton,Lebarde,,Screen Recording 2026-08-16 223317.mp4,3,CONFIRMED_FROM_VIDEO
Herbs,13445.2,Caveira,272,,CONFIRMED_FROM_VIDEO,2,pooled_even_odd_wide,Princeton,Lebarde,,Screen Recording 2026-08-16 223317.mp4,6,CONFIRMED_FROM_VIDEO
Herbs,3646.8,Caye Tiburon,128,,CONFIRMED_FROM_VIDEO,1,pooled_even_odd_wide,Princeton,Lebarde,,Screen Recording 2026-08-16 223317.mp4,9,CONFIRMED_FROM_VIDEO
Herbs,7861.2,Crownstead,190,,CONFIRMED_FROM_VIDEO,1,pooled_even_odd_wide,Princeton,Lebarde,,Screen Recording 2026-08-16 223317.mp4,6,CONFIRMED_FROM_VIDEO
Herbs,3827.1,Cumberland Hill,130,,CONFIRMED_FROM_VIDEO,2,pooled_even_odd_wide,Princeton,Lebarde,,Screen Recording 2026-08-16 223317.mp4,6,CONFIRMED_FROM_VIDEO
Herbs,4904.8,Deadman's Murcia,146,,CONFIRMED_FROM_VIDEO,1,pooled_even_odd_wide,Princeton,Lebarde,,Screen Recording 2026-08-16 223317.mp4,6,CONFIRMED_FROM_VIDEO
Herbs,4584.4,Fair Harbour,141,,CONFIRMED_FROM_VIDEO,1,pooled_even_odd_wide,Princeton,Lebarde,,Screen Recording 2026-08-16 223317.mp4,9,CONFIRMED_FROM_VIDEO
Herbs,7810.7,Falmouth,189,,CONFIRMED_FROM_VIDEO,1,pooled_even_odd_wide,Princeton,Lebarde,,Screen Recording 2026-08-16 223317.mp4,6,CONFIRMED_FROM_VIDEO
Herbs,8511.3,Gyldenvale,199,,CONFIRMED_FROM_VIDEO,1,pooled_even_odd_wide,Princeton,Lebarde,,Screen Recording 2026-08-16 223317.mp4,5,CONFIRMED_FROM_VIDEO
Herbs,3092.9,Jones' Outpost,119,,CONFIRMED_FROM_VIDEO,1,pooled_even_odd_wide,Princeton,Lebarde,,Screen Recording 2026-08-16 223317.mp4,8,CONFIRMED_FROM_VIDEO
Herbs,11968.3,Kandlerova,250,,CONFIRMED_FROM_VIDEO,2,pooled_even_odd_wide,Princeton,Lebarde,,Screen Recording 2026-08-16 223317.mp4,6,CONFIRMED_FROM_VIDEO
Herbs,9034.4,La Povenglia,207,,CONFIRMED_FROM_VIDEO,1,pooled_even_odd_wide,Princeton,Lebarde,,Screen Recording 2026-08-16 223317.mp4,4,CONFIRMED_FROM_VIDEO
Herbs,1821.4,Lebarde,101,,CONFIRMED_FROM_VIDEO,1,pooled_even_odd_wide,Princeton,Lebarde,,Screen Recording 2026-08-16 223317.mp4,5,CONFIRMED_FROM_VIDEO
Herbs,6703.2,Lord Irving's Sacrifice,173,,CONFIRMED_FROM_VIDEO,1,pooled_even_odd_wide,Princeton,Lebarde,,Screen Recording 2026-08-16 223317.mp4,6,CONFIRMED_FROM_VIDEO
Herbs,9363.2,Louisbourg,212,,CONFIRMED_FROM_VIDEO,1,pooled_even_odd_wide,Princeton,Lebarde,,Screen Recording 2026-08-16 223317.mp4,4,CONFIRMED_FROM_VIDEO
Herbs,15289.7,Madalena,299,,CONFIRMED_FROM_VIDEO,2,pooled_even_odd_wide,Princeton,Lebarde,,Screen Recording 2026-08-16 223317.mp4,4,CONFIRMED_FROM_VIDEO
Herbs,6618.2,Mako's Outlook,171,,CONFIRMED_FROM_VIDEO,1,pooled_even_odd_wide,Princeton,Lebarde,,Screen Recording 2026-08-16 223317.mp4,5,CONFIRMED_FROM_VIDEO
Herbs,5348.6,Matthew's Rest,153,,CONFIRMED_FROM_VIDEO,1,pooled_even_odd_wide,Princeton,Lebarde,,Screen Recording 2026-08-16 223317.mp4,6,CONFIRMED_FROM_VIDEO
Herbs,8491.0,Maurepas,199,,CONFIRMED_FROM_VIDEO,1,pooled_even_odd_wide,Princeton,Lebarde,,Screen Recording 2026-08-16 223317.mp4,5,CONFIRMED_FROM_VIDEO
Herbs,2425.1,New Brighton,110,,CONFIRMED_FROM_VIDEO,1,pooled_even_odd_wide,Princeton,Lebarde,,Screen Recording 2026-08-16 223317.mp4,5,CONFIRMED_FROM_VIDEO
Herbs,3633.5,New Catalina,127,,CONFIRMED_FROM_VIDEO,1,pooled_even_odd_wide,Princeton,Lebarde,,Screen Recording 2026-08-16 223317.mp4,8,CONFIRMED_FROM_VIDEO
Herbs,5847.2,Pachard Town,160,,CONFIRMED_FROM_VIDEO,1,pooled_even_odd_wide,Princeton,Lebarde,,Screen Recording 2026-08-16 223317.mp4,6,CONFIRMED_FROM_VIDEO
Herbs,5573.2,Peter's Cove,156,,CONFIRMED_FROM_VIDEO,1,pooled_even_odd_wide,Princeton,Lebarde,,Screen Recording 2026-08-16 223317.mp4,6,CONFIRMED_FROM_VIDEO
Herbs,10248.5,Petit Anvers,225,,CONFIRMED_FROM_VIDEO,2,pooled_even_odd_wide,Princeton,Lebarde,,Screen Recording 2026-08-16 223317.mp4,4,CONFIRMED_FROM_VIDEO
Herbs,12629.8,Poblado de San Juan,260,,CONFIRMED_FROM_VIDEO,2,pooled_even_odd_wide,Princeton,Lebarde,,Screen Recording 2026-08-16 223317.mp4,6,CONFIRMED_FROM_VIDEO
Herbs,7783.9,Point Rocheux,189,,CONFIRMED_FROM_VIDEO,1,pooled_even_odd_wide,Princeton,Lebarde,,Screen Recording 2026-08-16 223317.mp4,4,CONFIRMED_FROM_VIDEO
Herbs,15134.7,Ponta Delgada,297,,CONFIRMED_FROM_VIDEO,2,pooled_even_odd_wide,Princeton,Lebarde,,Screen Recording 2026-08-16 223317.mp4,4,CONFIRMED_FROM_VIDEO
Herbs,8750.5,Port Antonio,203,,CONFIRMED_FROM_VIDEO,1,pooled_even_odd_wide,Princeton,Lebarde,,Screen Recording 2026-08-16 223317.mp4,5,CONFIRMED_FROM_VIDEO
Herbs,5298.4,Port Louis,152,,CONFIRMED_FROM_VIDEO,1,pooled_even_odd_wide,Princeton,Lebarde,,Screen Recording 2026-08-16 223317.mp4,6,CONFIRMED_FROM_VIDEO
Herbs,7391.2,Port Royal,183,,CONFIRMED_FROM_VIDEO,1,even_odd,Princeton,Lebarde,,Screen Recording 2026-08-16 223317.mp4,1,CONFIRMED_FROM_VIDEO
Herbs,6819.8,Port-Au-Croix,174,,CONFIRMED_FROM_VIDEO,1,pooled_even_odd_wide,Princeton,Lebarde,,Screen Recording 2026-08-16 223317.mp4,6,CONFIRMED_FROM_VIDEO
Herbs,11162.7,Puerto de San Fernando,238,,CONFIRMED_FROM_VIDEO,2,pooled_even_odd_wide,Princeton,Lebarde,,Screen Recording 2026-08-16 223317.mp4,6,CONFIRMED_FROM_VIDEO
Herbs,3344.9,Saint Vincent,123,,CONFIRMED_FROM_VIDEO,1,pooled_even_odd_wide,Princeton,Lebarde,,Screen Recording 2026-08-16 223317.mp4,8,CONFIRMED_FROM_VIDEO
Herbs,6065.4,Saint-Nicholas,163,,CONFIRMED_FROM_VIDEO,2,pooled_even_odd_wide,Princeton,Lebarde,,Screen Recording 2026-08-16 223317.mp4,4,CONFIRMED_FROM_VIDEO
Herbs,10526.2,Sainte Rose,229,,CONFIRMED_FROM_VIDEO,2,pooled_even_odd_wide,Princeton,Lebarde,,Screen Recording 2026-08-16 223317.mp4,4,CONFIRMED_FROM_VIDEO
Herbs,11031.8,San Polo,236,,CONFIRMED_FROM_VIDEO,2,pooled_even_odd_wide,Princeton,Lebarde,,Screen Recording 2026-08-16 223317.mp4,8,CONFIRMED_FROM_VIDEO
Herbs,11862.7,San Salvador,249,,CONFIRMED_FROM_VIDEO,2,pooled_even_odd_wide,Princeton,Lebarde,,Screen Recording 2026-08-16 223317.mp4,6,CONFIRMED_FROM_VIDEO
Herbs,8136.7,San Vito,194,,CONFIRMED_FROM_VIDEO,1,pooled_even_odd_wide,Princeton,Lebarde,,Screen Recording 2026-08-16 223317.mp4,6,CONFIRMED_FROM_VIDEO
Herbs,6234.0,Sandy Settlement,166,,CONFIRMED_FROM_VIDEO,2,pooled_even_odd_wide,Princeton,Lebarde,,Screen Recording 2026-08-16 223317.mp4,5,CONFIRMED_FROM_VIDEO
Herbs,12172.4,Santa Maria,253,,CONFIRMED_FROM_VIDEO,2,pooled_even_odd_wide,Princeton,Lebarde,,Screen Recording 2026-08-16 223317.mp4,6,CONFIRMED_FROM_VIDEO
Herbs,14194.7,Sao Bento,283,,CONFIRMED_FROM_VIDEO,2,pooled_even_odd_wide,Princeton,Lebarde,,Screen Recording 2026-08-16 223317.mp4,4,CONFIRMED_FROM_VIDEO
Herbs,4102.0,Snake Prosper,134,,CONFIRMED_FROM_VIDEO,1,pooled_even_odd_wide,Princeton,Lebarde,,Screen Recording 2026-08-16 223317.mp4,4,CONFIRMED_FROM_VIDEO
Herbs,4618.5,Sugar Cove,142,,CONFIRMED_FROM_VIDEO,1,pooled_even_odd_wide,Princeton,Lebarde,,Screen Recording 2026-08-16 223317.mp4,6,CONFIRMED_FROM_VIDEO
Herbs,4967.5,Taylor's Town,147,,CONFIRMED_FROM_VIDEO,1,pooled_even_odd_wide,Princeton,Lebarde,,Screen Recording 2026-08-16 223317.mp4,6,CONFIRMED_FROM_VIDEO
Herbs,8964.4,Theresa,206,,CONFIRMED_FROM_VIDEO,1,pooled_even_odd_wide,Princeton,Lebarde,,Screen Recording 2026-08-16 223317.mp4,4,CONFIRMED_FROM_VIDEO
Herbs,3910.0,Thresher Point,131,,CONFIRMED_FROM_VIDEO,1,pooled_even_odd_wide,Princeton,Lebarde,,Screen Recording 2026-08-16 223317.mp4,4,CONFIRMED_FROM_VIDEO
Herbs,10709.4,Venta Nueva,232,,CONFIRMED_FROM_VIDEO,2,pooled_even_odd_wide,Princeton,Lebarde,,Screen Recording 2026-08-16 223317.mp4,4,CONFIRMED_FROM_VIDEO
Herbs,9392.0,Villarreal Del Mar,212,,CONFIRMED_FROM_VIDEO,1,pooled_even_odd_wide,Princeton,Lebarde,,Screen Recording 2026-08-16 223317.mp4,4,CONFIRMED_FROM_VIDEO
Herbs,5199.0,White Hook,150,,CONFIRMED_FROM_VIDEO,1,pooled_even_odd_wide,Princeton,Lebarde,,Screen Recording 2026-08-16 223317.mp4,6,CONFIRMED_FROM_VIDEO
Herbs,7199.2,Wyntergard,180,,CONFIRMED_FROM_VIDEO,1,pooled_even_odd_wide,Princeton,Lebarde,,Screen Recording 2026-08-16 223317.mp4,6,CONFIRMED_FROM_VIDEO
Herbs,3290.0,Yorinobu's Settlement,122,,CONFIRMED_FROM_VIDEO,1,pooled_even_odd_wide,Princeton,Lebarde,,Screen Recording 2026-08-16 223317.mp4,5,CONFIRMED_FROM_VIDEO
Gazpacho,10820.0,Al-Jazair,233,,CONFIRMED_FROM_VIDEO,1,pooled_even_odd_wide,Puerto de San Fernando,San Salvador,,Screen Recording 2026-08-16 223317.mp4,4,CONFIRMED_FROM_VIDEO
Gazpacho,10917.9,Ashbourne,235,,CONFIRMED_FROM_VIDEO,1,pooled_even_odd_wide,Puerto de San Fernando,San Salvador,,Screen Recording 2026-08-16 223317.mp4,3,CONFIRMED_FROM_VIDEO
Gazpacho,8135.5,Belfry Heights,194,,CONFIRMED_FROM_VIDEO,1,pooled_even_odd_wide,Puerto de San Fernando,San Salvador,,Screen Recording 2026-08-16 223317.mp4,9,CONFIRMED_FROM_VIDEO
Gazpacho,9029.2,Bucket Bay,207,,CONFIRMED_FROM_VIDEO,2,pooled_even_odd_wide,Puerto de San Fernando,San Salvador,,Screen Recording 2026-08-16 223317.mp4,6,CONFIRMED_FROM_VIDEO
Gazpacho,13486.7,Caledonia,273,,CONFIRMED_FROM_VIDEO,2,pooled_even_odd_wide,Puerto de San Fernando,San Salvador,,Screen Recording 2026-08-16 223317.mp4,6,CONFIRMED_FROM_VIDEO
Gazpacho,12383.6,Castle Landing,256,,CONFIRMED_FROM_VIDEO,4,pooled_even_odd_wide,Puerto de San Fernando,San Salvador,,Screen Recording 2026-08-16 223317.mp4,2,CONFIRMED_FROM_VIDEO
Gazpacho,2936.4,Caveira,117,,CONFIRMED_FROM_VIDEO,1,pooled_even_odd_wide,Puerto de San Fernando,San Salvador,,Screen Recording 2026-08-16 223317.mp4,8,CONFIRMED_FROM_VIDEO
Gazpacho,7953.0,Caye Tiburon,191,,CONFIRMED_FROM_VIDEO,1,pooled_even_odd_wide,Puerto de San Fernando,San Salvador,,Screen Recording 2026-08-16 223317.mp4,8,CONFIRMED_FROM_VIDEO
Gazpacho,11262.3,Crownstead,240,,CONFIRMED_FROM_VIDEO,2,pooled_even_odd_wide,Puerto de San Fernando,San Salvador,,Screen Recording 2026-08-16 223317.mp4,4,CONFIRMED_FROM_VIDEO
Gazpacho,14969.9,Cumberland Hill,295,,CONFIRMED_FROM_VIDEO,2,pooled_even_odd_wide,Puerto de San Fernando,San Salvador,,Screen Recording 2026-08-16 223317.mp4,2,CONFIRMED_FROM_VIDEO
Gazpacho,13334.5,Deadman's Murcia,270,Selected from the two recorded directional readings using reciprocal-distance agreement and the origin's other observed Distance/Value rows. No distance was fabricated.,CONFIRMED_RECORDED_RECIPROCAL_AUDIT,1,pooled_even_odd_wide,Puerto de San Fernando,San Salvador,,Screen Recording 2026-08-16 223317.mp4,8,CONFIRMED_FROM_VIDEO
Gazpacho,10360.5,Fair Harbour,227,,CONFIRMED_FROM_VIDEO,2,pooled_even_odd_wide,Puerto de San Fernando,San Salvador,,Screen Recording 2026-08-16 223317.mp4,4,CONFIRMED_FROM_VIDEO
Gazpacho,3783.3,Falmouth,130,,CONFIRMED_FROM_VIDEO,1,pooled_even_odd_wide,Puerto de San Fernando,San Salvador,,Screen Recording 2026-08-16 223317.mp4,12,CONFIRMED_FROM_VIDEO
Gazpacho,12635.6,Gyldenvale,260,,CONFIRMED_FROM_VIDEO,2,pooled_even_odd_wide,Puerto de San Fernando,San Salvador,,Screen Recording 2026-08-16 223317.mp4,6,CONFIRMED_FROM_VIDEO
Gazpacho,14140.1,Jones' Outpost,282,,CONFIRMED_FROM_VIDEO,2,pooled_even_odd_wide,Puerto de San Fernando,San Salvador,,Screen Recording 2026-08-16 223317.mp4,6,CONFIRMED_FROM_VIDEO
Gazpacho,8971.7,Kandlerova,206,,CONFIRMED_FROM_VIDEO,1,pooled_even_odd_wide,Puerto de San Fernando,San Salvador,,Screen Recording 2026-08-16 223317.mp4,7,CONFIRMED_FROM_VIDEO
Gazpacho,8803.5,La Povenglia,204,,CONFIRMED_FROM_VIDEO,3,pooled_even_odd_wide,Puerto de San Fernando,San Salvador,,Screen Recording 2026-08-16 223317.mp4,10,CONFIRMED_FROM_VIDEO
Gazpacho,10884.4,Lebarde,234,,CONFIRMED_FROM_VIDEO,2,pooled_even_odd_wide,Puerto de San Fernando,San Salvador,,Screen Recording 2026-08-16 223317.mp4,4,CONFIRMED_FROM_VIDEO
Gazpacho,5692.4,Lord Irving's Sacrifice,158,,CONFIRMED_FROM_VIDEO,2,pooled_even_odd_wide,Puerto de San Fernando,San Salvador,,Screen Recording 2026-08-16 223317.mp4,6,CONFIRMED_FROM_VIDEO
Gazpacho,8285.1,Louisbourg,196,,CONFIRMED_FROM_VIDEO,2,pooled_even_odd_wide,Puerto de San Fernando,San Salvador,,Screen Recording 2026-08-16 223317.mp4,5,CONFIRMED_FROM_VIDEO
Gazpacho,4834.7,Madalena,145,,CONFIRMED_FROM_VIDEO,2,pooled_even_odd_wide,Puerto de San Fernando,San Salvador,,Screen Recording 2026-08-16 223317.mp4,6,CONFIRMED_FROM_VIDEO
Gazpacho,6380.8,Mako's Outlook,168,,CONFIRMED_FROM_VIDEO,1,pooled_even_odd_wide,Puerto de San Fernando,San Salvador,,Screen Recording 2026-08-16 223317.mp4,7,CONFIRMED_FROM_VIDEO
Gazpacho,8208.6,Matthew's Rest,195,,CONFIRMED_FROM_VIDEO,1,pooled_even_odd_wide,Puerto de San Fernando,San Salvador,,Screen Recording 2026-08-16 223317.mp4,7,CONFIRMED_FROM_VIDEO
Gazpacho,8061.2,Maurepas,193,,CONFIRMED_FROM_VIDEO,1,pooled_even_odd_wide,Puerto de San Fernando,San Salvador,,Screen Recording 2026-08-16 223317.mp4,9,CONFIRMED_FROM_VIDEO
Gazpacho,9201.6,New Brighton,209,,CONFIRMED_FROM_VIDEO,1,pooled_even_odd_wide,Puerto de San Fernando,San Salvador,,Screen Recording 2026-08-16 223317.mp4,6,CONFIRMED_FROM_VIDEO
Gazpacho,14795.6,New Catalina,292,,CONFIRMED_FROM_VIDEO,2,pooled_even_odd_wide,Puerto de San Fernando,San Salvador,,Screen Recording 2026-08-16 223317.mp4,6,CONFIRMED_FROM_VIDEO
Gazpacho,7199.4,Pachard Town,180,,CONFIRMED_FROM_VIDEO,2,pooled_even_odd_wide,Puerto de San Fernando,San Salvador,,Screen Recording 2026-08-16 223317.mp4,8,CONFIRMED_FROM_VIDEO
Gazpacho,10743.6,Peter's Cove,232,,CONFIRMED_FROM_VIDEO,2,pooled_even_odd_wide,Puerto de San Fernando,San Salvador,,Screen Recording 2026-08-16 223317.mp4,4,CONFIRMED_FROM_VIDEO
Gazpacho,9811.2,Petit Anvers,218,,CONFIRMED_FROM_VIDEO,1,pooled_even_odd_wide,Puerto de San Fernando,San Salvador,,Screen Recording 2026-08-16 223317.mp4,6,CONFIRMED_FROM_VIDEO
Gazpacho,2503.1,Poblado de San Juan,111,,CONFIRMED_FROM_VIDEO,2,pooled_even_odd_wide,Puerto de San Fernando,San Salvador,,Screen Recording 2026-08-16 223317.mp4,5,CONFIRMED_FROM_VIDEO
Gazpacho,5591.7,Point Rocheux,156,,CONFIRMED_FROM_VIDEO,1,pooled_even_odd_wide,Puerto de San Fernando,San Salvador,,Screen Recording 2026-08-16 223317.mp4,6,CONFIRMED_FROM_VIDEO
Gazpacho,6410.2,Ponta Delgada,168,,CONFIRMED_FROM_VIDEO,2,pooled_even_odd_wide,Puerto de San Fernando,San Salvador,,Screen Recording 2026-08-16 223317.mp4,7,CONFIRMED_FROM_VIDEO
Gazpacho,2672.3,Port Antonio,113,,CONFIRMED_FROM_VIDEO,1,pooled_even_odd_wide,Puerto de San Fernando,San Salvador,,Screen Recording 2026-08-16 223317.mp4,7,CONFIRMED_FROM_VIDEO
Gazpacho,10862.2,Port Louis,234,,CONFIRMED_FROM_VIDEO,2,pooled_even_odd_wide,Puerto de San Fernando,San Salvador,,Screen Recording 2026-08-16 223317.mp4,4,CONFIRMED_FROM_VIDEO
Gazpacho,3971.7,Port Royal,132,,CONFIRMED_FROM_VIDEO,1,pooled_even_odd_wide,Puerto de San Fernando,San Salvador,,Screen Recording 2026-08-16 223317.mp4,13,CONFIRMED_FROM_VIDEO
Gazpacho,6428.8,Port-Au-Croix,169,,CONFIRMED_FROM_VIDEO,1,pooled_even_odd_wide,Puerto de San Fernando,San Salvador,,Screen Recording 2026-08-16 223317.mp4,7,CONFIRMED_FROM_VIDEO
Gazpacho,11162.7,Princeton,238,,CONFIRMED_FROM_VIDEO,2,pooled_even_odd_wide,Puerto de San Fernando,San Salvador,,Screen Recording 2026-08-16 223317.mp4,4,CONFIRMED_FROM_VIDEO
Gazpacho,11171.2,Saint Vincent,239,,CONFIRMED_FROM_VIDEO,2,pooled_even_odd_wide,Puerto de San Fernando,San Salvador,,Screen Recording 2026-08-16 223317.mp4,4,CONFIRMED_FROM_VIDEO
Gazpacho,12222.0,Saint-Nicholas,254,,CONFIRMED_FROM_VIDEO,1,pooled_even_odd_wide,Puerto de San Fernando,San Salvador,,Screen Recording 2026-08-16 223317.mp4,6,CONFIRMED_FROM_VIDEO
Gazpacho,8380.3,Sainte Rose,197,,CONFIRMED_FROM_VIDEO,1,pooled_even_odd_wide,Puerto de San Fernando,San Salvador,,Screen Recording 2026-08-16 223317.mp4,7,CONFIRMED_FROM_VIDEO
Gazpacho,8638.0,San Polo,201,,CONFIRMED_FROM_VIDEO,1,pooled_even_odd_wide,Puerto de San Fernando,San Salvador,,Screen Recording 2026-08-16 223317.mp4,9,CONFIRMED_FROM_VIDEO
Gazpacho,4062.9,San Salvador,134,,CONFIRMED_FROM_VIDEO,1,pooled_even_odd_wide,Puerto de San Fernando,San Salvador,,Screen Recording 2026-08-16 223317.mp4,13,CONFIRMED_FROM_VIDEO
Gazpacho,7263.7,San Vito,181,,CONFIRMED_FROM_VIDEO,2,pooled_even_odd_wide,Puerto de San Fernando,San Salvador,,Screen Recording 2026-08-16 223317.mp4,5,CONFIRMED_FROM_VIDEO
Gazpacho,11811.8,Sandy Settlement,248,Selected from the two recorded directional readings using reciprocal-distance agreement and the origin's other observed Distance/Value rows. No distance was fabricated.,CONFIRMED_RECORDED_RECIPROCAL_AUDIT,1,pooled_even_odd_wide,Puerto de San Fernando,San Salvador,,Screen Recording 2026-08-16 223317.mp4,6,CONFIRMED_FROM_VIDEO
Gazpacho,2341.8,Santa Maria,108,,CONFIRMED_FROM_VIDEO,1,pooled_even_odd_wide,Puerto de San Fernando,San Salvador,,Screen Recording 2026-08-16 223317.mp4,6,CONFIRMED_FROM_VIDEO
Gazpacho,4638.6,Sao Bento,142,,CONFIRMED_FROM_VIDEO,1,pooled_even_odd_wide,Puerto de San Fernando,San Salvador,,Screen Recording 2026-08-16 223317.mp4,7,CONFIRMED_FROM_VIDEO
Gazpacho,13091.9,Snake Prosper,267,,CONFIRMED_FROM_VIDEO,2,pooled_even_odd_wide,Puerto de San Fernando,San Salvador,,Screen Recording 2026-08-16 223317.mp4,5,CONFIRMED_FROM_VIDEO
Gazpacho,15774.7,Sugar Cove,306,,CONFIRMED_FROM_VIDEO,2,pooled_even_odd_wide,Puerto de San Fernando,San Salvador,,Screen Recording 2026-08-16 223317.mp4,6,CONFIRMED_FROM_VIDEO
Gazpacho,12672.3,Taylor's Town,261,,CONFIRMED_FROM_VIDEO,2,pooled_even_odd_wide,Puerto de San Fernando,San Salvador,,Screen Recording 2026-08-16 223317.mp4,6,CONFIRMED_FROM_VIDEO
Gazpacho,2200.4,Theresa,106,,CONFIRMED_FROM_VIDEO,1,pooled_even_odd_wide,Puerto de San Fernando,San Salvador,,Screen Recording 2026-08-16 223317.mp4,6,CONFIRMED_FROM_VIDEO
Gazpacho,8752.3,Thresher Point,203,,CONFIRMED_FROM_VIDEO,1,pooled_even_odd_wide,Puerto de San Fernando,San Salvador,,Screen Recording 2026-08-16 223317.mp4,9,CONFIRMED_FROM_VIDEO
Gazpacho,3267.9,Venta Nueva,122,,CONFIRMED_FROM_VIDEO,1,pooled_even_odd_wide,Puerto de San Fernando,San Salvador,,Screen Recording 2026-08-16 223317.mp4,12,CONFIRMED_FROM_VIDEO
Gazpacho,3451.6,Villarreal Del Mar,125,,CONFIRMED_FROM_VIDEO,1,pooled_even_odd_wide,Puerto de San Fernando,San Salvador,,Screen Recording 2026-08-16 223317.mp4,12,CONFIRMED_FROM_VIDEO
Gazpacho,14196.5,White Hook,283,,CONFIRMED_FROM_VIDEO,2,pooled_even_odd_wide,Puerto de San Fernando,San Salvador,,Screen Recording 2026-08-16 223317.mp4,6,CONFIRMED_FROM_VIDEO
Gazpacho,12004.4,Wyntergard,251,,CONFIRMED_FROM_VIDEO,2,pooled_even_odd_wide,Puerto de San Fernando,San Salvador,,Screen Recording 2026-08-16 223317.mp4,4,CONFIRMED_FROM_VIDEO
Gazpacho,9146.8,Yorinobu's Settlement,209,,CONFIRMED_FROM_VIDEO,1,pooled_even_odd_wide,Puerto de San Fernando,San Salvador,,Screen Recording 2026-08-16 223317.mp4,5,CONFIRMED_FROM_VIDEO
Cheese,1395.3,Al-Jazair,98,,CONFIRMED_FROM_VIDEO,1,pooled_even_odd_wide,Saint Vincent,West Somerset,,Screen Recording 2026-08-16 223317.mp4,6,CONFIRMED_FROM_VIDEO
Cheese,3841.2,Ashbourne,135,,CONFIRMED_FROM_VIDEO,1,pooled_even_odd_wide,Saint Vincent,West Somerset,,Screen Recording 2026-08-16 223317.mp4,6,CONFIRMED_FROM_VIDEO
Cheese,7087.3,Belfry Heights,184,,CONFIRMED_FROM_VIDEO,1,pooled_even_odd_wide,Saint Vincent,West Somerset,,Screen Recording 2026-08-16 223317.mp4,5,CONFIRMED_FROM_VIDEO
Cheese,2494.6,Bucket Bay,114,,CONFIRMED_FROM_VIDEO,1,pooled_even_odd_wide,Saint Vincent,West Somerset,,Screen Recording 2026-08-16 223317.mp4,10,CONFIRMED_FROM_VIDEO
Cheese,2315.6,Caledonia,112,,CONFIRMED_FROM_VIDEO,1,pooled_even_odd_wide,Saint Vincent,West Somerset,,Screen Recording 2026-08-16 223317.mp4,7,CONFIRMED_FROM_VIDEO
Cheese,4796.2,Castle Landing,149,,CONFIRMED_FROM_VIDEO,3,pooled_even_odd_wide,Saint Vincent,West Somerset,,Screen Recording 2026-08-16 223317.mp4,4,CONFIRMED_FROM_VIDEO
Cheese,12864.3,Caveira,272,,CONFIRMED_FROM_VIDEO,2,pooled_even_odd_wide,Saint Vincent,West Somerset,,Screen Recording 2026-08-16 223317.mp4,8,CONFIRMED_FROM_VIDEO
Cheese,5551.7,Caye Tiburon,161,,CONFIRMED_FROM_VIDEO,1,pooled_even_odd_wide,Saint Vincent,West Somerset,,Screen Recording 2026-08-16 223317.mp4,6,CONFIRMED_FROM_VIDEO
Cheese,4629.2,Crownstead,147,,CONFIRMED_FROM_VIDEO,1,pooled_even_odd_wide,Saint Vincent,West Somerset,,Screen Recording 2026-08-16 223317.mp4,6,CONFIRMED_FROM_VIDEO
Cheese,5156.4,Cumberland Hill,155,,CONFIRMED_FROM_VIDEO,2,pooled_even_odd_wide,Saint Vincent,West Somerset,,Screen Recording 2026-08-16 223317.mp4,3,CONFIRMED_FROM_VIDEO
Cheese,2290.9,Deadman's Murcia,111,,CONFIRMED_FROM_VIDEO,2,pooled_even_odd_wide,Saint Vincent,West Somerset,,Screen Recording 2026-08-16 223317.mp4,7,CONFIRMED_FROM_VIDEO
Cheese,1543.8,Fair Harbour,100,,CONFIRMED_FROM_VIDEO,1,pooled_even_odd_wide,Saint Vincent,West Somerset,,Screen Recording 2026-08-16 223317.mp4,6,CONFIRMED_FROM_VIDEO
Cheese,7414.1,Falmouth,189,,CONFIRMED_FROM_VIDEO,1,pooled_even_odd_wide,Saint Vincent,West Somerset,,Screen Recording 2026-08-16 223317.mp4,6,CONFIRMED_FROM_VIDEO
Cheese,5173.4,Gyldenvale,155,,CONFIRMED_FROM_VIDEO,1,pooled_even_odd_wide,Saint Vincent,West Somerset,,Screen Recording 2026-08-16 223317.mp4,4,CONFIRMED_FROM_VIDEO
Cheese,4174.3,Jones' Outpost,140,,CONFIRMED_FROM_VIDEO,1,pooled_even_odd_wide,Saint Vincent,West Somerset,,Screen Recording 2026-08-16 223317.mp4,5,CONFIRMED_FROM_VIDEO
Cheese,14234.6,Kandlerova,293,,CONFIRMED_FROM_VIDEO,2,pooled_even_odd_wide,Saint Vincent,West Somerset,,Screen Recording 2026-08-16 223317.mp4,6,CONFIRMED_FROM_VIDEO
Cheese,11539.0,La Povenglia,252,,CONFIRMED_FROM_VIDEO,1,pooled_even_odd_wide,Saint Vincent,West Somerset,,Screen Recording 2026-08-16 223317.mp4,12,CONFIRMED_FROM_VIDEO
Cheese,5080.4,Lebarde,154,,CONFIRMED_FROM_VIDEO,1,pooled_even_odd_wide,Saint Vincent,West Somerset,,Screen Recording 2026-08-16 223317.mp4,4,CONFIRMED_FROM_VIDEO
Cheese,8235.6,Lord Irving's Sacrifice,202,,CONFIRMED_FROM_VIDEO,1,pooled_even_odd_wide,Saint Vincent,West Somerset,,Screen Recording 2026-08-16 223317.mp4,4,CONFIRMED_FROM_VIDEO
Cheese,6892.4,Louisbourg,181,,CONFIRMED_FROM_VIDEO,1,pooled_even_odd_wide,Saint Vincent,West Somerset,,Screen Recording 2026-08-16 223317.mp4,5,CONFIRMED_FROM_VIDEO
Cheese,14517.8,Madalena,298,,CONFIRMED_FROM_VIDEO,2,pooled_even_odd_wide,Saint Vincent,West Somerset,,Screen Recording 2026-08-16 223317.mp4,6,CONFIRMED_FROM_VIDEO
Cheese,8449.0,Mako's Outlook,205,,CONFIRMED_FROM_VIDEO,2,pooled_even_odd_wide,Saint Vincent,West Somerset,,Screen Recording 2026-08-16 223317.mp4,3,CONFIRMED_FROM_VIDEO
Cheese,3377.0,Matthew's Rest,128,,CONFIRMED_FROM_VIDEO,1,pooled_even_odd_wide,Saint Vincent,West Somerset,,Screen Recording 2026-08-16 223317.mp4,6,CONFIRMED_FROM_VIDEO
Cheese,6088.4,Maurepas,169,,CONFIRMED_FROM_VIDEO,1,pooled_even_odd_wide,Saint Vincent,West Somerset,,Screen Recording 2026-08-16 223317.mp4,6,CONFIRMED_FROM_VIDEO
Cheese,2549.1,New Brighton,115,,CONFIRMED_FROM_VIDEO,1,pooled_even_odd_wide,Saint Vincent,West Somerset,,Screen Recording 2026-08-16 223317.mp4,12,CONFIRMED_FROM_VIDEO
Cheese,5336.2,New Catalina,158,,CONFIRMED_FROM_VIDEO,1,pooled_even_odd_wide,Saint Vincent,West Somerset,,Screen Recording 2026-08-16 223317.mp4,5,CONFIRMED_FROM_VIDEO
Cheese,4298.8,Pachard Town,142,,CONFIRMED_FROM_VIDEO,1,pooled_even_odd_wide,Saint Vincent,West Somerset,,Screen Recording 2026-08-16 223317.mp4,6,CONFIRMED_FROM_VIDEO
Cheese,8681.5,Peter's Cove,209,,CONFIRMED_FROM_VIDEO,1,pooled_even_odd_wide,Saint Vincent,West Somerset,,Screen Recording 2026-08-16 223317.mp4,6,CONFIRMED_FROM_VIDEO
Cheese,7432.1,Petit Anvers,190,,CONFIRMED_FROM_VIDEO,1,pooled_even_odd_wide,Saint Vincent,West Somerset,,Screen Recording 2026-08-16 223317.mp4,6,CONFIRMED_FROM_VIDEO
Cheese,13140.0,Poblado de San Juan,277,,CONFIRMED_FROM_VIDEO,1,pooled_even_odd_wide,Saint Vincent,West Somerset,,Screen Recording 2026-08-16 223317.mp4,6,CONFIRMED_FROM_VIDEO
Cheese,6409.4,Point Rocheux,174,,CONFIRMED_FROM_VIDEO,1,pooled_even_odd_wide,Saint Vincent,West Somerset,,Screen Recording 2026-08-16 223317.mp4,5,CONFIRMED_FROM_VIDEO
Cheese,13726.7,Ponta Delgada,286,,CONFIRMED_FROM_VIDEO,2,pooled_even_odd_wide,Saint Vincent,West Somerset,,Screen Recording 2026-08-16 223317.mp4,6,CONFIRMED_FROM_VIDEO
Cheese,8513.0,Port Antonio,206,,CONFIRMED_FROM_VIDEO,1,pooled_even_odd_wide,Saint Vincent,West Somerset,,Screen Recording 2026-08-16 223317.mp4,6,CONFIRMED_FROM_VIDEO
Cheese,2052.6,Port Louis,108,,CONFIRMED_FROM_VIDEO,1,pooled_even_odd_wide,Saint Vincent,West Somerset,,Screen Recording 2026-08-16 223317.mp4,6,CONFIRMED_FROM_VIDEO
Cheese,8080.3,Port Royal,199,,CONFIRMED_FROM_VIDEO,1,pooled_even_odd_wide,Saint Vincent,West Somerset,,Screen Recording 2026-08-16 223317.mp4,4,CONFIRMED_FROM_VIDEO
Cheese,5327.0,Port-Au-Croix,157,,CONFIRMED_FROM_VIDEO,1,pooled_even_odd_wide,Saint Vincent,West Somerset,,Screen Recording 2026-08-16 223317.mp4,4,CONFIRMED_FROM_VIDEO
Cheese,3344.9,Princeton,127,,CONFIRMED_FROM_VIDEO,1,pooled_even_odd_wide,Saint Vincent,West Somerset,,Screen Recording 2026-08-16 223317.mp4,6,CONFIRMED_FROM_VIDEO
Cheese,11171.2,Puerto de San Fernando,247,,CONFIRMED_FROM_VIDEO,2,pooled_even_odd_wide,Saint Vincent,West Somerset,,Screen Recording 2026-08-16 223317.mp4,2,CONFIRMED_FROM_VIDEO
Cheese,9350.0,Saint-Nicholas,219,,CONFIRMED_FROM_VIDEO,1,pooled_even_odd_wide,Saint Vincent,West Somerset,,Screen Recording 2026-08-16 223317.mp4,5,CONFIRMED_FROM_VIDEO
Cheese,8072.1,Sainte Rose,199,,CONFIRMED_FROM_VIDEO,1,pooled_even_odd_wide,Saint Vincent,West Somerset,,Screen Recording 2026-08-16 223317.mp4,4,CONFIRMED_FROM_VIDEO
Cheese,13328.4,San Polo,280,,CONFIRMED_FROM_VIDEO,2,pooled_even_odd_wide,Saint Vincent,West Somerset,,Screen Recording 2026-08-16 223317.mp4,6,CONFIRMED_FROM_VIDEO
Cheese,12954.4,San Salvador,274,,CONFIRMED_FROM_VIDEO,2,pooled_even_odd_wide,Saint Vincent,West Somerset,,Screen Recording 2026-08-16 223317.mp4,6,CONFIRMED_FROM_VIDEO
Cheese,10310.0,San Vito,233,,CONFIRMED_FROM_VIDEO,1,pooled_even_odd_wide,Saint Vincent,West Somerset,,Screen Recording 2026-08-16 223317.mp4,8,CONFIRMED_FROM_VIDEO
Cheese,9467.2,Sandy Settlement,221,,CONFIRMED_FROM_VIDEO,1,pooled_even_odd_wide,Saint Vincent,West Somerset,,Screen Recording 2026-08-16 223317.mp4,5,CONFIRMED_FROM_VIDEO
Cheese,12731.9,Santa Maria,270,,CONFIRMED_FROM_VIDEO,2,pooled_even_odd_wide,Saint Vincent,West Somerset,,Screen Recording 2026-08-16 223317.mp4,8,CONFIRMED_FROM_VIDEO
Cheese,13164.3,Sao Bento,277,,CONFIRMED_FROM_VIDEO,2,pooled_even_odd_wide,Saint Vincent,West Somerset,,Screen Recording 2026-08-16 223317.mp4,6,CONFIRMED_FROM_VIDEO
Cheese,1920.7,Snake Prosper,106,,CONFIRMED_FROM_VIDEO,1,pooled_even_odd_wide,Saint Vincent,West Somerset,,Screen Recording 2026-08-16 223317.mp4,6,CONFIRMED_FROM_VIDEO
Cheese,6244.6,Sugar Cove,171,,CONFIRMED_FROM_VIDEO,1,pooled_even_odd_wide,Saint Vincent,West Somerset,,Screen Recording 2026-08-16 223317.mp4,5,CONFIRMED_FROM_VIDEO
Cheese,8310.3,Taylor's Town,203,,CONFIRMED_FROM_VIDEO,1,pooled_even_odd_wide,Saint Vincent,West Somerset,,Screen Recording 2026-08-16 223317.mp4,4,CONFIRMED_FROM_VIDEO
Cheese,9126.1,Theresa,215,,CONFIRMED_FROM_VIDEO,1,pooled_even_odd_wide,Saint Vincent,West Somerset,,Screen Recording 2026-08-16 223317.mp4,5,CONFIRMED_FROM_VIDEO
Cheese,6442.1,Thresher Point,174,,CONFIRMED_FROM_VIDEO,2,pooled_even_odd_wide,Saint Vincent,West Somerset,,Screen Recording 2026-08-16 223317.mp4,4,CONFIRMED_FROM_VIDEO
Cheese,9749.2,Venta Nueva,225,,CONFIRMED_FROM_VIDEO,1,pooled_even_odd_wide,Saint Vincent,West Somerset,,Screen Recording 2026-08-16 223317.mp4,5,CONFIRMED_FROM_VIDEO
Cheese,8528.7,Villarreal Del Mar,206,,CONFIRMED_FROM_VIDEO,1,pooled_even_odd_wide,Saint Vincent,West Somerset,,Screen Recording 2026-08-16 223317.mp4,3,CONFIRMED_FROM_VIDEO
Cheese,3059.6,White Hook,123,,CONFIRMED_FROM_VIDEO,1,pooled_even_odd_wide,Saint Vincent,West Somerset,,Screen Recording 2026-08-16 223317.mp4,12,CONFIRMED_FROM_VIDEO
Cheese,3863.6,Wyntergard,135,,CONFIRMED_FROM_VIDEO,1,pooled_even_odd_wide,Saint Vincent,West Somerset,,Screen Recording 2026-08-16 223317.mp4,6,CONFIRMED_FROM_VIDEO
Cheese,2069.8,Yorinobu's Settlement,108,,CONFIRMED_FROM_VIDEO,1,pooled_even_odd_wide,Saint Vincent,West Somerset,,Screen Recording 2026-08-16 223317.mp4,6,CONFIRMED_FROM_VIDEO
Cocoa,7954.8,Al-Jazair,207,,CONFIRMED_FROM_VIDEO,1,pooled_even_odd_wide,Saint-Nicholas,Saint-Nicholas,,Screen Recording 2026-08-16 223317.mp4,6,CONFIRMED_FROM_VIDEO
Cocoa,12790.8,Ashbourne,285,,CONFIRMED_FROM_VIDEO,2,pooled_even_odd_wide,Saint-Nicholas,Saint-Nicholas,,Screen Recording 2026-08-16 223317.mp4,4,CONFIRMED_FROM_VIDEO
Cocoa,4294.9,Belfry Heights,149,,CONFIRMED_FROM_VIDEO,1,pooled_even_odd_wide,Saint-Nicholas,Saint-Nicholas,,Screen Recording 2026-08-16 223317.mp4,7,CONFIRMED_FROM_VIDEO
Cocoa,10081.9,Bucket Bay,241,,CONFIRMED_FROM_VIDEO,2,pooled_even_odd_wide,Saint-Nicholas,Saint-Nicholas,,Screen Recording 2026-08-16 223317.mp4,2,CONFIRMED_FROM_VIDEO
Cocoa,10308.5,Caledonia,245,,CONFIRMED_FROM_VIDEO,2,pooled_even_odd_wide,Saint-Nicholas,Saint-Nicholas,,Screen Recording 2026-08-16 223317.mp4,2,CONFIRMED_FROM_VIDEO
Cocoa,5138.6,Castle Landing,162,,CONFIRMED_FROM_VIDEO,1,pooled_even_odd_wide,Saint-Nicholas,Saint-Nicholas,,Screen Recording 2026-08-16 223317.mp4,7,CONFIRMED_FROM_VIDEO
Cocoa,15089.1,Caveira,321,,CONFIRMED_FROM_VIDEO,2,pooled_even_odd_wide,Saint-Nicholas,Saint-Nicholas,,Screen Recording 2026-08-16 223317.mp4,6,CONFIRMED_FROM_VIDEO
Cocoa,5376.4,Caye Tiburon,166,,CONFIRMED_FROM_VIDEO,1,pooled_even_odd_wide,Saint-Nicholas,Saint-Nicholas,,Screen Recording 2026-08-16 223317.mp4,7,CONFIRMED_FROM_VIDEO
Cocoa,13603.8,Crownstead,298,,CONFIRMED_FROM_VIDEO,2,pooled_even_odd_wide,Saint-Nicholas,Saint-Nicholas,,Screen Recording 2026-08-16 223317.mp4,8,CONFIRMED_FROM_VIDEO
Cocoa,7809.5,Cumberland Hill,205,,CONFIRMED_FROM_VIDEO,2,pooled_even_odd_wide,Saint-Nicholas,Saint-Nicholas,,Screen Recording 2026-08-16 223317.mp4,4,CONFIRMED_FROM_VIDEO
Cocoa,10926.1,Deadman's Murcia,255,Selected from the two recorded directional readings using reciprocal-distance agreement and the origin's other observed Distance/Value rows. No distance was fabricated.,CONFIRMED_RECORDED_RECIPROCAL_AUDIT,1,pooled_even_odd_wide,Saint-Nicholas,Saint-Nicholas,,Screen Recording 2026-08-16 223317.mp4,2,CONFIRMED_FROM_VIDEO
Cocoa,10360.2,Fair Harbour,246,,CONFIRMED_FROM_VIDEO,2,pooled_even_odd_wide,Saint-Nicholas,Saint-Nicholas,,Screen Recording 2026-08-16 223317.mp4,4,CONFIRMED_FROM_VIDEO
Cocoa,10353.1,Falmouth,246,,CONFIRMED_FROM_VIDEO,2,pooled_even_odd_wide,Saint-Nicholas,Saint-Nicholas,,Screen Recording 2026-08-16 223317.mp4,4,CONFIRMED_FROM_VIDEO
Cocoa,14431.2,Gyldenvale,311,,CONFIRMED_FROM_VIDEO,2,pooled_even_odd_wide,Saint-Nicholas,Saint-Nicholas,,Screen Recording 2026-08-16 223317.mp4,6,CONFIRMED_FROM_VIDEO
Cocoa,7804.3,Jones' Outpost,205,,CONFIRMED_FROM_VIDEO,1,pooled_even_odd_wide,Saint-Nicholas,Saint-Nicholas,,Screen Recording 2026-08-16 223317.mp4,6,CONFIRMED_FROM_VIDEO
Cocoa,8239.4,Kandlerova,212,,CONFIRMED_FROM_VIDEO,1,pooled_even_odd_wide,Saint-Nicholas,Saint-Nicholas,,Screen Recording 2026-08-16 223317.mp4,6,CONFIRMED_FROM_VIDEO
Cocoa,5306.7,La Povenglia,165,,CONFIRMED_FROM_VIDEO,1,pooled_even_odd_wide,Saint-Nicholas,Saint-Nicholas,,Screen Recording 2026-08-16 223317.mp4,7,CONFIRMED_FROM_VIDEO
Cocoa,4271.5,Lebarde,148,,CONFIRMED_FROM_VIDEO,1,pooled_even_odd_wide,Saint-Nicholas,Saint-Nicholas,,Screen Recording 2026-08-16 223317.mp4,5,CONFIRMED_FROM_VIDEO
Cocoa,6533.2,Lord Irving's Sacrifice,185,,CONFIRMED_FROM_VIDEO,1,pooled_even_odd_wide,Saint-Nicholas,Saint-Nicholas,,Screen Recording 2026-08-16 223317.mp4,6,CONFIRMED_FROM_VIDEO
Cocoa,14132.6,Louisbourg,306,,CONFIRMED_FROM_VIDEO,2,pooled_even_odd_wide,Saint-Nicholas,Saint-Nicholas,,Screen Recording 2026-08-16 223317.mp4,8,CONFIRMED_FROM_VIDEO
Cocoa,17025.1,Madalena,352,,CONFIRMED_FROM_VIDEO,2,pooled_even_odd_wide,Saint-Nicholas,Saint-Nicholas,,Screen Recording 2026-08-16 223317.mp4,6,CONFIRMED_FROM_VIDEO
Cocoa,5848.0,Mako's Outlook,174,,CONFIRMED_FROM_VIDEO,2,pooled_even_odd_wide,Saint-Nicholas,Saint-Nicholas,,Screen Recording 2026-08-16 223317.mp4,5,CONFIRMED_FROM_VIDEO
Cocoa,10304.7,Matthew's Rest,245,,CONFIRMED_FROM_VIDEO,2,pooled_even_odd_wide,Saint-Nicholas,Saint-Nicholas,,Screen Recording 2026-08-16 223317.mp4,3,CONFIRMED_FROM_VIDEO
Cocoa,13278.5,Maurepas,292,,CONFIRMED_FROM_VIDEO,2,pooled_even_odd_wide,Saint-Nicholas,Saint-Nicholas,,Screen Recording 2026-08-16 223317.mp4,4,CONFIRMED_FROM_VIDEO
Cocoa,7488.2,New Brighton,200,,CONFIRMED_FROM_VIDEO,1,pooled_even_odd_wide,Saint-Nicholas,Saint-Nicholas,,Screen Recording 2026-08-16 223317.mp4,6,CONFIRMED_FROM_VIDEO
Cocoa,7278.6,New Catalina,196,,CONFIRMED_FROM_VIDEO,2,pooled_even_odd_wide,Saint-Nicholas,Saint-Nicholas,,Screen Recording 2026-08-16 223317.mp4,3,CONFIRMED_FROM_VIDEO
Cocoa,10311.2,Pachard Town,245,,CONFIRMED_FROM_VIDEO,2,pooled_even_odd_wide,Saint-Nicholas,Saint-Nicholas,,Screen Recording 2026-08-16 223317.mp4,4,CONFIRMED_FROM_VIDEO
Cocoa,1479.0,Peter's Cove,104,,CONFIRMED_FROM_VIDEO,1,pooled_even_odd_wide,Saint-Nicholas,Saint-Nicholas,,Screen Recording 2026-08-16 223317.mp4,3,CONFIRMED_FROM_VIDEO
Cocoa,15362.4,Petit Anvers,326,,CONFIRMED_FROM_VIDEO,2,pooled_even_odd_wide,Saint-Nicholas,Saint-Nicholas,,Screen Recording 2026-08-16 223317.mp4,6,CONFIRMED_FROM_VIDEO
Cocoa,12527.2,Poblado de San Juan,280,,CONFIRMED_FROM_VIDEO,2,pooled_even_odd_wide,Saint-Nicholas,Saint-Nicholas,,Screen Recording 2026-08-16 223317.mp4,4,CONFIRMED_FROM_VIDEO
Cocoa,11558.9,Point Rocheux,265,,CONFIRMED_FROM_VIDEO,2,pooled_even_odd_wide,Saint-Nicholas,Saint-Nicholas,,Screen Recording 2026-08-16 223317.mp4,2,CONFIRMED_FROM_VIDEO
Cocoa,17894.8,Ponta Delgada,366,,CONFIRMED_FROM_VIDEO,2,pooled_even_odd_wide,Saint-Nicholas,Saint-Nicholas,,Screen Recording 2026-08-16 223317.mp4,6,CONFIRMED_FROM_VIDEO
Cocoa,10783.6,Port Antonio,253,,CONFIRMED_FROM_VIDEO,2,pooled_even_odd_wide,Saint-Nicholas,Saint-Nicholas,,Screen Recording 2026-08-16 223317.mp4,4,CONFIRMED_FROM_VIDEO
Cocoa,11153.2,Port Louis,258,,CONFIRMED_FROM_VIDEO,4,pooled_even_odd_wide,Saint-Nicholas,Saint-Nicholas,,Screen Recording 2026-08-16 223317.mp4,1,CONFIRMED_FROM_VIDEO
Cocoa,8445.3,Port Royal,215,,CONFIRMED_FROM_VIDEO,2,pooled_even_odd_wide,Saint-Nicholas,Saint-Nicholas,,Screen Recording 2026-08-16 223317.mp4,4,CONFIRMED_FROM_VIDEO
Cocoa,10960.1,Port-Au-Croix,255,,CONFIRMED_FROM_VIDEO,1,pooled_even_odd_wide,Saint-Nicholas,Saint-Nicholas,,Screen Recording 2026-08-16 223317.mp4,2,CONFIRMED_FROM_VIDEO
Cocoa,6065.4,Princeton,177,,CONFIRMED_FROM_VIDEO,1,pooled_even_odd_wide,Saint-Nicholas,Saint-Nicholas,,Screen Recording 2026-08-16 223317.mp4,6,CONFIRMED_FROM_VIDEO
Cocoa,12222.0,Puerto de San Fernando,276,,CONFIRMED_FROM_VIDEO,1,pooled_even_odd_wide,Saint-Nicholas,Saint-Nicholas,,Screen Recording 2026-08-16 223317.mp4,6,CONFIRMED_FROM_VIDEO
Cocoa,9350.0,Saint Vincent,230,,CONFIRMED_FROM_VIDEO,1,pooled_even_odd_wide,Saint-Nicholas,Saint-Nicholas,,Screen Recording 2026-08-16 223317.mp4,4,CONFIRMED_FROM_VIDEO
Cocoa,15168.9,Sainte Rose,323,,CONFIRMED_FROM_VIDEO,2,pooled_even_odd_wide,Saint-Nicholas,Saint-Nicholas,,Screen Recording 2026-08-16 223317.mp4,6,CONFIRMED_FROM_VIDEO
Cocoa,7392.0,San Polo,198,,CONFIRMED_FROM_VIDEO,1,pooled_even_odd_wide,Saint-Nicholas,Saint-Nicholas,,Screen Recording 2026-08-16 223317.mp4,8,CONFIRMED_FROM_VIDEO
Cocoa,10789.9,San Salvador,253,,CONFIRMED_FROM_VIDEO,2,pooled_even_odd_wide,Saint-Nicholas,Saint-Nicholas,,Screen Recording 2026-08-16 223317.mp4,4,CONFIRMED_FROM_VIDEO
Cocoa,5695.2,San Vito,171,,CONFIRMED_FROM_VIDEO,1,pooled_even_odd_wide,Saint-Nicholas,Saint-Nicholas,,Screen Recording 2026-08-16 223317.mp4,7,CONFIRMED_FROM_VIDEO
Cocoa,543.6,Sandy Settlement,89,,CONFIRMED_FROM_VIDEO,1,pooled_even_odd_wide,Saint-Nicholas,Saint-Nicholas,,Screen Recording 2026-08-16 223317.mp4,3,CONFIRMED_FROM_VIDEO
Cocoa,12063.0,Santa Maria,273,,CONFIRMED_FROM_VIDEO,1,pooled_even_odd_wide,Saint-Nicholas,Saint-Nicholas,,Screen Recording 2026-08-16 223317.mp4,6,CONFIRMED_FROM_VIDEO
Cocoa,16460.7,Sao Bento,343,,CONFIRMED_FROM_VIDEO,2,pooled_even_odd_wide,Saint-Nicholas,Saint-Nicholas,,Screen Recording 2026-08-16 223317.mp4,6,CONFIRMED_FROM_VIDEO
Cocoa,10094.4,Snake Prosper,242,,CONFIRMED_FROM_VIDEO,2,pooled_even_odd_wide,Saint-Nicholas,Saint-Nicholas,,Screen Recording 2026-08-16 223317.mp4,2,CONFIRMED_FROM_VIDEO
Cocoa,7716.8,Sugar Cove,203,,CONFIRMED_FROM_VIDEO,1,pooled_even_odd_wide,Saint-Nicholas,Saint-Nicholas,,Screen Recording 2026-08-16 223317.mp4,6,CONFIRMED_FROM_VIDEO
Cocoa,1517.0,Taylor's Town,104,,CONFIRMED_FROM_VIDEO,1,pooled_even_odd_wide,Saint-Nicholas,Saint-Nicholas,,Screen Recording 2026-08-16 223317.mp4,3,CONFIRMED_FROM_VIDEO
Cocoa,10318.1,Theresa,245,,CONFIRMED_FROM_VIDEO,2,pooled_even_odd_wide,Saint-Nicholas,Saint-Nicholas,,Screen Recording 2026-08-16 223317.mp4,4,CONFIRMED_FROM_VIDEO
Cocoa,4060.5,Thresher Point,145,,CONFIRMED_FROM_VIDEO,1,pooled_even_odd_wide,Saint-Nicholas,Saint-Nicholas,,Screen Recording 2026-08-16 223317.mp4,3,CONFIRMED_FROM_VIDEO
Cocoa,13354.2,Venta Nueva,294,,CONFIRMED_FROM_VIDEO,2,pooled_even_odd_wide,Saint-Nicholas,Saint-Nicholas,,Screen Recording 2026-08-16 223317.mp4,10,CONFIRMED_FROM_VIDEO
Cocoa,12157.4,Villarreal Del Mar,275,Selected from the two recorded directional readings using reciprocal-distance agreement and the origin's other observed Distance/Value rows. No distance was fabricated.,CONFIRMED_RECORDED_RECIPROCAL_AUDIT,1,pooled_even_odd_wide,Saint-Nicholas,Saint-Nicholas,,Screen Recording 2026-08-16 223317.mp4,6,CONFIRMED_FROM_VIDEO
Cocoa,11088.0,White Hook,257,,CONFIRMED_FROM_VIDEO,1,pooled_even_odd_wide,Saint-Nicholas,Saint-Nicholas,,Screen Recording 2026-08-16 223317.mp4,6,CONFIRMED_FROM_VIDEO
Cocoa,13125.1,Wyntergard,290,,CONFIRMED_FROM_VIDEO,2,pooled_even_odd_wide,Saint-Nicholas,Saint-Nicholas,,Screen Recording 2026-08-16 223317.mp4,4,CONFIRMED_FROM_VIDEO
Cocoa,8562.7,Yorinobu's Settlement,217,,CONFIRMED_FROM_VIDEO,1,pooled_even_odd_wide,Saint-Nicholas,Saint-Nicholas,,Screen Recording 2026-08-16 223317.mp4,4,CONFIRMED_FROM_VIDEO
Lavender,8858.9,Al-Jazair,260,,CONFIRMED_FROM_SCREENSHOT,1,,Sainte Rose,Belle Isles,,Sainte Rose sell4.png,1,CONFIRMED_FROM_SCREENSHOT
Lavender,5009.7,Ashbourne,188,,CONFIRMED_FROM_SCREENSHOT,1,,Sainte Rose,Belle Isles,,Sainte Rose sell6.png; Sainte Rose sell7.png,2,CONFIRMED_FROM_SCREENSHOT
Lavender,11195.1,Belfry Heights,304,,CONFIRMED_FROM_SCREENSHOT,1,,Sainte Rose,Belle Isles,,Sainte Rose sell3.png,1,CONFIRMED_FROM_SCREENSHOT
Lavender,5812.9,Bucket Bay,203,,CONFIRMED_FROM_SCREENSHOT,1,,Sainte Rose,Belle Isles,,Sainte Rose sell5.png,1,CONFIRMED_FROM_SCREENSHOT
Lavender,9748.2,Caledonia,277,,CONFIRMED_FROM_SCREENSHOT,1,,Sainte Rose,Belle Isles,,Sainte Rose sell3.png,1,CONFIRMED_FROM_SCREENSHOT
Lavender,12192.4,Castle Landing,322,,CONFIRMED_FROM_SCREENSHOT,1,,Sainte Rose,Belle Isles,,Sainte Rose sell2.png,1,CONFIRMED_FROM_SCREENSHOT
Lavender,8038.0,Caveira,244,,CONFIRMED_FROM_SCREENSHOT,1,,Sainte Rose,Belle Isles,,Sainte Rose sell4.png,1,CONFIRMED_FROM_SCREENSHOT
Lavender,9818.9,Caye Tiburon,278,,CONFIRMED_FROM_SCREENSHOT,1,,Sainte Rose,Belle Isles,,Sainte Rose sell3.png,1,CONFIRMED_FROM_SCREENSHOT
Lavender,4731.6,Crownstead,182,,CONFIRMED_FROM_SCREENSHOT,1,,Sainte Rose,Belle Isles,,Sainte Rose sell6.png; Sainte Rose sell7.png,2,CONFIRMED_FROM_SCREENSHOT
Lavender,13225.6,Cumberland Hill,342,,CONFIRMED_FROM_SCREENSHOT,1,,Sainte Rose,Belle Isles,,Sainte Rose sell1.png,1,CONFIRMED_FROM_SCREENSHOT
Lavender,9131.1,Deadman's Murcia,265,,CONFIRMED_FROM_SCREENSHOT,1,,Sainte Rose,Belle Isles,,Sainte Rose sell4.png,1,CONFIRMED_FROM_SCREENSHOT
Lavender,6540.4,Fair Harbour,216,,CONFIRMED_FROM_SCREENSHOT,1,,Sainte Rose,Belle Isles,,Sainte Rose sell5.png,1,CONFIRMED_FROM_SCREENSHOT
Lavender,6032.8,Falmouth,207,,CONFIRMED_FROM_SCREENSHOT,1,,Sainte Rose,Belle Isles,,Sainte Rose sell5.png,1,CONFIRMED_FROM_SCREENSHOT
Lavender,5787.8,Gyldenvale,202,,CONFIRMED_FROM_SCREENSHOT,1,,Sainte Rose,Belle Isles,,Sainte Rose sell5.png,1,CONFIRMED_FROM_SCREENSHOT
Lavender,12241.7,Jones' Outpost,323,,CONFIRMED_FROM_SCREENSHOT,1,,Sainte Rose,Belle Isles,,Sainte Rose sell2.png,1,CONFIRMED_FROM_SCREENSHOT
Lavender,16051.3,Kandlerova,395,,CONFIRMED_FROM_SCREENSHOT,1,,Sainte Rose,Belle Isles,,Sainte Rose sell1.png,1,CONFIRMED_FROM_SCREENSHOT
Lavender,14534.7,La Povenglia,366,,CONFIRMED_FROM_SCREENSHOT,1,,Sainte Rose,Belle Isles,,Sainte Rose sell1.png,1,CONFIRMED_FROM_SCREENSHOT
Lavender,11592.3,Lebarde,311,,CONFIRMED_FROM_SCREENSHOT,1,,Sainte Rose,Belle Isles,,Sainte Rose sell2.png,1,CONFIRMED_FROM_SCREENSHOT
Lavender,10248.2,Lord Irving's Sacrifice,286,,CONFIRMED_FROM_SCREENSHOT,1,,Sainte Rose,Belle Isles,,Sainte Rose sell3.png,1,CONFIRMED_FROM_SCREENSHOT
Lavender,1183.4,Louisbourg,116,,CONFIRMED_FROM_SCREENSHOT,1,,Sainte Rose,Belle Isles,,Sainte Rose sell7.png,1,CONFIRMED_FROM_SCREENSHOT
Lavender,8865.7,Madalena,260,,CONFIRMED_FROM_SCREENSHOT,1,,Sainte Rose,Belle Isles,,Sainte Rose sell4.png,1,CONFIRMED_FROM_SCREENSHOT
Lavender,10946.6,Mako's Outlook,299,,CONFIRMED_FROM_SCREENSHOT,1,,Sainte Rose,Belle Isles,,Sainte Rose sell3.png,1,CONFIRMED_FROM_SCREENSHOT
Lavender,5180.4,Matthew's Rest,191,,CONFIRMED_FROM_SCREENSHOT,1,,Sainte Rose,Belle Isles,,Sainte Rose sell6.png,1,CONFIRMED_FROM_SCREENSHOT
Lavender,2038.0,Maurepas,132,,CONFIRMED_FROM_SCREENSHOT,1,,Sainte Rose,Belle Isles,,Sainte Rose sell6.png; Sainte Rose sell7.png,2,CONFIRMED_FROM_SCREENSHOT
Lavender,8183.3,New Brighton,247,,CONFIRMED_FROM_SCREENSHOT,1,,Sainte Rose,Belle Isles,,Sainte Rose sell4.png,1,CONFIRMED_FROM_SCREENSHOT
Lavender,13375.5,New Catalina,345,,CONFIRMED_FROM_SCREENSHOT,1,,Sainte Rose,Belle Isles,,Sainte Rose sell1.png,1,CONFIRMED_FROM_SCREENSHOT
Lavender,4889.0,Pachard Town,185,,CONFIRMED_FROM_SCREENSHOT,1,,Sainte Rose,Belle Isles,,Sainte Rose sell6.png; Sainte Rose sell7.png,2,CONFIRMED_FROM_SCREENSHOT
Lavender,13934.2,Peter's Cove,355,,CONFIRMED_FROM_SCREENSHOT,1,,Sainte Rose,Belle Isles,,Sainte Rose sell1.png,1,CONFIRMED_FROM_SCREENSHOT
Lavender,1653.5,Petit Anvers,125,,CONFIRMED_FROM_SCREENSHOT,1,,Sainte Rose,Belle Isles,,Sainte Rose sell6.png; Sainte Rose sell7.png,2,CONFIRMED_FROM_SCREENSHOT
Lavender,10878.3,Poblado de San Juan,298,,CONFIRMED_FROM_SCREENSHOT,1,,Sainte Rose,Belle Isles,,Sainte Rose sell3.png,1,CONFIRMED_FROM_SCREENSHOT
Lavender,3907.4,Point Rocheux,167,,CONFIRMED_FROM_SCREENSHOT,1,,Sainte Rose,Belle Isles,,Sainte Rose sell6.png; Sainte Rose sell7.png,2,CONFIRMED_FROM_SCREENSHOT
Lavender,6827.5,Ponta Delgada,222,,CONFIRMED_FROM_SCREENSHOT,1,,Sainte Rose,Belle Isles,,Sainte Rose sell5.png,1,CONFIRMED_FROM_SCREENSHOT
Lavender,6598.7,Port Antonio,217,,CONFIRMED_FROM_SCREENSHOT,1,,Sainte Rose,Belle Isles,,Sainte Rose sell5.png,1,CONFIRMED_FROM_SCREENSHOT
Lavender,6326.8,Port Louis,212,,CONFIRMED_FROM_SCREENSHOT,1,,Sainte Rose,Belle Isles,,Sainte Rose sell5.png,1,CONFIRMED_FROM_SCREENSHOT
Lavender,8498.5,Port Royal,253,,CONFIRMED_FROM_SCREENSHOT,1,,Sainte Rose,Belle Isles,,Sainte Rose sell4.png,1,CONFIRMED_FROM_SCREENSHOT
Lavender,4230.0,Port-Au-Croix,173,,CONFIRMED_FROM_SCREENSHOT,1,,Sainte Rose,Belle Isles,,Sainte Rose sell6.png; Sainte Rose sell7.png,2,CONFIRMED_FROM_SCREENSHOT
Lavender,10526.2,Princeton,291,,CONFIRMED_FROM_SCREENSHOT,1,,Sainte Rose,Belle Isles,,Sainte Rose sell3.png,1,CONFIRMED_FROM_SCREENSHOT
Lavender,8380.3,Puerto de San Fernando,251,,CONFIRMED_FROM_SCREENSHOT,1,,Sainte Rose,Belle Isles,,Sainte Rose sell4.png,1,CONFIRMED_FROM_SCREENSHOT
Lavender,8072.1,Saint Vincent,245,,CONFIRMED_FROM_SCREENSHOT,1,,Sainte Rose,Belle Isles,,Sainte Rose sell4.png,1,CONFIRMED_FROM_SCREENSHOT
Lavender,15168.9,Saint-Nicholas,378,,CONFIRMED_FROM_SCREENSHOT,1,,Sainte Rose,Belle Isles,,Sainte Rose sell1.png,1,CONFIRMED_FROM_SCREENSHOT
Lavender,15399.5,San Polo,382,,CONFIRMED_FROM_SCREENSHOT,1,,Sainte Rose,Belle Isles,,Sainte Rose sell1.png,1,CONFIRMED_FROM_SCREENSHOT
Lavender,12142.7,San Salvador,321,,CONFIRMED_FROM_SCREENSHOT,1,,Sainte Rose,Belle Isles,,Sainte Rose sell2.png,1,CONFIRMED_FROM_SCREENSHOT
Lavender,12833.7,San Vito,334,,CONFIRMED_FROM_SCREENSHOT,1,,Sainte Rose,Belle Isles,,Sainte Rose sell2.png,1,CONFIRMED_FROM_SCREENSHOT
Lavender,15025.0,Sandy Settlement,375,,CONFIRMED_FROM_SCREENSHOT,1,,Sainte Rose,Belle Isles,,Sainte Rose sell1.png,1,CONFIRMED_FROM_SCREENSHOT
Lavender,10710.5,Santa Maria,295,,CONFIRMED_FROM_SCREENSHOT,1,,Sainte Rose,Belle Isles,,Sainte Rose sell3.png,1,CONFIRMED_FROM_SCREENSHOT
Lavender,7191.2,Sao Bento,229,,CONFIRMED_FROM_SCREENSHOT,1,,Sainte Rose,Belle Isles,,Sainte Rose sell5.png,1,CONFIRMED_FROM_SCREENSHOT
Lavender,9457.5,Snake Prosper,271,,CONFIRMED_FROM_SCREENSHOT,1,,Sainte Rose,Belle Isles,,Sainte Rose sell4.png,1,CONFIRMED_FROM_SCREENSHOT
Lavender,14307.9,Sugar Cove,362,,CONFIRMED_FROM_SCREENSHOT,1,,Sainte Rose,Belle Isles,,Sainte Rose sell1.png,1,CONFIRMED_FROM_SCREENSHOT
Lavender,14730.0,Taylor's Town,370,,CONFIRMED_FROM_SCREENSHOT,1,,Sainte Rose,Belle Isles,,Sainte Rose sell1.png,1,CONFIRMED_FROM_SCREENSHOT
Lavender,7733.2,Theresa,239,,CONFIRMED_FROM_SCREENSHOT,1,,Sainte Rose,Belle Isles,,Sainte Rose sell4.png,1,CONFIRMED_FROM_SCREENSHOT
Lavender,11156.4,Thresher Point,303,,CONFIRMED_FROM_SCREENSHOT,1,,Sainte Rose,Belle Isles,,Sainte Rose sell3.png,1,CONFIRMED_FROM_SCREENSHOT
Lavender,5197.9,Venta Nueva,191,,CONFIRMED_FROM_SCREENSHOT,1,,Sainte Rose,Belle Isles,,Sainte Rose sell6.png; Sainte Rose sell7.png,2,CONFIRMED_FROM_SCREENSHOT
Lavender,5058.1,Villarreal Del Mar,189,,CONFIRMED_FROM_SCREENSHOT,1,,Sainte Rose,Belle Isles,,Sainte Rose sell6.png; Sainte Rose sell7.png,2,CONFIRMED_FROM_SCREENSHOT
Lavender,10030.8,White Hook,282,,CONFIRMED_FROM_SCREENSHOT,1,,Sainte Rose,Belle Isles,,Sainte Rose sell3.png,1,CONFIRMED_FROM_SCREENSHOT
Lavender,5966.5,Wyntergard,206,,CONFIRMED_FROM_SCREENSHOT,1,,Sainte Rose,Belle Isles,,Sainte Rose sell5.png,1,CONFIRMED_FROM_SCREENSHOT
Lavender,7236.3,Yorinobu's Settlement,229,,CONFIRMED_FROM_SCREENSHOT,1,,Sainte Rose,Belle Isles,,Sainte Rose sell5.png,1,CONFIRMED_FROM_SCREENSHOT
Glass,12165.3,Al-Jazair,257,,CONFIRMED_FROM_VIDEO,2,pooled_even_odd_wide,San Polo,San Polo,,Screen Recording 2026-08-16 223317.mp4,6,CONFIRMED_FROM_VIDEO
Glass,15423.4,Ashbourne,306,,CONFIRMED_FROM_VIDEO,2,pooled_even_odd_wide,San Polo,San Polo,,Screen Recording 2026-08-16 223317.mp4,6,CONFIRMED_FROM_VIDEO
Glass,6337.5,Belfry Heights,170,,CONFIRMED_FROM_VIDEO,1,pooled_even_odd_wide,San Polo,San Polo,,Screen Recording 2026-08-16 223317.mp4,9,CONFIRMED_FROM_VIDEO
Glass,12585.1,Bucket Bay,264,,CONFIRMED_FROM_VIDEO,2,pooled_even_odd_wide,San Polo,San Polo,,Screen Recording 2026-08-16 223317.mp4,4,CONFIRMED_FROM_VIDEO
Glass,15187.8,Caledonia,303,,CONFIRMED_FROM_VIDEO,2,pooled_even_odd_wide,San Polo,San Polo,,Screen Recording 2026-08-16 223317.mp4,6,CONFIRMED_FROM_VIDEO
Glass,11113.1,Castle Landing,242,,CONFIRMED_FROM_VIDEO,2,pooled_even_odd_wide,San Polo,San Polo,,Screen Recording 2026-08-16 223317.mp4,4,CONFIRMED_FROM_VIDEO
Glass,11402.1,Caveira,246,,CONFIRMED_FROM_VIDEO,1,pooled_even_odd_wide,San Polo,San Polo,,Screen Recording 2026-08-16 223317.mp4,2,CONFIRMED_FROM_VIDEO
Glass,7781.3,Caye Tiburon,192,,CONFIRMED_FROM_VIDEO,1,pooled_even_odd_wide,San Polo,San Polo,,Screen Recording 2026-08-16 223317.mp4,6,CONFIRMED_FROM_VIDEO
Glass,16107.0,Crownstead,317,,CONFIRMED_FROM_VIDEO,1,pooled_even_odd_wide,San Polo,San Polo,,Screen Recording 2026-08-16 223317.mp4,8,CONFIRMED_FROM_VIDEO
Glass,14210.9,Cumberland Hill,288,,CONFIRMED_FROM_VIDEO,2,pooled_even_odd_wide,San Polo,San Polo,,Screen Recording 2026-08-16 223317.mp4,2,CONFIRMED_FROM_VIDEO
Glass,15512.1,Deadman's Murcia,308,Selected from the two recorded directional readings using reciprocal-distance agreement and the origin's other observed Distance/Value rows. No distance was fabricated.,CONFIRMED_RECORDED_RECIPROCAL_AUDIT,1,pooled_even_odd_wide,San Polo,San Polo,,Screen Recording 2026-08-16 223317.mp4,8,CONFIRMED_FROM_VIDEO
Glass,13549.8,Fair Harbour,278,,CONFIRMED_FROM_VIDEO,3,pooled_even_odd_wide,San Polo,San Polo,,Screen Recording 2026-08-16 223317.mp4,5,CONFIRMED_FROM_VIDEO
Glass,9370.2,Falmouth,216,,CONFIRMED_FROM_VIDEO,1,pooled_even_odd_wide,San Polo,San Polo,,Screen Recording 2026-08-16 223317.mp4,6,CONFIRMED_FROM_VIDEO
Glass,17331.7,Gyldenvale,335,,CONFIRMED_FROM_VIDEO,2,pooled_even_odd_wide,San Polo,San Polo,,Screen Recording 2026-08-16 223317.mp4,4,CONFIRMED_FROM_VIDEO
Glass,13837.5,Jones' Outpost,283,,CONFIRMED_FROM_VIDEO,2,pooled_even_odd_wide,San Polo,San Polo,,Screen Recording 2026-08-16 223317.mp4,4,CONFIRMED_FROM_VIDEO
Glass,938.8,Kandlerova,89,,CONFIRMED_FROM_VIDEO,1,pooled_even_odd_wide,San Polo,San Polo,,Screen Recording 2026-08-16 223317.mp4,3,CONFIRMED_FROM_VIDEO
Glass,2148.1,La Povenglia,107,,CONFIRMED_FROM_VIDEO,1,pooled_even_odd_wide,San Polo,San Polo,,Screen Recording 2026-08-16 223317.mp4,3,CONFIRMED_FROM_VIDEO
Glass,9512.2,Lebarde,218,,CONFIRMED_FROM_VIDEO,1,pooled_even_odd_wide,San Polo,San Polo,,Screen Recording 2026-08-16 223317.mp4,6,CONFIRMED_FROM_VIDEO
Glass,5450.2,Lord Irving's Sacrifice,157,,CONFIRMED_FROM_VIDEO,1,pooled_even_odd_wide,San Polo,San Polo,,Screen Recording 2026-08-16 223317.mp4,6,CONFIRMED_FROM_VIDEO
Glass,14765.7,Louisbourg,296,,CONFIRMED_FROM_VIDEO,3,pooled_even_odd_wide,San Polo,San Polo,,Screen Recording 2026-08-16 223317.mp4,4,CONFIRMED_FROM_VIDEO
Glass,13079.9,Madalena,271,,CONFIRMED_FROM_VIDEO,3,pooled_even_odd_wide,San Polo,San Polo,,Screen Recording 2026-08-16 223317.mp4,3,CONFIRMED_FROM_VIDEO
Glass,4985.7,Mako's Outlook,150,,CONFIRMED_FROM_VIDEO,1,pooled_even_odd_wide,San Polo,San Polo,,Screen Recording 2026-08-16 223317.mp4,7,CONFIRMED_FROM_VIDEO
Glass,12247.2,Matthew's Rest,259,,CONFIRMED_FROM_VIDEO,2,pooled_even_odd_wide,San Polo,San Polo,,Screen Recording 2026-08-16 223317.mp4,6,CONFIRMED_FROM_VIDEO
Glass,14129.6,Maurepas,287,,CONFIRMED_FROM_VIDEO,2,pooled_even_odd_wide,San Polo,San Polo,,Screen Recording 2026-08-16 223317.mp4,4,CONFIRMED_FROM_VIDEO
Glass,10791.5,New Brighton,237,,CONFIRMED_FROM_VIDEO,2,pooled_even_odd_wide,San Polo,San Polo,,Screen Recording 2026-08-16 223317.mp4,4,CONFIRMED_FROM_VIDEO
Glass,13768.3,New Catalina,282,,CONFIRMED_FROM_VIDEO,2,pooled_even_odd_wide,San Polo,San Polo,,Screen Recording 2026-08-16 223317.mp4,4,CONFIRMED_FROM_VIDEO
Glass,11628.4,Pachard Town,249,,CONFIRMED_FROM_VIDEO,2,pooled_even_odd_wide,San Polo,San Polo,,Screen Recording 2026-08-16 223317.mp4,6,CONFIRMED_FROM_VIDEO
Glass,6451.0,Peter's Cove,172,,CONFIRMED_FROM_VIDEO,1,pooled_even_odd_wide,San Polo,San Polo,,Screen Recording 2026-08-16 223317.mp4,9,CONFIRMED_FROM_VIDEO
Glass,16326.8,Petit Anvers,320,,CONFIRMED_FROM_VIDEO,2,pooled_even_odd_wide,San Polo,San Polo,,Screen Recording 2026-08-16 223317.mp4,4,CONFIRMED_FROM_VIDEO
Glass,7469.2,Poblado de San Juan,187,,CONFIRMED_FROM_VIDEO,2,pooled_even_odd_wide,San Polo,San Polo,,Screen Recording 2026-08-16 223317.mp4,4,CONFIRMED_FROM_VIDEO
Glass,11549.5,Point Rocheux,248,,CONFIRMED_FROM_VIDEO,1,pooled_even_odd_wide,San Polo,San Polo,,Screen Recording 2026-08-16 223317.mp4,2,CONFIRMED_FROM_VIDEO
Glass,15044.4,Ponta Delgada,301,,CONFIRMED_FROM_VIDEO,2,pooled_even_odd_wide,San Polo,San Polo,,Screen Recording 2026-08-16 223317.mp4,8,CONFIRMED_FROM_VIDEO
Glass,8981.8,Port Antonio,210,,CONFIRMED_FROM_VIDEO,1,pooled_even_odd_wide,San Polo,San Polo,,Screen Recording 2026-08-16 223317.mp4,6,CONFIRMED_FROM_VIDEO
Glass,14352.7,Port Louis,290,,CONFIRMED_FROM_VIDEO,2,pooled_even_odd_wide,San Polo,San Polo,,Screen Recording 2026-08-16 223317.mp4,4,CONFIRMED_FROM_VIDEO
Glass,6908.5,Port Royal,179,,CONFIRMED_FROM_VIDEO,1,pooled_even_odd_wide,San Polo,San Polo,,Screen Recording 2026-08-16 223317.mp4,6,CONFIRMED_FROM_VIDEO
Glass,11627.6,Port-Au-Croix,249,,CONFIRMED_FROM_VIDEO,2,pooled_even_odd_wide,San Polo,San Polo,,Screen Recording 2026-08-16 223317.mp4,6,CONFIRMED_FROM_VIDEO
Glass,11031.8,Princeton,240,,CONFIRMED_FROM_VIDEO,2,pooled_even_odd_wide,San Polo,San Polo,,Screen Recording 2026-08-16 223317.mp4,6,CONFIRMED_FROM_VIDEO
Glass,8638.0,Puerto de San Fernando,205,,CONFIRMED_FROM_VIDEO,1,pooled_even_odd_wide,San Polo,San Polo,,Screen Recording 2026-08-16 223317.mp4,7,CONFIRMED_FROM_VIDEO
Glass,13328.4,Saint Vincent,275,,CONFIRMED_FROM_VIDEO,2,pooled_even_odd_wide,San Polo,San Polo,,Screen Recording 2026-08-16 223317.mp4,5,CONFIRMED_FROM_VIDEO
Glass,7392.0,Saint-Nicholas,186,,CONFIRMED_FROM_VIDEO,1,pooled_even_odd_wide,San Polo,San Polo,,Screen Recording 2026-08-16 223317.mp4,6,CONFIRMED_FROM_VIDEO
Glass,15399.5,Sainte Rose,306,,CONFIRMED_FROM_VIDEO,2,pooled_even_odd_wide,San Polo,San Polo,,Screen Recording 2026-08-16 223317.mp4,6,CONFIRMED_FROM_VIDEO
Glass,5170.3,San Salvador,153,,CONFIRMED_FROM_VIDEO,1,pooled_even_odd_wide,San Polo,San Polo,,Screen Recording 2026-08-16 223317.mp4,7,CONFIRMED_FROM_VIDEO
Glass,3023.1,San Vito,120,,CONFIRMED_FROM_VIDEO,1,pooled_even_odd_wide,San Polo,San Polo,,Screen Recording 2026-08-16 223317.mp4,7,CONFIRMED_FROM_VIDEO
Glass,6849.8,Sandy Settlement,178,,CONFIRMED_FROM_VIDEO,1,pooled_even_odd_wide,San Polo,San Polo,,Screen Recording 2026-08-16 223317.mp4,6,CONFIRMED_FROM_VIDEO
Glass,7138.8,Santa Maria,182,,CONFIRMED_FROM_VIDEO,1,pooled_even_odd_wide,San Polo,San Polo,,Screen Recording 2026-08-16 223317.mp4,6,CONFIRMED_FROM_VIDEO
Glass,13242.5,Sao Bento,274,,CONFIRMED_FROM_VIDEO,2,pooled_even_odd_wide,San Polo,San Polo,,Screen Recording 2026-08-16 223317.mp4,4,CONFIRMED_FROM_VIDEO
Glass,14848.8,Snake Prosper,298,,CONFIRMED_FROM_VIDEO,2,pooled_even_odd_wide,San Polo,San Polo,,Screen Recording 2026-08-16 223317.mp4,6,CONFIRMED_FROM_VIDEO
Glass,14467.2,Sugar Cove,292,,CONFIRMED_FROM_VIDEO,2,pooled_even_odd_wide,San Polo,San Polo,,Screen Recording 2026-08-16 223317.mp4,4,CONFIRMED_FROM_VIDEO
Glass,8717.5,Taylor's Town,206,,CONFIRMED_FROM_VIDEO,1,pooled_even_odd_wide,San Polo,San Polo,,Screen Recording 2026-08-16 223317.mp4,6,CONFIRMED_FROM_VIDEO
Glass,7926.6,Theresa,194,,CONFIRMED_FROM_VIDEO,1,pooled_even_odd_wide,San Polo,San Polo,,Screen Recording 2026-08-16 223317.mp4,6,CONFIRMED_FROM_VIDEO
Glass,7126.6,Thresher Point,182,,CONFIRMED_FROM_VIDEO,1,pooled_even_odd_wide,San Polo,San Polo,,Screen Recording 2026-08-16 223317.mp4,6,CONFIRMED_FROM_VIDEO
Glass,11334.8,Venta Nueva,245,,CONFIRMED_FROM_VIDEO,2,pooled_even_odd_wide,San Polo,San Polo,,Screen Recording 2026-08-16 223317.mp4,4,CONFIRMED_FROM_VIDEO
Glass,10678.9,Villarreal Del Mar,235,,CONFIRMED_FROM_VIDEO,2,pooled_even_odd_wide,San Polo,San Polo,,Screen Recording 2026-08-16 223317.mp4,1,CONFIRMED_FROM_VIDEO
Glass,16042.5,White Hook,316,,CONFIRMED_FROM_VIDEO,2,pooled_even_odd_wide,San Polo,San Polo,,Screen Recording 2026-08-16 223317.mp4,6,CONFIRMED_FROM_VIDEO
Glass,16211.4,Wyntergard,318,,CONFIRMED_FROM_VIDEO,2,pooled_even_odd_wide,San Polo,San Polo,,Screen Recording 2026-08-16 223317.mp4,4,CONFIRMED_FROM_VIDEO
Glass,11566.4,Yorinobu's Settlement,248,,CONFIRMED_FROM_VIDEO,2,pooled_even_odd_wide,San Polo,San Polo,,Screen Recording 2026-08-16 223317.mp4,4,CONFIRMED_FROM_VIDEO
Paella,12196.5,Al-Jazair,271,,CONFIRMED_FROM_VIDEO,2,pooled_even_odd_wide,San Salvador,San Salvador,,Screen Recording 2026-08-16 223317.mp4,6,CONFIRMED_FROM_VIDEO
Paella,13749.9,Ashbourne,295,,CONFIRMED_FROM_VIDEO,2,pooled_even_odd_wide,San Salvador,San Salvador,,Screen Recording 2026-08-16 223317.mp4,6,CONFIRMED_FROM_VIDEO
Paella,7592.0,Belfry Heights,198,,CONFIRMED_FROM_VIDEO,2,pooled_even_odd_wide,San Salvador,San Salvador,,Screen Recording 2026-08-16 223317.mp4,12,CONFIRMED_FROM_VIDEO
Paella,11322.7,Bucket Bay,257,,CONFIRMED_FROM_VIDEO,2,pooled_even_odd_wide,San Salvador,San Salvador,,Screen Recording 2026-08-16 223317.mp4,4,CONFIRMED_FROM_VIDEO
Paella,15185.6,Caledonia,318,,CONFIRMED_FROM_VIDEO,2,pooled_even_odd_wide,San Salvador,San Salvador,,Screen Recording 2026-08-16 223317.mp4,8,CONFIRMED_FROM_VIDEO
Paella,12638.8,Castle Landing,278,,CONFIRMED_FROM_VIDEO,2,pooled_even_odd_wide,San Salvador,San Salvador,,Screen Recording 2026-08-16 223317.mp4,4,CONFIRMED_FROM_VIDEO
Paella,6452.2,Caveira,180,,CONFIRMED_FROM_VIDEO,1,pooled_even_odd_wide,San Salvador,San Salvador,,Screen Recording 2026-08-16 223317.mp4,7,CONFIRMED_FROM_VIDEO
Paella,8225.6,Caye Tiburon,208,,CONFIRMED_FROM_VIDEO,1,pooled_even_odd_wide,San Salvador,San Salvador,,Screen Recording 2026-08-16 223317.mp4,9,CONFIRMED_FROM_VIDEO
Paella,14252.6,Crownstead,303,,CONFIRMED_FROM_VIDEO,2,pooled_even_odd_wide,San Salvador,San Salvador,,Screen Recording 2026-08-16 223317.mp4,6,CONFIRMED_FROM_VIDEO
Paella,15612.7,Cumberland Hill,325,,CONFIRMED_FROM_VIDEO,2,pooled_even_odd_wide,San Salvador,San Salvador,,Screen Recording 2026-08-16 223317.mp4,3,CONFIRMED_FROM_VIDEO
Paella,15241.4,Deadman's Murcia,319,Selected from the two recorded directional readings using reciprocal-distance agreement and the origin's other observed Distance/Value rows. No distance was fabricated.,CONFIRMED_RECORDED_RECIPROCAL_AUDIT,1,pooled_even_odd_wide,San Salvador,San Salvador,,Screen Recording 2026-08-16 223317.mp4,12,CONFIRMED_FROM_VIDEO
Paella,12572.4,Fair Harbour,277,,CONFIRMED_FROM_VIDEO,2,pooled_even_odd_wide,San Salvador,San Salvador,,Screen Recording 2026-08-16 223317.mp4,6,CONFIRMED_FROM_VIDEO
Paella,6524.5,Falmouth,182,,CONFIRMED_FROM_VIDEO,1,pooled_even_odd_wide,San Salvador,San Salvador,,Screen Recording 2026-08-16 223317.mp4,9,CONFIRMED_FROM_VIDEO
Paella,15609.1,Gyldenvale,325,,CONFIRMED_FROM_VIDEO,2,pooled_even_odd_wide,San Salvador,San Salvador,,Screen Recording 2026-08-16 223317.mp4,6,CONFIRMED_FROM_VIDEO
Paella,14953.6,Jones' Outpost,314,,CONFIRMED_FROM_VIDEO,2,pooled_even_odd_wide,San Salvador,San Salvador,,Screen Recording 2026-08-16 223317.mp4,8,CONFIRMED_FROM_VIDEO
Paella,5250.2,Kandlerova,161,,CONFIRMED_FROM_VIDEO,1,pooled_even_odd_wide,San Salvador,San Salvador,,Screen Recording 2026-08-16 223317.mp4,8,CONFIRMED_FROM_VIDEO
Paella,6107.8,La Povenglia,175,,CONFIRMED_FROM_VIDEO,1,pooled_even_odd_wide,San Salvador,San Salvador,,Screen Recording 2026-08-16 223317.mp4,7,CONFIRMED_FROM_VIDEO
Paella,10963.9,Lebarde,251,,CONFIRMED_FROM_VIDEO,1,pooled_even_odd_wide,San Salvador,San Salvador,,Screen Recording 2026-08-16 223317.mp4,2,CONFIRMED_FROM_VIDEO
Paella,5189.4,Lord Irving's Sacrifice,160,,CONFIRMED_FROM_VIDEO,2,pooled_even_odd_wide,San Salvador,San Salvador,,Screen Recording 2026-08-16 223317.mp4,4,CONFIRMED_FROM_VIDEO
Paella,11843.2,Louisbourg,265,,CONFIRMED_FROM_VIDEO,1,pooled_even_odd_wide,San Salvador,San Salvador,,Screen Recording 2026-08-16 223317.mp4,2,CONFIRMED_FROM_VIDEO
Paella,7990.8,Madalena,205,,CONFIRMED_FROM_VIDEO,1,pooled_even_odd_wide,San Salvador,San Salvador,,Screen Recording 2026-08-16 223317.mp4,7,CONFIRMED_FROM_VIDEO
Paella,5475.0,Mako's Outlook,165,,CONFIRMED_FROM_VIDEO,1,pooled_even_odd_wide,San Salvador,San Salvador,,Screen Recording 2026-08-16 223317.mp4,7,CONFIRMED_FROM_VIDEO
Paella,10669.9,Matthew's Rest,247,,CONFIRMED_FROM_VIDEO,1,pooled_even_odd_wide,San Salvador,San Salvador,,Screen Recording 2026-08-16 223317.mp4,2,CONFIRMED_FROM_VIDEO
Paella,11442.3,Maurepas,259,,CONFIRMED_FROM_VIDEO,2,pooled_even_odd_wide,San Salvador,San Salvador,,Screen Recording 2026-08-16 223317.mp4,4,CONFIRMED_FROM_VIDEO
Paella,10552.7,New Brighton,245,,CONFIRMED_FROM_VIDEO,3,pooled_even_odd_wide,San Salvador,San Salvador,,Screen Recording 2026-08-16 223317.mp4,2,CONFIRMED_FROM_VIDEO
Paella,15306.2,New Catalina,320,,CONFIRMED_FROM_VIDEO,2,pooled_even_odd_wide,San Salvador,San Salvador,,Screen Recording 2026-08-16 223317.mp4,6,CONFIRMED_FROM_VIDEO
Paella,9764.8,Pachard Town,233,,CONFIRMED_FROM_VIDEO,1,pooled_even_odd_wide,San Salvador,San Salvador,,Screen Recording 2026-08-16 223317.mp4,7,CONFIRMED_FROM_VIDEO
Paella,9421.0,Peter's Cove,227,,CONFIRMED_FROM_VIDEO,1,pooled_even_odd_wide,San Salvador,San Salvador,,Screen Recording 2026-08-16 223317.mp4,7,CONFIRMED_FROM_VIDEO
Paella,13425.7,Petit Anvers,290,,CONFIRMED_FROM_VIDEO,2,pooled_even_odd_wide,San Salvador,San Salvador,,Screen Recording 2026-08-16 223317.mp4,6,CONFIRMED_FROM_VIDEO
Paella,2313.5,Poblado de San Juan,115,,CONFIRMED_FROM_VIDEO,2,pooled_even_odd_wide,San Salvador,San Salvador,,Screen Recording 2026-08-16 223317.mp4,4,CONFIRMED_FROM_VIDEO
Paella,8773.9,Point Rocheux,217,,CONFIRMED_FROM_VIDEO,1,pooled_even_odd_wide,San Salvador,San Salvador,,Screen Recording 2026-08-16 223317.mp4,8,CONFIRMED_FROM_VIDEO
Paella,10217.6,Ponta Delgada,240,,CONFIRMED_FROM_VIDEO,2,pooled_even_odd_wide,San Salvador,San Salvador,,Screen Recording 2026-08-16 223317.mp4,6,CONFIRMED_FROM_VIDEO
Paella,5641.1,Port Antonio,168,,CONFIRMED_FROM_VIDEO,1,pooled_even_odd_wide,San Salvador,San Salvador,,Screen Recording 2026-08-16 223317.mp4,7,CONFIRMED_FROM_VIDEO
Paella,13240.8,Port Louis,287,,CONFIRMED_FROM_VIDEO,2,pooled_even_odd_wide,San Salvador,San Salvador,,Screen Recording 2026-08-16 223317.mp4,6,CONFIRMED_FROM_VIDEO
Paella,4892.4,Port Royal,156,,CONFIRMED_FROM_VIDEO,1,pooled_even_odd_wide,San Salvador,San Salvador,,Screen Recording 2026-08-16 223317.mp4,14,CONFIRMED_FROM_VIDEO
Paella,9307.2,Port-Au-Croix,225,,CONFIRMED_FROM_VIDEO,1,pooled_even_odd_wide,San Salvador,San Salvador,,Screen Recording 2026-08-16 223317.mp4,8,CONFIRMED_FROM_VIDEO
Paella,11862.7,Princeton,266,,CONFIRMED_FROM_VIDEO,2,pooled_even_odd_wide,San Salvador,San Salvador,,Screen Recording 2026-08-16 223317.mp4,4,CONFIRMED_FROM_VIDEO
Paella,4062.9,Puerto de San Fernando,143,,CONFIRMED_FROM_VIDEO,1,pooled_even_odd_wide,San Salvador,San Salvador,,Screen Recording 2026-08-16 223317.mp4,12,CONFIRMED_FROM_VIDEO
Paella,12954.4,Saint Vincent,283,,CONFIRMED_FROM_VIDEO,2,pooled_even_odd_wide,San Salvador,San Salvador,,Screen Recording 2026-08-16 223317.mp4,6,CONFIRMED_FROM_VIDEO
Paella,10789.9,Saint-Nicholas,249,,CONFIRMED_FROM_VIDEO,2,pooled_even_odd_wide,San Salvador,San Salvador,,Screen Recording 2026-08-16 223317.mp4,2,CONFIRMED_FROM_VIDEO
Paella,12142.7,Sainte Rose,270,,CONFIRMED_FROM_VIDEO,2,pooled_even_odd_wide,San Salvador,San Salvador,,Screen Recording 2026-08-16 223317.mp4,6,CONFIRMED_FROM_VIDEO
Paella,5170.3,San Polo,160,,CONFIRMED_FROM_VIDEO,3,pooled_even_odd_wide,San Salvador,San Salvador,,Screen Recording 2026-08-16 223317.mp4,6,CONFIRMED_FROM_VIDEO
Paella,5110.9,San Vito,159,,CONFIRMED_FROM_VIDEO,1,pooled_even_odd_wide,San Salvador,San Salvador,,Screen Recording 2026-08-16 223317.mp4,8,CONFIRMED_FROM_VIDEO
Paella,10284.7,Sandy Settlement,241,,CONFIRMED_FROM_VIDEO,2,pooled_even_odd_wide,San Salvador,San Salvador,,Screen Recording 2026-08-16 223317.mp4,4,CONFIRMED_FROM_VIDEO
Paella,2040.6,Santa Maria,111,,CONFIRMED_FROM_VIDEO,1,pooled_even_odd_wide,San Salvador,San Salvador,,Screen Recording 2026-08-16 223317.mp4,6,CONFIRMED_FROM_VIDEO
Paella,8364.4,Sao Bento,210,,CONFIRMED_FROM_VIDEO,1,pooled_even_odd_wide,San Salvador,San Salvador,,Screen Recording 2026-08-16 223317.mp4,8,CONFIRMED_FROM_VIDEO
Paella,14797.5,Snake Prosper,312,,CONFIRMED_FROM_VIDEO,2,pooled_even_odd_wide,San Salvador,San Salvador,,Screen Recording 2026-08-16 223317.mp4,8,CONFIRMED_FROM_VIDEO
Paella,16199.5,Sugar Cove,334,,CONFIRMED_FROM_VIDEO,2,pooled_even_odd_wide,San Salvador,San Salvador,,Screen Recording 2026-08-16 223317.mp4,6,CONFIRMED_FROM_VIDEO
Paella,11684.8,Taylor's Town,263,,CONFIRMED_FROM_VIDEO,2,pooled_even_odd_wide,San Salvador,San Salvador,,Screen Recording 2026-08-16 223317.mp4,4,CONFIRMED_FROM_VIDEO
Paella,4536.0,Theresa,150,,CONFIRMED_FROM_VIDEO,1,pooled_even_odd_wide,San Salvador,San Salvador,,Screen Recording 2026-08-16 223317.mp4,14,CONFIRMED_FROM_VIDEO
Paella,8422.6,Thresher Point,211,,CONFIRMED_FROM_VIDEO,1,pooled_even_odd_wide,San Salvador,San Salvador,,Screen Recording 2026-08-16 223317.mp4,8,CONFIRMED_FROM_VIDEO
Paella,7254.5,Venta Nueva,193,,CONFIRMED_FROM_VIDEO,1,pooled_even_odd_wide,San Salvador,San Salvador,,Screen Recording 2026-08-16 223317.mp4,9,CONFIRMED_FROM_VIDEO
Paella,7084.9,Villarreal Del Mar,190,,CONFIRMED_FROM_VIDEO,1,pooled_even_odd_wide,San Salvador,San Salvador,,Screen Recording 2026-08-16 223317.mp4,8,CONFIRMED_FROM_VIDEO
Paella,15991.3,White Hook,331,,CONFIRMED_FROM_VIDEO,2,pooled_even_odd_wide,San Salvador,San Salvador,,Screen Recording 2026-08-16 223317.mp4,6,CONFIRMED_FROM_VIDEO
Paella,14750.5,Wyntergard,311,,CONFIRMED_FROM_VIDEO,3,pooled_even_odd_wide,San Salvador,San Salvador,,Screen Recording 2026-08-16 223317.mp4,8,CONFIRMED_FROM_VIDEO
Paella,10900.8,Yorinobu's Settlement,250,,CONFIRMED_FROM_VIDEO,1,pooled_even_odd_wide,San Salvador,San Salvador,,Screen Recording 2026-08-16 223317.mp4,1,CONFIRMED_FROM_VIDEO
Olive Oil,9166.2,Al-Jazair,255,,CONFIRMED_FROM_VIDEO,1,pooled_even_odd_wide,San Vito,San Polo,,Screen Recording 2026-08-16 223317.mp4,4,CONFIRMED_FROM_VIDEO
Olive Oil,12458.6,Ashbourne,314,,CONFIRMED_FROM_VIDEO,2,pooled_even_odd_wide,San Vito,San Polo,,Screen Recording 2026-08-16 223317.mp4,8,CONFIRMED_FROM_VIDEO
Olive Oil,3402.0,Belfry Heights,151,,CONFIRMED_FROM_VIDEO,1,pooled_even_odd_wide,San Vito,San Polo,,Screen Recording 2026-08-16 223317.mp4,9,CONFIRMED_FROM_VIDEO
Olive Oil,9598.5,Bucket Bay,263,,CONFIRMED_FROM_VIDEO,1,pooled_even_odd_wide,San Vito,San Polo,,Screen Recording 2026-08-16 223317.mp4,6,CONFIRMED_FROM_VIDEO
Olive Oil,12204.6,Caledonia,310,,CONFIRMED_FROM_VIDEO,2,pooled_even_odd_wide,San Vito,San Polo,,Screen Recording 2026-08-16 223317.mp4,8,CONFIRMED_FROM_VIDEO
Olive Oil,8411.4,Castle Landing,241,,CONFIRMED_FROM_VIDEO,1,pooled_even_odd_wide,San Vito,San Polo,,Screen Recording 2026-08-16 223317.mp4,6,CONFIRMED_FROM_VIDEO
Olive Oil,10196.8,Caveira,274,,CONFIRMED_FROM_VIDEO,3,pooled_even_odd_wide,San Vito,San Polo,,Screen Recording 2026-08-16 223317.mp4,4,CONFIRMED_FROM_VIDEO
Olive Oil,4770.6,Caye Tiburon,176,,CONFIRMED_FROM_VIDEO,1,pooled_even_odd_wide,San Vito,San Polo,,Screen Recording 2026-08-16 223317.mp4,8,CONFIRMED_FROM_VIDEO
Olive Oil,13161.4,Crownstead,327,,CONFIRMED_FROM_VIDEO,2,pooled_even_odd_wide,San Vito,San Polo,,Screen Recording 2026-08-16 223317.mp4,4,CONFIRMED_FROM_VIDEO
Olive Oil,11516.6,Cumberland Hill,297,,CONFIRMED_FROM_VIDEO,2,pooled_even_odd_wide,San Vito,San Polo,,Screen Recording 2026-08-16 223317.mp4,3,CONFIRMED_FROM_VIDEO
Olive Oil,12506.6,Deadman's Murcia,315,Selected from the two recorded directional readings using reciprocal-distance agreement and the origin's other observed Distance/Value rows. No distance was fabricated.,CONFIRMED_RECORDED_RECIPROCAL_AUDIT,1,pooled_even_odd_wide,San Vito,San Polo,,Screen Recording 2026-08-16 223317.mp4,7,CONFIRMED_FROM_VIDEO
Olive Oil,10535.0,Fair Harbour,280,,CONFIRMED_FROM_VIDEO,1,pooled_even_odd_wide,San Vito,San Polo,,Screen Recording 2026-08-16 223317.mp4,8,CONFIRMED_FROM_VIDEO
Olive Oil,6911.8,Falmouth,214,,CONFIRMED_FROM_VIDEO,1,pooled_even_odd_wide,San Vito,San Polo,,Screen Recording 2026-08-16 223317.mp4,6,CONFIRMED_FROM_VIDEO
Olive Oil,14359.7,Gyldenvale,348,,CONFIRMED_FROM_VIDEO,2,pooled_even_odd_wide,San Vito,San Polo,,Screen Recording 2026-08-16 223317.mp4,4,CONFIRMED_FROM_VIDEO
Olive Oil,11052.9,Jones' Outpost,289,,CONFIRMED_FROM_VIDEO,2,pooled_even_odd_wide,San Vito,San Polo,,Screen Recording 2026-08-16 223317.mp4,4,CONFIRMED_FROM_VIDEO
Olive Oil,3924.8,Kandlerova,161,,CONFIRMED_FROM_VIDEO,1,pooled_even_odd_wide,San Vito,San Polo,,Screen Recording 2026-08-16 223317.mp4,5,CONFIRMED_FROM_VIDEO
Olive Oil,1718.2,La Povenglia,121,,CONFIRMED_FROM_VIDEO,1,pooled_even_odd_wide,San Vito,San Polo,,Screen Recording 2026-08-16 223317.mp4,7,CONFIRMED_FROM_VIDEO
Olive Oil,6749.0,Lebarde,211,,CONFIRMED_FROM_VIDEO,1,pooled_even_odd_wide,San Vito,San Polo,,Screen Recording 2026-08-16 223317.mp4,6,CONFIRMED_FROM_VIDEO
Olive Oil,2605.4,Lord Irving's Sacrifice,137,,CONFIRMED_FROM_VIDEO,1,pooled_even_odd_wide,San Vito,San Polo,,Screen Recording 2026-08-16 223317.mp4,6,CONFIRMED_FROM_VIDEO
Olive Oil,12094.0,Louisbourg,308,,CONFIRMED_FROM_VIDEO,1,pooled_even_odd_wide,San Vito,San Polo,,Screen Recording 2026-08-16 223317.mp4,7,CONFIRMED_FROM_VIDEO
Olive Oil,12059.6,Madalena,307,,CONFIRMED_FROM_VIDEO,2,pooled_even_odd_wide,San Vito,San Polo,,Screen Recording 2026-08-16 223317.mp4,4,CONFIRMED_FROM_VIDEO
Olive Oil,2013.1,Mako's Outlook,126,,CONFIRMED_FROM_VIDEO,1,pooled_even_odd_wide,San Vito,San Polo,,Screen Recording 2026-08-16 223317.mp4,7,CONFIRMED_FROM_VIDEO
Olive Oil,9305.7,Matthew's Rest,258,,CONFIRMED_FROM_VIDEO,1,pooled_even_odd_wide,San Vito,San Polo,,Screen Recording 2026-08-16 223317.mp4,6,CONFIRMED_FROM_VIDEO
Olive Oil,11398.5,Maurepas,295,,CONFIRMED_FROM_VIDEO,2,pooled_even_odd_wide,San Vito,San Polo,,Screen Recording 2026-08-16 223317.mp4,6,CONFIRMED_FROM_VIDEO
Olive Oil,7770.0,New Brighton,230,,CONFIRMED_FROM_VIDEO,1,pooled_even_odd_wide,San Vito,San Polo,,Screen Recording 2026-08-16 223317.mp4,6,CONFIRMED_FROM_VIDEO
Olive Oil,11114.1,New Catalina,290,,CONFIRMED_FROM_VIDEO,2,pooled_even_odd_wide,San Vito,San Polo,,Screen Recording 2026-08-16 223317.mp4,4,CONFIRMED_FROM_VIDEO
Olive Oil,8751.9,Pachard Town,248,,CONFIRMED_FROM_VIDEO,1,pooled_even_odd_wide,San Vito,San Polo,,Screen Recording 2026-08-16 223317.mp4,5,CONFIRMED_FROM_VIDEO
Olive Oil,4381.1,Peter's Cove,169,,CONFIRMED_FROM_VIDEO,1,pooled_even_odd_wide,San Vito,San Polo,,Screen Recording 2026-08-16 223317.mp4,5,CONFIRMED_FROM_VIDEO
Olive Oil,13617.3,Petit Anvers,335,,CONFIRMED_FROM_VIDEO,2,pooled_even_odd_wide,San Vito,San Polo,,Screen Recording 2026-08-16 223317.mp4,4,CONFIRMED_FROM_VIDEO
Olive Oil,7004.8,Poblado de San Juan,216,,CONFIRMED_FROM_VIDEO,2,pooled_even_odd_wide,San Vito,San Polo,,Screen Recording 2026-08-16 223317.mp4,1,CONFIRMED_FROM_VIDEO
Olive Oil,8929.6,Point Rocheux,251,,CONFIRMED_FROM_VIDEO,1,pooled_even_odd_wide,San Vito,San Polo,,Screen Recording 2026-08-16 223317.mp4,6,CONFIRMED_FROM_VIDEO
Olive Oil,13524.4,Ponta Delgada,333,,CONFIRMED_FROM_VIDEO,2,pooled_even_odd_wide,San Vito,San Polo,,Screen Recording 2026-08-16 223317.mp4,4,CONFIRMED_FROM_VIDEO
Olive Oil,6785.5,Port Antonio,212,,CONFIRMED_FROM_VIDEO,1,pooled_even_odd_wide,San Vito,San Polo,,Screen Recording 2026-08-16 223317.mp4,6,CONFIRMED_FROM_VIDEO
Olive Oil,11341.9,Port Louis,294,,CONFIRMED_FROM_VIDEO,3,pooled_even_odd_wide,San Vito,San Polo,,Screen Recording 2026-08-16 223317.mp4,8,CONFIRMED_FROM_VIDEO
Olive Oil,4426.7,Port Royal,170,,CONFIRMED_FROM_VIDEO,1,pooled_even_odd_wide,San Vito,San Polo,,Screen Recording 2026-08-16 223317.mp4,5,CONFIRMED_FROM_VIDEO
Olive Oil,8862.1,Port-Au-Croix,250,,CONFIRMED_FROM_VIDEO,1,pooled_even_odd_wide,San Vito,San Polo,,Screen Recording 2026-08-16 223317.mp4,6,CONFIRMED_FROM_VIDEO
Olive Oil,8136.7,Princeton,236,,CONFIRMED_FROM_VIDEO,1,pooled_even_odd_wide,San Vito,San Polo,,Screen Recording 2026-08-16 223317.mp4,6,CONFIRMED_FROM_VIDEO
Olive Oil,7263.7,Puerto de San Fernando,221,,CONFIRMED_FROM_VIDEO,1,pooled_even_odd_wide,San Vito,San Polo,,Screen Recording 2026-08-16 223317.mp4,6,CONFIRMED_FROM_VIDEO
Olive Oil,10310.0,Saint Vincent,276,,CONFIRMED_FROM_VIDEO,1,pooled_even_odd_wide,San Vito,San Polo,,Screen Recording 2026-08-16 223317.mp4,8,CONFIRMED_FROM_VIDEO
Olive Oil,5695.2,Saint-Nicholas,193,,CONFIRMED_FROM_VIDEO,1,pooled_even_odd_wide,San Vito,San Polo,,Screen Recording 2026-08-16 223317.mp4,6,CONFIRMED_FROM_VIDEO
Olive Oil,12833.7,Sainte Rose,321,,CONFIRMED_FROM_VIDEO,2,pooled_even_odd_wide,San Vito,San Polo,,Screen Recording 2026-08-16 223317.mp4,4,CONFIRMED_FROM_VIDEO
Olive Oil,3023.1,San Polo,144,,CONFIRMED_FROM_VIDEO,1,pooled_even_odd_wide,San Vito,San Polo,,Screen Recording 2026-08-16 223317.mp4,7,CONFIRMED_FROM_VIDEO
Olive Oil,5110.9,San Salvador,182,,CONFIRMED_FROM_VIDEO,1,pooled_even_odd_wide,San Vito,San Polo,,Screen Recording 2026-08-16 223317.mp4,6,CONFIRMED_FROM_VIDEO
Olive Oil,5181.4,Sandy Settlement,183,,CONFIRMED_FROM_VIDEO,1,pooled_even_odd_wide,San Vito,San Polo,,Screen Recording 2026-08-16 223317.mp4,6,CONFIRMED_FROM_VIDEO
Olive Oil,6562.6,Santa Maria,208,,CONFIRMED_FROM_VIDEO,1,pooled_even_odd_wide,San Vito,San Polo,,Screen Recording 2026-08-16 223317.mp4,4,CONFIRMED_FROM_VIDEO
Olive Oil,11850.6,Sao Bento,303,,CONFIRMED_FROM_VIDEO,2,pooled_even_odd_wide,San Vito,San Polo,,Screen Recording 2026-08-16 223317.mp4,6,CONFIRMED_FROM_VIDEO
Olive Oil,11858.8,Snake Prosper,303,,CONFIRMED_FROM_VIDEO,2,pooled_even_odd_wide,San Vito,San Polo,,Screen Recording 2026-08-16 223317.mp4,6,CONFIRMED_FROM_VIDEO
Olive Oil,11893.1,Sugar Cove,304,,CONFIRMED_FROM_VIDEO,2,pooled_even_odd_wide,San Vito,San Polo,,Screen Recording 2026-08-16 223317.mp4,6,CONFIRMED_FROM_VIDEO
Olive Oil,6699.0,Taylor's Town,211,,CONFIRMED_FROM_VIDEO,1,pooled_even_odd_wide,San Vito,San Polo,,Screen Recording 2026-08-16 223317.mp4,6,CONFIRMED_FROM_VIDEO
Olive Oil,5899.2,Theresa,196,,CONFIRMED_FROM_VIDEO,2,pooled_even_odd_wide,San Vito,San Polo,,Screen Recording 2026-08-16 223317.mp4,2,CONFIRMED_FROM_VIDEO
Olive Oil,4236.9,Thresher Point,166,,CONFIRMED_FROM_VIDEO,1,pooled_even_odd_wide,San Vito,San Polo,,Screen Recording 2026-08-16 223317.mp4,5,CONFIRMED_FROM_VIDEO
Olive Oil,9349.5,Venta Nueva,258,,CONFIRMED_FROM_VIDEO,1,pooled_even_odd_wide,San Vito,San Polo,,Screen Recording 2026-08-16 223317.mp4,6,CONFIRMED_FROM_VIDEO
Olive Oil,8459.9,Villarreal Del Mar,242,,CONFIRMED_FROM_VIDEO,1,pooled_even_odd_wide,San Vito,San Polo,,Screen Recording 2026-08-16 223317.mp4,6,CONFIRMED_FROM_VIDEO
Olive Oil,13058.6,White Hook,325,,CONFIRMED_FROM_VIDEO,2,pooled_even_odd_wide,San Vito,San Polo,,Screen Recording 2026-08-16 223317.mp4,4,CONFIRMED_FROM_VIDEO
Olive Oil,13218.0,Wyntergard,328,,CONFIRMED_FROM_VIDEO,1,pooled_even_odd_wide,San Vito,San Polo,,Screen Recording 2026-08-16 223317.mp4,7,CONFIRMED_FROM_VIDEO
Olive Oil,8546.4,Yorinobu's Settlement,244,,CONFIRMED_FROM_VIDEO,1,even_odd,San Vito,San Polo,,Screen Recording 2026-08-16 223317.mp4,1,CONFIRMED_FROM_VIDEO
Diamonds,8073.7,Al-Jazair,301,,CONFIRMED_FROM_VIDEO,1,pooled_even_odd_wide,Sandy Settlement,Saint-Nicholas,,Screen Recording 2026-08-16 223317.mp4,3,CONFIRMED_FROM_VIDEO
Diamonds,12820.1,Ashbourne,410,,CONFIRMED_FROM_VIDEO,2,pooled_even_odd_wide,Sandy Settlement,Saint-Nicholas,,Screen Recording 2026-08-16 223317.mp4,4,CONFIRMED_FROM_VIDEO
Diamonds,4005.2,Belfry Heights,207,,CONFIRMED_FROM_VIDEO,1,pooled_even_odd_wide,Sandy Settlement,Saint-Nicholas,,Screen Recording 2026-08-16 223317.mp4,9,CONFIRMED_FROM_VIDEO
Diamonds,10065.4,Bucket Bay,347,,CONFIRMED_FROM_VIDEO,1,pooled_even_odd_wide,Sandy Settlement,Saint-Nicholas,,Screen Recording 2026-08-16 223317.mp4,3,CONFIRMED_FROM_VIDEO
Diamonds,10534.1,Caledonia,357,,CONFIRMED_FROM_VIDEO,2,pooled_even_odd_wide,Sandy Settlement,Saint-Nicholas,,Screen Recording 2026-08-16 223317.mp4,6,CONFIRMED_FROM_VIDEO
Diamonds,5430.0,Castle Landing,240,,CONFIRMED_FROM_VIDEO,2,pooled_even_odd_wide,Sandy Settlement,Saint-Nicholas,,Screen Recording 2026-08-16 223317.mp4,6,CONFIRMED_FROM_VIDEO
Diamonds,14695.2,Caveira,453,,CONFIRMED_FROM_VIDEO,2,pooled_even_odd_wide,Sandy Settlement,Saint-Nicholas,,Screen Recording 2026-08-16 223317.mp4,6,CONFIRMED_FROM_VIDEO
Diamonds,5207.3,Caye Tiburon,235,,CONFIRMED_FROM_VIDEO,1,pooled_even_odd_wide,Sandy Settlement,Saint-Nicholas,,Screen Recording 2026-08-16 223317.mp4,11,CONFIRMED_FROM_VIDEO
Diamonds,13629.3,Crownstead,428,,CONFIRMED_FROM_VIDEO,2,pooled_even_odd_wide,Sandy Settlement,Saint-Nicholas,,Screen Recording 2026-08-16 223317.mp4,6,CONFIRMED_FROM_VIDEO
Diamonds,8198.5,Cumberland Hill,304,,CONFIRMED_FROM_VIDEO,2,pooled_even_odd_wide,Sandy Settlement,Saint-Nicholas,,Screen Recording 2026-08-16 223317.mp4,4,CONFIRMED_FROM_VIDEO
Diamonds,11126.1,Deadman's Murcia,371,,CONFIRMED_FROM_VIDEO,5,pooled_even_odd_wide,Sandy Settlement,Saint-Nicholas,Visually verified from frame 520s; not inferred.,Screen Recording 2026-08-16 223317.mp4,7,CONFIRMED_FROM_VIDEO
Diamonds,10412.5,Fair Harbour,354,,CONFIRMED_FROM_VIDEO,2,pooled_even_odd_wide,Sandy Settlement,Saint-Nicholas,,Screen Recording 2026-08-16 223317.mp4,8,CONFIRMED_FROM_VIDEO
Diamonds,10067.3,Falmouth,347,,CONFIRMED_FROM_VIDEO,1,pooled_even_odd_wide,Sandy Settlement,Saint-Nicholas,,Screen Recording 2026-08-16 223317.mp4,3,CONFIRMED_FROM_VIDEO
Diamonds,14498.4,Gyldenvale,448,,CONFIRMED_FROM_VIDEO,2,pooled_even_odd_wide,Sandy Settlement,Saint-Nicholas,,Screen Recording 2026-08-16 223317.mp4,6,CONFIRMED_FROM_VIDEO
Diamonds,8143.5,Jones' Outpost,302,,CONFIRMED_FROM_VIDEO,1,pooled_even_odd_wide,Sandy Settlement,Saint-Nicholas,,Screen Recording 2026-08-16 223317.mp4,7,CONFIRMED_FROM_VIDEO
Diamonds,7700.2,Kandlerova,292,,CONFIRMED_FROM_VIDEO,1,pooled_even_odd_wide,Sandy Settlement,Saint-Nicholas,,Screen Recording 2026-08-16 223317.mp4,7,CONFIRMED_FROM_VIDEO
Diamonds,4763.1,La Povenglia,225,,CONFIRMED_FROM_VIDEO,1,pooled_even_odd_wide,Sandy Settlement,Saint-Nicholas,,Screen Recording 2026-08-16 223317.mp4,10,CONFIRMED_FROM_VIDEO
Diamonds,4417.5,Lebarde,217,,CONFIRMED_FROM_VIDEO,1,pooled_even_odd_wide,Sandy Settlement,Saint-Nicholas,,Screen Recording 2026-08-16 223317.mp4,9,CONFIRMED_FROM_VIDEO
Diamonds,6136.5,Lord Irving's Sacrifice,256,,CONFIRMED_FROM_VIDEO,1,pooled_even_odd_wide,Sandy Settlement,Saint-Nicholas,,Screen Recording 2026-08-16 223317.mp4,7,CONFIRMED_FROM_VIDEO
Diamonds,14010.0,Louisbourg,437,,CONFIRMED_FROM_VIDEO,1,pooled_even_odd_wide,Sandy Settlement,Saint-Nicholas,,Screen Recording 2026-08-16 223317.mp4,9,CONFIRMED_FROM_VIDEO
Diamonds,16627.5,Madalena,497,,CONFIRMED_FROM_VIDEO,2,pooled_even_odd_wide,Sandy Settlement,Saint-Nicholas,,Screen Recording 2026-08-16 223317.mp4,6,CONFIRMED_FROM_VIDEO
Diamonds,5431.1,Mako's Outlook,240,,CONFIRMED_FROM_VIDEO,2,pooled_even_odd_wide,Sandy Settlement,Saint-Nicholas,,Screen Recording 2026-08-16 223317.mp4,10,CONFIRMED_FROM_VIDEO
Diamonds,10241.7,Matthew's Rest,351,,CONFIRMED_FROM_VIDEO,2,pooled_even_odd_wide,Sandy Settlement,Saint-Nicholas,,Screen Recording 2026-08-16 223317.mp4,6,CONFIRMED_FROM_VIDEO
Diamonds,13164.4,Maurepas,418,,CONFIRMED_FROM_VIDEO,3,pooled_even_odd_wide,Sandy Settlement,Saint-Nicholas,,Screen Recording 2026-08-16 223317.mp4,2,CONFIRMED_FROM_VIDEO
Diamonds,7497.4,New Brighton,287,,CONFIRMED_FROM_VIDEO,1,pooled_even_odd_wide,Sandy Settlement,Saint-Nicholas,,Screen Recording 2026-08-16 223317.mp4,7,CONFIRMED_FROM_VIDEO
Diamonds,7675.9,New Catalina,292,,CONFIRMED_FROM_VIDEO,1,pooled_even_odd_wide,Sandy Settlement,Saint-Nicholas,,Screen Recording 2026-08-16 223317.mp4,7,CONFIRMED_FROM_VIDEO
Diamonds,10195.1,Pachard Town,349,,CONFIRMED_FROM_VIDEO,2,pooled_even_odd_wide,Sandy Settlement,Saint-Nicholas,,Screen Recording 2026-08-16 223317.mp4,6,CONFIRMED_FROM_VIDEO
Diamonds,1133.5,Peter's Cove,141,,CONFIRMED_FROM_VIDEO,1,pooled_even_odd_wide,Sandy Settlement,Saint-Nicholas,,Screen Recording 2026-08-16 223317.mp4,5,CONFIRMED_FROM_VIDEO
Diamonds,15275.8,Petit Anvers,466,,CONFIRMED_FROM_VIDEO,2,pooled_even_odd_wide,Sandy Settlement,Saint-Nicholas,,Screen Recording 2026-08-16 223317.mp4,6,CONFIRMED_FROM_VIDEO
Diamonds,12052.9,Poblado de San Juan,392,,CONFIRMED_FROM_VIDEO,2,pooled_even_odd_wide,Sandy Settlement,Saint-Nicholas,,Screen Recording 2026-08-16 223317.mp4,4,CONFIRMED_FROM_VIDEO
Diamonds,11359.2,Point Rocheux,376,,CONFIRMED_FROM_VIDEO,2,pooled_even_odd_wide,Sandy Settlement,Saint-Nicholas,,Screen Recording 2026-08-16 223317.mp4,6,CONFIRMED_FROM_VIDEO
Diamonds,17563.5,Ponta Delgada,519,,CONFIRMED_FROM_VIDEO,2,pooled_even_odd_wide,Sandy Settlement,Saint-Nicholas,,Screen Recording 2026-08-16 223317.mp4,6,CONFIRMED_FROM_VIDEO
Diamonds,10453.3,Port Antonio,355,,CONFIRMED_FROM_VIDEO,2,pooled_even_odd_wide,Sandy Settlement,Saint-Nicholas,,Screen Recording 2026-08-16 223317.mp4,6,CONFIRMED_FROM_VIDEO
Diamonds,11216.7,Port Louis,373,,CONFIRMED_FROM_VIDEO,3,pooled_even_odd_wide,Sandy Settlement,Saint-Nicholas,,Screen Recording 2026-08-16 223317.mp4,8,CONFIRMED_FROM_VIDEO
Diamonds,8085.1,Port Royal,301,,CONFIRMED_FROM_VIDEO,1,pooled_even_odd_wide,Sandy Settlement,Saint-Nicholas,,Screen Recording 2026-08-16 223317.mp4,7,CONFIRMED_FROM_VIDEO
Diamonds,10802.5,Port-Au-Croix,363,,CONFIRMED_FROM_VIDEO,2,pooled_even_odd_wide,Sandy Settlement,Saint-Nicholas,,Screen Recording 2026-08-16 223317.mp4,3,CONFIRMED_FROM_VIDEO
Diamonds,6234.0,Princeton,258,,CONFIRMED_FROM_VIDEO,1,pooled_even_odd_wide,Sandy Settlement,Saint-Nicholas,,Screen Recording 2026-08-16 223317.mp4,7,CONFIRMED_FROM_VIDEO
Diamonds,11811.8,Puerto de San Fernando,387,,CONFIRMED_FROM_VIDEO,2,pooled_even_odd_wide,Sandy Settlement,Saint-Nicholas,,Screen Recording 2026-08-16 223317.mp4,4,CONFIRMED_FROM_VIDEO
Diamonds,9467.2,Saint Vincent,333,,CONFIRMED_FROM_VIDEO,2,pooled_even_odd_wide,Sandy Settlement,Saint-Nicholas,,Screen Recording 2026-08-16 223317.mp4,8,CONFIRMED_FROM_VIDEO
Diamonds,543.6,Saint-Nicholas,128,,CONFIRMED_FROM_VIDEO,1,pooled_even_odd_wide,Sandy Settlement,Saint-Nicholas,,Screen Recording 2026-08-16 223317.mp4,3,CONFIRMED_FROM_VIDEO
Diamonds,15025.0,Sainte Rose,461,,CONFIRMED_FROM_VIDEO,1,pooled_even_odd_wide,Sandy Settlement,Saint-Nicholas,,Screen Recording 2026-08-16 223317.mp4,9,CONFIRMED_FROM_VIDEO
Diamonds,6849.8,San Polo,273,,CONFIRMED_FROM_VIDEO,1,pooled_even_odd_wide,Sandy Settlement,Saint-Nicholas,,Screen Recording 2026-08-16 223317.mp4,7,CONFIRMED_FROM_VIDEO
Diamonds,10284.7,San Salvador,352,,CONFIRMED_FROM_VIDEO,2,pooled_even_odd_wide,Sandy Settlement,Saint-Nicholas,,Screen Recording 2026-08-16 223317.mp4,8,CONFIRMED_FROM_VIDEO
Diamonds,5181.4,San Vito,234,,CONFIRMED_FROM_VIDEO,1,pooled_even_odd_wide,Sandy Settlement,Saint-Nicholas,,Screen Recording 2026-08-16 223317.mp4,11,CONFIRMED_FROM_VIDEO
Diamonds,11591.2,Santa Maria,382,,CONFIRMED_FROM_VIDEO,2,pooled_even_odd_wide,Sandy Settlement,Saint-Nicholas,,Screen Recording 2026-08-16 223317.mp4,6,CONFIRMED_FROM_VIDEO
Diamonds,16100.5,Sao Bento,485,,CONFIRMED_FROM_VIDEO,2,pooled_even_odd_wide,Sandy Settlement,Saint-Nicholas,,Screen Recording 2026-08-16 223317.mp4,6,CONFIRMED_FROM_VIDEO
Diamonds,10304.3,Snake Prosper,352,,CONFIRMED_FROM_VIDEO,2,pooled_even_odd_wide,Sandy Settlement,Saint-Nicholas,,Screen Recording 2026-08-16 223317.mp4,6,CONFIRMED_FROM_VIDEO
Diamonds,8154.3,Sugar Cove,303,,CONFIRMED_FROM_VIDEO,1,pooled_even_odd_wide,Sandy Settlement,Saint-Nicholas,,Screen Recording 2026-08-16 223317.mp4,7,CONFIRMED_FROM_VIDEO
Diamonds,1983.0,Taylor's Town,161,,CONFIRMED_FROM_VIDEO,2,pooled_even_odd_wide,Sandy Settlement,Saint-Nicholas,,Screen Recording 2026-08-16 223317.mp4,7,CONFIRMED_FROM_VIDEO
Diamonds,9946.8,Theresa,344,,CONFIRMED_FROM_VIDEO,1,pooled_even_odd_wide,Sandy Settlement,Saint-Nicholas,,Screen Recording 2026-08-16 223317.mp4,4,CONFIRMED_FROM_VIDEO
Diamonds,3872.4,Thresher Point,204,,CONFIRMED_FROM_VIDEO,1,pooled_even_odd_wide,Sandy Settlement,Saint-Nicholas,,Screen Recording 2026-08-16 223317.mp4,9,CONFIRMED_FROM_VIDEO
Diamonds,13041.7,Venta Nueva,415,,CONFIRMED_FROM_VIDEO,2,pooled_even_odd_wide,Sandy Settlement,Saint-Nicholas,,Screen Recording 2026-08-16 223317.mp4,2,CONFIRMED_FROM_VIDEO
Diamonds,11865.6,Villarreal Del Mar,388,Selected from the two recorded directional readings using reciprocal-distance agreement and the origin's other observed Distance/Value rows. No distance was fabricated.,CONFIRMED_RECORDED_RECIPROCAL_AUDIT,1,pooled_even_odd_wide,Sandy Settlement,Saint-Nicholas,,Screen Recording 2026-08-16 223317.mp4,6,CONFIRMED_FROM_VIDEO
Diamonds,11328.7,White Hook,376,,CONFIRMED_FROM_VIDEO,2,pooled_even_odd_wide,Sandy Settlement,Saint-Nicholas,,Screen Recording 2026-08-16 223317.mp4,6,CONFIRMED_FROM_VIDEO
Diamonds,13198.4,Wyntergard,419,,CONFIRMED_FROM_VIDEO,2,pooled_even_odd_wide,Sandy Settlement,Saint-Nicholas,,Screen Recording 2026-08-16 223317.mp4,6,CONFIRMED_FROM_VIDEO
Diamonds,8566.2,Yorinobu's Settlement,312,,CONFIRMED_FROM_VIDEO,,,Sandy Settlement,Saint-Nicholas,Visually verified from long-video segment 508-546s; not inferred.,Screen Recording 2026-08-16 223317.mp4,1,CONFIRMED_FROM_VIDEO
Tamales,12174.2,Al-Jazair,270,,CONFIRMED_FROM_VIDEO,2,pooled_even_odd_wide,Santa Maria,San Salvador,,Screen Recording 2026-08-16 223317.mp4,4,CONFIRMED_FROM_VIDEO
Tamales,12953.2,Ashbourne,283,,CONFIRMED_FROM_VIDEO,2,pooled_even_odd_wide,Santa Maria,San Salvador,,Screen Recording 2026-08-16 223317.mp4,4,CONFIRMED_FROM_VIDEO
Tamales,8395.0,Belfry Heights,211,,CONFIRMED_FROM_VIDEO,1,pooled_even_odd_wide,Santa Maria,San Salvador,,Screen Recording 2026-08-16 223317.mp4,4,CONFIRMED_FROM_VIDEO
Tamales,10806.8,Bucket Bay,249,,CONFIRMED_FROM_VIDEO,2,pooled_even_odd_wide,Santa Maria,San Salvador,,Screen Recording 2026-08-16 223317.mp4,6,CONFIRMED_FROM_VIDEO
Tamales,15029.5,Caledonia,315,,CONFIRMED_FROM_VIDEO,2,pooled_even_odd_wide,Santa Maria,San Salvador,,Screen Recording 2026-08-16 223317.mp4,4,CONFIRMED_FROM_VIDEO
Tamales,13174.1,Castle Landing,286,,CONFIRMED_FROM_VIDEO,2,pooled_even_odd_wide,Santa Maria,San Salvador,,Screen Recording 2026-08-16 223317.mp4,4,CONFIRMED_FROM_VIDEO
Tamales,4420.7,Caveira,148,,CONFIRMED_FROM_VIDEO,1,pooled_even_odd_wide,Santa Maria,San Salvador,,Screen Recording 2026-08-16 223317.mp4,10,CONFIRMED_FROM_VIDEO
Tamales,8660.4,Caye Tiburon,215,,CONFIRMED_FROM_VIDEO,1,pooled_even_odd_wide,Santa Maria,San Salvador,,Screen Recording 2026-08-16 223317.mp4,4,CONFIRMED_FROM_VIDEO
Tamales,13363.3,Crownstead,289,,CONFIRMED_FROM_VIDEO,2,pooled_even_odd_wide,Santa Maria,San Salvador,,Screen Recording 2026-08-16 223317.mp4,4,CONFIRMED_FROM_VIDEO
Tamales,15993.8,Cumberland Hill,331,Selected from the two recorded directional readings using reciprocal-distance agreement and the origin's other observed Distance/Value rows. No distance was fabricated.,CONFIRMED_RECORDED_RECIPROCAL_AUDIT,1,even_odd,Santa Maria,San Salvador,,Screen Recording 2026-08-16 223317.mp4,3,CONFIRMED_FROM_VIDEO
Tamales,14975.4,Deadman's Murcia,315,Selected from the two recorded directional readings using reciprocal-distance agreement and the origin's other observed Distance/Value rows. No distance was fabricated.,CONFIRMED_RECORDED_RECIPROCAL_AUDIT,1,pooled_even_odd_wide,Santa Maria,San Salvador,,Screen Recording 2026-08-16 223317.mp4,7,CONFIRMED_FROM_VIDEO
Tamales,12116.5,Fair Harbour,270,Selected from the two recorded directional readings using reciprocal-distance agreement and the origin's other observed Distance/Value rows. No distance was fabricated.,CONFIRMED_RECORDED_RECIPROCAL_AUDIT,1,even_odd,Santa Maria,San Salvador,,Screen Recording 2026-08-16 223317.mp4,1,CONFIRMED_FROM_VIDEO
Tamales,5645.3,Falmouth,168,,CONFIRMED_FROM_VIDEO,1,pooled_even_odd_wide,Santa Maria,San Salvador,,Screen Recording 2026-08-16 223317.mp4,12,CONFIRMED_FROM_VIDEO
Tamales,14737.1,Gyldenvale,311,,CONFIRMED_FROM_VIDEO,2,pooled_even_odd_wide,Santa Maria,San Salvador,,Screen Recording 2026-08-16 223317.mp4,4,CONFIRMED_FROM_VIDEO
Tamales,15245.2,Jones' Outpost,319,,CONFIRMED_FROM_VIDEO,2,pooled_even_odd_wide,Santa Maria,San Salvador,,Screen Recording 2026-08-16 223317.mp4,4,CONFIRMED_FROM_VIDEO
Tamales,7277.5,Kandlerova,193,,CONFIRMED_FROM_VIDEO,1,pooled_even_odd_wide,Santa Maria,San Salvador,,Screen Recording 2026-08-16 223317.mp4,9,CONFIRMED_FROM_VIDEO
Tamales,7820.5,La Povenglia,202,,CONFIRMED_FROM_VIDEO,1,pooled_even_odd_wide,Santa Maria,San Salvador,,Screen Recording 2026-08-16 223317.mp4,6,CONFIRMED_FROM_VIDEO
Tamales,11556.8,Lebarde,261,,CONFIRMED_FROM_VIDEO,2,pooled_even_odd_wide,Santa Maria,San Salvador,,Screen Recording 2026-08-16 223317.mp4,6,CONFIRMED_FROM_VIDEO
Tamales,5850.1,Lord Irving's Sacrifice,171,,CONFIRMED_FROM_VIDEO,1,pooled_even_odd_wide,Santa Maria,San Salvador,,Screen Recording 2026-08-16 223317.mp4,6,CONFIRMED_FROM_VIDEO
Tamales,10568.0,Louisbourg,245,,CONFIRMED_FROM_VIDEO,1,pooled_even_odd_wide,Santa Maria,San Salvador,,Screen Recording 2026-08-16 223317.mp4,8,CONFIRMED_FROM_VIDEO
Tamales,5960.5,Madalena,173,,CONFIRMED_FROM_VIDEO,1,pooled_even_odd_wide,Santa Maria,San Salvador,,Screen Recording 2026-08-16 223317.mp4,6,CONFIRMED_FROM_VIDEO
Tamales,6354.5,Mako's Outlook,179,,CONFIRMED_FROM_VIDEO,1,pooled_even_odd_wide,Santa Maria,San Salvador,,Screen Recording 2026-08-16 223317.mp4,6,CONFIRMED_FROM_VIDEO
Tamales,10052.7,Matthew's Rest,237,,CONFIRMED_FROM_VIDEO,2,pooled_even_odd_wide,Santa Maria,San Salvador,,Screen Recording 2026-08-16 223317.mp4,6,CONFIRMED_FROM_VIDEO
Tamales,10287.2,Maurepas,241,,CONFIRMED_FROM_VIDEO,2,pooled_even_odd_wide,Santa Maria,San Salvador,,Screen Recording 2026-08-16 223317.mp4,6,CONFIRMED_FROM_VIDEO
Tamales,10516.0,New Brighton,244,,CONFIRMED_FROM_VIDEO,1,pooled_even_odd_wide,Santa Maria,San Salvador,,Screen Recording 2026-08-16 223317.mp4,8,CONFIRMED_FROM_VIDEO
Tamales,15748.6,New Catalina,327,,CONFIRMED_FROM_VIDEO,2,pooled_even_odd_wide,Santa Maria,San Salvador,,Screen Recording 2026-08-16 223317.mp4,4,CONFIRMED_FROM_VIDEO
Tamales,9075.5,Pachard Town,222,,CONFIRMED_FROM_VIDEO,1,pooled_even_odd_wide,Santa Maria,San Salvador,,Screen Recording 2026-08-16 223317.mp4,4,CONFIRMED_FROM_VIDEO
Tamales,10625.1,Peter's Cove,246,,CONFIRMED_FROM_VIDEO,1,pooled_even_odd_wide,Santa Maria,San Salvador,,Screen Recording 2026-08-16 223317.mp4,6,CONFIRMED_FROM_VIDEO
Tamales,12113.7,Petit Anvers,270,,CONFIRMED_FROM_VIDEO,2,pooled_even_odd_wide,Santa Maria,San Salvador,,Screen Recording 2026-08-16 223317.mp4,4,CONFIRMED_FROM_VIDEO
Tamales,475.5,Poblado de San Juan,86,,CONFIRMED_FROM_VIDEO,2,pooled_even_odd_wide,Santa Maria,San Salvador,,Screen Recording 2026-08-16 223317.mp4,4,CONFIRMED_FROM_VIDEO
Tamales,7716.2,Point Rocheux,200,,CONFIRMED_FROM_VIDEO,1,pooled_even_odd_wide,Santa Maria,San Salvador,,Screen Recording 2026-08-16 223317.mp4,6,CONFIRMED_FROM_VIDEO
Tamales,8199.9,Ponta Delgada,208,,CONFIRMED_FROM_VIDEO,1,pooled_even_odd_wide,Santa Maria,San Salvador,,Screen Recording 2026-08-16 223317.mp4,4,CONFIRMED_FROM_VIDEO
Tamales,4593.0,Port Antonio,151,,CONFIRMED_FROM_VIDEO,1,pooled_even_odd_wide,Santa Maria,San Salvador,,Screen Recording 2026-08-16 223317.mp4,10,CONFIRMED_FROM_VIDEO
Tamales,12700.2,Port Louis,279,,CONFIRMED_FROM_VIDEO,2,pooled_even_odd_wide,Santa Maria,San Salvador,,Screen Recording 2026-08-16 223317.mp4,4,CONFIRMED_FROM_VIDEO
Tamales,4799.7,Port Royal,154,,CONFIRMED_FROM_VIDEO,1,pooled_even_odd_wide,Santa Maria,San Salvador,,Screen Recording 2026-08-16 223317.mp4,12,CONFIRMED_FROM_VIDEO
Tamales,8434.9,Port-Au-Croix,212,,CONFIRMED_FROM_VIDEO,1,pooled_even_odd_wide,Santa Maria,San Salvador,,Screen Recording 2026-08-16 223317.mp4,4,CONFIRMED_FROM_VIDEO
Tamales,12172.4,Princeton,270,,CONFIRMED_FROM_VIDEO,2,pooled_even_odd_wide,Santa Maria,San Salvador,,Screen Recording 2026-08-16 223317.mp4,4,CONFIRMED_FROM_VIDEO
Tamales,2341.8,Puerto de San Fernando,116,,CONFIRMED_FROM_VIDEO,1,pooled_even_odd_wide,Santa Maria,San Salvador,,Screen Recording 2026-08-16 223317.mp4,6,CONFIRMED_FROM_VIDEO
Tamales,12731.9,Saint Vincent,279,,CONFIRMED_FROM_VIDEO,2,pooled_even_odd_wide,Santa Maria,San Salvador,,Screen Recording 2026-08-16 223317.mp4,4,CONFIRMED_FROM_VIDEO
Tamales,12063.0,Saint-Nicholas,269,,CONFIRMED_FROM_VIDEO,1,pooled_even_odd_wide,Santa Maria,San Salvador,,Screen Recording 2026-08-16 223317.mp4,3,CONFIRMED_FROM_VIDEO
Tamales,10710.5,Sainte Rose,247,,CONFIRMED_FROM_VIDEO,2,pooled_even_odd_wide,Santa Maria,San Salvador,,Screen Recording 2026-08-16 223317.mp4,6,CONFIRMED_FROM_VIDEO
Tamales,7138.8,San Polo,191,,CONFIRMED_FROM_VIDEO,1,pooled_even_odd_wide,Santa Maria,San Salvador,,Screen Recording 2026-08-16 223317.mp4,6,CONFIRMED_FROM_VIDEO
Tamales,2040.6,San Salvador,111,,CONFIRMED_FROM_VIDEO,1,pooled_even_odd_wide,Santa Maria,San Salvador,,Screen Recording 2026-08-16 223317.mp4,6,CONFIRMED_FROM_VIDEO
Tamales,6562.6,San Vito,182,,CONFIRMED_FROM_VIDEO,1,pooled_even_odd_wide,Santa Maria,San Salvador,,Screen Recording 2026-08-16 223317.mp4,6,CONFIRMED_FROM_VIDEO
Tamales,11591.2,Sandy Settlement,261,Selected from the two recorded directional readings using reciprocal-distance agreement and the origin's other observed Distance/Value rows. No distance was fabricated.,CONFIRMED_RECORDED_RECIPROCAL_AUDIT,1,pooled_even_odd_wide,Santa Maria,San Salvador,,Screen Recording 2026-08-16 223317.mp4,8,CONFIRMED_FROM_VIDEO
Tamales,6341.3,Sao Bento,179,,CONFIRMED_FROM_VIDEO,1,pooled_even_odd_wide,Santa Maria,San Salvador,,Screen Recording 2026-08-16 223317.mp4,6,CONFIRMED_FROM_VIDEO
Tamales,14634.5,Snake Prosper,309,,CONFIRMED_FROM_VIDEO,2,pooled_even_odd_wide,Santa Maria,San Salvador,,Screen Recording 2026-08-16 223317.mp4,4,CONFIRMED_FROM_VIDEO
Tamales,16690.8,Sugar Cove,342,,CONFIRMED_FROM_VIDEO,2,pooled_even_odd_wide,Santa Maria,San Salvador,,Screen Recording 2026-08-16 223317.mp4,4,CONFIRMED_FROM_VIDEO
Tamales,12777.1,Taylor's Town,280,,CONFIRMED_FROM_VIDEO,2,pooled_even_odd_wide,Santa Maria,San Salvador,,Screen Recording 2026-08-16 223317.mp4,4,CONFIRMED_FROM_VIDEO
Tamales,3675.6,Theresa,137,,CONFIRMED_FROM_VIDEO,1,pooled_even_odd_wide,Santa Maria,San Salvador,,Screen Recording 2026-08-16 223317.mp4,10,CONFIRMED_FROM_VIDEO
Tamales,9151.0,Thresher Point,223,,CONFIRMED_FROM_VIDEO,1,pooled_even_odd_wide,Santa Maria,San Salvador,,Screen Recording 2026-08-16 223317.mp4,4,CONFIRMED_FROM_VIDEO
Tamales,5606.6,Venta Nueva,167,,CONFIRMED_FROM_VIDEO,1,pooled_even_odd_wide,Santa Maria,San Salvador,,Screen Recording 2026-08-16 223317.mp4,12,CONFIRMED_FROM_VIDEO
Tamales,5720.1,Villarreal Del Mar,169,,CONFIRMED_FROM_VIDEO,1,pooled_even_odd_wide,Santa Maria,San Salvador,,Screen Recording 2026-08-16 223317.mp4,6,CONFIRMED_FROM_VIDEO
Tamales,15790.8,White Hook,327,,CONFIRMED_FROM_VIDEO,2,pooled_even_odd_wide,Santa Maria,San Salvador,,Screen Recording 2026-08-16 223317.mp4,4,CONFIRMED_FROM_VIDEO
Tamales,14011.2,Wyntergard,299,,CONFIRMED_FROM_VIDEO,4,pooled_even_odd_wide,Santa Maria,San Salvador,,Screen Recording 2026-08-16 223317.mp4,6,CONFIRMED_FROM_VIDEO
Tamales,10664.3,Yorinobu's Settlement,247,,CONFIRMED_FROM_VIDEO,2,pooled_even_odd_wide,Santa Maria,San Salvador,,Screen Recording 2026-08-16 223317.mp4,5,CONFIRMED_FROM_VIDEO
Bananas,13281.9,Al-Jazair,311,,CONFIRMED_FROM_VIDEO,2,pooled_even_odd_wide,Sao Bento,Ilhas Brumas,,Screen Recording 2026-08-16 223317.mp4,4,CONFIRMED_FROM_VIDEO
Bananas,11492.5,Ashbourne,280,,CONFIRMED_FROM_VIDEO,3,pooled_even_odd_wide,Sao Bento,Ilhas Brumas,,Screen Recording 2026-08-16 223317.mp4,6,CONFIRMED_FROM_VIDEO
Bananas,12207.7,Belfry Heights,293,,CONFIRMED_FROM_VIDEO,2,pooled_even_odd_wide,Sao Bento,Ilhas Brumas,,Screen Recording 2026-08-16 223317.mp4,6,CONFIRMED_FROM_VIDEO
Bananas,10695.9,Bucket Bay,267,,CONFIRMED_FROM_VIDEO,1,pooled_even_odd_wide,Sao Bento,Ilhas Brumas,,Screen Recording 2026-08-16 223317.mp4,3,CONFIRMED_FROM_VIDEO
Bananas,15354.4,Caledonia,346,,CONFIRMED_FROM_VIDEO,2,pooled_even_odd_wide,Sao Bento,Ilhas Brumas,,Screen Recording 2026-08-16 223317.mp4,8,CONFIRMED_FROM_VIDEO
Bananas,15663.9,Castle Landing,351,,CONFIRMED_FROM_VIDEO,2,pooled_even_odd_wide,Sao Bento,Ilhas Brumas,,Screen Recording 2026-08-16 223317.mp4,8,CONFIRMED_FROM_VIDEO
Bananas,1930.4,Caveira,118,,CONFIRMED_FROM_VIDEO,1,pooled_even_odd_wide,Sao Bento,Ilhas Brumas,,Screen Recording 2026-08-16 223317.mp4,6,CONFIRMED_FROM_VIDEO
Bananas,11617.1,Caye Tiburon,282,,CONFIRMED_FROM_VIDEO,2,pooled_even_odd_wide,Sao Bento,Ilhas Brumas,,Screen Recording 2026-08-16 223317.mp4,4,CONFIRMED_FROM_VIDEO
Bananas,11511.6,Crownstead,281,,CONFIRMED_FROM_VIDEO,2,pooled_even_odd_wide,Sao Bento,Ilhas Brumas,,Screen Recording 2026-08-16 223317.mp4,6,CONFIRMED_FROM_VIDEO
Bananas,17784.5,Cumberland Hill,387,,CONFIRMED_FROM_VIDEO,2,pooled_even_odd_wide,Sao Bento,Ilhas Brumas,,Screen Recording 2026-08-16 223317.mp4,2,CONFIRMED_FROM_VIDEO
Bananas,14970.0,Deadman's Murcia,339,,CONFIRMED_FROM_VIDEO,1,pooled_even_odd_wide,Sao Bento,Ilhas Brumas,,Screen Recording 2026-08-16 223317.mp4,2,CONFIRMED_FROM_VIDEO
Bananas,11932.5,Fair Harbour,288,,CONFIRMED_FROM_VIDEO,2,pooled_even_odd_wide,Sao Bento,Ilhas Brumas,,Screen Recording 2026-08-16 223317.mp4,2,CONFIRMED_FROM_VIDEO
Bananas,6456.5,Falmouth,195,,CONFIRMED_FROM_VIDEO,1,pooled_even_odd_wide,Sao Bento,Ilhas Brumas,,Screen Recording 2026-08-16 223317.mp4,6,CONFIRMED_FROM_VIDEO
Bananas,12759.7,Gyldenvale,302,,CONFIRMED_FROM_VIDEO,2,pooled_even_odd_wide,Sao Bento,Ilhas Brumas,,Screen Recording 2026-08-16 223317.mp4,4,CONFIRMED_FROM_VIDEO
Bananas,16853.9,Jones' Outpost,372,,CONFIRMED_FROM_VIDEO,2,pooled_even_odd_wide,Sao Bento,Ilhas Brumas,,Screen Recording 2026-08-16 223317.mp4,6,CONFIRMED_FROM_VIDEO
Bananas,13514.9,Kandlerova,315,,CONFIRMED_FROM_VIDEO,2,pooled_even_odd_wide,Sao Bento,Ilhas Brumas,,Screen Recording 2026-08-16 223317.mp4,6,CONFIRMED_FROM_VIDEO
Bananas,13428.2,La Povenglia,313,,CONFIRMED_FROM_VIDEO,2,pooled_even_odd_wide,Sao Bento,Ilhas Brumas,,Screen Recording 2026-08-16 223317.mp4,6,CONFIRMED_FROM_VIDEO
Bananas,14392.4,Lebarde,330,,CONFIRMED_FROM_VIDEO,2,pooled_even_odd_wide,Sao Bento,Ilhas Brumas,,Screen Recording 2026-08-16 223317.mp4,2,CONFIRMED_FROM_VIDEO
Bananas,9992.9,Lord Irving's Sacrifice,255,,CONFIRMED_FROM_VIDEO,1,pooled_even_odd_wide,Sao Bento,Ilhas Brumas,,Screen Recording 2026-08-16 223317.mp4,6,CONFIRMED_FROM_VIDEO
Bananas,7764.1,Louisbourg,217,,CONFIRMED_FROM_VIDEO,1,pooled_even_odd_wide,Sao Bento,Ilhas Brumas,,Screen Recording 2026-08-16 223317.mp4,6,CONFIRMED_FROM_VIDEO
Bananas,1682.4,Madalena,114,,CONFIRMED_FROM_VIDEO,1,pooled_even_odd_wide,Sao Bento,Ilhas Brumas,,Screen Recording 2026-08-16 223317.mp4,6,CONFIRMED_FROM_VIDEO
Bananas,10739.3,Mako's Outlook,268,,CONFIRMED_FROM_VIDEO,2,pooled_even_odd_wide,Sao Bento,Ilhas Brumas,,Screen Recording 2026-08-16 223317.mp4,2,CONFIRMED_FROM_VIDEO
Bananas,9800.1,Matthew's Rest,252,,CONFIRMED_FROM_VIDEO,1,pooled_even_odd_wide,Sao Bento,Ilhas Brumas,,Screen Recording 2026-08-16 223317.mp4,6,CONFIRMED_FROM_VIDEO
Bananas,8045.4,Maurepas,222,,CONFIRMED_FROM_VIDEO,1,pooled_even_odd_wide,Sao Bento,Ilhas Brumas,,Screen Recording 2026-08-16 223317.mp4,6,CONFIRMED_FROM_VIDEO
Bananas,11884.6,New Brighton,287,,CONFIRMED_FROM_VIDEO,2,pooled_even_odd_wide,Sao Bento,Ilhas Brumas,,Screen Recording 2026-08-16 223317.mp4,2,CONFIRMED_FROM_VIDEO
Bananas,17731.6,New Catalina,386,,CONFIRMED_FROM_VIDEO,2,pooled_even_odd_wide,Sao Bento,Ilhas Brumas,,Screen Recording 2026-08-16 223317.mp4,6,CONFIRMED_FROM_VIDEO
Bananas,8869.7,Pachard Town,236,,CONFIRMED_FROM_VIDEO,1,pooled_even_odd_wide,Sao Bento,Ilhas Brumas,,Screen Recording 2026-08-16 223317.mp4,5,CONFIRMED_FROM_VIDEO
Bananas,14990.5,Peter's Cove,340,,CONFIRMED_FROM_VIDEO,2,pooled_even_odd_wide,Sao Bento,Ilhas Brumas,,Screen Recording 2026-08-16 223317.mp4,4,CONFIRMED_FROM_VIDEO
Bananas,8844.5,Petit Anvers,235,,CONFIRMED_FROM_VIDEO,1,pooled_even_odd_wide,Sao Bento,Ilhas Brumas,,Screen Recording 2026-08-16 223317.mp4,5,CONFIRMED_FROM_VIDEO
Bananas,6186.3,Poblado de San Juan,190,,CONFIRMED_FROM_VIDEO,2,pooled_even_odd_wide,Sao Bento,Ilhas Brumas,,Screen Recording 2026-08-16 223317.mp4,10,CONFIRMED_FROM_VIDEO
Bananas,6754.9,Point Rocheux,200,,CONFIRMED_FROM_VIDEO,1,pooled_even_odd_wide,Sao Bento,Ilhas Brumas,,Screen Recording 2026-08-16 223317.mp4,6,CONFIRMED_FROM_VIDEO
Bananas,1862.4,Ponta Delgada,117,,CONFIRMED_FROM_VIDEO,1,pooled_even_odd_wide,Sao Bento,Ilhas Brumas,,Screen Recording 2026-08-16 223317.mp4,6,CONFIRMED_FROM_VIDEO
Bananas,5739.9,Port Antonio,183,,CONFIRMED_FROM_VIDEO,1,pooled_even_odd_wide,Sao Bento,Ilhas Brumas,,Screen Recording 2026-08-16 223317.mp4,11,CONFIRMED_FROM_VIDEO
Bananas,12142.9,Port Louis,291,,CONFIRMED_FROM_VIDEO,2,pooled_even_odd_wide,Sao Bento,Ilhas Brumas,,Screen Recording 2026-08-16 223317.mp4,4,CONFIRMED_FROM_VIDEO
Bananas,8016.6,Port Royal,221,,CONFIRMED_FROM_VIDEO,1,pooled_even_odd_wide,Sao Bento,Ilhas Brumas,,Screen Recording 2026-08-16 223317.mp4,6,CONFIRMED_FROM_VIDEO
Bananas,7837.3,Port-Au-Croix,218,,CONFIRMED_FROM_VIDEO,1,pooled_even_odd_wide,Sao Bento,Ilhas Brumas,,Screen Recording 2026-08-16 223317.mp4,6,CONFIRMED_FROM_VIDEO
Bananas,14194.7,Princeton,326,,CONFIRMED_FROM_VIDEO,2,pooled_even_odd_wide,Sao Bento,Ilhas Brumas,,Screen Recording 2026-08-16 223317.mp4,4,CONFIRMED_FROM_VIDEO
Bananas,4638.6,Puerto de San Fernando,164,,CONFIRMED_FROM_VIDEO,1,pooled_even_odd_wide,Sao Bento,Ilhas Brumas,,Screen Recording 2026-08-16 223317.mp4,8,CONFIRMED_FROM_VIDEO
Bananas,13164.3,Saint Vincent,309,,CONFIRMED_FROM_VIDEO,2,pooled_even_odd_wide,Sao Bento,Ilhas Brumas,,Screen Recording 2026-08-16 223317.mp4,4,CONFIRMED_FROM_VIDEO
Bananas,16460.7,Saint-Nicholas,365,,CONFIRMED_FROM_VIDEO,2,pooled_even_odd_wide,Sao Bento,Ilhas Brumas,,Screen Recording 2026-08-16 223317.mp4,6,CONFIRMED_FROM_VIDEO
Bananas,7191.2,Sainte Rose,207,,CONFIRMED_FROM_VIDEO,1,pooled_even_odd_wide,Sao Bento,Ilhas Brumas,,Screen Recording 2026-08-16 223317.mp4,6,CONFIRMED_FROM_VIDEO
Bananas,13242.5,San Polo,310,,CONFIRMED_FROM_VIDEO,2,pooled_even_odd_wide,Sao Bento,Ilhas Brumas,,Screen Recording 2026-08-16 223317.mp4,4,CONFIRMED_FROM_VIDEO
Bananas,8364.4,San Salvador,227,,CONFIRMED_FROM_VIDEO,1,pooled_even_odd_wide,Sao Bento,Ilhas Brumas,,Screen Recording 2026-08-16 223317.mp4,6,CONFIRMED_FROM_VIDEO
Bananas,11850.6,San Vito,286,,CONFIRMED_FROM_VIDEO,2,pooled_even_odd_wide,Sao Bento,Ilhas Brumas,,Screen Recording 2026-08-16 223317.mp4,4,CONFIRMED_FROM_VIDEO
Bananas,16100.5,Sandy Settlement,359,,CONFIRMED_FROM_VIDEO,2,pooled_even_odd_wide,Sao Bento,Ilhas Brumas,,Screen Recording 2026-08-16 223317.mp4,6,CONFIRMED_FROM_VIDEO
Bananas,6341.3,Santa Maria,193,,CONFIRMED_FROM_VIDEO,1,pooled_even_odd_wide,Sao Bento,Ilhas Brumas,,Screen Recording 2026-08-16 223317.mp4,12,CONFIRMED_FROM_VIDEO
Bananas,14985.0,Snake Prosper,340,,CONFIRMED_FROM_VIDEO,1,pooled_even_odd_wide,Sao Bento,Ilhas Brumas,,Screen Recording 2026-08-16 223317.mp4,5,CONFIRMED_FROM_VIDEO
Bananas,18731.7,Sugar Cove,403,,CONFIRMED_FROM_VIDEO,2,pooled_even_odd_wide,Sao Bento,Ilhas Brumas,,Screen Recording 2026-08-16 223317.mp4,4,CONFIRMED_FROM_VIDEO
Bananas,16695.1,Taylor's Town,369,,CONFIRMED_FROM_VIDEO,2,pooled_even_odd_wide,Sao Bento,Ilhas Brumas,,Screen Recording 2026-08-16 223317.mp4,6,CONFIRMED_FROM_VIDEO
Bananas,6159.2,Theresa,190,,CONFIRMED_FROM_VIDEO,1,pooled_even_odd_wide,Sao Bento,Ilhas Brumas,,Screen Recording 2026-08-16 223317.mp4,11,CONFIRMED_FROM_VIDEO
Bananas,12670.3,Thresher Point,300,,CONFIRMED_FROM_VIDEO,2,pooled_even_odd_wide,Sao Bento,Ilhas Brumas,,Screen Recording 2026-08-16 223317.mp4,6,CONFIRMED_FROM_VIDEO
Bananas,3491.8,Venta Nueva,144,,CONFIRMED_FROM_VIDEO,1,pooled_even_odd_wide,Sao Bento,Ilhas Brumas,,Screen Recording 2026-08-16 223317.mp4,6,CONFIRMED_FROM_VIDEO
Bananas,4804.2,Villarreal Del Mar,167,,CONFIRMED_FROM_VIDEO,1,pooled_even_odd_wide,Sao Bento,Ilhas Brumas,,Screen Recording 2026-08-16 223317.mp4,10,CONFIRMED_FROM_VIDEO
Bananas,15896.8,White Hook,355,,CONFIRMED_FROM_VIDEO,3,pooled_even_odd_wide,Sao Bento,Ilhas Brumas,,Screen Recording 2026-08-16 223317.mp4,6,CONFIRMED_FROM_VIDEO
Bananas,12590.4,Wyntergard,299,,CONFIRMED_FROM_VIDEO,2,pooled_even_odd_wide,Sao Bento,Ilhas Brumas,,Screen Recording 2026-08-16 223317.mp4,6,CONFIRMED_FROM_VIDEO
Bananas,11434.5,Yorinobu's Settlement,279,,CONFIRMED_FROM_VIDEO,2,pooled_even_odd_wide,Sao Bento,Ilhas Brumas,,Screen Recording 2026-08-16 223317.mp4,4,CONFIRMED_FROM_VIDEO
Medicine,2701.1,Al-Jazair,169,,CONFIRMED_FROM_VIDEO,2,pooled_even_odd_wide,Snake Prosper,East Somerset,,Screen Recording 2026-08-16 223317.mp4,6,CONFIRMED_FROM_VIDEO
Medicine,4685.1,Ashbourne,213,,CONFIRMED_FROM_VIDEO,1,pooled_even_odd_wide,Snake Prosper,East Somerset,,Screen Recording 2026-08-16 223317.mp4,5,CONFIRMED_FROM_VIDEO
Medicine,8521.8,Belfry Heights,297,,CONFIRMED_FROM_VIDEO,1,pooled_even_odd_wide,Snake Prosper,East Somerset,,Screen Recording 2026-08-16 223317.mp4,6,CONFIRMED_FROM_VIDEO
Medicine,4292.3,Bucket Bay,204,,CONFIRMED_FROM_VIDEO,3,pooled_even_odd_wide,Snake Prosper,East Somerset,,Screen Recording 2026-08-16 223317.mp4,6,CONFIRMED_FROM_VIDEO
Medicine,395.7,Caledonia,119,,CONFIRMED_FROM_VIDEO,1,pooled_even_odd_wide,Snake Prosper,East Somerset,,Screen Recording 2026-08-16 223317.mp4,4,CONFIRMED_FROM_VIDEO
Medicine,5072.2,Castle Landing,222,,CONFIRMED_FROM_VIDEO,1,pooled_even_odd_wide,Snake Prosper,East Somerset,,Screen Recording 2026-08-16 223317.mp4,5,CONFIRMED_FROM_VIDEO
Medicine,14751.6,Caveira,435,,CONFIRMED_FROM_VIDEO,2,pooled_even_odd_wide,Snake Prosper,East Somerset,,Screen Recording 2026-08-16 223317.mp4,10,CONFIRMED_FROM_VIDEO
Medicine,7098.1,Caye Tiburon,266,,CONFIRMED_FROM_VIDEO,1,pooled_even_odd_wide,Snake Prosper,East Somerset,,Screen Recording 2026-08-16 223317.mp4,4,CONFIRMED_FROM_VIDEO
Medicine,5334.9,Crownstead,227,,CONFIRMED_FROM_VIDEO,1,pooled_even_odd_wide,Snake Prosper,East Somerset,,Screen Recording 2026-08-16 223317.mp4,4,CONFIRMED_FROM_VIDEO
Medicine,4215.2,Cumberland Hill,203,,CONFIRMED_FROM_VIDEO,2,pooled_even_odd_wide,Snake Prosper,East Somerset,,Screen Recording 2026-08-16 223317.mp4,3,CONFIRMED_FROM_VIDEO
Medicine,852.5,Deadman's Murcia,129,,CONFIRMED_FROM_VIDEO,2,pooled_even_odd_wide,Snake Prosper,East Somerset,,Screen Recording 2026-08-16 223317.mp4,2,CONFIRMED_FROM_VIDEO
Medicine,3079.9,Fair Harbour,178,,CONFIRMED_FROM_VIDEO,1,pooled_even_odd_wide,Snake Prosper,East Somerset,,Screen Recording 2026-08-16 223317.mp4,7,CONFIRMED_FROM_VIDEO
Medicine,9333.0,Falmouth,315,,CONFIRMED_FROM_VIDEO,1,pooled_even_odd_wide,Snake Prosper,East Somerset,,Screen Recording 2026-08-16 223317.mp4,5,CONFIRMED_FROM_VIDEO
Medicine,5391.8,Gyldenvale,229,,CONFIRMED_FROM_VIDEO,1,pooled_even_odd_wide,Snake Prosper,East Somerset,,Screen Recording 2026-08-16 223317.mp4,6,CONFIRMED_FROM_VIDEO
Medicine,3344.1,Jones' Outpost,184,,CONFIRMED_FROM_VIDEO,1,pooled_even_odd_wide,Snake Prosper,East Somerset,,Screen Recording 2026-08-16 223317.mp4,9,CONFIRMED_FROM_VIDEO
Medicine,15771.7,Kandlerova,457,,CONFIRMED_FROM_VIDEO,2,pooled_even_odd_wide,Snake Prosper,East Somerset,,Screen Recording 2026-08-16 223317.mp4,6,CONFIRMED_FROM_VIDEO
Medicine,12955.5,La Povenglia,395,,CONFIRMED_FROM_VIDEO,2,pooled_even_odd_wide,Snake Prosper,East Somerset,,Screen Recording 2026-08-16 223317.mp4,4,CONFIRMED_FROM_VIDEO
Medicine,5917.3,Lebarde,240,,CONFIRMED_FROM_VIDEO,1,pooled_even_odd_wide,Snake Prosper,East Somerset,,Screen Recording 2026-08-16 223317.mp4,3,CONFIRMED_FROM_VIDEO
Medicine,9952.5,Lord Irving's Sacrifice,329,,CONFIRMED_FROM_VIDEO,1,pooled_even_odd_wide,Snake Prosper,East Somerset,,Screen Recording 2026-08-16 223317.mp4,5,CONFIRMED_FROM_VIDEO
Medicine,8308.3,Louisbourg,293,,CONFIRMED_FROM_VIDEO,3,pooled_even_odd_wide,Snake Prosper,East Somerset,,Screen Recording 2026-08-16 223317.mp4,7,CONFIRMED_FROM_VIDEO
Medicine,16375.0,Madalena,470,,CONFIRMED_FROM_VIDEO,1,pooled_even_odd_wide,Snake Prosper,East Somerset,,Screen Recording 2026-08-16 223317.mp4,8,CONFIRMED_FROM_VIDEO
Medicine,10089.3,Mako's Outlook,332,,CONFIRMED_FROM_VIDEO,2,pooled_even_odd_wide,Snake Prosper,East Somerset,,Screen Recording 2026-08-16 223317.mp4,4,CONFIRMED_FROM_VIDEO
Medicine,5189.3,Matthew's Rest,224,,CONFIRMED_FROM_VIDEO,1,pooled_even_odd_wide,Snake Prosper,East Somerset,,Screen Recording 2026-08-16 223317.mp4,3,CONFIRMED_FROM_VIDEO
Medicine,7577.8,Maurepas,277,,CONFIRMED_FROM_VIDEO,1,pooled_even_odd_wide,Snake Prosper,East Somerset,,Screen Recording 2026-08-16 223317.mp4,4,CONFIRMED_FROM_VIDEO
Medicine,4266.1,New Brighton,204,,CONFIRMED_FROM_VIDEO,1,pooled_even_odd_wide,Snake Prosper,East Somerset,,Screen Recording 2026-08-16 223317.mp4,6,CONFIRMED_FROM_VIDEO
Medicine,4568.4,New Catalina,211,,CONFIRMED_FROM_VIDEO,1,pooled_even_odd_wide,Snake Prosper,East Somerset,,Screen Recording 2026-08-16 223317.mp4,5,CONFIRMED_FROM_VIDEO
Medicine,6155.8,Pachard Town,245,,CONFIRMED_FROM_VIDEO,1,pooled_even_odd_wide,Snake Prosper,East Somerset,,Screen Recording 2026-08-16 223317.mp4,4,CONFIRMED_FROM_VIDEO
Medicine,9675.2,Peter's Cove,323,,CONFIRMED_FROM_VIDEO,1,pooled_even_odd_wide,Snake Prosper,East Somerset,,Screen Recording 2026-08-16 223317.mp4,5,CONFIRMED_FROM_VIDEO
Medicine,8563.9,Petit Anvers,298,,CONFIRMED_FROM_VIDEO,1,pooled_even_odd_wide,Snake Prosper,East Somerset,,Screen Recording 2026-08-16 223317.mp4,6,CONFIRMED_FROM_VIDEO
Medicine,15046.9,Poblado de San Juan,441,,CONFIRMED_FROM_VIDEO,2,pooled_even_odd_wide,Snake Prosper,East Somerset,,Screen Recording 2026-08-16 223317.mp4,8,CONFIRMED_FROM_VIDEO
Medicine,8241.2,Point Rocheux,291,,CONFIRMED_FROM_VIDEO,1,pooled_even_odd_wide,Snake Prosper,East Somerset,,Screen Recording 2026-08-16 223317.mp4,4,CONFIRMED_FROM_VIDEO
Medicine,15456.8,Ponta Delgada,450,,CONFIRMED_FROM_VIDEO,2,pooled_even_odd_wide,Snake Prosper,East Somerset,,Screen Recording 2026-08-16 223317.mp4,6,CONFIRMED_FROM_VIDEO
Medicine,10433.0,Port Antonio,340,,CONFIRMED_FROM_VIDEO,1,pooled_even_odd_wide,Snake Prosper,East Somerset,,Screen Recording 2026-08-16 223317.mp4,4,CONFIRMED_FROM_VIDEO
Medicine,3130.7,Port Louis,179,,CONFIRMED_FROM_VIDEO,1,pooled_even_odd_wide,Snake Prosper,East Somerset,,Screen Recording 2026-08-16 223317.mp4,7,CONFIRMED_FROM_VIDEO
Medicine,9947.2,Port Royal,329,,CONFIRMED_FROM_VIDEO,1,pooled_even_odd_wide,Snake Prosper,East Somerset,,Screen Recording 2026-08-16 223317.mp4,5,CONFIRMED_FROM_VIDEO
Medicine,7162.3,Port-Au-Croix,268,,CONFIRMED_FROM_VIDEO,1,pooled_even_odd_wide,Snake Prosper,East Somerset,,Screen Recording 2026-08-16 223317.mp4,4,CONFIRMED_FROM_VIDEO
Medicine,4102.0,Princeton,200,,CONFIRMED_FROM_VIDEO,1,pooled_even_odd_wide,Snake Prosper,East Somerset,,Screen Recording 2026-08-16 223317.mp4,9,CONFIRMED_FROM_VIDEO
Medicine,13091.9,Puerto de San Fernando,398,,CONFIRMED_FROM_VIDEO,2,pooled_even_odd_wide,Snake Prosper,East Somerset,,Screen Recording 2026-08-16 223317.mp4,10,CONFIRMED_FROM_VIDEO
Medicine,1920.7,Saint Vincent,152,,CONFIRMED_FROM_VIDEO,1,pooled_even_odd_wide,Snake Prosper,East Somerset,,Screen Recording 2026-08-16 223317.mp4,6,CONFIRMED_FROM_VIDEO
Medicine,10094.4,Saint-Nicholas,332,,CONFIRMED_FROM_VIDEO,2,pooled_even_odd_wide,Snake Prosper,East Somerset,,Screen Recording 2026-08-16 223317.mp4,4,CONFIRMED_FROM_VIDEO
Medicine,9457.5,Sainte Rose,318,,CONFIRMED_FROM_VIDEO,1,pooled_even_odd_wide,Snake Prosper,East Somerset,,Screen Recording 2026-08-16 223317.mp4,5,CONFIRMED_FROM_VIDEO
Medicine,14848.8,San Polo,437,,CONFIRMED_FROM_VIDEO,2,pooled_even_odd_wide,Snake Prosper,East Somerset,,Screen Recording 2026-08-16 223317.mp4,8,CONFIRMED_FROM_VIDEO
Medicine,14797.5,San Salvador,436,,CONFIRMED_FROM_VIDEO,2,pooled_even_odd_wide,Snake Prosper,East Somerset,,Screen Recording 2026-08-16 223317.mp4,8,CONFIRMED_FROM_VIDEO
Medicine,11858.8,San Vito,371,,CONFIRMED_FROM_VIDEO,2,pooled_even_odd_wide,Snake Prosper,East Somerset,,Screen Recording 2026-08-16 223317.mp4,3,CONFIRMED_FROM_VIDEO
Medicine,10304.3,Sandy Settlement,337,,CONFIRMED_FROM_VIDEO,2,pooled_even_odd_wide,Snake Prosper,East Somerset,,Screen Recording 2026-08-16 223317.mp4,4,CONFIRMED_FROM_VIDEO
Medicine,14634.5,Santa Maria,432,,CONFIRMED_FROM_VIDEO,2,pooled_even_odd_wide,Snake Prosper,East Somerset,,Screen Recording 2026-08-16 223317.mp4,10,CONFIRMED_FROM_VIDEO
Medicine,14985.0,Sao Bento,440,,CONFIRMED_FROM_VIDEO,1,pooled_even_odd_wide,Snake Prosper,East Somerset,,Screen Recording 2026-08-16 223317.mp4,11,CONFIRMED_FROM_VIDEO
Medicine,5296.3,Sugar Cove,227,,CONFIRMED_FROM_VIDEO,1,pooled_even_odd_wide,Snake Prosper,East Somerset,,Screen Recording 2026-08-16 223317.mp4,3,CONFIRMED_FROM_VIDEO
Medicine,8857.4,Taylor's Town,305,,CONFIRMED_FROM_VIDEO,1,pooled_even_odd_wide,Snake Prosper,East Somerset,,Screen Recording 2026-08-16 223317.mp4,6,CONFIRMED_FROM_VIDEO
Medicine,11041.5,Theresa,353,,CONFIRMED_FROM_VIDEO,2,pooled_even_odd_wide,Snake Prosper,East Somerset,,Screen Recording 2026-08-16 223317.mp4,2,CONFIRMED_FROM_VIDEO
Medicine,7784.6,Thresher Point,281,,CONFIRMED_FROM_VIDEO,1,pooled_even_odd_wide,Snake Prosper,East Somerset,,Screen Recording 2026-08-16 223317.mp4,4,CONFIRMED_FROM_VIDEO
Medicine,11606.2,Venta Nueva,365,,CONFIRMED_FROM_VIDEO,2,pooled_even_odd_wide,Snake Prosper,East Somerset,,Screen Recording 2026-08-16 223317.mp4,2,CONFIRMED_FROM_VIDEO
Medicine,10409.0,Villarreal Del Mar,339,,CONFIRMED_FROM_VIDEO,2,pooled_even_odd_wide,Snake Prosper,East Somerset,,Screen Recording 2026-08-16 223317.mp4,3,CONFIRMED_FROM_VIDEO
Medicine,1210.9,White Hook,137,,CONFIRMED_FROM_VIDEO,1,pooled_even_odd_wide,Snake Prosper,East Somerset,,Screen Recording 2026-08-16 223317.mp4,4,CONFIRMED_FROM_VIDEO
Medicine,4227.5,Wyntergard,203,,CONFIRMED_FROM_VIDEO,1,pooled_even_odd_wide,Snake Prosper,East Somerset,,Screen Recording 2026-08-16 223317.mp4,8,CONFIRMED_FROM_VIDEO
Medicine,3972.5,Yorinobu's Settlement,197,,CONFIRMED_FROM_VIDEO,1,pooled_even_odd_wide,Snake Prosper,East Somerset,,Screen Recording 2026-08-16 223317.mp4,9,CONFIRMED_FROM_VIDEO
Lobster,5577.2,Al-Jazair,180,,CONFIRMED_FROM_VIDEO,1,pooled_even_odd_wide,Sugar Cove,New Catalina,,Screen Recording 2026-08-16 223317.mp4,12,CONFIRMED_FROM_VIDEO
Lobster,9880.8,Ashbourne,253,,CONFIRMED_FROM_VIDEO,1,pooled_even_odd_wide,Sugar Cove,New Catalina,,Screen Recording 2026-08-16 223317.mp4,6,CONFIRMED_FROM_VIDEO
Lobster,8680.3,Belfry Heights,233,,CONFIRMED_FROM_VIDEO,3,pooled_even_odd_wide,Sugar Cove,New Catalina,,Screen Recording 2026-08-16 223317.mp4,6,CONFIRMED_FROM_VIDEO
Lobster,8569.8,Bucket Bay,231,,CONFIRMED_FROM_VIDEO,1,pooled_even_odd_wide,Sugar Cove,New Catalina,,Screen Recording 2026-08-16 223317.mp4,6,CONFIRMED_FROM_VIDEO
Lobster,5194.4,Caledonia,173,,CONFIRMED_FROM_VIDEO,1,pooled_even_odd_wide,Sugar Cove,New Catalina,,Screen Recording 2026-08-16 223317.mp4,11,CONFIRMED_FROM_VIDEO
Lobster,3561.6,Castle Landing,146,,CONFIRMED_FROM_VIDEO,1,pooled_even_odd_wide,Sugar Cove,New Catalina,,Screen Recording 2026-08-16 223317.mp4,8,CONFIRMED_FROM_VIDEO
Lobster,18050.6,Caveira,392,,CONFIRMED_FROM_VIDEO,2,pooled_even_odd_wide,Sugar Cove,New Catalina,,Screen Recording 2026-08-16 223317.mp4,4,CONFIRMED_FROM_VIDEO
Lobster,8037.7,Caye Tiburon,222,,CONFIRMED_FROM_VIDEO,1,pooled_even_odd_wide,Sugar Cove,New Catalina,,Screen Recording 2026-08-16 223317.mp4,6,CONFIRMED_FROM_VIDEO
Lobster,10585.3,Crownstead,265,,CONFIRMED_FROM_VIDEO,2,pooled_even_odd_wide,Sugar Cove,New Catalina,,Screen Recording 2026-08-16 223317.mp4,4,CONFIRMED_FROM_VIDEO
Lobster,1099.3,Cumberland Hill,104,,CONFIRMED_FROM_VIDEO,2,pooled_even_odd_wide,Sugar Cove,New Catalina,,Screen Recording 2026-08-16 223317.mp4,5,CONFIRMED_FROM_VIDEO
Lobster,6009.9,Deadman's Murcia,187,,CONFIRMED_FROM_VIDEO,1,pooled_even_odd_wide,Sugar Cove,New Catalina,,Screen Recording 2026-08-16 223317.mp4,4,CONFIRMED_FROM_VIDEO
Lobster,7787.3,Fair Harbour,217,,CONFIRMED_FROM_VIDEO,1,pooled_even_odd_wide,Sugar Cove,New Catalina,,Screen Recording 2026-08-16 223317.mp4,7,CONFIRMED_FROM_VIDEO
Lobster,12406.6,Falmouth,296,,CONFIRMED_FROM_VIDEO,2,pooled_even_odd_wide,Sugar Cove,New Catalina,,Screen Recording 2026-08-16 223317.mp4,4,CONFIRMED_FROM_VIDEO
Lobster,10681.4,Gyldenvale,267,,CONFIRMED_FROM_VIDEO,1,pooled_even_odd_wide,Sugar Cove,New Catalina,,Screen Recording 2026-08-16 223317.mp4,2,CONFIRMED_FROM_VIDEO
Lobster,2071.1,Jones' Outpost,120,,CONFIRMED_FROM_VIDEO,1,pooled_even_odd_wide,Sugar Cove,New Catalina,,Screen Recording 2026-08-16 223317.mp4,8,CONFIRMED_FROM_VIDEO
Lobster,15392.9,Kandlerova,347,,CONFIRMED_FROM_VIDEO,2,pooled_even_odd_wide,Sugar Cove,New Catalina,,Screen Recording 2026-08-16 223317.mp4,6,CONFIRMED_FROM_VIDEO
Lobster,12330.3,La Povenglia,295,,CONFIRMED_FROM_VIDEO,2,pooled_even_odd_wide,Sugar Cove,New Catalina,,Screen Recording 2026-08-16 223317.mp4,4,CONFIRMED_FROM_VIDEO
Lobster,5245.6,Lebarde,174,,CONFIRMED_FROM_VIDEO,1,pooled_even_odd_wide,Sugar Cove,New Catalina,,Screen Recording 2026-08-16 223317.mp4,11,CONFIRMED_FROM_VIDEO
Lobster,11014.5,Lord Irving's Sacrifice,272,,CONFIRMED_FROM_VIDEO,2,pooled_even_odd_wide,Sugar Cove,New Catalina,,Screen Recording 2026-08-16 223317.mp4,4,CONFIRMED_FROM_VIDEO
Lobster,13125.8,Louisbourg,308,,CONFIRMED_FROM_VIDEO,2,pooled_even_odd_wide,Sugar Cove,New Catalina,,Screen Recording 2026-08-16 223317.mp4,2,CONFIRMED_FROM_VIDEO
Lobster,19878.4,Madalena,423,,CONFIRMED_FROM_VIDEO,2,pooled_even_odd_wide,Sugar Cove,New Catalina,,Screen Recording 2026-08-16 223317.mp4,4,CONFIRMED_FROM_VIDEO
Lobster,10766.2,Mako's Outlook,268,,CONFIRMED_FROM_VIDEO,2,pooled_even_odd_wide,Sugar Cove,New Catalina,,Screen Recording 2026-08-16 223317.mp4,6,CONFIRMED_FROM_VIDEO
Lobster,9357.1,Matthew's Rest,244,,CONFIRMED_FROM_VIDEO,3,pooled_even_odd_wide,Sugar Cove,New Catalina,,Screen Recording 2026-08-16 223317.mp4,4,CONFIRMED_FROM_VIDEO
Lobster,12304.0,Maurepas,294,,CONFIRMED_FROM_VIDEO,1,pooled_even_odd_wide,Sugar Cove,New Catalina,,Screen Recording 2026-08-16 223317.mp4,6,CONFIRMED_FROM_VIDEO
Lobster,6847.4,New Brighton,201,,CONFIRMED_FROM_VIDEO,1,pooled_even_odd_wide,Sugar Cove,New Catalina,,Screen Recording 2026-08-16 223317.mp4,4,CONFIRMED_FROM_VIDEO
Lobster,1000.2,New Catalina,102,,CONFIRMED_FROM_VIDEO,1,pooled_even_odd_wide,Sugar Cove,New Catalina,,Screen Recording 2026-08-16 223317.mp4,8,CONFIRMED_FROM_VIDEO
Lobster,10082.1,Pachard Town,256,,CONFIRMED_FROM_VIDEO,2,pooled_even_odd_wide,Sugar Cove,New Catalina,,Screen Recording 2026-08-16 223317.mp4,3,CONFIRMED_FROM_VIDEO
Lobster,8119.3,Peter's Cove,223,,CONFIRMED_FROM_VIDEO,1,pooled_even_odd_wide,Sugar Cove,New Catalina,,Screen Recording 2026-08-16 223317.mp4,6,CONFIRMED_FROM_VIDEO
Lobster,13649.4,Petit Anvers,317,,CONFIRMED_FROM_VIDEO,2,pooled_even_odd_wide,Sugar Cove,New Catalina,,Screen Recording 2026-08-16 223317.mp4,4,CONFIRMED_FROM_VIDEO
Lobster,17155.6,Poblado de San Juan,377,,CONFIRMED_FROM_VIDEO,2,pooled_even_odd_wide,Sugar Cove,New Catalina,,Screen Recording 2026-08-16 223317.mp4,6,CONFIRMED_FROM_VIDEO
Lobster,12148.8,Point Rocheux,292,,CONFIRMED_FROM_VIDEO,2,pooled_even_odd_wide,Sugar Cove,New Catalina,,Screen Recording 2026-08-16 223317.mp4,4,CONFIRMED_FROM_VIDEO
Lobster,19565.8,Ponta Delgada,418,,CONFIRMED_FROM_VIDEO,2,pooled_even_odd_wide,Sugar Cove,New Catalina,,Screen Recording 2026-08-16 223317.mp4,4,CONFIRMED_FROM_VIDEO
Lobster,13364.8,Port Antonio,312,,CONFIRMED_FROM_VIDEO,2,pooled_even_odd_wide,Sugar Cove,New Catalina,,Screen Recording 2026-08-16 223317.mp4,2,CONFIRMED_FROM_VIDEO
Lobster,8166.4,Port Louis,224,,CONFIRMED_FROM_VIDEO,1,pooled_even_odd_wide,Sugar Cove,New Catalina,,Screen Recording 2026-08-16 223317.mp4,6,CONFIRMED_FROM_VIDEO
Lobster,11952.6,Port Royal,288,,CONFIRMED_FROM_VIDEO,2,pooled_even_odd_wide,Sugar Cove,New Catalina,,Screen Recording 2026-08-16 223317.mp4,4,CONFIRMED_FROM_VIDEO
Lobster,11113.8,Port-Au-Croix,274,,CONFIRMED_FROM_VIDEO,2,pooled_even_odd_wide,Sugar Cove,New Catalina,,Screen Recording 2026-08-16 223317.mp4,6,CONFIRMED_FROM_VIDEO
Lobster,4618.5,Princeton,164,,CONFIRMED_FROM_VIDEO,2,pooled_even_odd_wide,Sugar Cove,New Catalina,,Screen Recording 2026-08-16 223317.mp4,8,CONFIRMED_FROM_VIDEO
Lobster,15774.7,Puerto de San Fernando,353,,CONFIRMED_FROM_VIDEO,2,pooled_even_odd_wide,Sugar Cove,New Catalina,,Screen Recording 2026-08-16 223317.mp4,6,CONFIRMED_FROM_VIDEO
Lobster,6244.6,Saint Vincent,191,,CONFIRMED_FROM_VIDEO,1,pooled_even_odd_wide,Sugar Cove,New Catalina,,Screen Recording 2026-08-16 223317.mp4,4,CONFIRMED_FROM_VIDEO
Lobster,7716.8,Saint-Nicholas,216,,CONFIRMED_FROM_VIDEO,1,pooled_even_odd_wide,Sugar Cove,New Catalina,,Screen Recording 2026-08-16 223317.mp4,6,CONFIRMED_FROM_VIDEO
Lobster,14307.9,Sainte Rose,328,,CONFIRMED_FROM_VIDEO,2,pooled_even_odd_wide,Sugar Cove,New Catalina,,Screen Recording 2026-08-16 223317.mp4,4,CONFIRMED_FROM_VIDEO
Lobster,14467.2,San Polo,331,,CONFIRMED_FROM_VIDEO,2,pooled_even_odd_wide,Sugar Cove,New Catalina,,Screen Recording 2026-08-16 223317.mp4,4,CONFIRMED_FROM_VIDEO
Lobster,16199.5,San Salvador,360,,CONFIRMED_FROM_VIDEO,2,pooled_even_odd_wide,Sugar Cove,New Catalina,,Screen Recording 2026-08-16 223317.mp4,6,CONFIRMED_FROM_VIDEO
Lobster,11893.1,San Vito,287,,CONFIRMED_FROM_VIDEO,2,pooled_even_odd_wide,Sugar Cove,New Catalina,,Screen Recording 2026-08-16 223317.mp4,5,CONFIRMED_FROM_VIDEO
Lobster,8154.3,Sandy Settlement,224,,CONFIRMED_FROM_VIDEO,1,pooled_even_odd_wide,Sugar Cove,New Catalina,,Screen Recording 2026-08-16 223317.mp4,6,CONFIRMED_FROM_VIDEO
Lobster,16690.8,Santa Maria,369,,CONFIRMED_FROM_VIDEO,2,pooled_even_odd_wide,Sugar Cove,New Catalina,,Screen Recording 2026-08-16 223317.mp4,6,CONFIRMED_FROM_VIDEO
Lobster,18731.7,Sao Bento,403,,CONFIRMED_FROM_VIDEO,2,pooled_even_odd_wide,Sugar Cove,New Catalina,,Screen Recording 2026-08-16 223317.mp4,4,CONFIRMED_FROM_VIDEO
Lobster,5296.3,Snake Prosper,175,,CONFIRMED_FROM_VIDEO,1,pooled_even_odd_wide,Sugar Cove,New Catalina,,Screen Recording 2026-08-16 223317.mp4,12,CONFIRMED_FROM_VIDEO
Lobster,6200.7,Taylor's Town,190,,CONFIRMED_FROM_VIDEO,1,pooled_even_odd_wide,Sugar Cove,New Catalina,,Screen Recording 2026-08-16 223317.mp4,4,CONFIRMED_FROM_VIDEO
Lobster,13574.8,Theresa,316,,CONFIRMED_FROM_VIDEO,2,pooled_even_odd_wide,Sugar Cove,New Catalina,,Screen Recording 2026-08-16 223317.mp4,2,CONFIRMED_FROM_VIDEO
Lobster,7821.6,Thresher Point,218,,CONFIRMED_FROM_VIDEO,1,pooled_even_odd_wide,Sugar Cove,New Catalina,,Screen Recording 2026-08-16 223317.mp4,6,CONFIRMED_FROM_VIDEO
Lobster,15239.9,Venta Nueva,344,,CONFIRMED_FROM_VIDEO,2,pooled_even_odd_wide,Sugar Cove,New Catalina,,Screen Recording 2026-08-16 223317.mp4,6,CONFIRMED_FROM_VIDEO
Lobster,13930.9,Villarreal Del Mar,322,,CONFIRMED_FROM_VIDEO,2,pooled_even_odd_wide,Sugar Cove,New Catalina,,Screen Recording 2026-08-16 223317.mp4,2,CONFIRMED_FROM_VIDEO
Lobster,5522.7,White Hook,179,,CONFIRMED_FROM_VIDEO,1,pooled_even_odd_wide,Sugar Cove,New Catalina,,Screen Recording 2026-08-16 223317.mp4,12,CONFIRMED_FROM_VIDEO
Lobster,9520.1,Wyntergard,247,,CONFIRMED_FROM_VIDEO,1,pooled_even_odd_wide,Sugar Cove,New Catalina,,Screen Recording 2026-08-16 223317.mp4,7,CONFIRMED_FROM_VIDEO
Lobster,7409.1,Yorinobu's Settlement,211,,CONFIRMED_FROM_VIDEO,2,pooled_even_odd_wide,Sugar Cove,New Catalina,,Screen Recording 2026-08-16 223317.mp4,3,CONFIRMED_FROM_VIDEO
Thyme,6930.3,Al-Jazair,170,,CONFIRMED_FROM_VIDEO,1,pooled_even_odd_wide,Taylor's Town,Saint-Nicholas,,Screen Recording 2026-08-16 223317.mp4,11,CONFIRMED_FROM_VIDEO
Thyme,11921.5,Ashbourne,241,,CONFIRMED_FROM_VIDEO,2,pooled_even_odd_wide,Taylor's Town,Saint-Nicholas,,Screen Recording 2026-08-16 223317.mp4,6,CONFIRMED_FROM_VIDEO
Thyme,4539.8,Belfry Heights,136,,CONFIRMED_FROM_VIDEO,1,pooled_even_odd_wide,Taylor's Town,Saint-Nicholas,,Screen Recording 2026-08-16 223317.mp4,6,CONFIRMED_FROM_VIDEO
Thyme,9351.3,Bucket Bay,205,,CONFIRMED_FROM_VIDEO,1,pooled_even_odd_wide,Taylor's Town,Saint-Nicholas,,Screen Recording 2026-08-16 223317.mp4,6,CONFIRMED_FROM_VIDEO
Thyme,9040.8,Caledonia,200,,CONFIRMED_FROM_VIDEO,1,pooled_even_odd_wide,Taylor's Town,Saint-Nicholas,,Screen Recording 2026-08-16 223317.mp4,6,CONFIRMED_FROM_VIDEO
Thyme,3805.9,Castle Landing,125,,CONFIRMED_FROM_VIDEO,1,pooled_even_odd_wide,Taylor's Town,Saint-Nicholas,,Screen Recording 2026-08-16 223317.mp4,6,CONFIRMED_FROM_VIDEO
Thyme,15456.2,Caveira,292,,CONFIRMED_FROM_VIDEO,2,pooled_even_odd_wide,Taylor's Town,Saint-Nicholas,,Screen Recording 2026-08-16 223317.mp4,4,CONFIRMED_FROM_VIDEO
Thyme,5194.3,Caye Tiburon,145,,CONFIRMED_FROM_VIDEO,1,pooled_even_odd_wide,Taylor's Town,Saint-Nicholas,,Screen Recording 2026-08-16 223317.mp4,9,CONFIRMED_FROM_VIDEO
Thyme,12738.1,Crownstead,253,,CONFIRMED_FROM_VIDEO,2,pooled_even_odd_wide,Taylor's Town,Saint-Nicholas,,Screen Recording 2026-08-16 223317.mp4,4,CONFIRMED_FROM_VIDEO
Thyme,6319.9,Cumberland Hill,161,,CONFIRMED_FROM_VIDEO,2,pooled_even_odd_wide,Taylor's Town,Saint-Nicholas,,Screen Recording 2026-08-16 223317.mp4,3,CONFIRMED_FROM_VIDEO
Thyme,9702.5,Deadman's Murcia,210,,CONFIRMED_FROM_VIDEO,1,pooled_even_odd_wide,Taylor's Town,Saint-Nicholas,,Screen Recording 2026-08-16 223317.mp4,4,CONFIRMED_FROM_VIDEO
Thyme,9457.8,Fair Harbour,206,,CONFIRMED_FROM_VIDEO,1,pooled_even_odd_wide,Taylor's Town,Saint-Nicholas,,Screen Recording 2026-08-16 223317.mp4,6,CONFIRMED_FROM_VIDEO
Thyme,10387.1,Falmouth,219,,CONFIRMED_FROM_VIDEO,2,pooled_even_odd_wide,Taylor's Town,Saint-Nicholas,,Screen Recording 2026-08-16 223317.mp4,4,CONFIRMED_FROM_VIDEO
Thyme,13464.4,Gyldenvale,263,,CONFIRMED_FROM_VIDEO,2,pooled_even_odd_wide,Taylor's Town,Saint-Nicholas,,Screen Recording 2026-08-16 223317.mp4,4,CONFIRMED_FROM_VIDEO
Thyme,6369.1,Jones' Outpost,162,,CONFIRMED_FROM_VIDEO,1,pooled_even_odd_wide,Taylor's Town,Saint-Nicholas,,Screen Recording 2026-08-16 223317.mp4,4,CONFIRMED_FROM_VIDEO
Thyme,9595.8,Kandlerova,208,,CONFIRMED_FROM_VIDEO,2,pooled_even_odd_wide,Taylor's Town,Saint-Nicholas,,Screen Recording 2026-08-16 223317.mp4,7,CONFIRMED_FROM_VIDEO
Thyme,6587.5,La Povenglia,165,,CONFIRMED_FROM_VIDEO,1,pooled_even_odd_wide,Taylor's Town,Saint-Nicholas,,Screen Recording 2026-08-16 223317.mp4,6,CONFIRMED_FROM_VIDEO
Thyme,3303.7,Lebarde,118,,CONFIRMED_FROM_VIDEO,1,pooled_even_odd_wide,Taylor's Town,Saint-Nicholas,,Screen Recording 2026-08-16 223317.mp4,6,CONFIRMED_FROM_VIDEO
Thyme,7022.0,Lord Irving's Sacrifice,171,,CONFIRMED_FROM_VIDEO,1,pooled_even_odd_wide,Taylor's Town,Saint-Nicholas,,Screen Recording 2026-08-16 223317.mp4,6,CONFIRMED_FROM_VIDEO
Thyme,13641.7,Louisbourg,266,,CONFIRMED_FROM_VIDEO,2,pooled_even_odd_wide,Taylor's Town,Saint-Nicholas,,Screen Recording 2026-08-16 223317.mp4,4,CONFIRMED_FROM_VIDEO
Thyme,17396.6,Madalena,319,,CONFIRMED_FROM_VIDEO,2,pooled_even_odd_wide,Taylor's Town,Saint-Nicholas,,Screen Recording 2026-08-16 223317.mp4,4,CONFIRMED_FROM_VIDEO
Thyme,6431.3,Mako's Outlook,163,,CONFIRMED_FROM_VIDEO,1,pooled_even_odd_wide,Taylor's Town,Saint-Nicholas,,Screen Recording 2026-08-16 223317.mp4,6,CONFIRMED_FROM_VIDEO
Thyme,9691.7,Matthew's Rest,209,,CONFIRMED_FROM_VIDEO,2,pooled_even_odd_wide,Taylor's Town,Saint-Nicholas,,Screen Recording 2026-08-16 223317.mp4,6,CONFIRMED_FROM_VIDEO
Thyme,12771.1,Maurepas,253,,CONFIRMED_FROM_VIDEO,2,pooled_even_odd_wide,Taylor's Town,Saint-Nicholas,,Screen Recording 2026-08-16 223317.mp4,4,CONFIRMED_FROM_VIDEO
Thyme,6738.4,New Brighton,167,,CONFIRMED_FROM_VIDEO,1,pooled_even_odd_wide,Taylor's Town,Saint-Nicholas,,Screen Recording 2026-08-16 223317.mp4,11,CONFIRMED_FROM_VIDEO
Thyme,5783.0,New Catalina,154,,CONFIRMED_FROM_VIDEO,1,pooled_even_odd_wide,Taylor's Town,Saint-Nicholas,,Screen Recording 2026-08-16 223317.mp4,11,CONFIRMED_FROM_VIDEO
Thyme,9841.0,Pachard Town,211,,CONFIRMED_FROM_VIDEO,1,pooled_even_odd_wide,Taylor's Town,Saint-Nicholas,,Screen Recording 2026-08-16 223317.mp4,6,CONFIRMED_FROM_VIDEO
Thyme,2332.6,Peter's Cove,104,,CONFIRMED_FROM_VIDEO,1,pooled_even_odd_wide,Taylor's Town,Saint-Nicholas,,Screen Recording 2026-08-16 223317.mp4,6,CONFIRMED_FROM_VIDEO
Thyme,14766.8,Petit Anvers,282,,CONFIRMED_FROM_VIDEO,2,pooled_even_odd_wide,Taylor's Town,Saint-Nicholas,,Screen Recording 2026-08-16 223317.mp4,4,CONFIRMED_FROM_VIDEO
Thyme,13249.5,Poblado de San Juan,260,,CONFIRMED_FROM_VIDEO,2,pooled_even_odd_wide,Taylor's Town,Saint-Nicholas,,Screen Recording 2026-08-16 223317.mp4,6,CONFIRMED_FROM_VIDEO
Thyme,11311.7,Point Rocheux,232,,CONFIRMED_FROM_VIDEO,3,pooled_even_odd_wide,Taylor's Town,Saint-Nicholas,,Screen Recording 2026-08-16 223317.mp4,4,CONFIRMED_FROM_VIDEO
Thyme,18020.1,Ponta Delgada,328,,CONFIRMED_FROM_VIDEO,2,pooled_even_odd_wide,Taylor's Town,Saint-Nicholas,,Screen Recording 2026-08-16 223317.mp4,4,CONFIRMED_FROM_VIDEO
Thyme,10958.9,Port Antonio,227,,CONFIRMED_FROM_VIDEO,2,pooled_even_odd_wide,Taylor's Town,Saint-Nicholas,,Screen Recording 2026-08-16 223317.mp4,4,CONFIRMED_FROM_VIDEO
Thyme,10216.9,Port Louis,217,,CONFIRMED_FROM_VIDEO,2,pooled_even_odd_wide,Taylor's Town,Saint-Nicholas,,Screen Recording 2026-08-16 223317.mp4,4,CONFIRMED_FROM_VIDEO
Thyme,8759.7,Port Royal,196,,CONFIRMED_FROM_VIDEO,2,pooled_even_odd_wide,Taylor's Town,Saint-Nicholas,,Screen Recording 2026-08-16 223317.mp4,3,CONFIRMED_FROM_VIDEO
Thyme,10597.8,Port-Au-Croix,222,,CONFIRMED_FROM_VIDEO,2,pooled_even_odd_wide,Taylor's Town,Saint-Nicholas,,Screen Recording 2026-08-16 223317.mp4,4,CONFIRMED_FROM_VIDEO
Thyme,4967.5,Princeton,142,,CONFIRMED_FROM_VIDEO,1,pooled_even_odd_wide,Taylor's Town,Saint-Nicholas,,Screen Recording 2026-08-16 223317.mp4,6,CONFIRMED_FROM_VIDEO
Thyme,12672.3,Puerto de San Fernando,252,,CONFIRMED_FROM_VIDEO,2,pooled_even_odd_wide,Taylor's Town,Saint-Nicholas,,Screen Recording 2026-08-16 223317.mp4,4,CONFIRMED_FROM_VIDEO
Thyme,8310.3,Saint Vincent,190,,CONFIRMED_FROM_VIDEO,4,pooled_even_odd_wide,Taylor's Town,Saint-Nicholas,,Screen Recording 2026-08-16 223317.mp4,6,CONFIRMED_FROM_VIDEO
Thyme,1517.0,Saint-Nicholas,93,,CONFIRMED_FROM_VIDEO,2,pooled_even_odd_wide,Taylor's Town,Saint-Nicholas,,Screen Recording 2026-08-16 223317.mp4,4,CONFIRMED_FROM_VIDEO
Thyme,14730.0,Sainte Rose,281,,CONFIRMED_FROM_VIDEO,1,pooled_even_odd_wide,Taylor's Town,Saint-Nicholas,,Screen Recording 2026-08-16 223317.mp4,7,CONFIRMED_FROM_VIDEO
Thyme,8717.5,San Polo,195,,CONFIRMED_FROM_VIDEO,1,pooled_even_odd_wide,Taylor's Town,Saint-Nicholas,,Screen Recording 2026-08-16 223317.mp4,6,CONFIRMED_FROM_VIDEO
Thyme,11684.8,San Salvador,238,,CONFIRMED_FROM_VIDEO,2,pooled_even_odd_wide,Taylor's Town,Saint-Nicholas,,Screen Recording 2026-08-16 223317.mp4,6,CONFIRMED_FROM_VIDEO
Thyme,6699.0,San Vito,167,,CONFIRMED_FROM_VIDEO,1,pooled_even_odd_wide,Taylor's Town,Saint-Nicholas,,Screen Recording 2026-08-16 223317.mp4,11,CONFIRMED_FROM_VIDEO
Thyme,1983.0,Sandy Settlement,100,,CONFIRMED_FROM_VIDEO,2,pooled_even_odd_wide,Taylor's Town,Saint-Nicholas,,Screen Recording 2026-08-16 223317.mp4,6,CONFIRMED_FROM_VIDEO
Thyme,12777.1,Santa Maria,253,,CONFIRMED_FROM_VIDEO,2,pooled_even_odd_wide,Taylor's Town,Saint-Nicholas,,Screen Recording 2026-08-16 223317.mp4,4,CONFIRMED_FROM_VIDEO
Thyme,16695.1,Sao Bento,309,,CONFIRMED_FROM_VIDEO,2,pooled_even_odd_wide,Taylor's Town,Saint-Nicholas,,Screen Recording 2026-08-16 223317.mp4,4,CONFIRMED_FROM_VIDEO
Thyme,8857.4,Snake Prosper,197,,CONFIRMED_FROM_VIDEO,1,pooled_even_odd_wide,Taylor's Town,Saint-Nicholas,,Screen Recording 2026-08-16 223317.mp4,6,CONFIRMED_FROM_VIDEO
Thyme,6200.7,Sugar Cove,160,,CONFIRMED_FROM_VIDEO,1,pooled_even_odd_wide,Taylor's Town,Saint-Nicholas,,Screen Recording 2026-08-16 223317.mp4,6,CONFIRMED_FROM_VIDEO
Thyme,10642.8,Theresa,223,,CONFIRMED_FROM_VIDEO,2,pooled_even_odd_wide,Taylor's Town,Saint-Nicholas,,Screen Recording 2026-08-16 223317.mp4,2,CONFIRMED_FROM_VIDEO
Thyme,4027.6,Thresher Point,129,,CONFIRMED_FROM_VIDEO,1,pooled_even_odd_wide,Taylor's Town,Saint-Nicholas,,Screen Recording 2026-08-16 223317.mp4,6,CONFIRMED_FROM_VIDEO
Thyme,13443.3,Venta Nueva,263,,CONFIRMED_FROM_VIDEO,2,pooled_even_odd_wide,Taylor's Town,Saint-Nicholas,,Screen Recording 2026-08-16 223317.mp4,6,CONFIRMED_FROM_VIDEO
Thyme,12189.2,Villarreal Del Mar,245,Selected from the two recorded directional readings using reciprocal-distance agreement and the origin's other observed Distance/Value rows. No distance was fabricated.,CONFIRMED_RECORDED_RECIPROCAL_AUDIT,1,pooled_even_odd_wide,Taylor's Town,Saint-Nicholas,,Screen Recording 2026-08-16 223317.mp4,6,CONFIRMED_FROM_VIDEO
Thyme,9789.5,White Hook,211,,CONFIRMED_FROM_VIDEO,1,pooled_even_odd_wide,Taylor's Town,Saint-Nicholas,,Screen Recording 2026-08-16 223317.mp4,6,CONFIRMED_FROM_VIDEO
Thyme,12151.9,Wyntergard,244,,CONFIRMED_FROM_VIDEO,2,pooled_even_odd_wide,Taylor's Town,Saint-Nicholas,,Screen Recording 2026-08-16 223317.mp4,4,CONFIRMED_FROM_VIDEO
Thyme,7804.9,Yorinobu's Settlement,182,,CONFIRMED_FROM_VIDEO,1,pooled_even_odd_wide,Taylor's Town,Saint-Nicholas,,Screen Recording 2026-08-16 223317.mp4,3,CONFIRMED_FROM_VIDEO
Silk,8684.0,Al-Jazair,178,,CONFIRMED_FROM_VIDEO,1,pooled_even_odd_wide,Theresa,Kingston,,Screen Recording 2026-08-16 223317.mp4,6,CONFIRMED_FROM_VIDEO
Silk,9324.2,Ashbourne,186,,CONFIRMED_FROM_VIDEO,1,pooled_even_odd_wide,Theresa,Kingston,,Screen Recording 2026-08-16 223317.mp4,6,CONFIRMED_FROM_VIDEO
Silk,6110.7,Belfry Heights,144,,CONFIRMED_FROM_VIDEO,1,pooled_even_odd_wide,Theresa,Kingston,,Screen Recording 2026-08-16 223317.mp4,6,CONFIRMED_FROM_VIDEO
Silk,7133.7,Bucket Bay,158,,CONFIRMED_FROM_VIDEO,1,pooled_even_odd_wide,Theresa,Kingston,,Screen Recording 2026-08-16 223317.mp4,7,CONFIRMED_FROM_VIDEO
Silk,11437.2,Caledonia,214,,CONFIRMED_FROM_VIDEO,2,pooled_even_odd_wide,Theresa,Kingston,,Screen Recording 2026-08-16 223317.mp4,4,CONFIRMED_FROM_VIDEO
Silk,10187.7,Castle Landing,197,,CONFIRMED_FROM_VIDEO,2,pooled_even_odd_wide,Theresa,Kingston,,Screen Recording 2026-08-16 223317.mp4,4,CONFIRMED_FROM_VIDEO
Silk,4814.1,Caveira,128,,CONFIRMED_FROM_VIDEO,1,pooled_even_odd_wide,Theresa,Kingston,,Screen Recording 2026-08-16 223317.mp4,5,CONFIRMED_FROM_VIDEO
Silk,5784.5,Caye Tiburon,140,,CONFIRMED_FROM_VIDEO,1,pooled_even_odd_wide,Theresa,Kingston,,Screen Recording 2026-08-16 223317.mp4,6,CONFIRMED_FROM_VIDEO
Silk,9777.3,Crownstead,192,,CONFIRMED_FROM_VIDEO,1,pooled_even_odd_wide,Theresa,Kingston,,Screen Recording 2026-08-16 223317.mp4,6,CONFIRMED_FROM_VIDEO
Silk,12775.7,Cumberland Hill,231,,CONFIRMED_FROM_VIDEO,2,pooled_even_odd_wide,Theresa,Kingston,,Screen Recording 2026-08-16 223317.mp4,2,CONFIRMED_FROM_VIDEO
Silk,11341.7,Deadman's Murcia,212,Selected from the two recorded directional readings using reciprocal-distance agreement and the origin's other observed Distance/Value rows. No distance was fabricated.,CONFIRMED_RECORDED_RECIPROCAL_AUDIT,2,pooled_even_odd_wide,Theresa,Kingston,,Screen Recording 2026-08-16 223317.mp4,6,CONFIRMED_FROM_VIDEO
Silk,8447.8,Fair Harbour,175,,CONFIRMED_FROM_VIDEO,2,pooled_even_odd_wide,Theresa,Kingston,,Screen Recording 2026-08-16 223317.mp4,4,CONFIRMED_FROM_VIDEO
Silk,2014.7,Falmouth,91,,CONFIRMED_FROM_VIDEO,2,pooled_even_odd_wide,Theresa,Kingston,,Screen Recording 2026-08-16 223317.mp4,8,CONFIRMED_FROM_VIDEO
Silk,11144.9,Gyldenvale,210,,CONFIRMED_FROM_VIDEO,2,pooled_even_odd_wide,Theresa,Kingston,,Screen Recording 2026-08-16 223317.mp4,6,CONFIRMED_FROM_VIDEO
Silk,11954.3,Jones' Outpost,220,,CONFIRMED_FROM_VIDEO,2,pooled_even_odd_wide,Theresa,Kingston,,Screen Recording 2026-08-16 223317.mp4,4,CONFIRMED_FROM_VIDEO
Silk,8466.7,Kandlerova,175,,CONFIRMED_FROM_VIDEO,1,pooled_even_odd_wide,Theresa,Kingston,,Screen Recording 2026-08-16 223317.mp4,6,CONFIRMED_FROM_VIDEO
Silk,7577.5,La Povenglia,164,,CONFIRMED_FROM_VIDEO,1,pooled_even_odd_wide,Theresa,Kingston,,Screen Recording 2026-08-16 223317.mp4,7,CONFIRMED_FROM_VIDEO
Silk,8705.3,Lebarde,178,,CONFIRMED_FROM_VIDEO,1,pooled_even_odd_wide,Theresa,Kingston,,Screen Recording 2026-08-16 223317.mp4,6,CONFIRMED_FROM_VIDEO
Silk,3835.2,Lord Irving's Sacrifice,115,,CONFIRMED_FROM_VIDEO,1,pooled_even_odd_wide,Theresa,Kingston,,Screen Recording 2026-08-16 223317.mp4,12,CONFIRMED_FROM_VIDEO
Silk,7338.6,Louisbourg,160,,CONFIRMED_FROM_VIDEO,1,pooled_even_odd_wide,Theresa,Kingston,,Screen Recording 2026-08-16 223317.mp4,7,CONFIRMED_FROM_VIDEO
Silk,6754.1,Madalena,153,,CONFIRMED_FROM_VIDEO,1,pooled_even_odd_wide,Theresa,Kingston,,Screen Recording 2026-08-16 223317.mp4,8,CONFIRMED_FROM_VIDEO
Silk,4587.9,Mako's Outlook,125,,CONFIRMED_FROM_VIDEO,1,pooled_even_odd_wide,Theresa,Kingston,,Screen Recording 2026-08-16 223317.mp4,6,CONFIRMED_FROM_VIDEO
Silk,6378.0,Matthew's Rest,148,,CONFIRMED_FROM_VIDEO,2,pooled_even_odd_wide,Theresa,Kingston,,Screen Recording 2026-08-16 223317.mp4,6,CONFIRMED_FROM_VIDEO
Silk,6908.7,Maurepas,155,,CONFIRMED_FROM_VIDEO,1,pooled_even_odd_wide,Theresa,Kingston,,Screen Recording 2026-08-16 223317.mp4,6,CONFIRMED_FROM_VIDEO
Silk,7047.8,New Brighton,157,,CONFIRMED_FROM_VIDEO,1,pooled_even_odd_wide,Theresa,Kingston,,Screen Recording 2026-08-16 223317.mp4,6,CONFIRMED_FROM_VIDEO
Silk,12596.7,New Catalina,229,,CONFIRMED_FROM_VIDEO,2,pooled_even_odd_wide,Theresa,Kingston,,Screen Recording 2026-08-16 223317.mp4,4,CONFIRMED_FROM_VIDEO
Silk,5406.4,Pachard Town,135,,CONFIRMED_FROM_VIDEO,1,pooled_even_odd_wide,Theresa,Kingston,,Screen Recording 2026-08-16 223317.mp4,5,CONFIRMED_FROM_VIDEO
Silk,8843.2,Peter's Cove,180,,CONFIRMED_FROM_VIDEO,1,pooled_even_odd_wide,Theresa,Kingston,,Screen Recording 2026-08-16 223317.mp4,6,CONFIRMED_FROM_VIDEO
Silk,8928.2,Petit Anvers,181,,CONFIRMED_FROM_VIDEO,1,pooled_even_odd_wide,Theresa,Kingston,,Screen Recording 2026-08-16 223317.mp4,6,CONFIRMED_FROM_VIDEO
Silk,4047.2,Poblado de San Juan,118,,CONFIRMED_FROM_VIDEO,2,pooled_even_odd_wide,Theresa,Kingston,,Screen Recording 2026-08-16 223317.mp4,9,CONFIRMED_FROM_VIDEO
Silk,4237.9,Point Rocheux,120,,CONFIRMED_FROM_VIDEO,1,pooled_even_odd_wide,Theresa,Kingston,,Screen Recording 2026-08-16 223317.mp4,14,CONFIRMED_FROM_VIDEO
Silk,7707.1,Ponta Delgada,165,,CONFIRMED_FROM_VIDEO,1,pooled_even_odd_wide,Theresa,Kingston,,Screen Recording 2026-08-16 223317.mp4,6,CONFIRMED_FROM_VIDEO
Silk,1135.5,Port Antonio,80,,CONFIRMED_FROM_VIDEO,1,pooled_even_odd_wide,Theresa,Kingston,,Screen Recording 2026-08-16 223317.mp4,8,CONFIRMED_FROM_VIDEO
Silk,9024.6,Port Louis,182,,CONFIRMED_FROM_VIDEO,1,pooled_even_odd_wide,Theresa,Kingston,,Screen Recording 2026-08-16 223317.mp4,9,CONFIRMED_FROM_VIDEO
Silk,1884.8,Port Royal,90,,CONFIRMED_FROM_VIDEO,1,pooled_even_odd_wide,Theresa,Kingston,,Screen Recording 2026-08-16 223317.mp4,8,CONFIRMED_FROM_VIDEO
Silk,4822.8,Port-Au-Croix,128,,CONFIRMED_FROM_VIDEO,1,pooled_even_odd_wide,Theresa,Kingston,,Screen Recording 2026-08-16 223317.mp4,5,CONFIRMED_FROM_VIDEO
Silk,8964.4,Princeton,182,,CONFIRMED_FROM_VIDEO,1,pooled_even_odd_wide,Theresa,Kingston,,Screen Recording 2026-08-16 223317.mp4,6,CONFIRMED_FROM_VIDEO
Silk,2200.4,Puerto de San Fernando,94,,CONFIRMED_FROM_VIDEO,1,pooled_even_odd_wide,Theresa,Kingston,,Screen Recording 2026-08-16 223317.mp4,9,CONFIRMED_FROM_VIDEO
Silk,9126.1,Saint Vincent,184,,CONFIRMED_FROM_VIDEO,1,pooled_even_odd_wide,Theresa,Kingston,,Screen Recording 2026-08-16 223317.mp4,4,CONFIRMED_FROM_VIDEO
Silk,10318.1,Saint-Nicholas,199,,CONFIRMED_FROM_VIDEO,2,pooled_even_odd_wide,Theresa,Kingston,,Screen Recording 2026-08-16 223317.mp4,4,CONFIRMED_FROM_VIDEO
Silk,7733.2,Sainte Rose,166,,CONFIRMED_FROM_VIDEO,1,pooled_even_odd_wide,Theresa,Kingston,,Screen Recording 2026-08-16 223317.mp4,6,CONFIRMED_FROM_VIDEO
Silk,7926.6,San Polo,168,,CONFIRMED_FROM_VIDEO,1,pooled_even_odd_wide,Theresa,Kingston,,Screen Recording 2026-08-16 223317.mp4,6,CONFIRMED_FROM_VIDEO
Silk,4536.0,San Salvador,124,,CONFIRMED_FROM_VIDEO,1,pooled_even_odd_wide,Theresa,Kingston,,Screen Recording 2026-08-16 223317.mp4,6,CONFIRMED_FROM_VIDEO
Silk,5899.2,San Vito,142,,CONFIRMED_FROM_VIDEO,1,pooled_even_odd_wide,Theresa,Kingston,,Screen Recording 2026-08-16 223317.mp4,6,CONFIRMED_FROM_VIDEO
Silk,9946.8,Sandy Settlement,194,,CONFIRMED_FROM_VIDEO,1,pooled_even_odd_wide,Theresa,Kingston,,Screen Recording 2026-08-16 223317.mp4,4,CONFIRMED_FROM_VIDEO
Silk,3675.6,Santa Maria,113,,CONFIRMED_FROM_VIDEO,1,pooled_even_odd_wide,Theresa,Kingston,,Screen Recording 2026-08-16 223317.mp4,12,CONFIRMED_FROM_VIDEO
Silk,6159.2,Sao Bento,145,,CONFIRMED_FROM_VIDEO,1,pooled_even_odd_wide,Theresa,Kingston,,Screen Recording 2026-08-16 223317.mp4,6,CONFIRMED_FROM_VIDEO
Silk,11041.5,Snake Prosper,209,,CONFIRMED_FROM_VIDEO,2,pooled_even_odd_wide,Theresa,Kingston,,Screen Recording 2026-08-16 223317.mp4,8,CONFIRMED_FROM_VIDEO
Silk,13574.8,Sugar Cove,241,,CONFIRMED_FROM_VIDEO,2,pooled_even_odd_wide,Theresa,Kingston,,Screen Recording 2026-08-16 223317.mp4,4,CONFIRMED_FROM_VIDEO
Silk,10642.8,Taylor's Town,203,,CONFIRMED_FROM_VIDEO,2,pooled_even_odd_wide,Theresa,Kingston,,Screen Recording 2026-08-16 223317.mp4,7,CONFIRMED_FROM_VIDEO
Silk,6660.5,Thresher Point,152,,CONFIRMED_FROM_VIDEO,3,pooled_even_odd_wide,Theresa,Kingston,,Screen Recording 2026-08-16 223317.mp4,3,CONFIRMED_FROM_VIDEO
Silk,3464.4,Venta Nueva,110,,CONFIRMED_FROM_VIDEO,1,pooled_even_odd_wide,Theresa,Kingston,,Screen Recording 2026-08-16 223317.mp4,9,CONFIRMED_FROM_VIDEO
Silk,2775.1,Villarreal Del Mar,101,,CONFIRMED_FROM_VIDEO,1,pooled_even_odd_wide,Theresa,Kingston,,Screen Recording 2026-08-16 223317.mp4,9,CONFIRMED_FROM_VIDEO
Silk,12176.6,White Hook,223,,CONFIRMED_FROM_VIDEO,2,pooled_even_odd_wide,Theresa,Kingston,,Screen Recording 2026-08-16 223317.mp4,4,CONFIRMED_FROM_VIDEO
Silk,10365.2,Wyntergard,200,,CONFIRMED_FROM_VIDEO,2,pooled_even_odd_wide,Theresa,Kingston,,Screen Recording 2026-08-16 223317.mp4,4,CONFIRMED_FROM_VIDEO
Silk,7072.1,Yorinobu's Settlement,157,,CONFIRMED_FROM_VIDEO,1,pooled_even_odd_wide,Theresa,Kingston,,Screen Recording 2026-08-16 223317.mp4,3,CONFIRMED_FROM_VIDEO
Rope,5158.1,Al-Jazair,183,,CONFIRMED_FROM_VIDEO,1,pooled_even_odd_wide,Thresher Point,Blacktip Shoals,,Screen Recording 2026-08-16 223317.mp4,6,CONFIRMED_FROM_VIDEO
Rope,9303.0,Ashbourne,257,,CONFIRMED_FROM_VIDEO,1,pooled_even_odd_wide,Thresher Point,Blacktip Shoals,,Screen Recording 2026-08-16 223317.mp4,6,CONFIRMED_FROM_VIDEO
Rope,863.9,Belfry Heights,106,,CONFIRMED_FROM_VIDEO,1,pooled_even_odd_wide,Thresher Point,Blacktip Shoals,,Screen Recording 2026-08-16 223317.mp4,5,CONFIRMED_FROM_VIDEO
Rope,6442.0,Bucket Bay,206,,CONFIRMED_FROM_VIDEO,1,pooled_even_odd_wide,Thresher Point,Blacktip Shoals,,Screen Recording 2026-08-16 223317.mp4,12,CONFIRMED_FROM_VIDEO
Rope,8106.2,Caledonia,236,,CONFIRMED_FROM_VIDEO,1,pooled_even_odd_wide,Thresher Point,Blacktip Shoals,,Screen Recording 2026-08-16 223317.mp4,8,CONFIRMED_FROM_VIDEO
Rope,4270.3,Castle Landing,167,,CONFIRMED_FROM_VIDEO,1,pooled_even_odd_wide,Thresher Point,Blacktip Shoals,,Screen Recording 2026-08-16 223317.mp4,7,CONFIRMED_FROM_VIDEO
Rope,11471.0,Caveira,296,,CONFIRMED_FROM_VIDEO,1,pooled_even_odd_wide,Thresher Point,Blacktip Shoals,,Screen Recording 2026-08-16 223317.mp4,8,CONFIRMED_FROM_VIDEO
Rope,1338.3,Caye Tiburon,114,,CONFIRMED_FROM_VIDEO,2,pooled_even_odd_wide,Thresher Point,Blacktip Shoals,,Screen Recording 2026-08-16 223317.mp4,4,CONFIRMED_FROM_VIDEO
Rope,10088.8,Crownstead,272,,CONFIRMED_FROM_VIDEO,2,pooled_even_odd_wide,Thresher Point,Blacktip Shoals,,Screen Recording 2026-08-16 223317.mp4,3,CONFIRMED_FROM_VIDEO
Rope,7342.8,Cumberland Hill,222,,CONFIRMED_FROM_VIDEO,2,pooled_even_odd_wide,Thresher Point,Blacktip Shoals,,Screen Recording 2026-08-16 223317.mp4,4,CONFIRMED_FROM_VIDEO
Rope,8497.7,Deadman's Murcia,243,,CONFIRMED_FROM_VIDEO,1,pooled_even_odd_wide,Thresher Point,Blacktip Shoals,,Screen Recording 2026-08-16 223317.mp4,6,CONFIRMED_FROM_VIDEO
Rope,7034.2,Fair Harbour,217,,CONFIRMED_FROM_VIDEO,1,pooled_even_odd_wide,Thresher Point,Blacktip Shoals,,Screen Recording 2026-08-16 223317.mp4,7,CONFIRMED_FROM_VIDEO
Rope,6376.4,Falmouth,205,,CONFIRMED_FROM_VIDEO,1,pooled_even_odd_wide,Thresher Point,Blacktip Shoals,,Screen Recording 2026-08-16 223317.mp4,12,CONFIRMED_FROM_VIDEO
Rope,11098.5,Gyldenvale,290,,CONFIRMED_FROM_VIDEO,2,pooled_even_odd_wide,Thresher Point,Blacktip Shoals,,Screen Recording 2026-08-16 223317.mp4,6,CONFIRMED_FROM_VIDEO
Rope,6828.5,Jones' Outpost,213,,CONFIRMED_FROM_VIDEO,1,pooled_even_odd_wide,Thresher Point,Blacktip Shoals,,Screen Recording 2026-08-16 223317.mp4,7,CONFIRMED_FROM_VIDEO
Rope,8061.7,Kandlerova,235,,CONFIRMED_FROM_VIDEO,1,pooled_even_odd_wide,Thresher Point,Blacktip Shoals,,Screen Recording 2026-08-16 223317.mp4,8,CONFIRMED_FROM_VIDEO
Rope,5172.9,La Povenglia,183,,CONFIRMED_FROM_VIDEO,1,pooled_even_odd_wide,Thresher Point,Blacktip Shoals,,Screen Recording 2026-08-16 223317.mp4,6,CONFIRMED_FROM_VIDEO
Rope,2581.4,Lebarde,136,,CONFIRMED_FROM_VIDEO,1,pooled_even_odd_wide,Thresher Point,Blacktip Shoals,,Screen Recording 2026-08-16 223317.mp4,5,CONFIRMED_FROM_VIDEO
Rope,3307.7,Lord Irving's Sacrifice,150,,CONFIRMED_FROM_VIDEO,2,pooled_even_odd_wide,Thresher Point,Blacktip Shoals,,Screen Recording 2026-08-16 223317.mp4,5,CONFIRMED_FROM_VIDEO
Rope,10154.7,Louisbourg,273,,CONFIRMED_FROM_VIDEO,2,pooled_even_odd_wide,Thresher Point,Blacktip Shoals,,Screen Recording 2026-08-16 223317.mp4,6,CONFIRMED_FROM_VIDEO
Rope,13408.3,Madalena,331,,CONFIRMED_FROM_VIDEO,3,pooled_even_odd_wide,Thresher Point,Blacktip Shoals,,Screen Recording 2026-08-16 223317.mp4,5,CONFIRMED_FROM_VIDEO
Rope,2954.2,Mako's Outlook,143,,CONFIRMED_FROM_VIDEO,1,pooled_even_odd_wide,Thresher Point,Blacktip Shoals,,Screen Recording 2026-08-16 223317.mp4,5,CONFIRMED_FROM_VIDEO
Rope,6490.3,Matthew's Rest,207,,CONFIRMED_FROM_VIDEO,1,pooled_even_odd_wide,Thresher Point,Blacktip Shoals,,Screen Recording 2026-08-16 223317.mp4,7,CONFIRMED_FROM_VIDEO
Rope,9317.7,Maurepas,258,,CONFIRMED_FROM_VIDEO,1,pooled_even_odd_wide,Thresher Point,Blacktip Shoals,,Screen Recording 2026-08-16 223317.mp4,4,CONFIRMED_FROM_VIDEO
Rope,4061.1,New Brighton,163,,CONFIRMED_FROM_VIDEO,1,pooled_even_odd_wide,Thresher Point,Blacktip Shoals,,Screen Recording 2026-08-16 223317.mp4,12,CONFIRMED_FROM_VIDEO
Rope,6976.7,New Catalina,216,,CONFIRMED_FROM_VIDEO,1,pooled_even_odd_wide,Thresher Point,Blacktip Shoals,,Screen Recording 2026-08-16 223317.mp4,5,CONFIRMED_FROM_VIDEO
Rope,6353.3,Pachard Town,204,,CONFIRMED_FROM_VIDEO,1,pooled_even_odd_wide,Thresher Point,Blacktip Shoals,,Screen Recording 2026-08-16 223317.mp4,11,CONFIRMED_FROM_VIDEO
Rope,2779.7,Peter's Cove,140,,CONFIRMED_FROM_VIDEO,1,pooled_even_odd_wide,Thresher Point,Blacktip Shoals,,Screen Recording 2026-08-16 223317.mp4,5,CONFIRMED_FROM_VIDEO
Rope,11458.3,Petit Anvers,296,,CONFIRMED_FROM_VIDEO,2,pooled_even_odd_wide,Thresher Point,Blacktip Shoals,,Screen Recording 2026-08-16 223317.mp4,6,CONFIRMED_FROM_VIDEO
Rope,9626.0,Poblado de San Juan,263,,CONFIRMED_FROM_VIDEO,2,pooled_even_odd_wide,Thresher Point,Blacktip Shoals,,Screen Recording 2026-08-16 223317.mp4,4,CONFIRMED_FROM_VIDEO
Rope,7499.4,Point Rocheux,225,,CONFIRMED_FROM_VIDEO,1,pooled_even_odd_wide,Thresher Point,Blacktip Shoals,,Screen Recording 2026-08-16 223317.mp4,6,CONFIRMED_FROM_VIDEO
Rope,13997.2,Ponta Delgada,342,,CONFIRMED_FROM_VIDEO,2,pooled_even_odd_wide,Thresher Point,Blacktip Shoals,,Screen Recording 2026-08-16 223317.mp4,4,CONFIRMED_FROM_VIDEO
Rope,6932.3,Port Antonio,215,,CONFIRMED_FROM_VIDEO,1,pooled_even_odd_wide,Thresher Point,Blacktip Shoals,,Screen Recording 2026-08-16 223317.mp4,7,CONFIRMED_FROM_VIDEO
Rope,7863.2,Port Louis,232,,CONFIRMED_FROM_VIDEO,1,pooled_even_odd_wide,Thresher Point,Blacktip Shoals,,Screen Recording 2026-08-16 223317.mp4,8,CONFIRMED_FROM_VIDEO
Rope,4791.8,Port Royal,176,,CONFIRMED_FROM_VIDEO,1,pooled_even_odd_wide,Thresher Point,Blacktip Shoals,,Screen Recording 2026-08-16 223317.mp4,7,CONFIRMED_FROM_VIDEO
Rope,6931.1,Port-Au-Croix,215,,CONFIRMED_FROM_VIDEO,1,pooled_even_odd_wide,Thresher Point,Blacktip Shoals,,Screen Recording 2026-08-16 223317.mp4,3,CONFIRMED_FROM_VIDEO
Rope,3910.0,Princeton,160,,CONFIRMED_FROM_VIDEO,1,pooled_even_odd_wide,Thresher Point,Blacktip Shoals,,Screen Recording 2026-08-16 223317.mp4,11,CONFIRMED_FROM_VIDEO
Rope,8752.3,Puerto de San Fernando,248,,CONFIRMED_FROM_VIDEO,1,pooled_even_odd_wide,Thresher Point,Blacktip Shoals,,Screen Recording 2026-08-16 223317.mp4,6,CONFIRMED_FROM_VIDEO
Rope,6442.1,Saint Vincent,206,,CONFIRMED_FROM_VIDEO,2,pooled_even_odd_wide,Thresher Point,Blacktip Shoals,,Screen Recording 2026-08-16 223317.mp4,6,CONFIRMED_FROM_VIDEO
Rope,4060.5,Saint-Nicholas,163,,CONFIRMED_FROM_VIDEO,1,pooled_even_odd_wide,Thresher Point,Blacktip Shoals,,Screen Recording 2026-08-16 223317.mp4,7,CONFIRMED_FROM_VIDEO
Rope,11156.4,Sainte Rose,291,,CONFIRMED_FROM_VIDEO,2,pooled_even_odd_wide,Thresher Point,Blacktip Shoals,,Screen Recording 2026-08-16 223317.mp4,6,CONFIRMED_FROM_VIDEO
Rope,7126.6,San Polo,218,,CONFIRMED_FROM_VIDEO,1,pooled_even_odd_wide,Thresher Point,Blacktip Shoals,,Screen Recording 2026-08-16 223317.mp4,6,CONFIRMED_FROM_VIDEO
Rope,8422.6,San Salvador,242,,CONFIRMED_FROM_VIDEO,1,pooled_even_odd_wide,Thresher Point,Blacktip Shoals,,Screen Recording 2026-08-16 223317.mp4,6,CONFIRMED_FROM_VIDEO
Rope,4236.9,San Vito,166,,CONFIRMED_FROM_VIDEO,1,pooled_even_odd_wide,Thresher Point,Blacktip Shoals,,Screen Recording 2026-08-16 223317.mp4,7,CONFIRMED_FROM_VIDEO
Rope,3872.4,Sandy Settlement,160,,CONFIRMED_FROM_VIDEO,1,pooled_even_odd_wide,Thresher Point,Blacktip Shoals,,Screen Recording 2026-08-16 223317.mp4,10,CONFIRMED_FROM_VIDEO
Rope,9151.0,Santa Maria,255,,CONFIRMED_FROM_VIDEO,1,pooled_even_odd_wide,Thresher Point,Blacktip Shoals,,Screen Recording 2026-08-16 223317.mp4,6,CONFIRMED_FROM_VIDEO
Rope,12670.3,Sao Bento,318,,CONFIRMED_FROM_VIDEO,2,pooled_even_odd_wide,Thresher Point,Blacktip Shoals,,Screen Recording 2026-08-16 223317.mp4,6,CONFIRMED_FROM_VIDEO
Rope,7784.6,Snake Prosper,230,,CONFIRMED_FROM_VIDEO,1,pooled_even_odd_wide,Thresher Point,Blacktip Shoals,,Screen Recording 2026-08-16 223317.mp4,6,CONFIRMED_FROM_VIDEO
Rope,7821.6,Sugar Cove,231,,CONFIRMED_FROM_VIDEO,1,pooled_even_odd_wide,Thresher Point,Blacktip Shoals,,Screen Recording 2026-08-16 223317.mp4,6,CONFIRMED_FROM_VIDEO
Rope,4027.6,Taylor's Town,162,,CONFIRMED_FROM_VIDEO,1,pooled_even_odd_wide,Thresher Point,Blacktip Shoals,,Screen Recording 2026-08-16 223317.mp4,12,CONFIRMED_FROM_VIDEO
Rope,6660.5,Theresa,210,,CONFIRMED_FROM_VIDEO,1,pooled_even_odd_wide,Thresher Point,Blacktip Shoals,,Screen Recording 2026-08-16 223317.mp4,7,CONFIRMED_FROM_VIDEO
Rope,9423.5,Venta Nueva,260,,CONFIRMED_FROM_VIDEO,1,pooled_even_odd_wide,Thresher Point,Blacktip Shoals,,Screen Recording 2026-08-16 223317.mp4,4,CONFIRMED_FROM_VIDEO
Rope,8182.8,Villarreal Del Mar,237,,CONFIRMED_FROM_VIDEO,1,pooled_even_odd_wide,Thresher Point,Blacktip Shoals,,Screen Recording 2026-08-16 223317.mp4,6,CONFIRMED_FROM_VIDEO
Rope,8959.4,White Hook,251,,CONFIRMED_FROM_VIDEO,1,pooled_even_odd_wide,Thresher Point,Blacktip Shoals,,Screen Recording 2026-08-16 223317.mp4,6,CONFIRMED_FROM_VIDEO
Rope,9843.0,Wyntergard,267,,CONFIRMED_FROM_VIDEO,1,pooled_even_odd_wide,Thresher Point,Blacktip Shoals,,Screen Recording 2026-08-16 223317.mp4,8,CONFIRMED_FROM_VIDEO
Rope,5053.3,Yorinobu's Settlement,181,,CONFIRMED_FROM_VIDEO,1,pooled_even_odd_wide,Thresher Point,Blacktip Shoals,,Screen Recording 2026-08-16 223317.mp4,5,CONFIRMED_FROM_VIDEO
Olives,9803.5,Al-Jazair,204,,CONFIRMED_FROM_VIDEO,1,,Venta Nueva,Cayos Encantados,,Screen Recording 2026-08-16 112527.mp4,3,CONFIRMED_FROM_VIDEO
Olives,8511.1,Ashbourne,186,,CONFIRMED_FROM_VIDEO,1,,Venta Nueva,Cayos Encantados,,Screen Recording 2026-08-16 112527.mp4,3,CONFIRMED_FROM_VIDEO
Olives,9059.9,Belfry Heights,193,,CONFIRMED_FROM_VIDEO,1,,Venta Nueva,Cayos Encantados,,Screen Recording 2026-08-16 112527.mp4,5,CONFIRMED_FROM_VIDEO
Olives,7317.8,Bucket Bay,169,,CONFIRMED_FROM_VIDEO,1,,Venta Nueva,Cayos Encantados,,Screen Recording 2026-08-16 112527.mp4,3,CONFIRMED_FROM_VIDEO
Olives,11984.3,Caledonia,234,,CONFIRMED_FROM_VIDEO,2,,Venta Nueva,Cayos Encantados,,Screen Recording 2026-08-16 112527.mp4,3,CONFIRMED_FROM_VIDEO
Olives,12197.2,Castle Landing,236,,CONFIRMED_FROM_VIDEO,1,,Venta Nueva,Cayos Encantados,,Screen Recording 2026-08-16 112527.mp4,3,CONFIRMED_FROM_VIDEO
Olives,3248.8,Caveira,113,,CONFIRMED_FROM_VIDEO,1,,Venta Nueva,Cayos Encantados,,Screen Recording 2026-08-16 112527.mp4,3,CONFIRMED_FROM_VIDEO
Olives,8284.2,Caye Tiburon,183,,CONFIRMED_FROM_VIDEO,1,,Venta Nueva,Cayos Encantados,,Screen Recording 2026-08-16 112527.mp4,3,CONFIRMED_FROM_VIDEO
Olives,8688.1,Crownstead,188,,CONFIRMED_FROM_VIDEO,1,,Venta Nueva,Cayos Encantados,,Screen Recording 2026-08-16 112527.mp4,3,CONFIRMED_FROM_VIDEO
Olives,11655.1,Deadman's Murcia,229,,CONFIRMED_FROM_VIDEO,1,,Venta Nueva,Cayos Encantados,Visually verified from a visible recording frame after OCR audit.,Screen Recording 2026-08-16 112527.mp4,3,CONFIRMED_FROM_VIDEO
Olives,8598.3,Fair Harbour,187,,CONFIRMED_FROM_VIDEO,1,,Venta Nueva,Cayos Encantados,,Screen Recording 2026-08-16 112527.mp4,3,CONFIRMED_FROM_VIDEO
Olives,3065.0,Falmouth,111,,CONFIRMED_FROM_VIDEO,1,,Venta Nueva,Cayos Encantados,,Screen Recording 2026-08-16 112527.mp4,3,CONFIRMED_FROM_VIDEO
Olives,10025.5,Gyldenvale,207,,CONFIRMED_FROM_VIDEO,2,,Venta Nueva,Cayos Encantados,,Screen Recording 2026-08-16 112527.mp4,3,CONFIRMED_FROM_VIDEO
Olives,13367.4,Jones' Outpost,253,,CONFIRMED_FROM_VIDEO,1,,Venta Nueva,Cayos Encantados,,Screen Recording 2026-08-16 112527.mp4,3,CONFIRMED_FROM_VIDEO
Olives,11813.6,Kandlerova,231,,CONFIRMED_FROM_VIDEO,1,,Venta Nueva,Cayos Encantados,,Screen Recording 2026-08-16 112527.mp4,3,CONFIRMED_FROM_VIDEO
Olives,11037.8,La Povenglia,221,,CONFIRMED_FROM_VIDEO,1,,Venta Nueva,Cayos Encantados,,Screen Recording 2026-08-16 112527.mp4,3,CONFIRMED_FROM_VIDEO
Olives,10974.6,Lebarde,220,,CONFIRMED_FROM_VIDEO,1,,Venta Nueva,Cayos Encantados,,Screen Recording 2026-08-16 112527.mp4,3,CONFIRMED_FROM_VIDEO
Olives,7116.6,Lord Irving's Sacrifice,167,,CONFIRMED_FROM_VIDEO,1,,Venta Nueva,Cayos Encantados,,Screen Recording 2026-08-16 112527.mp4,3,CONFIRMED_FROM_VIDEO
Olives,5286.2,Louisbourg,141,,CONFIRMED_FROM_VIDEO,1,,Venta Nueva,Cayos Encantados,,Screen Recording 2026-08-16 112527.mp4,2,CONFIRMED_FROM_VIDEO
Olives,4769.6,Madalena,134,,CONFIRMED_FROM_VIDEO,1,,Venta Nueva,Cayos Encantados,,Screen Recording 2026-08-16 112527.mp4,3,CONFIRMED_FROM_VIDEO
Olives,7888.5,Mako's Outlook,177,,CONFIRMED_FROM_VIDEO,1,,Venta Nueva,Cayos Encantados,,Screen Recording 2026-08-16 112527.mp4,3,CONFIRMED_FROM_VIDEO
Olives,6422.2,Matthew's Rest,157,,CONFIRMED_FROM_VIDEO,1,,Venta Nueva,Cayos Encantados,,Screen Recording 2026-08-16 112527.mp4,3,CONFIRMED_FROM_VIDEO
Olives,5259.9,Maurepas,141,,CONFIRMED_FROM_VIDEO,1,,Venta Nueva,Cayos Encantados,,Screen Recording 2026-08-16 112527.mp4,2,CONFIRMED_FROM_VIDEO
Olives,8392.8,New Brighton,184,,CONFIRMED_FROM_VIDEO,1,,Venta Nueva,Cayos Encantados,,Screen Recording 2026-08-16 112527.mp4,3,CONFIRMED_FROM_VIDEO
Olives,14239.8,New Catalina,265,,CONFIRMED_FROM_VIDEO,1,,Venta Nueva,Cayos Encantados,,Screen Recording 2026-08-16 112527.mp4,2,CONFIRMED_FROM_VIDEO
Olives,5453.4,Pachard Town,144,,CONFIRMED_FROM_VIDEO,2,,Venta Nueva,Cayos Encantados,,Screen Recording 2026-08-16 112527.mp4,2,CONFIRMED_FROM_VIDEO
Olives,11912.3,Peter's Cove,233,,CONFIRMED_FROM_VIDEO,1,,Venta Nueva,Cayos Encantados,,Screen Recording 2026-08-16 112527.mp4,3,CONFIRMED_FROM_VIDEO
Olives,6719.8,Petit Anvers,161,,CONFIRMED_FROM_VIDEO,1,,Venta Nueva,Cayos Encantados,,Screen Recording 2026-08-16 112527.mp4,3,CONFIRMED_FROM_VIDEO
Olives,5726.0,Poblado de San Juan,147,,CONFIRMED_FROM_VIDEO,1,,Venta Nueva,Cayos Encantados,,Screen Recording 2026-08-16 112527.mp4,2,CONFIRMED_FROM_VIDEO
Olives,3379.4,Point Rocheux,115,,CONFIRMED_FROM_VIDEO,1,,Venta Nueva,Cayos Encantados,,Screen Recording 2026-08-16 112527.mp4,4,CONFIRMED_FROM_VIDEO
Olives,4579.1,Ponta Delgada,132,,CONFIRMED_FROM_VIDEO,1,,Venta Nueva,Cayos Encantados,,Screen Recording 2026-08-16 112527.mp4,5,CONFIRMED_FROM_VIDEO
Olives,2624.4,Port Antonio,105,,CONFIRMED_FROM_VIDEO,1,,Venta Nueva,Cayos Encantados,,Screen Recording 2026-08-16 112527.mp4,2,CONFIRMED_FROM_VIDEO
Olives,8898.3,Port Louis,191,,CONFIRMED_FROM_VIDEO,1,,Venta Nueva,Cayos Encantados,,Screen Recording 2026-08-16 112527.mp4,5,CONFIRMED_FROM_VIDEO
Olives,5070.0,Port Royal,138,,CONFIRMED_FROM_VIDEO,1,,Venta Nueva,Cayos Encantados,,Screen Recording 2026-08-16 112527.mp4,2,CONFIRMED_FROM_VIDEO
Olives,4447.8,Port-Au-Croix,130,,CONFIRMED_FROM_VIDEO,1,,Venta Nueva,Cayos Encantados,,Screen Recording 2026-08-16 112527.mp4,5,CONFIRMED_FROM_VIDEO
Olives,10709.4,Princeton,216,,CONFIRMED_FROM_VIDEO,1,,Venta Nueva,Cayos Encantados,,Screen Recording 2026-08-16 112527.mp4,3,CONFIRMED_FROM_VIDEO
Olives,3267.9,Puerto de San Fernando,114,,CONFIRMED_FROM_VIDEO,1,,Venta Nueva,Cayos Encantados,,Screen Recording 2026-08-16 112527.mp4,2,CONFIRMED_FROM_VIDEO
Olives,9749.2,Saint Vincent,203,,CONFIRMED_FROM_VIDEO,1,,Venta Nueva,Cayos Encantados,,Screen Recording 2026-08-16 112527.mp4,5,CONFIRMED_FROM_VIDEO
Olives,13354.2,Saint-Nicholas,252,,CONFIRMED_FROM_VIDEO,1,,Venta Nueva,Cayos Encantados,,Screen Recording 2026-08-16 112527.mp4,3,CONFIRMED_FROM_VIDEO
Olives,5197.9,Sainte Rose,140,,CONFIRMED_FROM_VIDEO,1,,Venta Nueva,Cayos Encantados,,Screen Recording 2026-08-16 112527.mp4,2,CONFIRMED_FROM_VIDEO
Olives,11334.8,San Polo,225,,CONFIRMED_FROM_VIDEO,1,,Venta Nueva,Cayos Encantados,,Screen Recording 2026-08-16 112527.mp4,3,CONFIRMED_FROM_VIDEO
Olives,7254.5,San Salvador,168,,CONFIRMED_FROM_VIDEO,1,,Venta Nueva,Cayos Encantados,,Screen Recording 2026-08-16 112527.mp4,3,CONFIRMED_FROM_VIDEO
Olives,9349.5,San Vito,197,,CONFIRMED_FROM_VIDEO,1,,Venta Nueva,Cayos Encantados,,Screen Recording 2026-08-16 112527.mp4,5,CONFIRMED_FROM_VIDEO
Olives,13041.7,Sandy Settlement,248,,CONFIRMED_FROM_VIDEO,2,,Venta Nueva,Cayos Encantados,,Screen Recording 2026-08-16 112527.mp4,3,CONFIRMED_FROM_VIDEO
Olives,5606.6,Santa Maria,146,,CONFIRMED_FROM_VIDEO,1,,Venta Nueva,Cayos Encantados,,Screen Recording 2026-08-16 112527.mp4,2,CONFIRMED_FROM_VIDEO
Olives,3491.8,Sao Bento,117,,CONFIRMED_FROM_VIDEO,1,,Venta Nueva,Cayos Encantados,,Screen Recording 2026-08-16 112527.mp4,5,CONFIRMED_FROM_VIDEO
Olives,11606.2,Snake Prosper,228,,CONFIRMED_FROM_VIDEO,1,,Venta Nueva,Cayos Encantados,,Screen Recording 2026-08-16 112527.mp4,3,CONFIRMED_FROM_VIDEO
Olives,15239.9,Sugar Cove,278,,CONFIRMED_FROM_VIDEO,1,,Venta Nueva,Cayos Encantados,,Screen Recording 2026-08-16 112527.mp4,2,CONFIRMED_FROM_VIDEO
Olives,13443.3,Taylor's Town,254,,CONFIRMED_FROM_VIDEO,1,,Venta Nueva,Cayos Encantados,,Screen Recording 2026-08-16 112527.mp4,3,CONFIRMED_FROM_VIDEO
Olives,3464.4,Theresa,116,,CONFIRMED_FROM_VIDEO,1,,Venta Nueva,Cayos Encantados,,Screen Recording 2026-08-16 112527.mp4,5,CONFIRMED_FROM_VIDEO
Olives,9423.5,Thresher Point,198,,CONFIRMED_FROM_VIDEO,1,,Venta Nueva,Cayos Encantados,,Screen Recording 2026-08-16 112527.mp4,5,CONFIRMED_FROM_VIDEO
Olives,1319.1,Villarreal Del Mar,87,,CONFIRMED_FROM_VIDEO,2,,Venta Nueva,Cayos Encantados,Visually verified from a visible recording frame after OCR audit.,Screen Recording 2026-08-16 112527.mp4,1,CONFIRMED_FROM_VIDEO
Olives,12572.6,White Hook,242,,CONFIRMED_FROM_VIDEO,1,,Venta Nueva,Cayos Encantados,,Screen Recording 2026-08-16 112527.mp4,3,CONFIRMED_FROM_VIDEO
Olives,9625.3,Wyntergard,201,,CONFIRMED_FROM_VIDEO,1,,Venta Nueva,Cayos Encantados,,Screen Recording 2026-08-16 112527.mp4,5,CONFIRMED_FROM_VIDEO
Saffron,8521.0,Al-Jazair,230,,CONFIRMED_FROM_VIDEO,1,,Villarreal Del Mar,Cayos Encantados,,Screen Recording 2026-08-16 112311.mp4,2,CONFIRMED_FROM_VIDEO
Saffron,7614.0,Ashbourne,214,,CONFIRMED_FROM_VIDEO,1,,Villarreal Del Mar,Cayos Encantados,,Screen Recording 2026-08-16 112311.mp4,4,CONFIRMED_FROM_VIDEO
Saffron,7865.7,Belfry Heights,219,,CONFIRMED_FROM_VIDEO,1,,Villarreal Del Mar,Cayos Encantados,,Screen Recording 2026-08-16 112311.mp4,4,CONFIRMED_FROM_VIDEO
Saffron,6142.6,Bucket Bay,189,,CONFIRMED_FROM_VIDEO,1,,Villarreal Del Mar,Cayos Encantados,,Screen Recording 2026-08-16 112311.mp4,3,CONFIRMED_FROM_VIDEO
Saffron,10792.4,Caledonia,268,,CONFIRMED_FROM_VIDEO,1,,Villarreal Del Mar,Cayos Encantados,,Screen Recording 2026-08-16 112311.mp4,3,CONFIRMED_FROM_VIDEO
Saffron,10878.3,Castle Landing,270,,CONFIRMED_FROM_VIDEO,2,,Villarreal Del Mar,Cayos Encantados,,Screen Recording 2026-08-16 112311.mp4,3,CONFIRMED_FROM_VIDEO
Saffron,4345.1,Caveira,159,,CONFIRMED_FROM_VIDEO,1,,Villarreal Del Mar,Cayos Encantados,,Screen Recording 2026-08-16 112311.mp4,3,CONFIRMED_FROM_VIDEO
Saffron,7010.9,Caye Tiburon,204,,CONFIRMED_FROM_VIDEO,1,,Villarreal Del Mar,Cayos Encantados,,Screen Recording 2026-08-16 112311.mp4,3,CONFIRMED_FROM_VIDEO
Saffron,7888.1,Crownstead,219,,CONFIRMED_FROM_VIDEO,1,,Villarreal Del Mar,Cayos Encantados,,Screen Recording 2026-08-16 112311.mp4,4,CONFIRMED_FROM_VIDEO
Saffron,10504.1,Deadman's Murcia,264,,CONFIRMED_FROM_VIDEO,1,,Villarreal Del Mar,Cayos Encantados,Visually verified from a visible recording frame after OCR audit.,Screen Recording 2026-08-16 112311.mp4,3,CONFIRMED_FROM_VIDEO
Saffron,7449.8,Fair Harbour,212,,CONFIRMED_FROM_VIDEO,1,,Villarreal Del Mar,Cayos Encantados,,Screen Recording 2026-08-16 112311.mp4,4,CONFIRMED_FROM_VIDEO
Saffron,1807.4,Falmouth,116,,CONFIRMED_FROM_VIDEO,1,,Villarreal Del Mar,Cayos Encantados,,Screen Recording 2026-08-16 112311.mp4,1,CONFIRMED_FROM_VIDEO
Saffron,9253.7,Gyldenvale,242,,CONFIRMED_FROM_VIDEO,1,,Villarreal Del Mar,Cayos Encantados,,Screen Recording 2026-08-16 112311.mp4,4,CONFIRMED_FROM_VIDEO
Saffron,12072.0,Jones' Outpost,290,,CONFIRMED_FROM_VIDEO,1,,Villarreal Del Mar,Cayos Encantados,,Screen Recording 2026-08-16 112311.mp4,3,CONFIRMED_FROM_VIDEO
Saffron,11238.6,Kandlerova,276,,CONFIRMED_FROM_VIDEO,1,,Villarreal Del Mar,Cayos Encantados,,Screen Recording 2026-08-16 112311.mp4,3,CONFIRMED_FROM_VIDEO
Saffron,10171.8,La Povenglia,258,,CONFIRMED_FROM_VIDEO,1,,Villarreal Del Mar,Cayos Encantados,,Screen Recording 2026-08-16 112311.mp4,2,CONFIRMED_FROM_VIDEO
Saffron,9666.1,Lebarde,249,,CONFIRMED_FROM_VIDEO,1,,Villarreal Del Mar,Cayos Encantados,,Screen Recording 2026-08-16 112311.mp4,2,CONFIRMED_FROM_VIDEO
Saffron,6084.7,Lord Irving's Sacrifice,188,,CONFIRMED_FROM_VIDEO,1,,Villarreal Del Mar,Cayos Encantados,,Screen Recording 2026-08-16 112311.mp4,4,CONFIRMED_FROM_VIDEO
Saffron,4848.0,Louisbourg,167,,CONFIRMED_FROM_VIDEO,1,,Villarreal Del Mar,Cayos Encantados,,Screen Recording 2026-08-16 112311.mp4,2,CONFIRMED_FROM_VIDEO
Saffron,6011.7,Madalena,187,,CONFIRMED_FROM_VIDEO,1,,Villarreal Del Mar,Cayos Encantados,,Screen Recording 2026-08-16 112311.mp4,3,CONFIRMED_FROM_VIDEO
Saffron,6854.1,Mako's Outlook,202,,CONFIRMED_FROM_VIDEO,1,,Villarreal Del Mar,Cayos Encantados,,Screen Recording 2026-08-16 112311.mp4,3,CONFIRMED_FROM_VIDEO
Saffron,5256.0,Matthew's Rest,174,,CONFIRMED_FROM_VIDEO,1,,Villarreal Del Mar,Cayos Encantados,,Screen Recording 2026-08-16 112311.mp4,3,CONFIRMED_FROM_VIDEO
Saffron,4613.1,Maurepas,163,,CONFIRMED_FROM_VIDEO,1,,Villarreal Del Mar,Cayos Encantados,,Screen Recording 2026-08-16 112311.mp4,2,CONFIRMED_FROM_VIDEO
Saffron,7085.7,New Brighton,205,,CONFIRMED_FROM_VIDEO,1,,Villarreal Del Mar,Cayos Encantados,,Screen Recording 2026-08-16 112311.mp4,4,CONFIRMED_FROM_VIDEO
Saffron,12930.7,New Catalina,305,,CONFIRMED_FROM_VIDEO,1,,Villarreal Del Mar,Cayos Encantados,,Screen Recording 2026-08-16 112311.mp4,2,CONFIRMED_FROM_VIDEO
Saffron,4259.5,Pachard Town,157,,CONFIRMED_FROM_VIDEO,1,,Villarreal Del Mar,Cayos Encantados,,Screen Recording 2026-08-16 112311.mp4,3,CONFIRMED_FROM_VIDEO
Saffron,10732.8,Peter's Cove,267,,CONFIRMED_FROM_VIDEO,1,,Villarreal Del Mar,Cayos Encantados,,Screen Recording 2026-08-16 112311.mp4,3,CONFIRMED_FROM_VIDEO
Saffron,6398.0,Petit Anvers,194,,CONFIRMED_FROM_VIDEO,1,,Villarreal Del Mar,Cayos Encantados,,Screen Recording 2026-08-16 112311.mp4,3,CONFIRMED_FROM_VIDEO
Saffron,5940.5,Poblado de San Juan,186,,CONFIRMED_FROM_VIDEO,1,,Villarreal Del Mar,Cayos Encantados,,Screen Recording 2026-08-16 112311.mp4,2,CONFIRMED_FROM_VIDEO
Saffron,2297.8,Point Rocheux,124,,CONFIRMED_FROM_VIDEO,1,,Villarreal Del Mar,Cayos Encantados,,Screen Recording 2026-08-16 112311.mp4,2,CONFIRMED_FROM_VIDEO
Saffron,5863.0,Ponta Delgada,185,,CONFIRMED_FROM_VIDEO,1,,Villarreal Del Mar,Cayos Encantados,,Screen Recording 2026-08-16 112311.mp4,2,CONFIRMED_FROM_VIDEO
Saffron,1700.6,Port Antonio,114,,CONFIRMED_FROM_VIDEO,1,,Villarreal Del Mar,Cayos Encantados,,Screen Recording 2026-08-16 112311.mp4,1,CONFIRMED_FROM_VIDEO
Saffron,7815.0,Port Louis,218,,CONFIRMED_FROM_VIDEO,1,,Villarreal Del Mar,Cayos Encantados,,Screen Recording 2026-08-16 112311.mp4,3,CONFIRMED_FROM_VIDEO
Saffron,4062.2,Port Royal,154,,CONFIRMED_FROM_VIDEO,1,,Villarreal Del Mar,Cayos Encantados,,Screen Recording 2026-08-16 112311.mp4,3,CONFIRMED_FROM_VIDEO
Saffron,3303.9,Port-Au-Croix,141,,CONFIRMED_FROM_VIDEO,1,,Villarreal Del Mar,Cayos Encantados,,Screen Recording 2026-08-16 112311.mp4,3,CONFIRMED_FROM_VIDEO
Saffron,9392.0,Princeton,245,,CONFIRMED_FROM_VIDEO,1,,Villarreal Del Mar,Cayos Encantados,,Screen Recording 2026-08-16 112311.mp4,4,CONFIRMED_FROM_VIDEO
Saffron,3451.6,Puerto de San Fernando,144,,CONFIRMED_FROM_VIDEO,1,,Villarreal Del Mar,Cayos Encantados,,Screen Recording 2026-08-16 112311.mp4,3,CONFIRMED_FROM_VIDEO
Saffron,8528.7,Saint Vincent,230,,CONFIRMED_FROM_VIDEO,1,,Villarreal Del Mar,Cayos Encantados,,Screen Recording 2026-08-16 112311.mp4,3,CONFIRMED_FROM_VIDEO
Saffron,12157.4,Saint-Nicholas,292,,CONFIRMED_FROM_VIDEO,1,,Villarreal Del Mar,Cayos Encantados,,Screen Recording 2026-08-16 112311.mp4,3,CONFIRMED_FROM_VIDEO
Saffron,5058.1,Sainte Rose,171,,CONFIRMED_FROM_VIDEO,1,,Villarreal Del Mar,Cayos Encantados,,Screen Recording 2026-08-16 112311.mp4,3,CONFIRMED_FROM_VIDEO
Saffron,10678.9,San Polo,267,,CONFIRMED_FROM_VIDEO,1,,Villarreal Del Mar,Cayos Encantados,,Screen Recording 2026-08-16 112311.mp4,3,CONFIRMED_FROM_VIDEO
Saffron,7084.9,San Salvador,205,,CONFIRMED_FROM_VIDEO,1,,Villarreal Del Mar,Cayos Encantados,,Screen Recording 2026-08-16 112311.mp4,5,CONFIRMED_FROM_VIDEO
Saffron,8459.9,San Vito,229,,CONFIRMED_FROM_VIDEO,1,,Villarreal Del Mar,Cayos Encantados,,Screen Recording 2026-08-16 112311.mp4,3,CONFIRMED_FROM_VIDEO
Saffron,11865.6,Sandy Settlement,287,,CONFIRMED_FROM_VIDEO,2,,Villarreal Del Mar,Cayos Encantados,,Screen Recording 2026-08-16 112311.mp4,2,CONFIRMED_FROM_VIDEO
Saffron,5720.1,Santa Maria,182,,CONFIRMED_FROM_VIDEO,1,,Villarreal Del Mar,Cayos Encantados,,Screen Recording 2026-08-16 112311.mp4,2,CONFIRMED_FROM_VIDEO
Saffron,4804.2,Sao Bento,167,,CONFIRMED_FROM_VIDEO,1,,Villarreal Del Mar,Cayos Encantados,,Screen Recording 2026-08-16 112311.mp4,3,CONFIRMED_FROM_VIDEO
Saffron,10409.0,Snake Prosper,262,,CONFIRMED_FROM_VIDEO,1,,Villarreal Del Mar,Cayos Encantados,,Screen Recording 2026-08-16 112311.mp4,2,CONFIRMED_FROM_VIDEO
Saffron,13930.9,Sugar Cove,322,,CONFIRMED_FROM_VIDEO,1,,Villarreal Del Mar,Cayos Encantados,,Screen Recording 2026-08-16 112311.mp4,2,CONFIRMED_FROM_VIDEO
Saffron,12189.2,Taylor's Town,292,,CONFIRMED_FROM_VIDEO,1,,Villarreal Del Mar,Cayos Encantados,,Screen Recording 2026-08-16 112311.mp4,2,CONFIRMED_FROM_VIDEO
Saffron,2775.1,Theresa,132,,CONFIRMED_FROM_VIDEO,1,,Villarreal Del Mar,Cayos Encantados,,Screen Recording 2026-08-16 112311.mp4,2,CONFIRMED_FROM_VIDEO
Saffron,8182.8,Thresher Point,224,,CONFIRMED_FROM_VIDEO,2,,Villarreal Del Mar,Cayos Encantados,,Screen Recording 2026-08-16 112311.mp4,3,CONFIRMED_FROM_VIDEO
Saffron,1319.1,Venta Nueva,106,,CONFIRMED_FROM_VIDEO,1,,Villarreal Del Mar,Cayos Encantados,,Screen Recording 2026-08-16 112311.mp4,1,CONFIRMED_FROM_VIDEO
Saffron,11411.6,White Hook,279,,CONFIRMED_FROM_VIDEO,1,,Villarreal Del Mar,Cayos Encantados,,Screen Recording 2026-08-16 112311.mp4,3,CONFIRMED_FROM_VIDEO
Saffron,8720.6,Wyntergard,233,,CONFIRMED_FROM_VIDEO,1,,Villarreal Del Mar,Cayos Encantados,,Screen Recording 2026-08-16 112311.mp4,2,CONFIRMED_FROM_VIDEO
Pearls,3909.8,Al-Jazair,187,,CONFIRMED_FROM_VIDEO,1,pooled_even_odd_wide,White Hook,East Somerset,,Screen Recording 2026-08-16 223317.mp4,14,CONFIRMED_FROM_VIDEO
Pearls,5075.7,Ashbourne,212,,CONFIRMED_FROM_VIDEO,1,pooled_even_odd_wide,White Hook,East Somerset,,Screen Recording 2026-08-16 223317.mp4,6,CONFIRMED_FROM_VIDEO
Pearls,9709.8,Belfry Heights,309,,CONFIRMED_FROM_VIDEO,1,pooled_even_odd_wide,White Hook,East Somerset,,Screen Recording 2026-08-16 223317.mp4,4,CONFIRMED_FROM_VIDEO
Pearls,5269.0,Bucket Bay,216,,CONFIRMED_FROM_VIDEO,1,pooled_even_odd_wide,White Hook,East Somerset,,Screen Recording 2026-08-16 223317.mp4,9,CONFIRMED_FROM_VIDEO
Pearls,854.8,Caledonia,123,,CONFIRMED_FROM_VIDEO,1,pooled_even_odd_wide,White Hook,East Somerset,,Screen Recording 2026-08-16 223317.mp4,11,CONFIRMED_FROM_VIDEO
Pearls,5983.6,Castle Landing,231,,CONFIRMED_FROM_VIDEO,1,pooled_even_odd_wide,White Hook,East Somerset,,Screen Recording 2026-08-16 223317.mp4,9,CONFIRMED_FROM_VIDEO
Pearls,15755.9,Caveira,436,,CONFIRMED_FROM_VIDEO,3,pooled_even_odd_wide,White Hook,East Somerset,,Screen Recording 2026-08-16 223317.mp4,7,CONFIRMED_FROM_VIDEO
Pearls,8303.0,Caye Tiburon,279,,CONFIRMED_FROM_VIDEO,1,pooled_even_odd_wide,White Hook,East Somerset,,Screen Recording 2026-08-16 223317.mp4,6,CONFIRMED_FROM_VIDEO
Pearls,5597.8,Crownstead,223,,CONFIRMED_FROM_VIDEO,1,pooled_even_odd_wide,White Hook,East Somerset,,Screen Recording 2026-08-16 223317.mp4,9,CONFIRMED_FROM_VIDEO
Pearls,4521.5,Cumberland Hill,200,,CONFIRMED_FROM_VIDEO,2,pooled_even_odd_wide,White Hook,East Somerset,,Screen Recording 2026-08-16 223317.mp4,11,CONFIRMED_FROM_VIDEO
Pearls,930.4,Deadman's Murcia,125,,CONFIRMED_FROM_VIDEO,2,pooled_even_odd_wide,White Hook,East Somerset,,Screen Recording 2026-08-16 223317.mp4,8,CONFIRMED_FROM_VIDEO
Pearls,3974.7,Fair Harbour,188,,CONFIRMED_FROM_VIDEO,1,pooled_even_odd_wide,White Hook,East Somerset,,Screen Recording 2026-08-16 223317.mp4,14,CONFIRMED_FROM_VIDEO
Pearls,10422.3,Falmouth,324,,CONFIRMED_FROM_VIDEO,2,pooled_even_odd_wide,White Hook,East Somerset,,Screen Recording 2026-08-16 223317.mp4,4,CONFIRMED_FROM_VIDEO
Pearls,5349.6,Gyldenvale,217,,CONFIRMED_FROM_VIDEO,1,pooled_even_odd_wide,White Hook,East Somerset,,Screen Recording 2026-08-16 223317.mp4,10,CONFIRMED_FROM_VIDEO
Pearls,3818.9,Jones' Outpost,185,,CONFIRMED_FROM_VIDEO,1,pooled_even_odd_wide,White Hook,East Somerset,,Screen Recording 2026-08-16 223317.mp4,13,CONFIRMED_FROM_VIDEO
Pearls,16967.5,Kandlerova,461,,CONFIRMED_FROM_VIDEO,2,pooled_even_odd_wide,White Hook,East Somerset,,Screen Recording 2026-08-16 223317.mp4,4,CONFIRMED_FROM_VIDEO
Pearls,14132.3,La Povenglia,402,,CONFIRMED_FROM_VIDEO,2,pooled_even_odd_wide,White Hook,East Somerset,,Screen Recording 2026-08-16 223317.mp4,6,CONFIRMED_FROM_VIDEO
Pearls,6990.8,Lebarde,252,,CONFIRMED_FROM_VIDEO,2,pooled_even_odd_wide,White Hook,East Somerset,,Screen Recording 2026-08-16 223317.mp4,7,CONFIRMED_FROM_VIDEO
Pearls,11163.1,Lord Irving's Sacrifice,339,,CONFIRMED_FROM_VIDEO,2,pooled_even_odd_wide,White Hook,East Somerset,,Screen Recording 2026-08-16 223317.mp4,2,CONFIRMED_FROM_VIDEO
Pearls,8921.7,Louisbourg,292,,CONFIRMED_FROM_VIDEO,1,pooled_even_odd_wide,White Hook,East Somerset,,Screen Recording 2026-08-16 223317.mp4,8,CONFIRMED_FROM_VIDEO
Pearls,17330.5,Madalena,469,,CONFIRMED_FROM_VIDEO,3,pooled_even_odd_wide,White Hook,East Somerset,,Screen Recording 2026-08-16 223317.mp4,4,CONFIRMED_FROM_VIDEO
Pearls,11298.6,Mako's Outlook,342,,CONFIRMED_FROM_VIDEO,2,pooled_even_odd_wide,White Hook,East Somerset,,Screen Recording 2026-08-16 223317.mp4,2,CONFIRMED_FROM_VIDEO
Pearls,6157.7,Matthew's Rest,234,,CONFIRMED_FROM_VIDEO,1,pooled_even_odd_wide,White Hook,East Somerset,,Screen Recording 2026-08-16 223317.mp4,9,CONFIRMED_FROM_VIDEO
Pearls,8257.0,Maurepas,278,,CONFIRMED_FROM_VIDEO,1,pooled_even_odd_wide,White Hook,East Somerset,,Screen Recording 2026-08-16 223317.mp4,5,CONFIRMED_FROM_VIDEO
Pearls,5473.2,New Brighton,220,,CONFIRMED_FROM_VIDEO,1,pooled_even_odd_wide,White Hook,East Somerset,,Screen Recording 2026-08-16 223317.mp4,9,CONFIRMED_FROM_VIDEO
Pearls,4970.9,New Catalina,209,,CONFIRMED_FROM_VIDEO,1,pooled_even_odd_wide,White Hook,East Somerset,,Screen Recording 2026-08-16 223317.mp4,6,CONFIRMED_FROM_VIDEO
Pearls,7153.5,Pachard Town,255,,CONFIRMED_FROM_VIDEO,1,pooled_even_odd_wide,White Hook,East Somerset,,Screen Recording 2026-08-16 223317.mp4,8,CONFIRMED_FROM_VIDEO
Pearls,10754.4,Peter's Cove,331,,CONFIRMED_FROM_VIDEO,2,pooled_even_odd_wide,White Hook,East Somerset,,Screen Recording 2026-08-16 223317.mp4,4,CONFIRMED_FROM_VIDEO
Pearls,8977.6,Petit Anvers,294,,CONFIRMED_FROM_VIDEO,1,pooled_even_odd_wide,White Hook,East Somerset,,Screen Recording 2026-08-16 223317.mp4,6,CONFIRMED_FROM_VIDEO
Pearls,16197.4,Poblado de San Juan,445,,CONFIRMED_FROM_VIDEO,2,pooled_even_odd_wide,White Hook,East Somerset,,Screen Recording 2026-08-16 223317.mp4,4,CONFIRMED_FROM_VIDEO
Pearls,9193.9,Point Rocheux,298,,CONFIRMED_FROM_VIDEO,2,pooled_even_odd_wide,White Hook,East Somerset,,Screen Recording 2026-08-16 223317.mp4,5,CONFIRMED_FROM_VIDEO
Pearls,16270.3,Ponta Delgada,447,,CONFIRMED_FROM_VIDEO,2,pooled_even_odd_wide,White Hook,East Somerset,,Screen Recording 2026-08-16 223317.mp4,4,CONFIRMED_FROM_VIDEO
Pearls,11528.8,Port Antonio,347,,CONFIRMED_FROM_VIDEO,2,pooled_even_odd_wide,White Hook,East Somerset,,Screen Recording 2026-08-16 223317.mp4,2,CONFIRMED_FROM_VIDEO
Pearls,3807.4,Port Louis,185,,CONFIRMED_FROM_VIDEO,1,pooled_even_odd_wide,White Hook,East Somerset,,Screen Recording 2026-08-16 223317.mp4,12,CONFIRMED_FROM_VIDEO
Pearls,11130.1,Port Royal,339,,CONFIRMED_FROM_VIDEO,2,pooled_even_odd_wide,White Hook,East Somerset,,Screen Recording 2026-08-16 223317.mp4,2,CONFIRMED_FROM_VIDEO
Pearls,8127.3,Port-Au-Croix,276,,CONFIRMED_FROM_VIDEO,1,pooled_even_odd_wide,White Hook,East Somerset,,Screen Recording 2026-08-16 223317.mp4,6,CONFIRMED_FROM_VIDEO
Pearls,5199.0,Princeton,214,,CONFIRMED_FROM_VIDEO,1,pooled_even_odd_wide,White Hook,East Somerset,,Screen Recording 2026-08-16 223317.mp4,9,CONFIRMED_FROM_VIDEO
Pearls,14196.5,Puerto de San Fernando,403,,CONFIRMED_FROM_VIDEO,2,pooled_even_odd_wide,White Hook,East Somerset,,Screen Recording 2026-08-16 223317.mp4,8,CONFIRMED_FROM_VIDEO
Pearls,3059.6,Saint Vincent,169,,CONFIRMED_FROM_VIDEO,2,pooled_even_odd_wide,White Hook,East Somerset,,Screen Recording 2026-08-16 223317.mp4,11,CONFIRMED_FROM_VIDEO
Pearls,11088.0,Saint-Nicholas,338,,CONFIRMED_FROM_VIDEO,1,pooled_even_odd_wide,White Hook,East Somerset,,Screen Recording 2026-08-16 223317.mp4,6,CONFIRMED_FROM_VIDEO
Pearls,10030.8,Sainte Rose,316,,CONFIRMED_FROM_VIDEO,2,pooled_even_odd_wide,White Hook,East Somerset,,Screen Recording 2026-08-16 223317.mp4,3,CONFIRMED_FROM_VIDEO
Pearls,16042.5,San Polo,442,,CONFIRMED_FROM_VIDEO,2,pooled_even_odd_wide,White Hook,East Somerset,,Screen Recording 2026-08-16 223317.mp4,6,CONFIRMED_FROM_VIDEO
Pearls,15991.3,San Salvador,441,,CONFIRMED_FROM_VIDEO,2,pooled_even_odd_wide,White Hook,East Somerset,,Screen Recording 2026-08-16 223317.mp4,6,CONFIRMED_FROM_VIDEO
Pearls,13058.6,San Vito,379,,CONFIRMED_FROM_VIDEO,2,pooled_even_odd_wide,White Hook,East Somerset,,Screen Recording 2026-08-16 223317.mp4,4,CONFIRMED_FROM_VIDEO
Pearls,11328.7,Sandy Settlement,343,Selected from the two recorded directional readings using reciprocal-distance agreement and the origin's other observed Distance/Value rows. No distance was fabricated.,CONFIRMED_RECORDED_RECIPROCAL_AUDIT,1,pooled_even_odd_wide,White Hook,East Somerset,,Screen Recording 2026-08-16 223317.mp4,3,CONFIRMED_FROM_VIDEO
Pearls,15790.8,Santa Maria,437,,CONFIRMED_FROM_VIDEO,2,pooled_even_odd_wide,White Hook,East Somerset,,Screen Recording 2026-08-16 223317.mp4,8,CONFIRMED_FROM_VIDEO
Pearls,15896.8,Sao Bento,439,,CONFIRMED_FROM_VIDEO,4,pooled_even_odd_wide,White Hook,East Somerset,,Screen Recording 2026-08-16 223317.mp4,6,CONFIRMED_FROM_VIDEO
Pearls,1210.9,Snake Prosper,130,,CONFIRMED_FROM_VIDEO,1,pooled_even_odd_wide,White Hook,East Somerset,,Screen Recording 2026-08-16 223317.mp4,11,CONFIRMED_FROM_VIDEO
Pearls,5522.7,Sugar Cove,221,,CONFIRMED_FROM_VIDEO,1,pooled_even_odd_wide,White Hook,East Somerset,,Screen Recording 2026-08-16 223317.mp4,9,CONFIRMED_FROM_VIDEO
Pearls,9789.5,Taylor's Town,311,,CONFIRMED_FROM_VIDEO,1,pooled_even_odd_wide,White Hook,East Somerset,,Screen Recording 2026-08-16 223317.mp4,6,CONFIRMED_FROM_VIDEO
Pearls,12176.6,Theresa,361,,CONFIRMED_FROM_VIDEO,2,pooled_even_odd_wide,White Hook,East Somerset,,Screen Recording 2026-08-16 223317.mp4,4,CONFIRMED_FROM_VIDEO
Pearls,8959.4,Thresher Point,293,,CONFIRMED_FROM_VIDEO,1,pooled_even_odd_wide,White Hook,East Somerset,,Screen Recording 2026-08-16 223317.mp4,6,CONFIRMED_FROM_VIDEO
Pearls,12572.6,Venta Nueva,369,,CONFIRMED_FROM_VIDEO,3,pooled_even_odd_wide,White Hook,East Somerset,,Screen Recording 2026-08-16 223317.mp4,4,CONFIRMED_FROM_VIDEO
Pearls,11411.6,Villarreal Del Mar,345,Selected from the two recorded directional readings using reciprocal-distance agreement and the origin's other observed Distance/Value rows. No distance was fabricated.,CONFIRMED_RECORDED_RECIPROCAL_AUDIT,1,pooled_even_odd_wide,White Hook,East Somerset,,Screen Recording 2026-08-16 223317.mp4,6,CONFIRMED_FROM_VIDEO
Pearls,4373.5,Wyntergard,197,,CONFIRMED_FROM_VIDEO,1,pooled_even_odd_wide,White Hook,East Somerset,,Screen Recording 2026-08-16 223317.mp4,16,CONFIRMED_FROM_VIDEO
Pearls,5129.2,Yorinobu's Settlement,213,,CONFIRMED_FROM_VIDEO,1,pooled_even_odd_wide,White Hook,East Somerset,,Screen Recording 2026-08-16 223317.mp4,9,CONFIRMED_FROM_VIDEO
Rice,5223.1,Al-Jazair,184,,CONFIRMED_FROM_VIDEO,1,,Wyntergard,Vysarian Isles,,Screen Recording 2026-08-16 105509.mp4,5,CONFIRMED_FROM_VIDEO
Rice,1114.1,Ashbourne,110,,CONFIRMED_FROM_VIDEO,1,,Wyntergard,Vysarian Isles,,Screen Recording 2026-08-16 105509.mp4,2,CONFIRMED_FROM_VIDEO
Rice,10334.1,Belfry Heights,276,,CONFIRMED_FROM_VIDEO,1,,Wyntergard,Vysarian Isles,,Screen Recording 2026-08-16 105509.mp4,3,CONFIRMED_FROM_VIDEO
Rice,3628.5,Bucket Bay,155,,CONFIRMED_FROM_VIDEO,1,,Wyntergard,Vysarian Isles,,Screen Recording 2026-08-16 105509.mp4,5,CONFIRMED_FROM_VIDEO
Rice,4380.0,Caledonia,169,,CONFIRMED_FROM_VIDEO,1,,Wyntergard,Vysarian Isles,,Screen Recording 2026-08-16 105509.mp4,5,CONFIRMED_FROM_VIDEO
Rice,8648.5,Castle Landing,246,,CONFIRMED_FROM_VIDEO,1,,Wyntergard,Vysarian Isles,,Screen Recording 2026-08-16 105509.mp4,8,CONFIRMED_FROM_VIDEO
Rice,12868.2,Caveira,322,,CONFIRMED_FROM_VIDEO,1,,Wyntergard,Vysarian Isles,,Screen Recording 2026-08-16 105509.mp4,4,CONFIRMED_FROM_VIDEO
Rice,8715.9,Caye Tiburon,247,,CONFIRMED_FROM_VIDEO,1,,Wyntergard,Vysarian Isles,,Screen Recording 2026-08-16 105509.mp4,6,CONFIRMED_FROM_VIDEO
Rice,1267.1,Crownstead,113,,CONFIRMED_FROM_VIDEO,1,,Wyntergard,Vysarian Isles,,Screen Recording 2026-08-16 105509.mp4,3,CONFIRMED_FROM_VIDEO
Rice,8432.5,Cumberland Hill,242,,CONFIRMED_FROM_VIDEO,1,,Wyntergard,Vysarian Isles,Visually verified from a visible recording frame after OCR audit.,Screen Recording 2026-08-16 105509.mp4,8,CONFIRMED_FROM_VIDEO
Rice,3603.2,Deadman's Murcia,155,,CONFIRMED_FROM_VIDEO,1,,Wyntergard,Vysarian Isles,,Screen Recording 2026-08-16 105509.mp4,5,CONFIRMED_FROM_VIDEO
Rice,2813.0,Fair Harbour,141,,CONFIRMED_FROM_VIDEO,1,,Wyntergard,Vysarian Isles,,Screen Recording 2026-08-16 105509.mp4,4,CONFIRMED_FROM_VIDEO
Rice,8367.1,Falmouth,241,,CONFIRMED_FROM_VIDEO,2,,Wyntergard,Vysarian Isles,,Screen Recording 2026-08-16 105509.mp4,5,CONFIRMED_FROM_VIDEO
Rice,1312.6,Gyldenvale,114,,CONFIRMED_FROM_VIDEO,1,,Wyntergard,Vysarian Isles,,Screen Recording 2026-08-16 105509.mp4,3,CONFIRMED_FROM_VIDEO
Rice,7526.2,Jones' Outpost,225,,CONFIRMED_FROM_VIDEO,1,,Wyntergard,Vysarian Isles,,Screen Recording 2026-08-16 105509.mp4,6,CONFIRMED_FROM_VIDEO
Rice,17062.1,Kandlerova,397,,CONFIRMED_FROM_VIDEO,1,,Wyntergard,Vysarian Isles,,Screen Recording 2026-08-16 105509.mp4,2,CONFIRMED_FROM_VIDEO
Rice,14657.6,La Povenglia,354,,CONFIRMED_FROM_VIDEO,1,,Wyntergard,Vysarian Isles,,Screen Recording 2026-08-16 105509.mp4,3,CONFIRMED_FROM_VIDEO
Rice,8882.8,Lebarde,250,,CONFIRMED_FROM_VIDEO,1,,Wyntergard,Vysarian Isles,,Screen Recording 2026-08-16 105509.mp4,5,CONFIRMED_FROM_VIDEO
Rice,10808.3,Lord Irving's Sacrifice,285,,CONFIRMED_FROM_VIDEO,1,,Wyntergard,Vysarian Isles,,Screen Recording 2026-08-16 105509.mp4,3,CONFIRMED_FROM_VIDEO
Rice,4991.7,Louisbourg,180,,CONFIRMED_FROM_VIDEO,2,,Wyntergard,Vysarian Isles,,Screen Recording 2026-08-16 105509.mp4,5,CONFIRMED_FROM_VIDEO
Rice,14169.2,Madalena,345,,CONFIRMED_FROM_VIDEO,1,,Wyntergard,Vysarian Isles,,Screen Recording 2026-08-16 105509.mp4,4,CONFIRMED_FROM_VIDEO
Rice,11226.1,Mako's Outlook,292,,CONFIRMED_FROM_VIDEO,1,,Wyntergard,Vysarian Isles,,Screen Recording 2026-08-16 105509.mp4,5,CONFIRMED_FROM_VIDEO
Rice,4105.7,Matthew's Rest,164,,CONFIRMED_FROM_VIDEO,1,,Wyntergard,Vysarian Isles,,Screen Recording 2026-08-16 105509.mp4,6,CONFIRMED_FROM_VIDEO
Rice,4551.3,Maurepas,172,,CONFIRMED_FROM_VIDEO,2,,Wyntergard,Vysarian Isles,,Screen Recording 2026-08-16 105509.mp4,4,CONFIRMED_FROM_VIDEO
Rice,5791.5,New Brighton,194,,CONFIRMED_FROM_VIDEO,1,,Wyntergard,Vysarian Isles,,Screen Recording 2026-08-16 105509.mp4,6,CONFIRMED_FROM_VIDEO
Rice,8753.8,New Catalina,248,,CONFIRMED_FROM_VIDEO,1,,Wyntergard,Vysarian Isles,,Screen Recording 2026-08-16 105509.mp4,5,CONFIRMED_FROM_VIDEO
Rice,4986.8,Pachard Town,180,,CONFIRMED_FROM_VIDEO,1,,Wyntergard,Vysarian Isles,,Screen Recording 2026-08-16 105509.mp4,5,CONFIRMED_FROM_VIDEO
Rice,12330.8,Peter's Cove,312,,CONFIRMED_FROM_VIDEO,1,,Wyntergard,Vysarian Isles,,Screen Recording 2026-08-16 105509.mp4,4,CONFIRMED_FROM_VIDEO
Rice,4702.4,Petit Anvers,175,,CONFIRMED_FROM_VIDEO,1,,Wyntergard,Vysarian Isles,,Screen Recording 2026-08-16 105509.mp4,5,CONFIRMED_FROM_VIDEO
Rice,14339.1,Poblado de San Juan,348,,CONFIRMED_FROM_VIDEO,1,,Wyntergard,Vysarian Isles,,Screen Recording 2026-08-16 105509.mp4,4,CONFIRMED_FROM_VIDEO
Rice,6441.7,Point Rocheux,206,,CONFIRMED_FROM_VIDEO,1,,Wyntergard,Vysarian Isles,,Screen Recording 2026-08-16 105509.mp4,6,CONFIRMED_FROM_VIDEO
Rice,12620.4,Ponta Delgada,317,,CONFIRMED_FROM_VIDEO,1,,Wyntergard,Vysarian Isles,,Screen Recording 2026-08-16 105509.mp4,4,CONFIRMED_FROM_VIDEO
Rice,9428.2,Port Antonio,260,,CONFIRMED_FROM_VIDEO,1,,Wyntergard,Vysarian Isles,,Screen Recording 2026-08-16 105509.mp4,4,CONFIRMED_FROM_VIDEO
Rice,1989.4,Port Louis,126,,CONFIRMED_FROM_VIDEO,1,,Wyntergard,Vysarian Isles,,Screen Recording 2026-08-16 105509.mp4,4,CONFIRMED_FROM_VIDEO
Rice,9975.3,Port Royal,270,,CONFIRMED_FROM_VIDEO,1,,Wyntergard,Vysarian Isles,,Screen Recording 2026-08-16 105509.mp4,2,CONFIRMED_FROM_VIDEO
Rice,5586.6,Port-Au-Croix,191,,CONFIRMED_FROM_VIDEO,1,,Wyntergard,Vysarian Isles,,Screen Recording 2026-08-16 105509.mp4,6,CONFIRMED_FROM_VIDEO
Rice,7199.2,Princeton,220,,CONFIRMED_FROM_VIDEO,1,,Wyntergard,Vysarian Isles,,Screen Recording 2026-08-16 105509.mp4,7,CONFIRMED_FROM_VIDEO
Rice,12004.4,Puerto de San Fernando,306,,CONFIRMED_FROM_VIDEO,1,,Wyntergard,Vysarian Isles,,Screen Recording 2026-08-16 105509.mp4,3,CONFIRMED_FROM_VIDEO
Rice,3863.6,Saint Vincent,160,,CONFIRMED_FROM_VIDEO,1,,Wyntergard,Vysarian Isles,,Screen Recording 2026-08-16 105509.mp4,5,CONFIRMED_FROM_VIDEO
Rice,13125.1,Saint-Nicholas,326,,CONFIRMED_FROM_VIDEO,1,,Wyntergard,Vysarian Isles,,Screen Recording 2026-08-16 105509.mp4,3,CONFIRMED_FROM_VIDEO
Rice,5966.5,Sainte Rose,197,,CONFIRMED_FROM_VIDEO,1,,Wyntergard,Vysarian Isles,,Screen Recording 2026-08-16 105509.mp4,7,CONFIRMED_FROM_VIDEO
Rice,16211.4,San Polo,382,,CONFIRMED_FROM_VIDEO,1,,Wyntergard,Vysarian Isles,,Screen Recording 2026-08-16 105509.mp4,2,CONFIRMED_FROM_VIDEO
Rice,14750.5,San Salvador,356,,CONFIRMED_FROM_VIDEO,1,,Wyntergard,Vysarian Isles,,Screen Recording 2026-08-16 105509.mp4,2,CONFIRMED_FROM_VIDEO
Rice,13218.0,San Vito,328,,CONFIRMED_FROM_VIDEO,1,,Wyntergard,Vysarian Isles,,Screen Recording 2026-08-16 105509.mp4,5,CONFIRMED_FROM_VIDEO
Rice,13198.4,Sandy Settlement,328,,CONFIRMED_FROM_VIDEO,1,,Wyntergard,Vysarian Isles,,Screen Recording 2026-08-16 105509.mp4,3,CONFIRMED_FROM_VIDEO
Rice,14011.2,Santa Maria,342,,CONFIRMED_FROM_VIDEO,1,,Wyntergard,Vysarian Isles,,Screen Recording 2026-08-16 105509.mp4,5,CONFIRMED_FROM_VIDEO
Rice,12590.4,Sao Bento,317,,CONFIRMED_FROM_VIDEO,1,,Wyntergard,Vysarian Isles,,Screen Recording 2026-08-16 105509.mp4,4,CONFIRMED_FROM_VIDEO
Rice,4227.5,Snake Prosper,166,,CONFIRMED_FROM_VIDEO,1,,Wyntergard,Vysarian Isles,,Screen Recording 2026-08-16 105509.mp4,6,CONFIRMED_FROM_VIDEO
Rice,9520.1,Sugar Cove,261,,CONFIRMED_FROM_VIDEO,2,,Wyntergard,Vysarian Isles,,Screen Recording 2026-08-16 105509.mp4,4,CONFIRMED_FROM_VIDEO
Rice,12151.9,Taylor's Town,309,,CONFIRMED_FROM_VIDEO,1,,Wyntergard,Vysarian Isles,,Screen Recording 2026-08-16 105509.mp4,4,CONFIRMED_FROM_VIDEO
Rice,10365.2,Theresa,277,,CONFIRMED_FROM_VIDEO,1,,Wyntergard,Vysarian Isles,,Screen Recording 2026-08-16 105509.mp4,4,CONFIRMED_FROM_VIDEO
Rice,9843.0,Thresher Point,267,,CONFIRMED_FROM_VIDEO,2,,Wyntergard,Vysarian Isles,,Screen Recording 2026-08-16 105509.mp4,3,CONFIRMED_FROM_VIDEO
Rice,9625.3,Venta Nueva,263,,CONFIRMED_FROM_VIDEO,1,,Wyntergard,Vysarian Isles,,Screen Recording 2026-08-16 105509.mp4,5,CONFIRMED_FROM_VIDEO
Rice,8720.6,Villarreal Del Mar,247,,CONFIRMED_FROM_VIDEO,1,,Wyntergard,Vysarian Isles,,Screen Recording 2026-08-16 105509.mp4,7,CONFIRMED_FROM_VIDEO
Rice,4373.5,White Hook,169,,CONFIRMED_FROM_VIDEO,1,,Wyntergard,Vysarian Isles,,Screen Recording 2026-08-16 105509.mp4,5,CONFIRMED_FROM_VIDEO
Instruments,1853.9,Al-Jazair,125,,CONFIRMED_FROM_VIDEO,1,pooled_even_odd_wide,Yorinobu's Settlement,West Somerset,,Screen Recording 2026-08-16 223317.mp4,6,CONFIRMED_FROM_VIDEO
Instruments,4271.5,Ashbourne,169,,CONFIRMED_FROM_VIDEO,1,pooled_even_odd_wide,Yorinobu's Settlement,West Somerset,,Screen Recording 2026-08-16 223317.mp4,9,CONFIRMED_FROM_VIDEO
Instruments,5540.3,Belfry Heights,192,,CONFIRMED_FROM_VIDEO,1,pooled_even_odd_wide,Yorinobu's Settlement,West Somerset,,Screen Recording 2026-08-16 223317.mp4,6,CONFIRMED_FROM_VIDEO
Instruments,1547.9,Bucket Bay,119,,CONFIRMED_FROM_VIDEO,1,pooled_even_odd_wide,Yorinobu's Settlement,West Somerset,,Screen Recording 2026-08-16 223317.mp4,6,CONFIRMED_FROM_VIDEO
Instruments,4368.0,Caledonia,171,,CONFIRMED_FROM_VIDEO,1,pooled_even_odd_wide,Yorinobu's Settlement,West Somerset,,Screen Recording 2026-08-16 223317.mp4,7,CONFIRMED_FROM_VIDEO
Instruments,4956.1,Castle Landing,182,,CONFIRMED_FROM_VIDEO,1,pooled_even_odd_wide,Yorinobu's Settlement,West Somerset,,Screen Recording 2026-08-16 223317.mp4,9,CONFIRMED_FROM_VIDEO
Instruments,10978.1,Caveira,292,,CONFIRMED_FROM_VIDEO,2,pooled_even_odd_wide,Yorinobu's Settlement,West Somerset,,Screen Recording 2026-08-16 223317.mp4,4,CONFIRMED_FROM_VIDEO
Instruments,3925.4,Caye Tiburon,163,,CONFIRMED_FROM_VIDEO,1,pooled_even_odd_wide,Yorinobu's Settlement,West Somerset,,Screen Recording 2026-08-16 223317.mp4,2,CONFIRMED_FROM_VIDEO
Instruments,5072.6,Crownstead,184,,CONFIRMED_FROM_VIDEO,1,pooled_even_odd_wide,Yorinobu's Settlement,West Somerset,,Screen Recording 2026-08-16 223317.mp4,9,CONFIRMED_FROM_VIDEO
Instruments,6402.0,Cumberland Hill,208,,CONFIRMED_FROM_VIDEO,2,pooled_even_odd_wide,Yorinobu's Settlement,West Somerset,,Screen Recording 2026-08-16 223317.mp4,9,CONFIRMED_FROM_VIDEO
Instruments,4343.5,Deadman's Murcia,171,,CONFIRMED_FROM_VIDEO,1,pooled_even_odd_wide,Yorinobu's Settlement,West Somerset,,Screen Recording 2026-08-16 223317.mp4,7,CONFIRMED_FROM_VIDEO
Instruments,2010.5,Fair Harbour,128,,CONFIRMED_FROM_VIDEO,2,pooled_even_odd_wide,Yorinobu's Settlement,West Somerset,,Screen Recording 2026-08-16 223317.mp4,6,CONFIRMED_FROM_VIDEO
Instruments,5424.8,Falmouth,190,,CONFIRMED_FROM_VIDEO,1,pooled_even_odd_wide,Yorinobu's Settlement,West Somerset,,Screen Recording 2026-08-16 223317.mp4,6,CONFIRMED_FROM_VIDEO
Instruments,6045.3,Gyldenvale,202,,CONFIRMED_FROM_VIDEO,1,pooled_even_odd_wide,Yorinobu's Settlement,West Somerset,,Screen Recording 2026-08-16 223317.mp4,6,CONFIRMED_FROM_VIDEO
Instruments,5445.7,Jones' Outpost,191,,CONFIRMED_FROM_VIDEO,1,pooled_even_odd_wide,Yorinobu's Settlement,West Somerset,,Screen Recording 2026-08-16 223317.mp4,6,CONFIRMED_FROM_VIDEO
Instruments,12449.1,Kandlerova,318,,CONFIRMED_FROM_VIDEO,2,pooled_even_odd_wide,Yorinobu's Settlement,West Somerset,,Screen Recording 2026-08-16 223317.mp4,4,CONFIRMED_FROM_VIDEO
Instruments,9908.2,La Povenglia,272,,CONFIRMED_FROM_VIDEO,1,pooled_even_odd_wide,Yorinobu's Settlement,West Somerset,,Screen Recording 2026-08-16 223317.mp4,7,CONFIRMED_FROM_VIDEO
Instruments,4521.9,Lebarde,174,,CONFIRMED_FROM_VIDEO,1,pooled_even_odd_wide,Yorinobu's Settlement,West Somerset,,Screen Recording 2026-08-16 223317.mp4,7,CONFIRMED_FROM_VIDEO
Instruments,6308.5,Lord Irving's Sacrifice,206,,CONFIRMED_FROM_VIDEO,1,pooled_even_odd_wide,Yorinobu's Settlement,West Somerset,,Screen Recording 2026-08-16 223317.mp4,6,CONFIRMED_FROM_VIDEO
Instruments,6074.7,Louisbourg,202,,CONFIRMED_FROM_VIDEO,1,pooled_even_odd_wide,Yorinobu's Settlement,West Somerset,,Screen Recording 2026-08-16 223317.mp4,6,CONFIRMED_FROM_VIDEO
Instruments,12701.0,Madalena,323,,CONFIRMED_FROM_VIDEO,1,pooled_even_odd_wide,Yorinobu's Settlement,West Somerset,,Screen Recording 2026-08-16 223317.mp4,4,CONFIRMED_FROM_VIDEO
Instruments,6606.3,Mako's Outlook,212,,CONFIRMED_FROM_VIDEO,1,pooled_even_odd_wide,Yorinobu's Settlement,West Somerset,,Screen Recording 2026-08-16 223317.mp4,9,CONFIRMED_FROM_VIDEO
Instruments,2060.3,Matthew's Rest,129,,CONFIRMED_FROM_VIDEO,1,pooled_even_odd_wide,Yorinobu's Settlement,West Somerset,,Screen Recording 2026-08-16 223317.mp4,8,CONFIRMED_FROM_VIDEO
Instruments,5201.5,Maurepas,186,,CONFIRMED_FROM_VIDEO,1,pooled_even_odd_wide,Yorinobu's Settlement,West Somerset,,Screen Recording 2026-08-16 223317.mp4,6,CONFIRMED_FROM_VIDEO
Instruments,1075.4,New Brighton,111,,CONFIRMED_FROM_VIDEO,1,pooled_even_odd_wide,Yorinobu's Settlement,West Somerset,,Screen Recording 2026-08-16 223317.mp4,6,CONFIRMED_FROM_VIDEO
Instruments,6421.0,New Catalina,208,,CONFIRMED_FROM_VIDEO,2,pooled_even_odd_wide,Yorinobu's Settlement,West Somerset,,Screen Recording 2026-08-16 223317.mp4,9,CONFIRMED_FROM_VIDEO
Instruments,2673.7,Pachard Town,140,,CONFIRMED_FROM_VIDEO,1,pooled_even_odd_wide,Yorinobu's Settlement,West Somerset,,Screen Recording 2026-08-16 223317.mp4,8,CONFIRMED_FROM_VIDEO
Instruments,7625.2,Peter's Cove,230,,CONFIRMED_FROM_VIDEO,3,pooled_even_odd_wide,Yorinobu's Settlement,West Somerset,,Screen Recording 2026-08-16 223317.mp4,15,CONFIRMED_FROM_VIDEO
Instruments,7019.9,Petit Anvers,219,,CONFIRMED_FROM_VIDEO,1,pooled_even_odd_wide,Yorinobu's Settlement,West Somerset,,Screen Recording 2026-08-16 223317.mp4,9,CONFIRMED_FROM_VIDEO
Instruments,11074.9,Poblado de San Juan,293,,CONFIRMED_FROM_VIDEO,2,pooled_even_odd_wide,Yorinobu's Settlement,West Somerset,,Screen Recording 2026-08-16 223317.mp4,4,CONFIRMED_FROM_VIDEO
Instruments,4751.3,Point Rocheux,178,,CONFIRMED_FROM_VIDEO,1,pooled_even_odd_wide,Yorinobu's Settlement,West Somerset,,Screen Recording 2026-08-16 223317.mp4,7,CONFIRMED_FROM_VIDEO
Instruments,12170.7,Ponta Delgada,313,,CONFIRMED_FROM_VIDEO,2,pooled_even_odd_wide,Yorinobu's Settlement,West Somerset,,Screen Recording 2026-08-16 223317.mp4,4,CONFIRMED_FROM_VIDEO
Instruments,6507.3,Port Antonio,210,,CONFIRMED_FROM_VIDEO,1,pooled_even_odd_wide,Yorinobu's Settlement,West Somerset,,Screen Recording 2026-08-16 223317.mp4,9,CONFIRMED_FROM_VIDEO
Instruments,2836.4,Port Louis,143,,CONFIRMED_FROM_VIDEO,1,pooled_even_odd_wide,Yorinobu's Settlement,West Somerset,,Screen Recording 2026-08-16 223317.mp4,8,CONFIRMED_FROM_VIDEO
Instruments,6018.1,Port Royal,201,,CONFIRMED_FROM_VIDEO,1,pooled_even_odd_wide,Yorinobu's Settlement,West Somerset,,Screen Recording 2026-08-16 223317.mp4,8,CONFIRMED_FROM_VIDEO
Instruments,3705.3,Port-Au-Croix,159,,CONFIRMED_FROM_VIDEO,1,pooled_even_odd_wide,Yorinobu's Settlement,West Somerset,,Screen Recording 2026-08-16 223317.mp4,8,CONFIRMED_FROM_VIDEO
Instruments,3290.0,Princeton,151,,CONFIRMED_FROM_VIDEO,1,pooled_even_odd_wide,Yorinobu's Settlement,West Somerset,,Screen Recording 2026-08-16 223317.mp4,8,CONFIRMED_FROM_VIDEO
Instruments,9146.8,Puerto de San Fernando,258,,CONFIRMED_FROM_VIDEO,1,even_odd,Yorinobu's Settlement,West Somerset,,Screen Recording 2026-08-16 223317.mp4,1,CONFIRMED_FROM_VIDEO
Instruments,2069.8,Saint Vincent,129,,CONFIRMED_FROM_VIDEO,1,pooled_even_odd_wide,Yorinobu's Settlement,West Somerset,,Screen Recording 2026-08-16 223317.mp4,8,CONFIRMED_FROM_VIDEO
Instruments,8562.7,Saint-Nicholas,248,,CONFIRMED_FROM_VIDEO,1,pooled_even_odd_wide,Yorinobu's Settlement,West Somerset,,Screen Recording 2026-08-16 223317.mp4,9,CONFIRMED_FROM_VIDEO
Instruments,7236.3,Sainte Rose,223,,CONFIRMED_FROM_VIDEO,1,pooled_even_odd_wide,Yorinobu's Settlement,West Somerset,,Screen Recording 2026-08-16 223317.mp4,9,CONFIRMED_FROM_VIDEO
Instruments,11566.4,San Polo,302,,CONFIRMED_FROM_VIDEO,2,pooled_even_odd_wide,Yorinobu's Settlement,West Somerset,,Screen Recording 2026-08-16 223317.mp4,4,CONFIRMED_FROM_VIDEO
Instruments,10900.8,San Salvador,290,,CONFIRMED_FROM_VIDEO,1,pooled_even_odd_wide,Yorinobu's Settlement,West Somerset,,Screen Recording 2026-08-16 223317.mp4,2,CONFIRMED_FROM_VIDEO
Instruments,8546.4,San Vito,247,,CONFIRMED_FROM_VIDEO,1,pooled_even_odd_wide,Yorinobu's Settlement,West Somerset,,Screen Recording 2026-08-16 223317.mp4,8,CONFIRMED_FROM_VIDEO
Instruments,8566.2,Sandy Settlement,248,,CONFIRMED_FROM_VIDEO,2,pooled_even_odd_wide,Yorinobu's Settlement,West Somerset,,Screen Recording 2026-08-16 223317.mp4,8,CONFIRMED_FROM_VIDEO
Instruments,10664.3,Santa Maria,286,,CONFIRMED_FROM_VIDEO,1,pooled_even_odd_wide,Yorinobu's Settlement,West Somerset,,Screen Recording 2026-08-16 223317.mp4,2,CONFIRMED_FROM_VIDEO
Instruments,11434.5,Sao Bento,300,,CONFIRMED_FROM_VIDEO,2,pooled_even_odd_wide,Yorinobu's Settlement,West Somerset,,Screen Recording 2026-08-16 223317.mp4,4,CONFIRMED_FROM_VIDEO
Instruments,3972.5,Snake Prosper,164,,CONFIRMED_FROM_VIDEO,2,pooled_even_odd_wide,Yorinobu's Settlement,West Somerset,,Screen Recording 2026-08-16 223317.mp4,6,CONFIRMED_FROM_VIDEO
Instruments,7409.1,Sugar Cove,226,,CONFIRMED_FROM_VIDEO,1,pooled_even_odd_wide,Yorinobu's Settlement,West Somerset,,Screen Recording 2026-08-16 223317.mp4,9,CONFIRMED_FROM_VIDEO
Instruments,7804.9,Taylor's Town,234,,CONFIRMED_FROM_VIDEO,1,pooled_even_odd_wide,Yorinobu's Settlement,West Somerset,,Screen Recording 2026-08-16 223317.mp4,8,CONFIRMED_FROM_VIDEO
Instruments,7072.1,Theresa,220,,CONFIRMED_FROM_VIDEO,1,pooled_even_odd_wide,Yorinobu's Settlement,West Somerset,,Screen Recording 2026-08-16 223317.mp4,9,CONFIRMED_FROM_VIDEO
Instruments,5053.3,Thresher Point,183,,CONFIRMED_FROM_VIDEO,1,pooled_even_odd_wide,Yorinobu's Settlement,West Somerset,,Screen Recording 2026-08-16 223317.mp4,9,CONFIRMED_FROM_VIDEO
Instruments,7961.9,Venta Nueva,237,,CONFIRMED_FROM_VIDEO,1,pooled_even_odd_wide,Yorinobu's Settlement,West Somerset,,Screen Recording 2026-08-16 223317.mp4,8,CONFIRMED_FROM_VIDEO
Instruments,6689.5,Villarreal Del Mar,213,,CONFIRMED_FROM_VIDEO,1,pooled_even_odd_wide,Yorinobu's Settlement,West Somerset,,Screen Recording 2026-08-16 223317.mp4,9,CONFIRMED_FROM_VIDEO
Instruments,5129.2,White Hook,185,,CONFIRMED_FROM_VIDEO,1,pooled_even_odd_wide,Yorinobu's Settlement,West Somerset,,Screen Recording 2026-08-16 223317.mp4,5,CONFIRMED_FROM_VIDEO
Instruments,4797.7,Wyntergard,179,,CONFIRMED_FROM_VIDEO,1,pooled_even_odd_wide,Yorinobu's Settlement,West Somerset,,Screen Recording 2026-08-16 223317.mp4,9,CONFIRMED_FROM_VIDEO
