origin_port,origin_region,cargo,destination_port,cargo_distance_m,displayed_sell_value_gbp,distance_status,value_status,source_recording,extraction_pass,supporting_frame_count,distinct_ocr_tuples_seen
Al-Jazair,West Somerset,Coffee,Ashbourne,5080.7,189,CONFIRMED_FROM_VIDEO,CONFIRMED_FROM_VIDEO,Screen Recording 2026-08-16 223317.mp4,pooled_even_odd_wide,3,1
Al-Jazair,West Somerset,Coffee,Belfry Heights,5856.8,204,CONFIRMED_FROM_VIDEO,CONFIRMED_FROM_VIDEO,Screen Recording 2026-08-16 223317.mp4,pooled_even_odd_wide,6,1
Al-Jazair,West Somerset,Coffee,Bucket Bay,3048.9,151,CONFIRMED_FROM_VIDEO,CONFIRMED_FROM_VIDEO,Screen Recording 2026-08-16 223317.mp4,pooled_even_odd_wide,7,1
Al-Jazair,West Somerset,Coffee,Caledonia,3062.9,151,CONFIRMED_FROM_VIDEO,CONFIRMED_FROM_VIDEO,Screen Recording 2026-08-16 223317.mp4,pooled_even_odd_wide,7,1
Al-Jazair,West Somerset,Coffee,Castle Landing,3529.7,160,CONFIRMED_FROM_VIDEO,CONFIRMED_FROM_VIDEO,Screen Recording 2026-08-16 223317.mp4,pooled_even_odd_wide,3,1
Al-Jazair,West Somerset,Coffee,Caveira,12779.6,333,CONFIRMED_FROM_VIDEO,CONFIRMED_FROM_VIDEO,Screen Recording 2026-08-16 223317.mp4,pooled_even_odd_wide,6,2
Al-Jazair,West Somerset,Coffee,Caye Tiburon,4399.9,176,CONFIRMED_FROM_VIDEO,CONFIRMED_FROM_VIDEO,Screen Recording 2026-08-16 223317.mp4,pooled_even_odd_wide,2,1
Al-Jazair,West Somerset,Coffee,Crownstead,5889.7,204,CONFIRMED_FROM_VIDEO,CONFIRMED_FROM_VIDEO,Screen Recording 2026-08-16 223317.mp4,pooled_even_odd_wide,6,1
Al-Jazair,West Somerset,Coffee,Cumberland Hill,4554.4,179,CONFIRMED_FROM_VIDEO,CONFIRMED_FROM_VIDEO,Screen Recording 2026-08-16 223317.mp4,pooled_even_odd_wide,2,2
Al-Jazair,West Somerset,Coffee,Deadman's Murcia,3351.1,157,CONFIRMED_FROM_VIDEO,CONFIRMED_FROM_VIDEO,Screen Recording 2026-08-16 223317.mp4,pooled_even_odd_wide,7,1
Al-Jazair,West Somerset,Coffee,Fair Harbour,2629.0,143,CONFIRMED_FROM_VIDEO,CONFIRMED_FROM_VIDEO,Screen Recording 2026-08-16 223317.mp4,pooled_even_odd_wide,7,1
Al-Jazair,West Somerset,Coffee,Falmouth,7173.9,228,CONFIRMED_FROM_VIDEO,CONFIRMED_FROM_VIDEO,Screen Recording 2026-08-16 223317.mp4,pooled_even_odd_wide,5,1
Al-Jazair,West Somerset,Coffee,Gyldenvale,6535.7,216,CONFIRMED_FROM_VIDEO,CONFIRMED_FROM_VIDEO,Screen Recording 2026-08-16 223317.mp4,pooled_even_odd_wide,6,1
Al-Jazair,West Somerset,Coffee,Jones' Outpost,3593.1,161,CONFIRMED_FROM_VIDEO,CONFIRMED_FROM_VIDEO,Screen Recording 2026-08-16 223317.mp4,pooled_even_odd_wide,5,1
Al-Jazair,West Somerset,Coffee,Kandlerova,13084.4,339,CONFIRMED_FROM_VIDEO,CONFIRMED_FROM_VIDEO,Screen Recording 2026-08-16 223317.mp4,pooled_even_odd_wide,6,2
Al-Jazair,West Somerset,Coffee,La Povenglia,10307.3,287,CONFIRMED_FROM_VIDEO,CONFIRMED_FROM_VIDEO,Screen Recording 2026-08-16 223317.mp4,pooled_even_odd_wide,2,2
Al-Jazair,West Somerset,Coffee,Lebarde,3685.9,163,CONFIRMED_FROM_VIDEO,CONFIRMED_FROM_VIDEO,Screen Recording 2026-08-16 223317.mp4,pooled_even_odd_wide,5,1
Al-Jazair,West Somerset,Coffee,Lord Irving's Sacrifice,7267.7,230,CONFIRMED_FROM_VIDEO,CONFIRMED_FROM_VIDEO,Screen Recording 2026-08-16 223317.mp4,pooled_even_odd_wide,4,1
Al-Jazair,West Somerset,Coffee,Louisbourg,7678.4,238,CONFIRMED_FROM_VIDEO,CONFIRMED_FROM_VIDEO,Screen Recording 2026-08-16 223317.mp4,pooled_even_odd_wide,6,1
Al-Jazair,West Somerset,Coffee,Madalena,14528.2,366,CONFIRMED_FROM_VIDEO,CONFIRMED_FROM_VIDEO,Screen Recording 2026-08-16 223317.mp4,pooled_even_odd_wide,5,3
Al-Jazair,West Somerset,Coffee,Mako's Outlook,7388.8,232,CONFIRMED_FROM_VIDEO,CONFIRMED_FROM_VIDEO,Screen Recording 2026-08-16 223317.mp4,pooled_even_odd_wide,5,1
Al-Jazair,West Somerset,Coffee,Matthew's Rest,3789.1,165,CONFIRMED_FROM_VIDEO,CONFIRMED_FROM_VIDEO,Screen Recording 2026-08-16 223317.mp4,pooled_even_odd_wide,2,2
Al-Jazair,West Somerset,Coffee,Maurepas,6826.4,222,CONFIRMED_FROM_VIDEO,CONFIRMED_FROM_VIDEO,Screen Recording 2026-08-16 223317.mp4,pooled_even_odd_wide,5,1
Al-Jazair,West Somerset,Coffee,New Brighton,1659.6,125,CONFIRMED_FROM_VIDEO,CONFIRMED_FROM_VIDEO,Screen Recording 2026-08-16 223317.mp4,pooled_even_odd_wide,4,1
Al-Jazair,West Somerset,Coffee,New Catalina,4598.6,180,CONFIRMED_FROM_VIDEO,CONFIRMED_FROM_VIDEO,Screen Recording 2026-08-16 223317.mp4,pooled_even_odd_wide,3,1
Al-Jazair,West Somerset,Coffee,Pachard Town,4513.3,178,CONFIRMED_FROM_VIDEO,CONFIRMED_FROM_VIDEO,Screen Recording 2026-08-16 223317.mp4,pooled_even_odd_wide,2,1
Al-Jazair,West Somerset,Coffee,Peter's Cove,7301.7,231,CONFIRMED_FROM_VIDEO,CONFIRMED_FROM_VIDEO,Screen Recording 2026-08-16 223317.mp4,pooled_even_odd_wide,8,1
Al-Jazair,West Somerset,Coffee,Petit Anvers,8423.8,252,CONFIRMED_FROM_VIDEO,CONFIRMED_FROM_VIDEO,Screen Recording 2026-08-16 223317.mp4,pooled_even_odd_wide,6,1
Al-Jazair,West Somerset,Coffee,Poblado de San Juan,12604.9,330,CONFIRMED_FROM_VIDEO,CONFIRMED_FROM_VIDEO,Screen Recording 2026-08-16 223317.mp4,pooled_even_odd_wide,6,2
Al-Jazair,West Somerset,Coffee,Point Rocheux,6603.9,218,CONFIRMED_FROM_VIDEO,CONFIRMED_FROM_VIDEO,Screen Recording 2026-08-16 223317.mp4,pooled_even_odd_wide,5,1
Al-Jazair,West Somerset,Coffee,Ponta Delgada,14022.1,357,CONFIRMED_FROM_VIDEO,CONFIRMED_FROM_VIDEO,Screen Recording 2026-08-16 223317.mp4,pooled_even_odd_wide,6,2
Al-Jazair,West Somerset,Coffee,Port Antonio,8227.1,248,CONFIRMED_FROM_VIDEO,CONFIRMED_FROM_VIDEO,Screen Recording 2026-08-16 223317.mp4,pooled_even_odd_wide,6,1
Al-Jazair,West Somerset,Coffee,Port Louis,3319.5,156,CONFIRMED_FROM_VIDEO,CONFIRMED_FROM_VIDEO,Screen Recording 2026-08-16 223317.mp4,pooled_even_odd_wide,7,1
Al-Jazair,West Somerset,Coffee,Port Royal,7409.8,233,CONFIRMED_FROM_VIDEO,CONFIRMED_FROM_VIDEO,Screen Recording 2026-08-16 223317.mp4,pooled_even_odd_wide,6,1
Al-Jazair,West Somerset,Coffee,Port-Au-Croix,5551.7,198,CONFIRMED_FROM_VIDEO,CONFIRMED_FROM_VIDEO,Screen Recording 2026-08-16 223317.mp4,pooled_even_odd_wide,4,1
Al-Jazair,West Somerset,Coffee,Princeton,1980.9,131,CONFIRMED_FROM_VIDEO,CONFIRMED_FROM_VIDEO,Screen Recording 2026-08-16 223317.mp4,pooled_even_odd_wide,6,1
Al-Jazair,West Somerset,Coffee,Puerto de San Fernando,10820.0,297,CONFIRMED_FROM_VIDEO,CONFIRMED_FROM_VIDEO,Screen Recording 2026-08-16 223317.mp4,pooled_even_odd_wide,10,1
Al-Jazair,West Somerset,Coffee,Saint Vincent,1395.3,120,CONFIRMED_FROM_VIDEO,CONFIRMED_FROM_VIDEO,Screen Recording 2026-08-16 223317.mp4,pooled_even_odd_wide,4,1
Al-Jazair,West Somerset,Coffee,Saint-Nicholas,7954.8,243,CONFIRMED_FROM_VIDEO,CONFIRMED_FROM_VIDEO,Screen Recording 2026-08-16 223317.mp4,pooled_even_odd_wide,6,1
Al-Jazair,West Somerset,Coffee,Sainte Rose,8858.9,260,CONFIRMED_FROM_VIDEO,CONFIRMED_FROM_VIDEO,Screen Recording 2026-08-16 223317.mp4,pooled_even_odd_wide,3,1
Al-Jazair,West Somerset,Coffee,San Polo,12165.3,322,CONFIRMED_FROM_VIDEO,CONFIRMED_FROM_VIDEO,Screen Recording 2026-08-16 223317.mp4,pooled_even_odd_wide,6,2
Al-Jazair,West Somerset,Coffee,San Salvador,12196.5,322,CONFIRMED_FROM_VIDEO,CONFIRMED_FROM_VIDEO,Screen Recording 2026-08-16 223317.mp4,pooled_even_odd_wide,6,2
Al-Jazair,West Somerset,Coffee,San Vito,9166.2,266,CONFIRMED_FROM_VIDEO,CONFIRMED_FROM_VIDEO,Screen Recording 2026-08-16 223317.mp4,pooled_even_odd_wide,3,1
Al-Jazair,West Somerset,Coffee,Sandy Settlement,8073.7,245,CONFIRMED_FROM_VIDEO,CONFIRMED_FROM_VIDEO,Screen Recording 2026-08-16 223317.mp4,pooled_even_odd_wide,6,1
Al-Jazair,West Somerset,Coffee,Santa Maria,12174.2,322,CONFIRMED_FROM_VIDEO,CONFIRMED_FROM_VIDEO,Screen Recording 2026-08-16 223317.mp4,pooled_even_odd_wide,6,2
Al-Jazair,West Somerset,Coffee,Sao Bento,13281.9,343,CONFIRMED_FROM_VIDEO,CONFIRMED_FROM_VIDEO,Screen Recording 2026-08-16 223317.mp4,pooled_even_odd_wide,6,2
Al-Jazair,West Somerset,Coffee,Snake Prosper,2701.1,144,CONFIRMED_FROM_VIDEO,CONFIRMED_FROM_VIDEO,Screen Recording 2026-08-16 223317.mp4,pooled_even_odd_wide,7,1
Al-Jazair,West Somerset,Coffee,Sugar Cove,5577.2,198,CONFIRMED_FROM_VIDEO,CONFIRMED_FROM_VIDEO,Screen Recording 2026-08-16 223317.mp4,pooled_even_odd_wide,4,1
Al-Jazair,West Somerset,Coffee,Taylor's Town,6930.3,224,CONFIRMED_FROM_VIDEO,CONFIRMED_FROM_VIDEO,Screen Recording 2026-08-16 223317.mp4,pooled_even_odd_wide,5,1
Al-Jazair,West Somerset,Coffee,Theresa,8684.0,257,CONFIRMED_FROM_VIDEO,CONFIRMED_FROM_VIDEO,Screen Recording 2026-08-16 223317.mp4,pooled_even_odd_wide,5,1
Al-Jazair,West Somerset,Coffee,Thresher Point,5158.1,190,CONFIRMED_FROM_VIDEO,CONFIRMED_FROM_VIDEO,Screen Recording 2026-08-16 223317.mp4,even_odd,1,1
Al-Jazair,West Somerset,Coffee,Venta Nueva,9803.5,278,CONFIRMED_FROM_VIDEO,CONFIRMED_FROM_VIDEO,Screen Recording 2026-08-16 223317.mp4,pooled_even_odd_wide,4,1
Al-Jazair,West Somerset,Coffee,Villarreal Del Mar,8521.0,254,CONFIRMED_FROM_VIDEO,CONFIRMED_FROM_VIDEO,Screen Recording 2026-08-16 223317.mp4,pooled_even_odd_wide,6,2
Al-Jazair,West Somerset,Coffee,White Hook,3909.8,167,CONFIRMED_FROM_VIDEO,CONFIRMED_FROM_VIDEO,Screen Recording 2026-08-16 223317.mp4,pooled_even_odd_wide,2,1
Al-Jazair,West Somerset,Coffee,Wyntergard,5223.1,192,CONFIRMED_FROM_VIDEO,CONFIRMED_FROM_VIDEO,Screen Recording 2026-08-16 223317.mp4,pooled_even_odd_wide,4,1
Al-Jazair,West Somerset,Coffee,Yorinobu's Settlement,1853.9,129,CONFIRMED_FROM_VIDEO,CONFIRMED_FROM_VIDEO,Screen Recording 2026-08-16 223317.mp4,pooled_even_odd_wide,4,1
Belfry Heights,Blacktip Shoals,Books,Al-Jazair,5856.8,212,CONFIRMED_FROM_VIDEO,CONFIRMED_FROM_VIDEO,Screen Recording 2026-08-16 223317.mp4,pooled_even_odd_wide,6,1
Belfry Heights,Blacktip Shoals,Books,Ashbourne,9722.6,287,CONFIRMED_FROM_VIDEO,CONFIRMED_FROM_VIDEO,Screen Recording 2026-08-16 223317.mp4,pooled_even_odd_wide,5,2
Belfry Heights,Blacktip Shoals,Books,Bucket Bay,6832.4,231,CONFIRMED_FROM_VIDEO,CONFIRMED_FROM_VIDEO,Screen Recording 2026-08-16 223317.mp4,pooled_even_odd_wide,7,1
Belfry Heights,Blacktip Shoals,Books,Caledonia,8855.1,270,CONFIRMED_FROM_VIDEO,CONFIRMED_FROM_VIDEO,Screen Recording 2026-08-16 223317.mp4,pooled_even_odd_wide,4,1
Belfry Heights,Blacktip Shoals,Books,Castle Landing,5132.5,198,CONFIRMED_FROM_VIDEO,CONFIRMED_FROM_VIDEO,Screen Recording 2026-08-16 223317.mp4,pooled_even_odd_wide,5,1
Belfry Heights,Blacktip Shoals,Books,Caveira,10921.0,310,CONFIRMED_FROM_VIDEO,CONFIRMED_FROM_VIDEO,Screen Recording 2026-08-16 223317.mp4,pooled_even_odd_wide,8,1
Belfry Heights,Blacktip Shoals,Books,Caye Tiburon,1619.7,129,CONFIRMED_FROM_VIDEO,CONFIRMED_FROM_VIDEO,Screen Recording 2026-08-16 223317.mp4,pooled_even_odd_wide,12,1
Belfry Heights,Blacktip Shoals,Books,Crownstead,10489.0,302,CONFIRMED_FROM_VIDEO,CONFIRMED_FROM_VIDEO,Screen Recording 2026-08-16 223317.mp4,pooled_even_odd_wide,8,1
Belfry Heights,Blacktip Shoals,Books,Cumberland Hill,8206.6,258,CONFIRMED_FROM_VIDEO,CONFIRMED_FROM_VIDEO,Screen Recording 2026-08-16 223317.mp4,pooled_even_odd_wide,3,2
Belfry Heights,Blacktip Shoals,Books,Deadman's Murcia,9207.7,277,CONFIRMED_FROM_VIDEO,CONFIRMED_FROM_VIDEO,Screen Recording 2026-08-16 223317.mp4,pooled_even_odd_wide,6,1
Belfry Heights,Blacktip Shoals,Books,Fair Harbour,7547.4,245,CONFIRMED_FROM_VIDEO,CONFIRMED_FROM_VIDEO,Screen Recording 2026-08-16 223317.mp4,pooled_even_odd_wide,5,1
Belfry Heights,Blacktip Shoals,Books,Falmouth,6064.2,216,CONFIRMED_FROM_VIDEO,CONFIRMED_FROM_VIDEO,Screen Recording 2026-08-16 223317.mp4,pooled_even_odd_wide,6,1
Belfry Heights,Blacktip Shoals,Books,Gyldenvale,11560.9,323,CONFIRMED_FROM_VIDEO,CONFIRMED_FROM_VIDEO,Screen Recording 2026-08-16 223317.mp4,pooled_even_odd_wide,4,2
Belfry Heights,Blacktip Shoals,Books,Jones' Outpost,7685.6,247,CONFIRMED_FROM_VIDEO,CONFIRMED_FROM_VIDEO,Screen Recording 2026-08-16 223317.mp4,pooled_even_odd_wide,6,1
Belfry Heights,Blacktip Shoals,Books,Kandlerova,7267.4,239,CONFIRMED_FROM_VIDEO,CONFIRMED_FROM_VIDEO,Screen Recording 2026-08-16 223317.mp4,pooled_even_odd_wide,6,1
Belfry Heights,Blacktip Shoals,Books,La Povenglia,4454.6,184,CONFIRMED_FROM_VIDEO,CONFIRMED_FROM_VIDEO,Screen Recording 2026-08-16 223317.mp4,pooled_even_odd_wide,6,1
Belfry Heights,Blacktip Shoals,Books,Lebarde,3444.0,165,CONFIRMED_FROM_VIDEO,CONFIRMED_FROM_VIDEO,Screen Recording 2026-08-16 223317.mp4,pooled_even_odd_wide,17,1
Belfry Heights,Blacktip Shoals,Books,Lord Irving's Sacrifice,2548.2,147,CONFIRMED_FROM_VIDEO,CONFIRMED_FROM_VIDEO,Screen Recording 2026-08-16 223317.mp4,pooled_even_odd_wide,11,1
Belfry Heights,Blacktip Shoals,Books,Louisbourg,10247.4,297,CONFIRMED_FROM_VIDEO,CONFIRMED_FROM_VIDEO,Screen Recording 2026-08-16 223317.mp4,pooled_even_odd_wide,6,2
Belfry Heights,Blacktip Shoals,Books,Madalena,12861.8,348,CONFIRMED_FROM_VIDEO,CONFIRMED_FROM_VIDEO,Screen Recording 2026-08-16 223317.mp4,pooled_even_odd_wide,4,2
Belfry Heights,Blacktip Shoals,Books,Mako's Outlook,2117.0,139,CONFIRMED_FROM_VIDEO,CONFIRMED_FROM_VIDEO,Screen Recording 2026-08-16 223317.mp4,pooled_even_odd_wide,12,1
Belfry Heights,Blacktip Shoals,Books,Matthew's Rest,6773.1,230,CONFIRMED_FROM_VIDEO,CONFIRMED_FROM_VIDEO,Screen Recording 2026-08-16 223317.mp4,pooled_even_odd_wide,7,1
Belfry Heights,Blacktip Shoals,Books,Maurepas,9436.7,282,CONFIRMED_FROM_VIDEO,CONFIRMED_FROM_VIDEO,Screen Recording 2026-08-16 223317.mp4,pooled_even_odd_wide,6,1
Belfry Heights,Blacktip Shoals,Books,New Brighton,4617.8,188,CONFIRMED_FROM_VIDEO,CONFIRMED_FROM_VIDEO,Screen Recording 2026-08-16 223317.mp4,pooled_even_odd_wide,5,1
Belfry Heights,Blacktip Shoals,Books,New Catalina,7839.9,250,CONFIRMED_FROM_VIDEO,CONFIRMED_FROM_VIDEO,Screen Recording 2026-08-16 223317.mp4,pooled_even_odd_wide,6,1
Belfry Heights,Blacktip Shoals,Books,Pachard Town,6508.9,224,CONFIRMED_FROM_VIDEO,CONFIRMED_FROM_VIDEO,Screen Recording 2026-08-16 223317.mp4,pooled_even_odd_wide,6,1
Belfry Heights,Blacktip Shoals,Books,Peter's Cove,2871.8,154,CONFIRMED_FROM_VIDEO,CONFIRMED_FROM_VIDEO,Screen Recording 2026-08-16 223317.mp4,pooled_even_odd_wide,12,1
Belfry Heights,Blacktip Shoals,Books,Petit Anvers,11618.9,324,CONFIRMED_FROM_VIDEO,CONFIRMED_FROM_VIDEO,Screen Recording 2026-08-16 223317.mp4,pooled_even_odd_wide,4,2
Belfry Heights,Blacktip Shoals,Books,Poblado de San Juan,8870.5,270,CONFIRMED_FROM_VIDEO,CONFIRMED_FROM_VIDEO,Screen Recording 2026-08-16 223317.mp4,pooled_even_odd_wide,4,1
Belfry Heights,Blacktip Shoals,Books,Point Rocheux,7424.4,242,CONFIRMED_FROM_VIDEO,CONFIRMED_FROM_VIDEO,Screen Recording 2026-08-16 223317.mp4,pooled_even_odd_wide,6,1
Belfry Heights,Blacktip Shoals,Books,Ponta Delgada,13607.3,363,CONFIRMED_FROM_VIDEO,CONFIRMED_FROM_VIDEO,Screen Recording 2026-08-16 223317.mp4,pooled_even_odd_wide,4,2
Belfry Heights,Blacktip Shoals,Books,Port Antonio,6500.2,224,CONFIRMED_FROM_VIDEO,CONFIRMED_FROM_VIDEO,Screen Recording 2026-08-16 223317.mp4,pooled_even_odd_wide,11,1
Belfry Heights,Blacktip Shoals,Books,Port Louis,8375.5,261,CONFIRMED_FROM_VIDEO,CONFIRMED_FROM_VIDEO,Screen Recording 2026-08-16 223317.mp4,pooled_even_odd_wide,6,1
Belfry Heights,Blacktip Shoals,Books,Port Royal,4225.9,180,CONFIRMED_FROM_VIDEO,CONFIRMED_FROM_VIDEO,Screen Recording 2026-08-16 223317.mp4,pooled_even_odd_wide,6,1
Belfry Heights,Blacktip Shoals,Books,Port-Au-Croix,6970.5,233,CONFIRMED_FROM_VIDEO,CONFIRMED_FROM_VIDEO,Screen Recording 2026-08-16 223317.mp4,pooled_even_odd_wide,7,1
Belfry Heights,Blacktip Shoals,Books,Princeton,4735.0,190,CONFIRMED_FROM_VIDEO,CONFIRMED_FROM_VIDEO,Screen Recording 2026-08-16 223317.mp4,pooled_even_odd_wide,5,1
Belfry Heights,Blacktip Shoals,Books,Puerto de San Fernando,8135.5,256,CONFIRMED_FROM_VIDEO,CONFIRMED_FROM_VIDEO,Screen Recording 2026-08-16 223317.mp4,pooled_even_odd_wide,5,1
Belfry Heights,Blacktip Shoals,Books,Saint Vincent,7087.3,236,CONFIRMED_FROM_VIDEO,CONFIRMED_FROM_VIDEO,Screen Recording 2026-08-16 223317.mp4,pooled_even_odd_wide,6,1
Belfry Heights,Blacktip Shoals,Books,Saint-Nicholas,4294.9,181,CONFIRMED_FROM_VIDEO,CONFIRMED_FROM_VIDEO,Screen Recording 2026-08-16 223317.mp4,pooled_even_odd_wide,6,1
Belfry Heights,Blacktip Shoals,Books,Sainte Rose,11195.1,316,CONFIRMED_FROM_VIDEO,CONFIRMED_FROM_VIDEO,Screen Recording 2026-08-16 223317.mp4,pooled_even_odd_wide,6,2
Belfry Heights,Blacktip Shoals,Books,San Polo,6337.5,221,CONFIRMED_FROM_VIDEO,CONFIRMED_FROM_VIDEO,Screen Recording 2026-08-16 223317.mp4,pooled_even_odd_wide,11,1
Belfry Heights,Blacktip Shoals,Books,San Salvador,7592.0,246,CONFIRMED_FROM_VIDEO,CONFIRMED_FROM_VIDEO,Screen Recording 2026-08-16 223317.mp4,pooled_even_odd_wide,6,1
Belfry Heights,Blacktip Shoals,Books,San Vito,3402.0,164,CONFIRMED_FROM_VIDEO,CONFIRMED_FROM_VIDEO,Screen Recording 2026-08-16 223317.mp4,pooled_even_odd_wide,12,1
Belfry Heights,Blacktip Shoals,Books,Sandy Settlement,4005.2,176,CONFIRMED_FROM_VIDEO,CONFIRMED_FROM_VIDEO,Screen Recording 2026-08-16 223317.mp4,pooled_even_odd_wide,18,1
Belfry Heights,Blacktip Shoals,Books,Santa Maria,8395.0,261,CONFIRMED_FROM_VIDEO,CONFIRMED_FROM_VIDEO,Screen Recording 2026-08-16 223317.mp4,pooled_even_odd_wide,5,1
Belfry Heights,Blacktip Shoals,Books,Sao Bento,12207.7,336,CONFIRMED_FROM_VIDEO,CONFIRMED_FROM_VIDEO,Screen Recording 2026-08-16 223317.mp4,pooled_even_odd_wide,4,2
Belfry Heights,Blacktip Shoals,Books,Snake Prosper,8521.8,264,CONFIRMED_FROM_VIDEO,CONFIRMED_FROM_VIDEO,Screen Recording 2026-08-16 223317.mp4,pooled_even_odd_wide,6,2
Belfry Heights,Blacktip Shoals,Books,Sugar Cove,8680.3,267,CONFIRMED_FROM_VIDEO,CONFIRMED_FROM_VIDEO,Screen Recording 2026-08-16 223317.mp4,pooled_even_odd_wide,4,1
Belfry Heights,Blacktip Shoals,Books,Taylor's Town,4539.8,186,CONFIRMED_FROM_VIDEO,CONFIRMED_FROM_VIDEO,Screen Recording 2026-08-16 223317.mp4,pooled_even_odd_wide,6,1
Belfry Heights,Blacktip Shoals,Books,Theresa,6110.7,217,CONFIRMED_FROM_VIDEO,CONFIRMED_FROM_VIDEO,Screen Recording 2026-08-16 223317.mp4,pooled_even_odd_wide,6,1
Belfry Heights,Blacktip Shoals,Books,Thresher Point,863.9,114,CONFIRMED_FROM_VIDEO,CONFIRMED_FROM_VIDEO,Screen Recording 2026-08-16 223317.mp4,pooled_even_odd_wide,12,1
Belfry Heights,Blacktip Shoals,Books,Venta Nueva,9059.9,274,CONFIRMED_FROM_VIDEO,CONFIRMED_FROM_VIDEO,Screen Recording 2026-08-16 223317.mp4,pooled_even_odd_wide,6,1
Belfry Heights,Blacktip Shoals,Books,Villarreal Del Mar,7865.7,251,CONFIRMED_FROM_VIDEO,CONFIRMED_FROM_VIDEO,Screen Recording 2026-08-16 223317.mp4,pooled_even_odd_wide,5,1
Belfry Heights,Blacktip Shoals,Books,White Hook,9709.8,287,CONFIRMED_FROM_VIDEO,CONFIRMED_FROM_VIDEO,Screen Recording 2026-08-16 223317.mp4,pooled_even_odd_wide,6,1
Belfry Heights,Blacktip Shoals,Books,Wyntergard,10334.1,299,CONFIRMED_FROM_VIDEO,CONFIRMED_FROM_VIDEO,Screen Recording 2026-08-16 223317.mp4,pooled_even_odd_wide,6,2
Caledonia,East Somerset,Glass,Al-Jazair,3062.9,143,CONFIRMED_FROM_VIDEO,CONFIRMED_FROM_VIDEO,Screen Recording 2026-08-16 223317.mp4,pooled_even_odd_wide,9,1
Caledonia,East Somerset,Glass,Ashbourne,4913.7,176,CONFIRMED_FROM_VIDEO,CONFIRMED_FROM_VIDEO,Screen Recording 2026-08-16 223317.mp4,pooled_even_odd_wide,6,1
Caledonia,East Somerset,Glass,Belfry Heights,8855.1,246,CONFIRMED_FROM_VIDEO,CONFIRMED_FROM_VIDEO,Screen Recording 2026-08-16 223317.mp4,pooled_even_odd_wide,4,1
Caledonia,East Somerset,Glass,Bucket Bay,4667.4,172,CONFIRMED_FROM_VIDEO,CONFIRMED_FROM_VIDEO,Screen Recording 2026-08-16 223317.mp4,pooled_even_odd_wide,4,1
Caledonia,East Somerset,Glass,Castle Landing,5240.1,182,CONFIRMED_FROM_VIDEO,CONFIRMED_FROM_VIDEO,Screen Recording 2026-08-16 223317.mp4,pooled_even_odd_wide,7,1
Caledonia,East Somerset,Glass,Caveira,15136.0,357,CONFIRMED_FROM_VIDEO,CONFIRMED_FROM_VIDEO,Screen Recording 2026-08-16 223317.mp4,pooled_even_odd_wide,15,1
Caledonia,East Somerset,Glass,Caye Tiburon,7451.0,221,CONFIRMED_FROM_VIDEO,CONFIRMED_FROM_VIDEO,Screen Recording 2026-08-16 223317.mp4,pooled_even_odd_wide,5,1
Caledonia,East Somerset,Glass,Crownstead,5529.6,187,CONFIRMED_FROM_VIDEO,CONFIRMED_FROM_VIDEO,Screen Recording 2026-08-16 223317.mp4,pooled_even_odd_wide,8,1
Caledonia,East Somerset,Glass,Cumberland Hill,4133.3,162,CONFIRMED_FROM_VIDEO,CONFIRMED_FROM_VIDEO,Screen Recording 2026-08-16 223317.mp4,pooled_even_odd_wide,6,2
Caledonia,East Somerset,Glass,Deadman's Murcia,817.3,103,CONFIRMED_FROM_VIDEO,CONFIRMED_FROM_VIDEO,Screen Recording 2026-08-16 223317.mp4,pooled_even_odd_wide,4,2
Caledonia,East Somerset,Glass,Fair Harbour,3434.1,150,CONFIRMED_FROM_VIDEO,CONFIRMED_FROM_VIDEO,Screen Recording 2026-08-16 223317.mp4,pooled_even_odd_wide,9,1
Caledonia,East Somerset,Glass,Falmouth,9726.5,261,CONFIRMED_FROM_VIDEO,CONFIRMED_FROM_VIDEO,Screen Recording 2026-08-16 223317.mp4,pooled_even_odd_wide,4,1
Caledonia,East Somerset,Glass,Gyldenvale,5493.9,186,CONFIRMED_FROM_VIDEO,CONFIRMED_FROM_VIDEO,Screen Recording 2026-08-16 223317.mp4,pooled_even_odd_wide,9,1
Caledonia,East Somerset,Glass,Jones' Outpost,3315.2,148,CONFIRMED_FROM_VIDEO,CONFIRMED_FROM_VIDEO,Screen Recording 2026-08-16 223317.mp4,pooled_even_odd_wide,9,1
Caledonia,East Somerset,Glass,Kandlerova,16112.8,375,CONFIRMED_FROM_VIDEO,CONFIRMED_FROM_VIDEO,Screen Recording 2026-08-16 223317.mp4,pooled_even_odd_wide,4,2
Caledonia,East Somerset,Glass,La Povenglia,13279.0,324,CONFIRMED_FROM_VIDEO,CONFIRMED_FROM_VIDEO,Screen Recording 2026-08-16 223317.mp4,pooled_even_odd_wide,12,1
Caledonia,East Somerset,Glass,Lebarde,6171.1,198,CONFIRMED_FROM_VIDEO,CONFIRMED_FROM_VIDEO,Screen Recording 2026-08-16 223317.mp4,pooled_even_odd_wide,5,1
Caledonia,East Somerset,Glass,Lord Irving's Sacrifice,10324.8,272,CONFIRMED_FROM_VIDEO,CONFIRMED_FROM_VIDEO,Screen Recording 2026-08-16 223317.mp4,pooled_even_odd_wide,2,2
Caledonia,East Somerset,Glass,Louisbourg,8607.7,242,CONFIRMED_FROM_VIDEO,CONFIRMED_FROM_VIDEO,Screen Recording 2026-08-16 223317.mp4,pooled_even_odd_wide,4,1
Caledonia,East Somerset,Glass,Madalena,16752.2,386,CONFIRMED_FROM_VIDEO,CONFIRMED_FROM_VIDEO,Screen Recording 2026-08-16 223317.mp4,pooled_even_odd_wide,4,2
Caledonia,East Somerset,Glass,Mako's Outlook,10450.6,274,CONFIRMED_FROM_VIDEO,CONFIRMED_FROM_VIDEO,Screen Recording 2026-08-16 223317.mp4,pooled_even_odd_wide,4,2
Caledonia,East Somerset,Glass,Matthew's Rest,5564.1,188,CONFIRMED_FROM_VIDEO,CONFIRMED_FROM_VIDEO,Screen Recording 2026-08-16 223317.mp4,pooled_even_odd_wide,5,1
Caledonia,East Somerset,Glass,Maurepas,7892.6,229,CONFIRMED_FROM_VIDEO,CONFIRMED_FROM_VIDEO,Screen Recording 2026-08-16 223317.mp4,pooled_even_odd_wide,4,1
Caledonia,East Somerset,Glass,New Brighton,4647.4,171,CONFIRMED_FROM_VIDEO,CONFIRMED_FROM_VIDEO,Screen Recording 2026-08-16 223317.mp4,pooled_even_odd_wide,4,1
Caledonia,East Somerset,Glass,New Catalina,4523.3,169,CONFIRMED_FROM_VIDEO,CONFIRMED_FROM_VIDEO,Screen Recording 2026-08-16 223317.mp4,pooled_even_odd_wide,4,1
Caledonia,East Somerset,Glass,Pachard Town,6536.7,205,CONFIRMED_FROM_VIDEO,CONFIRMED_FROM_VIDEO,Screen Recording 2026-08-16 223317.mp4,pooled_even_odd_wide,5,1
Caledonia,East Somerset,Glass,Peter's Cove,9934.4,265,CONFIRMED_FROM_VIDEO,CONFIRMED_FROM_VIDEO,Screen Recording 2026-08-16 223317.mp4,pooled_even_odd_wide,5,2
Caledonia,East Somerset,Glass,Petit Anvers,8811.0,245,CONFIRMED_FROM_VIDEO,CONFIRMED_FROM_VIDEO,Screen Recording 2026-08-16 223317.mp4,pooled_even_odd_wide,4,1
Caledonia,East Somerset,Glass,Poblado de San Juan,15442.2,363,CONFIRMED_FROM_VIDEO,CONFIRMED_FROM_VIDEO,Screen Recording 2026-08-16 223317.mp4,pooled_even_odd_wide,6,2
Caledonia,East Somerset,Glass,Point Rocheux,8615.7,242,CONFIRMED_FROM_VIDEO,CONFIRMED_FROM_VIDEO,Screen Recording 2026-08-16 223317.mp4,pooled_even_odd_wide,4,1
Caledonia,East Somerset,Glass,Ponta Delgada,15807.1,369,CONFIRMED_FROM_VIDEO,CONFIRMED_FROM_VIDEO,Screen Recording 2026-08-16 223317.mp4,pooled_even_odd_wide,6,2
Caledonia,East Somerset,Glass,Port Antonio,10827.2,281,CONFIRMED_FROM_VIDEO,CONFIRMED_FROM_VIDEO,Screen Recording 2026-08-16 223317.mp4,pooled_even_odd_wide,4,2
Caledonia,East Somerset,Glass,Port Louis,3429.0,150,CONFIRMED_FROM_VIDEO,CONFIRMED_FROM_VIDEO,Screen Recording 2026-08-16 223317.mp4,pooled_even_odd_wide,9,1
Caledonia,East Somerset,Glass,Port Royal,10338.8,272,CONFIRMED_FROM_VIDEO,CONFIRMED_FROM_VIDEO,Screen Recording 2026-08-16 223317.mp4,pooled_even_odd_wide,4,2
Caledonia,East Somerset,Glass,Port-Au-Croix,7538.4,223,CONFIRMED_FROM_VIDEO,CONFIRMED_FROM_VIDEO,Screen Recording 2026-08-16 223317.mp4,pooled_even_odd_wide,3,2
Caledonia,East Somerset,Glass,Princeton,4367.8,166,CONFIRMED_FROM_VIDEO,CONFIRMED_FROM_VIDEO,Screen Recording 2026-08-16 223317.mp4,pooled_even_odd_wide,7,1
Caledonia,East Somerset,Glass,Puerto de San Fernando,13486.7,328,CONFIRMED_FROM_VIDEO,CONFIRMED_FROM_VIDEO,Screen Recording 2026-08-16 223317.mp4,pooled_even_odd_wide,8,2
Caledonia,East Somerset,Glass,Saint Vincent,2315.6,130,CONFIRMED_FROM_VIDEO,CONFIRMED_FROM_VIDEO,Screen Recording 2026-08-16 223317.mp4,pooled_even_odd_wide,9,1
Caledonia,East Somerset,Glass,Saint-Nicholas,10308.5,272,CONFIRMED_FROM_VIDEO,CONFIRMED_FROM_VIDEO,Screen Recording 2026-08-16 223317.mp4,pooled_even_odd_wide,4,2
Caledonia,East Somerset,Glass,Sainte Rose,9748.2,262,CONFIRMED_FROM_VIDEO,CONFIRMED_FROM_VIDEO,Screen Recording 2026-08-16 223317.mp4,pooled_even_odd_wide,4,3
Caledonia,East Somerset,Glass,San Polo,15187.8,358,CONFIRMED_FROM_VIDEO,CONFIRMED_FROM_VIDEO,Screen Recording 2026-08-16 223317.mp4,pooled_even_odd_wide,10,2
Caledonia,East Somerset,Glass,San Salvador,15185.6,358,CONFIRMED_FROM_VIDEO,CONFIRMED_FROM_VIDEO,Screen Recording 2026-08-16 223317.mp4,pooled_even_odd_wide,10,2
Caledonia,East Somerset,Glass,San Vito,12204.6,305,CONFIRMED_FROM_VIDEO,CONFIRMED_FROM_VIDEO,Screen Recording 2026-08-16 223317.mp4,pooled_even_odd_wide,4,2
Caledonia,East Somerset,Glass,Sandy Settlement,10534.1,276,CONFIRMED_FROM_VIDEO,CONFIRMED_FROM_VIDEO,Screen Recording 2026-08-16 223317.mp4,pooled_even_odd_wide,4,2
Caledonia,East Somerset,Glass,Santa Maria,15029.5,356,CONFIRMED_FROM_VIDEO,CONFIRMED_FROM_VIDEO,Screen Recording 2026-08-16 223317.mp4,pooled_even_odd_wide,10,2
Caledonia,East Somerset,Glass,Sao Bento,15354.4,361,CONFIRMED_FROM_VIDEO,CONFIRMED_FROM_VIDEO,Screen Recording 2026-08-16 223317.mp4,pooled_even_odd_wide,7,3
Caledonia,East Somerset,Glass,Snake Prosper,395.7,96,CONFIRMED_FROM_VIDEO,CONFIRMED_FROM_VIDEO,Screen Recording 2026-08-16 223317.mp4,pooled_even_odd_wide,6,1
Caledonia,East Somerset,Glass,Sugar Cove,5194.4,181,CONFIRMED_FROM_VIDEO,CONFIRMED_FROM_VIDEO,Screen Recording 2026-08-16 223317.mp4,pooled_even_odd_wide,6,1
Caledonia,East Somerset,Glass,Taylor's Town,9040.8,249,CONFIRMED_FROM_VIDEO,CONFIRMED_FROM_VIDEO,Screen Recording 2026-08-16 223317.mp4,pooled_even_odd_wide,4,1
Caledonia,East Somerset,Glass,Theresa,11437.2,292,CONFIRMED_FROM_VIDEO,CONFIRMED_FROM_VIDEO,Screen Recording 2026-08-16 223317.mp4,pooled_even_odd_wide,4,4
Caledonia,East Somerset,Glass,Thresher Point,8106.2,233,CONFIRMED_FROM_VIDEO,CONFIRMED_FROM_VIDEO,Screen Recording 2026-08-16 223317.mp4,pooled_even_odd_wide,6,1
Caledonia,East Somerset,Glass,Venta Nueva,11984.3,301,CONFIRMED_FROM_VIDEO,CONFIRMED_FROM_VIDEO,Screen Recording 2026-08-16 223317.mp4,pooled_even_odd_wide,4,2
Caledonia,East Somerset,Glass,Villarreal Del Mar,792.4,280,CONFIRMED_FROM_VIDEO,CONFIRMED_FROM_VIDEO,Screen Recording 2026-08-16 223317.mp4,pooled_even_odd_wide,5,1
Caledonia,East Somerset,Glass,White Hook,854.8,104,CONFIRMED_FROM_VIDEO,CONFIRMED_FROM_VIDEO,Screen Recording 2026-08-16 223317.mp4,pooled_even_odd_wide,9,1
Caledonia,East Somerset,Glass,Wyntergard,4380.0,166,CONFIRMED_FROM_VIDEO,CONFIRMED_FROM_VIDEO,Screen Recording 2026-08-16 223317.mp4,pooled_even_odd_wide,4,2
Caledonia,East Somerset,Glass,Yorinobu's Settlement,4368.0,166,CONFIRMED_FROM_VIDEO,CONFIRMED_FROM_VIDEO,Screen Recording 2026-08-16 223317.mp4,even_odd,1,1
Castle Landing,Lebarde,Scales,Al-Jazair,3529.7,158,CONFIRMED_FROM_VIDEO,CONFIRMED_FROM_VIDEO,Screen Recording 2026-08-16 223317.mp4,pooled_even_odd_wide,12,1
Castle Landing,Lebarde,Scales,Ashbourne,8599.9,252,CONFIRMED_FROM_VIDEO,CONFIRMED_FROM_VIDEO,Screen Recording 2026-08-16 223317.mp4,pooled_even_odd_wide,6,1
Castle Landing,Lebarde,Scales,Belfry Heights,5132.5,187,CONFIRMED_FROM_VIDEO,CONFIRMED_FROM_VIDEO,Screen Recording 2026-08-16 223317.mp4,pooled_even_odd_wide,9,1
Castle Landing,Lebarde,Scales,Bucket Bay,6427.9,211,CONFIRMED_FROM_VIDEO,CONFIRMED_FROM_VIDEO,Screen Recording 2026-08-16 223317.mp4,pooled_even_odd_wide,10,1
Castle Landing,Lebarde,Scales,Caledonia,5240.1,189,CONFIRMED_FROM_VIDEO,CONFIRMED_FROM_VIDEO,Screen Recording 2026-08-16 223317.mp4,pooled_even_odd_wide,11,1
Castle Landing,Lebarde,Scales,Caveira,14808.8,366,CONFIRMED_FROM_VIDEO,CONFIRMED_FROM_VIDEO,Screen Recording 2026-08-16 223317.mp4,pooled_even_odd_wide,4,2
Castle Landing,Lebarde,Scales,Caye Tiburon,4514.9,176,CONFIRMED_FROM_VIDEO,CONFIRMED_FROM_VIDEO,Screen Recording 2026-08-16 223317.mp4,pooled_even_odd_wide,9,1
Castle Landing,Lebarde,Scales,Crownstead,9403.3,266,CONFIRMED_FROM_VIDEO,CONFIRMED_FROM_VIDEO,Screen Recording 2026-08-16 223317.mp4,pooled_even_odd_wide,8,1
Castle Landing,Lebarde,Scales,Cumberland Hill,3107.9,150,CONFIRMED_FROM_VIDEO,CONFIRMED_FROM_VIDEO,Screen Recording 2026-08-16 223317.mp4,pooled_even_odd_wide,3,2
Castle Landing,Lebarde,Scales,Deadman's Murcia,5922.5,202,CONFIRMED_FROM_VIDEO,CONFIRMED_FROM_VIDEO,Screen Recording 2026-08-16 223317.mp4,pooled_even_odd_wide,9,1
Castle Landing,Lebarde,Scales,Fair Harbour,6158.4,206,CONFIRMED_FROM_VIDEO,CONFIRMED_FROM_VIDEO,Screen Recording 2026-08-16 223317.mp4,pooled_even_odd_wide,9,1
Castle Landing,Lebarde,Scales,Falmouth,9226.1,263,CONFIRMED_FROM_VIDEO,CONFIRMED_FROM_VIDEO,Screen Recording 2026-08-16 223317.mp4,pooled_even_odd_wide,6,1
Castle Landing,Lebarde,Scales,Gyldenvale,9951.0,277,CONFIRMED_FROM_VIDEO,CONFIRMED_FROM_VIDEO,Screen Recording 2026-08-16 223317.mp4,pooled_even_odd_wide,8,1
Castle Landing,Lebarde,Scales,Jones' Outpost,2781.1,144,CONFIRMED_FROM_VIDEO,CONFIRMED_FROM_VIDEO,Screen Recording 2026-08-16 223317.mp4,pooled_even_odd_wide,5,1
Castle Landing,Lebarde,Scales,Kandlerova,12049.2,315,CONFIRMED_FROM_VIDEO,CONFIRMED_FROM_VIDEO,Screen Recording 2026-08-16 223317.mp4,pooled_even_odd_wide,4,2
Castle Landing,Lebarde,Scales,La Povenglia,9012.1,259,CONFIRMED_FROM_VIDEO,CONFIRMED_FROM_VIDEO,Screen Recording 2026-08-16 223317.mp4,pooled_even_odd_wide,6,1
Castle Landing,Lebarde,Scales,Lebarde,1689.0,124,CONFIRMED_FROM_VIDEO,CONFIRMED_FROM_VIDEO,Screen Recording 2026-08-16 223317.mp4,pooled_even_odd_wide,3,2
Castle Landing,Lebarde,Scales,Lord Irving's Sacrifice,7456.4,230,CONFIRMED_FROM_VIDEO,CONFIRMED_FROM_VIDEO,Screen Recording 2026-08-16 223317.mp4,pooled_even_odd_wide,7,1
Castle Landing,Lebarde,Scales,Louisbourg,11029.2,297,CONFIRMED_FROM_VIDEO,CONFIRMED_FROM_VIDEO,Screen Recording 2026-08-16 223317.mp4,pooled_even_odd_wide,4,2
Castle Landing,Lebarde,Scales,Madalena,16687.2,401,CONFIRMED_FROM_VIDEO,CONFIRMED_FROM_VIDEO,Screen Recording 2026-08-16 223317.mp4,pooled_even_odd_wide,4,2
Castle Landing,Lebarde,Scales,Mako's Outlook,7207.0,226,CONFIRMED_FROM_VIDEO,CONFIRMED_FROM_VIDEO,Screen Recording 2026-08-16 223317.mp4,pooled_even_odd_wide,9,1
Castle Landing,Lebarde,Scales,Matthew's Rest,7014.3,222,CONFIRMED_FROM_VIDEO,CONFIRMED_FROM_VIDEO,Screen Recording 2026-08-16 223317.mp4,pooled_even_odd_wide,8,1
Castle Landing,Lebarde,Scales,Maurepas,10157.2,280,CONFIRMED_FROM_VIDEO,CONFIRMED_FROM_VIDEO,Screen Recording 2026-08-16 223317.mp4,pooled_even_odd_wide,4,2
Castle Landing,Lebarde,Scales,New Brighton,4063.8,168,CONFIRMED_FROM_VIDEO,CONFIRMED_FROM_VIDEO,Screen Recording 2026-08-16 223317.mp4,pooled_even_odd_wide,12,1
Castle Landing,Lebarde,Scales,New Catalina,2709.9,143,CONFIRMED_FROM_VIDEO,CONFIRMED_FROM_VIDEO,Screen Recording 2026-08-16 223317.mp4,pooled_even_odd_wide,5,1
Castle Landing,Lebarde,Scales,Pachard Town,7490.6,231,CONFIRMED_FROM_VIDEO,CONFIRMED_FROM_VIDEO,Screen Recording 2026-08-16 223317.mp4,pooled_even_odd_wide,7,1
Castle Landing,Lebarde,Scales,Peter's Cove,5044.7,186,CONFIRMED_FROM_VIDEO,CONFIRMED_FROM_VIDEO,Screen Recording 2026-08-16 223317.mp4,pooled_even_odd_wide,10,1
Castle Landing,Lebarde,Scales,Petit Anvers,11898.5,313,CONFIRMED_FROM_VIDEO,CONFIRMED_FROM_VIDEO,Screen Recording 2026-08-16 223317.mp4,pooled_even_odd_wide,4,2
Castle Landing,Lebarde,Scales,Poblado de San Juan,13642.4,345,CONFIRMED_FROM_VIDEO,CONFIRMED_FROM_VIDEO,Screen Recording 2026-08-16 223317.mp4,pooled_even_odd_wide,4,2
Castle Landing,Lebarde,Scales,Point Rocheux,9382.2,266,CONFIRMED_FROM_VIDEO,CONFIRMED_FROM_VIDEO,Screen Recording 2026-08-16 223317.mp4,pooled_even_odd_wide,6,1
Castle Landing,Lebarde,Scales,Ponta Delgada,16677.0,401,CONFIRMED_FROM_VIDEO,CONFIRMED_FROM_VIDEO,Screen Recording 2026-08-16 223317.mp4,pooled_even_odd_wide,5,2
Castle Landing,Lebarde,Scales,Port Antonio,10099.2,279,CONFIRMED_FROM_VIDEO,CONFIRMED_FROM_VIDEO,Screen Recording 2026-08-16 223317.mp4,pooled_even_odd_wide,5,2
Castle Landing,Lebarde,Scales,Port Louis,6822.6,219,CONFIRMED_FROM_VIDEO,CONFIRMED_FROM_VIDEO,Screen Recording 2026-08-16 223317.mp4,pooled_even_odd_wide,8,2
Castle Landing,Lebarde,Scales,Port Royal,8487.0,250,CONFIRMED_FROM_VIDEO,CONFIRMED_FROM_VIDEO,Screen Recording 2026-08-16 223317.mp4,pooled_even_odd_wide,7,1
Castle Landing,Lebarde,Scales,Port-Au-Croix,8445.0,249,CONFIRMED_FROM_VIDEO,CONFIRMED_FROM_VIDEO,Screen Recording 2026-08-16 223317.mp4,pooled_even_odd_wide,5,2
Castle Landing,Lebarde,Scales,Princeton,1666.2,123,CONFIRMED_FROM_VIDEO,CONFIRMED_FROM_VIDEO,Screen Recording 2026-08-16 223317.mp4,pooled_even_odd_wide,5,1
Castle Landing,Lebarde,Scales,Puerto de San Fernando,12383.6,322,CONFIRMED_FROM_VIDEO,CONFIRMED_FROM_VIDEO,Screen Recording 2026-08-16 223317.mp4,pooled_even_odd_wide,4,2
Castle Landing,Lebarde,Scales,Saint Vincent,4796.2,181,CONFIRMED_FROM_VIDEO,CONFIRMED_FROM_VIDEO,Screen Recording 2026-08-16 223317.mp4,pooled_even_odd_wide,9,1
Castle Landing,Lebarde,Scales,Saint-Nicholas,5138.6,188,CONFIRMED_FROM_VIDEO,CONFIRMED_FROM_VIDEO,Screen Recording 2026-08-16 223317.mp4,pooled_even_odd_wide,11,1
Castle Landing,Lebarde,Scales,Sainte Rose,12192.4,318,CONFIRMED_FROM_VIDEO,CONFIRMED_FROM_VIDEO,Screen Recording 2026-08-16 223317.mp4,pooled_even_odd_wide,6,2
Castle Landing,Lebarde,Scales,San Polo,11113.1,298,CONFIRMED_FROM_VIDEO,CONFIRMED_FROM_VIDEO,Screen Recording 2026-08-16 223317.mp4,pooled_even_odd_wide,4,2
Castle Landing,Lebarde,Scales,San Salvador,12638.8,326,CONFIRMED_FROM_VIDEO,CONFIRMED_FROM_VIDEO,Screen Recording 2026-08-16 223317.mp4,pooled_even_odd_wide,4,2
Castle Landing,Lebarde,Scales,San Vito,8411.4,248,CONFIRMED_FROM_VIDEO,CONFIRMED_FROM_VIDEO,Screen Recording 2026-08-16 223317.mp4,pooled_even_odd_wide,7,1
Castle Landing,Lebarde,Scales,Sandy Settlement,5430.0,193,CONFIRMED_FROM_VIDEO,CONFIRMED_FROM_VIDEO,Screen Recording 2026-08-16 223317.mp4,pooled_even_odd_wide,11,1
Castle Landing,Lebarde,Scales,Santa Maria,13174.1,336,CONFIRMED_FROM_VIDEO,CONFIRMED_FROM_VIDEO,Screen Recording 2026-08-16 223317.mp4,pooled_even_odd_wide,4,2
Castle Landing,Lebarde,Scales,Sao Bento,15663.9,382,CONFIRMED_FROM_VIDEO,CONFIRMED_FROM_VIDEO,Screen Recording 2026-08-16 223317.mp4,pooled_even_odd_wide,4,2
Castle Landing,Lebarde,Scales,Snake Prosper,5072.2,186,CONFIRMED_FROM_VIDEO,CONFIRMED_FROM_VIDEO,Screen Recording 2026-08-16 223317.mp4,pooled_even_odd_wide,16,1
Castle Landing,Lebarde,Scales,Sugar Cove,3561.6,158,CONFIRMED_FROM_VIDEO,CONFIRMED_FROM_VIDEO,Screen Recording 2026-08-16 223317.mp4,pooled_even_odd_wide,12,1
Castle Landing,Lebarde,Scales,Taylor's Town,3805.9,163,CONFIRMED_FROM_VIDEO,CONFIRMED_FROM_VIDEO,Screen Recording 2026-08-16 223317.mp4,pooled_even_odd_wide,12,1
Castle Landing,Lebarde,Scales,Theresa,10187.7,281,CONFIRMED_FROM_VIDEO,CONFIRMED_FROM_VIDEO,Screen Recording 2026-08-16 223317.mp4,pooled_even_odd_wide,4,2
Castle Landing,Lebarde,Scales,Thresher Point,4270.3,172,CONFIRMED_FROM_VIDEO,CONFIRMED_FROM_VIDEO,Screen Recording 2026-08-16 223317.mp4,pooled_even_odd_wide,14,1
Castle Landing,Lebarde,Scales,Venta Nueva,12197.2,318,CONFIRMED_FROM_VIDEO,CONFIRMED_FROM_VIDEO,Screen Recording 2026-08-16 223317.mp4,pooled_even_odd_wide,6,2
Castle Landing,Lebarde,Scales,Villarreal Del Mar,10878.3,294,CONFIRMED_FROM_VIDEO,CONFIRMED_FROM_VIDEO,Screen Recording 2026-08-16 223317.mp4,pooled_even_odd_wide,3,2
Castle Landing,Lebarde,Scales,White Hook,5983.6,203,CONFIRMED_FROM_VIDEO,CONFIRMED_FROM_VIDEO,Screen Recording 2026-08-16 223317.mp4,pooled_even_odd_wide,9,1
Castle Landing,Lebarde,Scales,Wyntergard,8648.5,252,CONFIRMED_FROM_VIDEO,CONFIRMED_FROM_VIDEO,Screen Recording 2026-08-16 223317.mp4,pooled_even_odd_wide,7,1
Castle Landing,Lebarde,Scales,Yorinobu's Settlement,4956.1,184,CONFIRMED_FROM_VIDEO,CONFIRMED_FROM_VIDEO,Screen Recording 2026-08-16 223317.mp4,pooled_even_odd_wide,9,1
Caveira,Ilhas Brumas,Honey,Al-Jazair,12779.6,258,CONFIRMED_FROM_VIDEO,CONFIRMED_FROM_VIDEO,Screen Recording 2026-08-16 223317.mp4,pooled_even_odd_wide,4,2
Caveira,Ilhas Brumas,Honey,Ashbourne,11754.2,243,CONFIRMED_FROM_VIDEO,CONFIRMED_FROM_VIDEO,Screen Recording 2026-08-16 223317.mp4,pooled_even_odd_wide,4,2
Caveira,Ilhas Brumas,Honey,Belfry Heights,10921.0,231,CONFIRMED_FROM_VIDEO,CONFIRMED_FROM_VIDEO,Screen Recording 2026-08-16 223317.mp4,pooled_even_odd_wide,5,2
Caveira,Ilhas Brumas,Honey,Bucket Bay,10487.3,225,CONFIRMED_FROM_VIDEO,CONFIRMED_FROM_VIDEO,Screen Recording 2026-08-16 223317.mp4,pooled_even_odd_wide,4,2
Caveira,Ilhas Brumas,Honey,Caledonia,15136.0,292,CONFIRMED_FROM_VIDEO,CONFIRMED_FROM_VIDEO,Screen Recording 2026-08-16 223317.mp4,pooled_even_odd_wide,8,1
Caveira,Ilhas Brumas,Honey,Castle Landing,14808.8,287,CONFIRMED_FROM_VIDEO,CONFIRMED_FROM_VIDEO,Screen Recording 2026-08-16 223317.mp4,pooled_even_odd_wide,6,2
Caveira,Ilhas Brumas,Honey,Caye Tiburon,10538.5,225,CONFIRMED_FROM_VIDEO,CONFIRMED_FROM_VIDEO,Screen Recording 2026-08-16 223317.mp4,pooled_even_odd_wide,6,2
Caveira,Ilhas Brumas,Honey,Crownstead,11905.7,245,CONFIRMED_FROM_VIDEO,CONFIRMED_FROM_VIDEO,Screen Recording 2026-08-16 223317.mp4,pooled_even_odd_wide,2,2
Caveira,Ilhas Brumas,Honey,Cumberland Hill,17164.6,321,CONFIRMED_FROM_VIDEO,CONFIRMED_FROM_VIDEO,Screen Recording 2026-08-16 223317.mp4,pooled_even_odd_wide,3,2
Caveira,Ilhas Brumas,Honey,Deadman's Murcia,4846.5,288,CONFIRMED_FROM_VIDEO,CONFIRMED_FROM_VIDEO,Screen Recording 2026-08-16 223317.mp4,pooled_even_odd_wide,9,1
Caveira,Ilhas Brumas,Honey,Fair Harbour,11790.4,243,CONFIRMED_FROM_VIDEO,CONFIRMED_FROM_VIDEO,Screen Recording 2026-08-16 223317.mp4,pooled_even_odd_wide,4,2
Caveira,Ilhas Brumas,Honey,Falmouth,5647.4,154,CONFIRMED_FROM_VIDEO,CONFIRMED_FROM_VIDEO,Screen Recording 2026-08-16 223317.mp4,pooled_even_odd_wide,6,1
Caveira,Ilhas Brumas,Honey,Gyldenvale,13226.9,264,CONFIRMED_FROM_VIDEO,CONFIRMED_FROM_VIDEO,Screen Recording 2026-08-16 223317.mp4,pooled_even_odd_wide,4,2
Caveira,Ilhas Brumas,Honey,Jones' Outpost,16274.2,308,CONFIRMED_FROM_VIDEO,CONFIRMED_FROM_VIDEO,Screen Recording 2026-08-16 223317.mp4,pooled_even_odd_wide,6,2
Caveira,Ilhas Brumas,Honey,Kandlerova,11637.0,241,CONFIRMED_FROM_VIDEO,CONFIRMED_FROM_VIDEO,Screen Recording 2026-08-16 223317.mp4,pooled_even_odd_wide,6,1
Caveira,Ilhas Brumas,Honey,La Povenglia,11714.7,242,CONFIRMED_FROM_VIDEO,CONFIRMED_FROM_VIDEO,Screen Recording 2026-08-16 223317.mp4,pooled_even_odd_wide,4,2
Caveira,Ilhas Brumas,Honey,Lebarde,13416.3,267,CONFIRMED_FROM_VIDEO,CONFIRMED_FROM_VIDEO,Screen Recording 2026-08-16 223317.mp4,pooled_even_odd_wide,4,2
Caveira,Ilhas Brumas,Honey,Lord Irving's Sacrifice,8559.1,197,CONFIRMED_FROM_VIDEO,CONFIRMED_FROM_VIDEO,Screen Recording 2026-08-16 223317.mp4,pooled_even_odd_wide,9,1
Caveira,Ilhas Brumas,Honey,Louisbourg,8360.7,194,CONFIRMED_FROM_VIDEO,CONFIRMED_FROM_VIDEO,Screen Recording 2026-08-16 223317.mp4,pooled_even_odd_wide,9,1
Caveira,Ilhas Brumas,Honey,Madalena,1940.9,101,CONFIRMED_FROM_VIDEO,CONFIRMED_FROM_VIDEO,Screen Recording 2026-08-16 223317.mp4,pooled_even_odd_wide,5,2
Caveira,Ilhas Brumas,Honey,Mako's Outlook,9272.8,207,CONFIRMED_FROM_VIDEO,CONFIRMED_FROM_VIDEO,Screen Recording 2026-08-16 223317.mp4,pooled_even_odd_wide,7,1
Caveira,Ilhas Brumas,Honey,Matthew's Rest,9598.9,212,CONFIRMED_FROM_VIDEO,CONFIRMED_FROM_VIDEO,Screen Recording 2026-08-16 223317.mp4,pooled_even_odd_wide,6,2
Caveira,Ilhas Brumas,Honey,Maurepas,8445.8,195,CONFIRMED_FROM_VIDEO,CONFIRMED_FROM_VIDEO,Screen Recording 2026-08-16 223317.mp4,pooled_even_odd_wide,7,2
Caveira,Ilhas Brumas,Honey,New Brighton,11263.8,236,CONFIRMED_FROM_VIDEO,CONFIRMED_FROM_VIDEO,Screen Recording 2026-08-16 223317.mp4,pooled_even_odd_wide,4,2
Caveira,Ilhas Brumas,Honey,New Catalina,17054.6,320,CONFIRMED_FROM_VIDEO,CONFIRMED_FROM_VIDEO,Screen Recording 2026-08-16 223317.mp4,pooled_even_odd_wide,6,2
Caveira,Ilhas Brumas,Honey,Pachard Town,8604.6,197,CONFIRMED_FROM_VIDEO,CONFIRMED_FROM_VIDEO,Screen Recording 2026-08-16 223317.mp4,pooled_even_odd_wide,7,1
Caveira,Ilhas Brumas,Honey,Peter's Cove,13610.3,270,CONFIRMED_FROM_VIDEO,CONFIRMED_FROM_VIDEO,Screen Recording 2026-08-16 223317.mp4,pooled_even_odd_wide,3,3
Caveira,Ilhas Brumas,Honey,Petit Anvers,9659.8,213,CONFIRMED_FROM_VIDEO,CONFIRMED_FROM_VIDEO,Screen Recording 2026-08-16 223317.mp4,pooled_even_odd_wide,6,1
Caveira,Ilhas Brumas,Honey,Poblado de San Juan,4256.1,134,CONFIRMED_FROM_VIDEO,CONFIRMED_FROM_VIDEO,Screen Recording 2026-08-16 223317.mp4,pooled_even_odd_wide,7,2
Caveira,Ilhas Brumas,Honey,Point Rocheux,6592.4,168,CONFIRMED_FROM_VIDEO,CONFIRMED_FROM_VIDEO,Screen Recording 2026-08-16 223317.mp4,pooled_even_odd_wide,3,1
Caveira,Ilhas Brumas,Honey,Ponta Delgada,3792.7,127,CONFIRMED_FROM_VIDEO,CONFIRMED_FROM_VIDEO,Screen Recording 2026-08-16 223317.mp4,pooled_even_odd_wide,9,1
Caveira,Ilhas Brumas,Honey,Port Antonio,4709.6,141,CONFIRMED_FROM_VIDEO,CONFIRMED_FROM_VIDEO,Screen Recording 2026-08-16 223317.mp4,pooled_even_odd_wide,9,1
Caveira,Ilhas Brumas,Honey,Port Louis,12126.6,248,CONFIRMED_FROM_VIDEO,CONFIRMED_FROM_VIDEO,Screen Recording 2026-08-16 223317.mp4,pooled_even_odd_wide,2,2
Caveira,Ilhas Brumas,Honey,Port Royal,6696.6,170,CONFIRMED_FROM_VIDEO,CONFIRMED_FROM_VIDEO,Screen Recording 2026-08-16 223317.mp4,pooled_even_odd_wide,9,1
Caveira,Ilhas Brumas,Honey,Port-Au-Croix,7636.7,183,CONFIRMED_FROM_VIDEO,CONFIRMED_FROM_VIDEO,Screen Recording 2026-08-16 223317.mp4,pooled_even_odd_wide,9,1
Caveira,Ilhas Brumas,Honey,Princeton,13445.2,267,CONFIRMED_FROM_VIDEO,CONFIRMED_FROM_VIDEO,Screen Recording 2026-08-16 223317.mp4,pooled_even_odd_wide,4,2
Caveira,Ilhas Brumas,Honey,Puerto de San Fernando,2936.4,115,CONFIRMED_FROM_VIDEO,CONFIRMED_FROM_VIDEO,Screen Recording 2026-08-16 223317.mp4,pooled_even_odd_wide,7,1
Caveira,Ilhas Brumas,Honey,Saint Vincent,12864.3,259,CONFIRMED_FROM_VIDEO,CONFIRMED_FROM_VIDEO,Screen Recording 2026-08-16 223317.mp4,pooled_even_odd_wide,4,2
Caveira,Ilhas Brumas,Honey,Saint-Nicholas,15089.1,291,CONFIRMED_FROM_VIDEO,CONFIRMED_FROM_VIDEO,Screen Recording 2026-08-16 223317.mp4,pooled_even_odd_wide,6,2
Caveira,Ilhas Brumas,Honey,Sainte Rose,8038.0,189,CONFIRMED_FROM_VIDEO,CONFIRMED_FROM_VIDEO,Screen Recording 2026-08-16 223317.mp4,pooled_even_odd_wide,9,1
Caveira,Ilhas Brumas,Honey,San Polo,11402.1,238,CONFIRMED_FROM_VIDEO,CONFIRMED_FROM_VIDEO,Screen Recording 2026-08-16 223317.mp4,pooled_even_odd_wide,4,2
Caveira,Ilhas Brumas,Honey,San Salvador,6452.2,166,CONFIRMED_FROM_VIDEO,CONFIRMED_FROM_VIDEO,Screen Recording 2026-08-16 223317.mp4,pooled_even_odd_wide,5,1
Caveira,Ilhas Brumas,Honey,San Vito,10196.8,220,CONFIRMED_FROM_VIDEO,CONFIRMED_FROM_VIDEO,Screen Recording 2026-08-16 223317.mp4,pooled_even_odd_wide,4,2
Caveira,Ilhas Brumas,Honey,Sandy Settlement,14695.2,286,CONFIRMED_FROM_VIDEO,CONFIRMED_FROM_VIDEO,Screen Recording 2026-08-16 223317.mp4,pooled_even_odd_wide,4,2
Caveira,Ilhas Brumas,Honey,Santa Maria,4420.7,137,CONFIRMED_FROM_VIDEO,CONFIRMED_FROM_VIDEO,Screen Recording 2026-08-16 223317.mp4,pooled_even_odd_wide,9,1
Caveira,Ilhas Brumas,Honey,Sao Bento,1930.4,100,CONFIRMED_FROM_VIDEO,CONFIRMED_FROM_VIDEO,Screen Recording 2026-08-16 223317.mp4,pooled_even_odd_wide,5,1
Caveira,Ilhas Brumas,Honey,Snake Prosper,14751.6,286,CONFIRMED_FROM_VIDEO,CONFIRMED_FROM_VIDEO,Screen Recording 2026-08-16 223317.mp4,pooled_even_odd_wide,4,2
Caveira,Ilhas Brumas,Honey,Sugar Cove,18050.6,334,CONFIRMED_FROM_VIDEO,CONFIRMED_FROM_VIDEO,Screen Recording 2026-08-16 223317.mp4,pooled_even_odd_wide,6,2
Caveira,Ilhas Brumas,Honey,Taylor's Town,15456.2,297,CONFIRMED_FROM_VIDEO,CONFIRMED_FROM_VIDEO,Screen Recording 2026-08-16 223317.mp4,pooled_even_odd_wide,6,2
Caveira,Ilhas Brumas,Honey,Theresa,4814.1,142,CONFIRMED_FROM_VIDEO,CONFIRMED_FROM_VIDEO,Screen Recording 2026-08-16 223317.mp4,pooled_even_odd_wide,11,1
Caveira,Ilhas Brumas,Honey,Thresher Point,11471.0,239,CONFIRMED_FROM_VIDEO,CONFIRMED_FROM_VIDEO,Screen Recording 2026-08-16 223317.mp4,pooled_even_odd_wide,6,1
Caveira,Ilhas Brumas,Honey,Venta Nueva,3248.8,120,CONFIRMED_FROM_VIDEO,CONFIRMED_FROM_VIDEO,Screen Recording 2026-08-16 223317.mp4,pooled_even_odd_wide,9,1
Caveira,Ilhas Brumas,Honey,Villarreal Del Mar,4345.1,136,CONFIRMED_FROM_VIDEO,CONFIRMED_FROM_VIDEO,Screen Recording 2026-08-16 223317.mp4,pooled_even_odd_wide,9,1
Caveira,Ilhas Brumas,Honey,White Hook,15755.9,301,CONFIRMED_FROM_VIDEO,CONFIRMED_FROM_VIDEO,Screen Recording 2026-08-16 223317.mp4,pooled_even_odd_wide,6,2
Caveira,Ilhas Brumas,Honey,Wyntergard,12868.2,259,CONFIRMED_FROM_VIDEO,CONFIRMED_FROM_VIDEO,Screen Recording 2026-08-16 223317.mp4,pooled_even_odd_wide,4,2
Caveira,Ilhas Brumas,Honey,Yorinobu's Settlement,10978.1,232,CONFIRMED_FROM_VIDEO,CONFIRMED_FROM_VIDEO,Screen Recording 2026-08-16 223317.mp4,pooled_even_odd_wide,4,1
Caye Tiburon,Blacktip Shoals,Hay,Al-Jazair,4399.9,122,CONFIRMED_FROM_VIDEO,CONFIRMED_FROM_VIDEO,Screen Recording 2026-08-16 223317.mp4,pooled_even_odd_wide,11,1
Caye Tiburon,Blacktip Shoals,Hay,Ashbourne,8105.6,170,CONFIRMED_FROM_VIDEO,CONFIRMED_FROM_VIDEO,Screen Recording 2026-08-16 223317.mp4,pooled_even_odd_wide,8,1
Caye Tiburon,Blacktip Shoals,Hay,Belfry Heights,1619.7,86,CONFIRMED_FROM_VIDEO,CONFIRMED_FROM_VIDEO,Screen Recording 2026-08-16 223317.mp4,pooled_even_odd_wide,6,1
Caye Tiburon,Blacktip Shoals,Hay,Bucket Bay,5218.3,133,CONFIRMED_FROM_VIDEO,CONFIRMED_FROM_VIDEO,Screen Recording 2026-08-16 223317.mp4,pooled_even_odd_wide,9,1
Caye Tiburon,Blacktip Shoals,Hay,Caledonia,7451.0,162,CONFIRMED_FROM_VIDEO,CONFIRMED_FROM_VIDEO,Screen Recording 2026-08-16 223317.mp4,pooled_even_odd_wide,7,1
Caye Tiburon,Blacktip Shoals,Hay,Castle Landing,4514.9,124,CONFIRMED_FROM_VIDEO,CONFIRMED_FROM_VIDEO,Screen Recording 2026-08-16 223317.mp4,pooled_even_odd_wide,11,1
Caye Tiburon,Blacktip Shoals,Hay,Caveira,10538.5,202,CONFIRMED_FROM_VIDEO,CONFIRMED_FROM_VIDEO,Screen Recording 2026-08-16 223317.mp4,pooled_even_odd_wide,4,2
Caye Tiburon,Blacktip Shoals,Hay,Crownstead,8875.5,180,CONFIRMED_FROM_VIDEO,CONFIRMED_FROM_VIDEO,Screen Recording 2026-08-16 223317.mp4,pooled_even_odd_wide,8,1
Caye Tiburon,Blacktip Shoals,Hay,Cumberland Hill,7394.5,161,CONFIRMED_FROM_VIDEO,CONFIRMED_FROM_VIDEO,Screen Recording 2026-08-16 223317.mp4,pooled_even_odd_wide,5,2
Caye Tiburon,Blacktip Shoals,Hay,Deadman's Murcia,7736.1,166,CONFIRMED_FROM_VIDEO,CONFIRMED_FROM_VIDEO,Screen Recording 2026-08-16 223317.mp4,pooled_even_odd_wide,6,1
Caye Tiburon,Blacktip Shoals,Hay,Fair Harbour,5934.8,142,CONFIRMED_FROM_VIDEO,CONFIRMED_FROM_VIDEO,Screen Recording 2026-08-16 223317.mp4,pooled_even_odd_wide,9,1
Caye Tiburon,Blacktip Shoals,Hay,Falmouth,5219.5,133,CONFIRMED_FROM_VIDEO,CONFIRMED_FROM_VIDEO,Screen Recording 2026-08-16 223317.mp4,pooled_even_odd_wide,13,1
Caye Tiburon,Blacktip Shoals,Hay,Gyldenvale,9941.2,194,CONFIRMED_FROM_VIDEO,CONFIRMED_FROM_VIDEO,Screen Recording 2026-08-16 223317.mp4,pooled_even_odd_wide,2,1
Caye Tiburon,Blacktip Shoals,Hay,Jones' Outpost,6731.2,153,CONFIRMED_FROM_VIDEO,CONFIRMED_FROM_VIDEO,Screen Recording 2026-08-16 223317.mp4,pooled_even_odd_wide,8,1
Caye Tiburon,Blacktip Shoals,Hay,Kandlerova,8693.7,178,CONFIRMED_FROM_VIDEO,CONFIRMED_FROM_VIDEO,Screen Recording 2026-08-16 223317.mp4,pooled_even_odd_wide,8,1
Caye Tiburon,Blacktip Shoals,Hay,La Povenglia,6009.7,143,CONFIRMED_FROM_VIDEO,CONFIRMED_FROM_VIDEO,Screen Recording 2026-08-16 223317.mp4,pooled_even_odd_wide,9,1
Caye Tiburon,Blacktip Shoals,Hay,Lebarde,2937.5,103,CONFIRMED_FROM_VIDEO,CONFIRMED_FROM_VIDEO,Screen Recording 2026-08-16 223317.mp4,pooled_even_odd_wide,6,1
Caye Tiburon,Blacktip Shoals,Hay,Lord Irving's Sacrifice,3056.3,105,CONFIRMED_FROM_VIDEO,CONFIRMED_FROM_VIDEO,Screen Recording 2026-08-16 223317.mp4,pooled_even_odd_wide,15,1
Caye Tiburon,Blacktip Shoals,Hay,Louisbourg,8817.0,180,CONFIRMED_FROM_VIDEO,CONFIRMED_FROM_VIDEO,Screen Recording 2026-08-16 223317.mp4,pooled_even_odd_wide,8,1
Caye Tiburon,Blacktip Shoals,Hay,Madalena,12460.2,227,CONFIRMED_FROM_VIDEO,CONFIRMED_FROM_VIDEO,Screen Recording 2026-08-16 223317.mp4,pooled_even_odd_wide,4,2
Caye Tiburon,Blacktip Shoals,Hay,Mako's Outlook,3026.2,104,CONFIRMED_FROM_VIDEO,CONFIRMED_FROM_VIDEO,Screen Recording 2026-08-16 223317.mp4,pooled_even_odd_wide,7,1
Caye Tiburon,Blacktip Shoals,Hay,Matthew's Rest,5197.7,133,CONFIRMED_FROM_VIDEO,CONFIRMED_FROM_VIDEO,Screen Recording 2026-08-16 223317.mp4,pooled_even_odd_wide,7,1
Caye Tiburon,Blacktip Shoals,Hay,Maurepas,7981.9,169,CONFIRMED_FROM_VIDEO,CONFIRMED_FROM_VIDEO,Screen Recording 2026-08-16 223317.mp4,pooled_even_odd_wide,6,1
Caye Tiburon,Blacktip Shoals,Hay,New Brighton,3035.8,104,CONFIRMED_FROM_VIDEO,CONFIRMED_FROM_VIDEO,Screen Recording 2026-08-16 223317.mp4,pooled_even_odd_wide,6,1
Caye Tiburon,Blacktip Shoals,Hay,New Catalina,7111.5,157,CONFIRMED_FROM_VIDEO,CONFIRMED_FROM_VIDEO,Screen Recording 2026-08-16 223317.mp4,pooled_even_odd_wide,7,1
Caye Tiburon,Blacktip Shoals,Hay,Pachard Town,5020.1,130,CONFIRMED_FROM_VIDEO,CONFIRMED_FROM_VIDEO,Screen Recording 2026-08-16 223317.mp4,pooled_even_odd_wide,11,1
Caye Tiburon,Blacktip Shoals,Hay,Peter's Cove,4117.9,119,CONFIRMED_FROM_VIDEO,CONFIRMED_FROM_VIDEO,Screen Recording 2026-08-16 223317.mp4,pooled_even_odd_wide,17,1
Caye Tiburon,Blacktip Shoals,Hay,Petit Anvers,10129.7,197,CONFIRMED_FROM_VIDEO,CONFIRMED_FROM_VIDEO,Screen Recording 2026-08-16 223317.mp4,pooled_even_odd_wide,4,2
Caye Tiburon,Blacktip Shoals,Hay,Poblado de San Juan,9128.0,184,CONFIRMED_FROM_VIDEO,CONFIRMED_FROM_VIDEO,Screen Recording 2026-08-16 223317.mp4,pooled_even_odd_wide,4,2
Caye Tiburon,Blacktip Shoals,Hay,Point Rocheux,6188.0,145,CONFIRMED_FROM_VIDEO,CONFIRMED_FROM_VIDEO,Screen Recording 2026-08-16 223317.mp4,pooled_even_odd_wide,13,1
Caye Tiburon,Blacktip Shoals,Hay,Ponta Delgada,12862.8,232,CONFIRMED_FROM_VIDEO,CONFIRMED_FROM_VIDEO,Screen Recording 2026-08-16 223317.mp4,pooled_even_odd_wide,4,2
Caye Tiburon,Blacktip Shoals,Hay,Port Antonio,5890.9,142,CONFIRMED_FROM_VIDEO,CONFIRMED_FROM_VIDEO,Screen Recording 2026-08-16 223317.mp4,pooled_even_odd_wide,8,1
Caye Tiburon,Blacktip Shoals,Hay,Port Louis,6761.8,153,CONFIRMED_FROM_VIDEO,CONFIRMED_FROM_VIDEO,Screen Recording 2026-08-16 223317.mp4,pooled_even_odd_wide,8,1
Caye Tiburon,Blacktip Shoals,Hay,Port Royal,4002.5,117,CONFIRMED_FROM_VIDEO,CONFIRMED_FROM_VIDEO,Screen Recording 2026-08-16 223317.mp4,pooled_even_odd_wide,17,1
Caye Tiburon,Blacktip Shoals,Hay,Port-Au-Croix,5595.3,138,CONFIRMED_FROM_VIDEO,CONFIRMED_FROM_VIDEO,Screen Recording 2026-08-16 223317.mp4,pooled_even_odd_wide,8,1
Caye Tiburon,Blacktip Shoals,Hay,Princeton,3646.8,112,CONFIRMED_FROM_VIDEO,CONFIRMED_FROM_VIDEO,Screen Recording 2026-08-16 223317.mp4,pooled_even_odd_wide,15,1
Caye Tiburon,Blacktip Shoals,Hay,Puerto de San Fernando,7953.0,168,CONFIRMED_FROM_VIDEO,CONFIRMED_FROM_VIDEO,Screen Recording 2026-08-16 223317.mp4,pooled_even_odd_wide,7,1
Caye Tiburon,Blacktip Shoals,Hay,Saint Vincent,5551.7,137,CONFIRMED_FROM_VIDEO,CONFIRMED_FROM_VIDEO,Screen Recording 2026-08-16 223317.mp4,pooled_even_odd_wide,8,1
Caye Tiburon,Blacktip Shoals,Hay,Saint-Nicholas,5376.4,135,CONFIRMED_FROM_VIDEO,CONFIRMED_FROM_VIDEO,Screen Recording 2026-08-16 223317.mp4,pooled_even_odd_wide,9,1
Caye Tiburon,Blacktip Shoals,Hay,Sainte Rose,9818.9,193,CONFIRMED_FROM_VIDEO,CONFIRMED_FROM_VIDEO,Screen Recording 2026-08-16 223317.mp4,pooled_even_odd_wide,6,1
Caye Tiburon,Blacktip Shoals,Hay,San Polo,7781.3,166,CONFIRMED_FROM_VIDEO,CONFIRMED_FROM_VIDEO,Screen Recording 2026-08-16 223317.mp4,pooled_even_odd_wide,8,1
Caye Tiburon,Blacktip Shoals,Hay,San Salvador,8225.6,172,CONFIRMED_FROM_VIDEO,CONFIRMED_FROM_VIDEO,Screen Recording 2026-08-16 223317.mp4,pooled_even_odd_wide,8,1
Caye Tiburon,Blacktip Shoals,Hay,San Vito,4770.6,127,CONFIRMED_FROM_VIDEO,CONFIRMED_FROM_VIDEO,Screen Recording 2026-08-16 223317.mp4,pooled_even_odd_wide,11,1
Caye Tiburon,Blacktip Shoals,Hay,Sandy Settlement,5207.3,133,CONFIRMED_FROM_VIDEO,CONFIRMED_FROM_VIDEO,Screen Recording 2026-08-16 223317.mp4,pooled_even_odd_wide,9,1
Caye Tiburon,Blacktip Shoals,Hay,Santa Maria,8660.4,178,CONFIRMED_FROM_VIDEO,CONFIRMED_FROM_VIDEO,Screen Recording 2026-08-16 223317.mp4,pooled_even_odd_wide,6,1
Caye Tiburon,Blacktip Shoals,Hay,Sao Bento,11617.1,216,CONFIRMED_FROM_VIDEO,CONFIRMED_FROM_VIDEO,Screen Recording 2026-08-16 223317.mp4,pooled_even_odd_wide,4,2
Caye Tiburon,Blacktip Shoals,Hay,Snake Prosper,7098.1,157,CONFIRMED_FROM_VIDEO,CONFIRMED_FROM_VIDEO,Screen Recording 2026-08-16 223317.mp4,pooled_even_odd_wide,7,1
Caye Tiburon,Blacktip Shoals,Hay,Sugar Cove,8037.7,169,CONFIRMED_FROM_VIDEO,CONFIRMED_FROM_VIDEO,Screen Recording 2026-08-16 223317.mp4,pooled_even_odd_wide,7,1
Caye Tiburon,Blacktip Shoals,Hay,Taylor's Town,5194.3,133,CONFIRMED_FROM_VIDEO,CONFIRMED_FROM_VIDEO,Screen Recording 2026-08-16 223317.mp4,pooled_even_odd_wide,7,1
Caye Tiburon,Blacktip Shoals,Hay,Theresa,5784.5,140,CONFIRMED_FROM_VIDEO,CONFIRMED_FROM_VIDEO,Screen Recording 2026-08-16 223317.mp4,pooled_even_odd_wide,8,1
Caye Tiburon,Blacktip Shoals,Hay,Thresher Point,1338.3,82,CONFIRMED_FROM_VIDEO,CONFIRMED_FROM_VIDEO,Screen Recording 2026-08-16 223317.mp4,pooled_even_odd_wide,4,2
Caye Tiburon,Blacktip Shoals,Hay,Venta Nueva,8284.2,173,CONFIRMED_FROM_VIDEO,CONFIRMED_FROM_VIDEO,Screen Recording 2026-08-16 223317.mp4,pooled_even_odd_wide,8,1
Caye Tiburon,Blacktip Shoals,Hay,Villarreal Del Mar,7010.9,156,CONFIRMED_FROM_VIDEO,CONFIRMED_FROM_VIDEO,Screen Recording 2026-08-16 223317.mp4,pooled_even_odd_wide,7,2
Caye Tiburon,Blacktip Shoals,Hay,White Hook,8303.0,173,CONFIRMED_FROM_VIDEO,CONFIRMED_FROM_VIDEO,Screen Recording 2026-08-16 223317.mp4,pooled_even_odd_wide,8,1
Caye Tiburon,Blacktip Shoals,Hay,Wyntergard,8715.9,178,CONFIRMED_FROM_VIDEO,CONFIRMED_FROM_VIDEO,Screen Recording 2026-08-16 223317.mp4,pooled_even_odd_wide,8,1
Caye Tiburon,Blacktip Shoals,Hay,Yorinobu's Settlement,3925.4,116,CONFIRMED_FROM_VIDEO,CONFIRMED_FROM_VIDEO,Screen Recording 2026-08-16 223317.mp4,pooled_even_odd_wide,3,1
Cumberland Hill,New Catalina,Coffee,Al-Jazair,4554.4,124,CONFIRMED_FROM_VIDEO,CONFIRMED_FROM_VIDEO,Screen Recording 2026-08-16 223317.mp4,pooled_even_odd_wide,9,1
Cumberland Hill,New Catalina,Coffee,Ashbourne,8782.0,179,CONFIRMED_FROM_VIDEO,CONFIRMED_FROM_VIDEO,Screen Recording 2026-08-16 223317.mp4,pooled_even_odd_wide,6,1
Cumberland Hill,New Catalina,Coffee,Belfry Heights,8206.6,172,CONFIRMED_FROM_VIDEO,CONFIRMED_FROM_VIDEO,Screen Recording 2026-08-16 223317.mp4,pooled_even_odd_wide,6,1
Cumberland Hill,New Catalina,Coffee,Bucket Bay,7510.5,163,CONFIRMED_FROM_VIDEO,CONFIRMED_FROM_VIDEO,Screen Recording 2026-08-16 223317.mp4,pooled_even_odd_wide,6,1
Cumberland Hill,New Catalina,Coffee,Caledonia,4133.3,119,CONFIRMED_FROM_VIDEO,CONFIRMED_FROM_VIDEO,Screen Recording 2026-08-16 223317.mp4,pooled_even_odd_wide,6,1
Cumberland Hill,New Catalina,Coffee,Castle Landing,3107.9,105,CONFIRMED_FROM_VIDEO,CONFIRMED_FROM_VIDEO,Screen Recording 2026-08-16 223317.mp4,pooled_even_odd_wide,4,1
Cumberland Hill,New Catalina,Coffee,Caveira,17164.6,288,CONFIRMED_FROM_VIDEO,CONFIRMED_FROM_VIDEO,Screen Recording 2026-08-16 223317.mp4,pooled_even_odd_wide,4,2
Cumberland Hill,New Catalina,Coffee,Caye Tiburon,7394.5,161,CONFIRMED_FROM_VIDEO,CONFIRMED_FROM_VIDEO,Screen Recording 2026-08-16 223317.mp4,pooled_even_odd_wide,6,1
Cumberland Hill,New Catalina,Coffee,Crownstead,9488.9,188,CONFIRMED_FROM_VIDEO,CONFIRMED_FROM_VIDEO,Screen Recording 2026-08-16 223317.mp4,pooled_even_odd_wide,6,1
Cumberland Hill,New Catalina,Coffee,Deadman's Murcia,4950.6,129,CONFIRMED_FROM_VIDEO,CONFIRMED_FROM_VIDEO,Screen Recording 2026-08-16 223317.mp4,pooled_even_odd_wide,5,1
Cumberland Hill,New Catalina,Coffee,Fair Harbour,6697.3,152,CONFIRMED_FROM_VIDEO,CONFIRMED_FROM_VIDEO,Screen Recording 2026-08-16 223317.mp4,pooled_even_odd_wide,9,2
Cumberland Hill,New Catalina,Coffee,Falmouth,11517.5,215,CONFIRMED_FROM_VIDEO,CONFIRMED_FROM_VIDEO,Screen Recording 2026-08-16 223317.mp4,pooled_even_odd_wide,4,2
Cumberland Hill,New Catalina,Coffee,Gyldenvale,9606.0,190,CONFIRMED_FROM_VIDEO,CONFIRMED_FROM_VIDEO,Screen Recording 2026-08-16 223317.mp4,pooled_even_odd_wide,6,1
Cumberland Hill,New Catalina,Coffee,Jones' Outpost,984.8,78,CONFIRMED_FROM_VIDEO,CONFIRMED_FROM_VIDEO,Screen Recording 2026-08-16 223317.mp4,pooled_even_odd_wide,4,1
Cumberland Hill,New Catalina,Coffee,Kandlerova,15145.4,262,CONFIRMED_FROM_VIDEO,CONFIRMED_FROM_VIDEO,Screen Recording 2026-08-16 223317.mp4,pooled_even_odd_wide,4,2
Cumberland Hill,New Catalina,Coffee,La Povenglia,12098.7,222,CONFIRMED_FROM_VIDEO,CONFIRMED_FROM_VIDEO,Screen Recording 2026-08-16 223317.mp4,pooled_even_odd_wide,4,2
Cumberland Hill,New Catalina,Coffee,Lebarde,4773.3,127,CONFIRMED_FROM_VIDEO,CONFIRMED_FROM_VIDEO,Screen Recording 2026-08-16 223317.mp4,pooled_even_odd_wide,9,1
Cumberland Hill,New Catalina,Coffee,Lord Irving's Sacrifice,10425.6,201,CONFIRMED_FROM_VIDEO,CONFIRMED_FROM_VIDEO,Screen Recording 2026-08-16 223317.mp4,pooled_even_odd_wide,6,2
Cumberland Hill,New Catalina,Coffee,Louisbourg,12044.4,222,CONFIRMED_FROM_VIDEO,CONFIRMED_FROM_VIDEO,Screen Recording 2026-08-16 223317.mp4,pooled_even_odd_wide,4,2
Cumberland Hill,New Catalina,Coffee,Madalena,18969.0,312,CONFIRMED_FROM_VIDEO,CONFIRMED_FROM_VIDEO,Screen Recording 2026-08-16 223317.mp4,pooled_even_odd_wide,6,1
Cumberland Hill,New Catalina,Coffee,Mako's Outlook,10243.6,198,CONFIRMED_FROM_VIDEO,CONFIRMED_FROM_VIDEO,Screen Recording 2026-08-16 223317.mp4,pooled_even_odd_wide,4,2
Cumberland Hill,New Catalina,Coffee,Matthew's Rest,8313.6,173,CONFIRMED_FROM_VIDEO,CONFIRMED_FROM_VIDEO,Screen Recording 2026-08-16 223317.mp4,pooled_even_odd_wide,3,2
Cumberland Hill,New Catalina,Coffee,Maurepas,11228.1,211,CONFIRMED_FROM_VIDEO,CONFIRMED_FROM_VIDEO,Screen Recording 2026-08-16 223317.mp4,pooled_even_odd_wide,8,2
Cumberland Hill,New Catalina,Coffee,New Brighton,5912.6,142,CONFIRMED_FROM_VIDEO,CONFIRMED_FROM_VIDEO,Screen Recording 2026-08-16 223317.mp4,pooled_even_odd_wide,6,1
Cumberland Hill,New Catalina,Coffee,New Catalina,554.4,72,CONFIRMED_FROM_VIDEO,CONFIRMED_FROM_VIDEO,Screen Recording 2026-08-16 223317.mp4,pooled_even_odd_wide,4,1
Cumberland Hill,New Catalina,Coffee,Pachard Town,9067.7,183,CONFIRMED_FROM_VIDEO,CONFIRMED_FROM_VIDEO,Screen Recording 2026-08-16 223317.mp4,pooled_even_odd_wide,6,1
Cumberland Hill,New Catalina,Coffee,Peter's Cove,8010.9,169,CONFIRMED_FROM_VIDEO,CONFIRMED_FROM_VIDEO,Screen Recording 2026-08-16 223317.mp4,pooled_even_odd_wide,6,2
Cumberland Hill,New Catalina,Coffee,Petit Anvers,12552.3,228,CONFIRMED_FROM_VIDEO,CONFIRMED_FROM_VIDEO,Screen Recording 2026-08-16 223317.mp4,pooled_even_odd_wide,2,2
Cumberland Hill,New Catalina,Coffee,Poblado de San Juan,16452.8,279,CONFIRMED_FROM_VIDEO,CONFIRMED_FROM_VIDEO,Screen Recording 2026-08-16 223317.mp4,pooled_even_odd_wide,4,2
Cumberland Hill,New Catalina,Coffee,Point Rocheux,11152.4,210,CONFIRMED_FROM_VIDEO,CONFIRMED_FROM_VIDEO,Screen Recording 2026-08-16 223317.mp4,pooled_even_odd_wide,8,2
Cumberland Hill,New Catalina,Coffee,Ponta Delgada,18572.2,306,CONFIRMED_FROM_VIDEO,CONFIRMED_FROM_VIDEO,Screen Recording 2026-08-16 223317.mp4,pooled_even_odd_wide,4,2
Cumberland Hill,New Catalina,Coffee,Port Antonio,12504.4,228,CONFIRMED_FROM_VIDEO,CONFIRMED_FROM_VIDEO,Screen Recording 2026-08-16 223317.mp4,pooled_even_odd_wide,2,2
Cumberland Hill,New Catalina,Coffee,Port Louis,7067.7,157,CONFIRMED_FROM_VIDEO,CONFIRMED_FROM_VIDEO,Screen Recording 2026-08-16 223317.mp4,pooled_even_odd_wide,8,1
Cumberland Hill,New Catalina,Coffee,Port Royal,11217.8,211,CONFIRMED_FROM_VIDEO,CONFIRMED_FROM_VIDEO,Screen Recording 2026-08-16 223317.mp4,pooled_even_odd_wide,6,2
Cumberland Hill,New Catalina,Coffee,Port-Au-Croix,10105.4,196,CONFIRMED_FROM_VIDEO,CONFIRMED_FROM_VIDEO,Screen Recording 2026-08-16 223317.mp4,pooled_even_odd_wide,1,3
Cumberland Hill,New Catalina,Coffee,Princeton,3827.1,115,CONFIRMED_FROM_VIDEO,CONFIRMED_FROM_VIDEO,Screen Recording 2026-08-16 223317.mp4,pooled_even_odd_wide,6,1
Cumberland Hill,New Catalina,Coffee,Puerto de San Fernando,14969.9,260,CONFIRMED_FROM_VIDEO,CONFIRMED_FROM_VIDEO,Screen Recording 2026-08-16 223317.mp4,pooled_even_odd_wide,4,2
Cumberland Hill,New Catalina,Coffee,Saint Vincent,5156.4,132,CONFIRMED_FROM_VIDEO,CONFIRMED_FROM_VIDEO,Screen Recording 2026-08-16 223317.mp4,pooled_even_odd_wide,5,1
Cumberland Hill,New Catalina,Coffee,Saint-Nicholas,7809.5,167,CONFIRMED_FROM_VIDEO,CONFIRMED_FROM_VIDEO,Screen Recording 2026-08-16 223317.mp4,pooled_even_odd_wide,7,1
Cumberland Hill,New Catalina,Coffee,Sainte Rose,13225.6,237,CONFIRMED_FROM_VIDEO,CONFIRMED_FROM_VIDEO,Screen Recording 2026-08-16 223317.mp4,pooled_even_odd_wide,2,2
Cumberland Hill,New Catalina,Coffee,San Polo,4210.9,250,CONFIRMED_FROM_VIDEO,CONFIRMED_FROM_VIDEO,Screen Recording 2026-08-16 223317.mp4,pooled_even_odd_wide,1,3
Cumberland Hill,New Catalina,Coffee,San Salvador,15612.7,268,CONFIRMED_FROM_VIDEO,CONFIRMED_FROM_VIDEO,Screen Recording 2026-08-16 223317.mp4,pooled_even_odd_wide,4,2
Cumberland Hill,New Catalina,Coffee,San Vito,11516.6,215,CONFIRMED_FROM_VIDEO,CONFIRMED_FROM_VIDEO,Screen Recording 2026-08-16 223317.mp4,pooled_even_odd_wide,4,2
Cumberland Hill,New Catalina,Coffee,Sandy Settlement,8198.5,172,CONFIRMED_FROM_VIDEO,CONFIRMED_FROM_VIDEO,Screen Recording 2026-08-16 223317.mp4,pooled_even_odd_wide,6,1
Cumberland Hill,New Catalina,Coffee,Santa Maria,15993.8,273,CONFIRMED_FROM_VIDEO,CONFIRMED_FROM_VIDEO,Screen Recording 2026-08-16 223317.mp4,pooled_even_odd_wide,4,2
Cumberland Hill,New Catalina,Coffee,Sao Bento,17784.5,296,CONFIRMED_FROM_VIDEO,CONFIRMED_FROM_VIDEO,Screen Recording 2026-08-16 223317.mp4,pooled_even_odd_wide,4,2
Cumberland Hill,New Catalina,Coffee,Snake Prosper,4215.2,120,CONFIRMED_FROM_VIDEO,CONFIRMED_FROM_VIDEO,Screen Recording 2026-08-16 223317.mp4,pooled_even_odd_wide,6,1
Cumberland Hill,New Catalina,Coffee,Sugar Cove,1099.3,79,CONFIRMED_FROM_VIDEO,CONFIRMED_FROM_VIDEO,Screen Recording 2026-08-16 223317.mp4,pooled_even_odd_wide,4,1
Cumberland Hill,New Catalina,Coffee,Taylor's Town,6319.9,147,CONFIRMED_FROM_VIDEO,CONFIRMED_FROM_VIDEO,Screen Recording 2026-08-16 223317.mp4,pooled_even_odd_wide,6,1
Cumberland Hill,New Catalina,Coffee,Theresa,12775.7,231,CONFIRMED_FROM_VIDEO,CONFIRMED_FROM_VIDEO,Screen Recording 2026-08-16 223317.mp4,pooled_even_odd_wide,2,2
Cumberland Hill,New Catalina,Coffee,Thresher Point,7342.8,160,CONFIRMED_FROM_VIDEO,CONFIRMED_FROM_VIDEO,Screen Recording 2026-08-16 223317.mp4,pooled_even_odd_wide,6,1
Cumberland Hill,New Catalina,Coffee,Venta Nueva,14294.7,251,CONFIRMED_FROM_VIDEO,CONFIRMED_FROM_VIDEO,Screen Recording 2026-08-16 223317.mp4,pooled_even_odd_wide,4,2
Cumberland Hill,New Catalina,Coffee,Villarreal Del Mar,2993.2,234,CONFIRMED_FROM_VIDEO,CONFIRMED_FROM_VIDEO,Screen Recording 2026-08-16 223317.mp4,pooled_even_odd_wide,4,1
Cumberland Hill,New Catalina,Coffee,White Hook,4521.5,124,CONFIRMED_FROM_VIDEO,CONFIRMED_FROM_VIDEO,Screen Recording 2026-08-16 223317.mp4,pooled_even_odd_wide,9,1
Cumberland Hill,New Catalina,Coffee,Wyntergard,8432.5,175,CONFIRMED_FROM_VIDEO,CONFIRMED_FROM_VIDEO,Screen Recording 2026-08-16 223317.mp4,pooled_even_odd_wide,4,1
Cumberland Hill,New Catalina,Coffee,Yorinobu's Settlement,6402.0,148,CONFIRMED_FROM_VIDEO,CONFIRMED_FROM_VIDEO,Screen Recording 2026-08-16 223317.mp4,pooled_even_odd_wide,3,2
Deadman's Murcia,East Somerset,Oranges,Al-Jazair,3351.1,142,CONFIRMED_FROM_VIDEO,CONFIRMED_FROM_VIDEO,Screen Recording 2026-08-16 223317.mp4,pooled_even_odd_wide,7,1
Deadman's Murcia,East Somerset,Oranges,Ashbourne,4213.4,157,CONFIRMED_FROM_VIDEO,CONFIRMED_FROM_VIDEO,Screen Recording 2026-08-16 223317.mp4,pooled_even_odd_wide,10,1
Deadman's Murcia,East Somerset,Oranges,Belfry Heights,9207.7,242,CONFIRMED_FROM_VIDEO,CONFIRMED_FROM_VIDEO,Screen Recording 2026-08-16 223317.mp4,pooled_even_odd_wide,3,1
Deadman's Murcia,East Somerset,Oranges,Bucket Bay,4365.0,159,CONFIRMED_FROM_VIDEO,CONFIRMED_FROM_VIDEO,Screen Recording 2026-08-16 223317.mp4,pooled_even_odd_wide,4,1
Deadman's Murcia,East Somerset,Oranges,Caledonia,817.3,99,CONFIRMED_FROM_VIDEO,CONFIRMED_FROM_VIDEO,Screen Recording 2026-08-16 223317.mp4,pooled_even_odd_wide,6,1
Deadman's Murcia,East Somerset,Oranges,Castle Landing,5922.5,186,CONFIRMED_FROM_VIDEO,CONFIRMED_FROM_VIDEO,Screen Recording 2026-08-16 223317.mp4,pooled_even_odd_wide,6,1
Deadman's Murcia,East Somerset,Oranges,Caveira,14846.5,337,CONFIRMED_FROM_VIDEO,CONFIRMED_FROM_VIDEO,Screen Recording 2026-08-16 223317.mp4,pooled_even_odd_wide,6,2
Deadman's Murcia,East Somerset,Oranges,Caye Tiburon,7736.1,217,CONFIRMED_FROM_VIDEO,CONFIRMED_FROM_VIDEO,Screen Recording 2026-08-16 223317.mp4,pooled_even_odd_wide,8,1
Deadman's Murcia,East Somerset,Oranges,Crownstead,4785.3,166,CONFIRMED_FROM_VIDEO,CONFIRMED_FROM_VIDEO,Screen Recording 2026-08-16 223317.mp4,pooled_even_odd_wide,6,1
Deadman's Murcia,East Somerset,Oranges,Cumberland Hill,4950.6,169,CONFIRMED_FROM_VIDEO,CONFIRMED_FROM_VIDEO,Screen Recording 2026-08-16 223317.mp4,pooled_even_odd_wide,5,2
Deadman's Murcia,East Somerset,Oranges,Fair Harbour,3057.5,137,CONFIRMED_FROM_VIDEO,CONFIRMED_FROM_VIDEO,Screen Recording 2026-08-16 223317.mp4,pooled_even_odd_wide,7,1
Deadman's Murcia,East Somerset,Oranges,Falmouth,9554.2,247,CONFIRMED_FROM_VIDEO,CONFIRMED_FROM_VIDEO,Screen Recording 2026-08-16 223317.mp4,pooled_even_odd_wide,4,1
Deadman's Murcia,East Somerset,Oranges,Gyldenvale,4686.6,165,CONFIRMED_FROM_VIDEO,CONFIRMED_FROM_VIDEO,Screen Recording 2026-08-16 223317.mp4,pooled_even_odd_wide,4,1
Deadman's Murcia,East Somerset,Oranges,Jones' Outpost,4126.3,155,CONFIRMED_FROM_VIDEO,CONFIRMED_FROM_VIDEO,Screen Recording 2026-08-16 223317.mp4,pooled_even_odd_wide,10,1
Deadman's Murcia,East Somerset,Oranges,Kandlerova,16428.5,364,CONFIRMED_FROM_VIDEO,CONFIRMED_FROM_VIDEO,Screen Recording 2026-08-16 223317.mp4,pooled_even_odd_wide,2,2
Deadman's Murcia,East Somerset,Oranges,La Povenglia,13656.5,317,CONFIRMED_FROM_VIDEO,CONFIRMED_FROM_VIDEO,Screen Recording 2026-08-16 223317.mp4,pooled_even_odd_wide,6,2
Deadman's Murcia,East Somerset,Oranges,Lebarde,6725.5,199,CONFIRMED_FROM_VIDEO,CONFIRMED_FROM_VIDEO,Screen Recording 2026-08-16 223317.mp4,pooled_even_odd_wide,8,1
Deadman's Murcia,East Somerset,Oranges,Lord Irving's Sacrifice,10507.3,264,CONFIRMED_FROM_VIDEO,CONFIRMED_FROM_VIDEO,Screen Recording 2026-08-16 223317.mp4,pooled_even_odd_wide,2,2
Deadman's Murcia,East Somerset,Oranges,Louisbourg,8012.3,221,CONFIRMED_FROM_VIDEO,CONFIRMED_FROM_VIDEO,Screen Recording 2026-08-16 223317.mp4,pooled_even_odd_wide,5,1
Deadman's Murcia,East Somerset,Oranges,Madalena,16409.4,364,CONFIRMED_FROM_VIDEO,CONFIRMED_FROM_VIDEO,Screen Recording 2026-08-16 223317.mp4,pooled_even_odd_wide,2,2
Deadman's Murcia,East Somerset,Oranges,Mako's Outlook,10690.0,267,CONFIRMED_FROM_VIDEO,CONFIRMED_FROM_VIDEO,Screen Recording 2026-08-16 223317.mp4,pooled_even_odd_wide,7,1
Deadman's Murcia,East Somerset,Oranges,Matthew's Rest,5248.1,174,CONFIRMED_FROM_VIDEO,CONFIRMED_FROM_VIDEO,Screen Recording 2026-08-16 223317.mp4,pooled_even_odd_wide,9,1
Deadman's Murcia,East Somerset,Oranges,Maurepas,7336.1,210,CONFIRMED_FROM_VIDEO,CONFIRMED_FROM_VIDEO,Screen Recording 2026-08-16 223317.mp4,pooled_even_odd_wide,7,1
Deadman's Murcia,East Somerset,Oranges,New Brighton,4804.1,167,CONFIRMED_FROM_VIDEO,CONFIRMED_FROM_VIDEO,Screen Recording 2026-08-16 223317.mp4,pooled_even_odd_wide,5,1
Deadman's Murcia,East Somerset,Oranges,New Catalina,5338.4,176,CONFIRMED_FROM_VIDEO,CONFIRMED_FROM_VIDEO,Screen Recording 2026-08-16 223317.mp4,pooled_even_odd_wide,6,1
Deadman's Murcia,East Somerset,Oranges,Pachard Town,6250.0,191,CONFIRMED_FROM_VIDEO,CONFIRMED_FROM_VIDEO,Screen Recording 2026-08-16 223317.mp4,pooled_even_odd_wide,8,1
Deadman's Murcia,East Somerset,Oranges,Peter's Cove,10473.4,263,CONFIRMED_FROM_VIDEO,CONFIRMED_FROM_VIDEO,Screen Recording 2026-08-16 223317.mp4,pooled_even_odd_wide,2,2
Deadman's Murcia,East Somerset,Oranges,Petit Anvers,8120.9,223,CONFIRMED_FROM_VIDEO,CONFIRMED_FROM_VIDEO,Screen Recording 2026-08-16 223317.mp4,pooled_even_odd_wide,5,1
Deadman's Murcia,East Somerset,Oranges,Poblado de San Juan,15374.9,346,CONFIRMED_FROM_VIDEO,CONFIRMED_FROM_VIDEO,Screen Recording 2026-08-16 223317.mp4,pooled_even_odd_wide,2,2
Deadman's Murcia,East Somerset,Oranges,Point Rocheux,8275.7,226,CONFIRMED_FROM_VIDEO,CONFIRMED_FROM_VIDEO,Screen Recording 2026-08-16 223317.mp4,pooled_even_odd_wide,5,1
Deadman's Murcia,East Somerset,Oranges,Ponta Delgada,15340.2,346,CONFIRMED_FROM_VIDEO,CONFIRMED_FROM_VIDEO,Screen Recording 2026-08-16 223317.mp4,pooled_even_odd_wide,4,2
Deadman's Murcia,East Somerset,Oranges,Port Antonio,10663.4,266,CONFIRMED_FROM_VIDEO,CONFIRMED_FROM_VIDEO,Screen Recording 2026-08-16 223317.mp4,pooled_even_odd_wide,1,1
Deadman's Murcia,East Somerset,Oranges,Port Louis,2879.2,134,CONFIRMED_FROM_VIDEO,CONFIRMED_FROM_VIDEO,Screen Recording 2026-08-16 223317.mp4,pooled_even_odd_wide,6,1
Deadman's Murcia,East Somerset,Oranges,Port Royal,10361.5,261,CONFIRMED_FROM_VIDEO,CONFIRMED_FROM_VIDEO,Screen Recording 2026-08-16 223317.mp4,pooled_even_odd_wide,4,2
Deadman's Murcia,East Somerset,Oranges,Port-Au-Croix,7213.1,208,CONFIRMED_FROM_VIDEO,CONFIRMED_FROM_VIDEO,Screen Recording 2026-08-16 223317.mp4,pooled_even_odd_wide,6,1
Deadman's Murcia,East Somerset,Oranges,Princeton,4904.8,168,CONFIRMED_FROM_VIDEO,CONFIRMED_FROM_VIDEO,Screen Recording 2026-08-16 223317.mp4,pooled_even_odd_wide,5,1
Deadman's Murcia,East Somerset,Oranges,Puerto de San Fernando,13334.5,312,CONFIRMED_FROM_VIDEO,CONFIRMED_FROM_VIDEO,Screen Recording 2026-08-16 223317.mp4,pooled_even_odd_wide,4,2
Deadman's Murcia,East Somerset,Oranges,Saint Vincent,2290.9,124,CONFIRMED_FROM_VIDEO,CONFIRMED_FROM_VIDEO,Screen Recording 2026-08-16 223317.mp4,pooled_even_odd_wide,6,1
Deadman's Murcia,East Somerset,Oranges,Saint-Nicholas,10926.1,271,CONFIRMED_FROM_VIDEO,CONFIRMED_FROM_VIDEO,Screen Recording 2026-08-16 223317.mp4,pooled_even_odd_wide,4,2
Deadman's Murcia,East Somerset,Oranges,Sainte Rose,9131.1,240,CONFIRMED_FROM_VIDEO,CONFIRMED_FROM_VIDEO,Screen Recording 2026-08-16 223317.mp4,pooled_even_odd_wide,5,1
Deadman's Murcia,East Somerset,Oranges,San Polo,15512.1,349,CONFIRMED_FROM_VIDEO,CONFIRMED_FROM_VIDEO,Screen Recording 2026-08-16 223317.mp4,pooled_even_odd_wide,2,2
Deadman's Murcia,East Somerset,Oranges,San Salvador,15241.4,344,CONFIRMED_FROM_VIDEO,CONFIRMED_FROM_VIDEO,Screen Recording 2026-08-16 223317.mp4,pooled_even_odd_wide,4,2
Deadman's Murcia,East Somerset,Oranges,San Vito,12506.6,298,CONFIRMED_FROM_VIDEO,CONFIRMED_FROM_VIDEO,Screen Recording 2026-08-16 223317.mp4,pooled_even_odd_wide,2,2
Deadman's Murcia,East Somerset,Oranges,Sandy Settlement,1126.1,274,CONFIRMED_FROM_VIDEO,CONFIRMED_FROM_VIDEO,Screen Recording 2026-08-16 223317.mp4,pooled_even_odd_wide,6,2
Deadman's Murcia,East Somerset,Oranges,Santa Maria,14975.4,340,CONFIRMED_FROM_VIDEO,CONFIRMED_FROM_VIDEO,Screen Recording 2026-08-16 223317.mp4,pooled_even_odd_wide,6,2
Deadman's Murcia,East Somerset,Oranges,Sao Bento,14970.0,339,CONFIRMED_FROM_VIDEO,CONFIRMED_FROM_VIDEO,Screen Recording 2026-08-16 223317.mp4,pooled_even_odd_wide,9,1
Deadman's Murcia,East Somerset,Oranges,Snake Prosper,852.5,99,CONFIRMED_FROM_VIDEO,CONFIRMED_FROM_VIDEO,Screen Recording 2026-08-16 223317.mp4,pooled_even_odd_wide,6,1
Deadman's Murcia,East Somerset,Oranges,Sugar Cove,6009.9,187,CONFIRMED_FROM_VIDEO,CONFIRMED_FROM_VIDEO,Screen Recording 2026-08-16 223317.mp4,pooled_even_odd_wide,6,1
Deadman's Murcia,East Somerset,Oranges,Taylor's Town,9702.5,250,CONFIRMED_FROM_VIDEO,CONFIRMED_FROM_VIDEO,Screen Recording 2026-08-16 223317.mp4,pooled_even_odd_wide,6,1
Deadman's Murcia,East Somerset,Oranges,Theresa,11341.7,278,CONFIRMED_FROM_VIDEO,CONFIRMED_FROM_VIDEO,Screen Recording 2026-08-16 223317.mp4,pooled_even_odd_wide,4,2
Deadman's Murcia,East Somerset,Oranges,Thresher Point,8497.7,229,CONFIRMED_FROM_VIDEO,CONFIRMED_FROM_VIDEO,Screen Recording 2026-08-16 223317.mp4,pooled_even_odd_wide,5,1
Deadman's Murcia,East Somerset,Oranges,Venta Nueva,11655.1,283,CONFIRMED_FROM_VIDEO,CONFIRMED_FROM_VIDEO,Screen Recording 2026-08-16 223317.mp4,pooled_even_odd_wide,2,2
Deadman's Murcia,East Somerset,Oranges,Villarreal Del Mar,10504.1,264,CONFIRMED_FROM_VIDEO,CONFIRMED_FROM_VIDEO,Screen Recording 2026-08-16 223317.mp4,pooled_even_odd_wide,1,2
Deadman's Murcia,East Somerset,Oranges,White Hook,930.4,101,CONFIRMED_FROM_VIDEO,CONFIRMED_FROM_VIDEO,Screen Recording 2026-08-16 223317.mp4,pooled_even_odd_wide,6,1
Deadman's Murcia,East Somerset,Oranges,Wyntergard,3603.2,146,CONFIRMED_FROM_VIDEO,CONFIRMED_FROM_VIDEO,Screen Recording 2026-08-16 223317.mp4,pooled_even_odd_wide,7,1
Deadman's Murcia,East Somerset,Oranges,Yorinobu's Settlement,4343.5,159,CONFIRMED_FROM_VIDEO,CONFIRMED_FROM_VIDEO,Screen Recording 2026-08-16 223317.mp4,pooled_even_odd_wide,4,1
Falmouth,Kingston,Sugar,Al-Jazair,7173.9,146,CONFIRMED_FROM_VIDEO,CONFIRMED_FROM_VIDEO,Screen Recording 2026-08-16 223317.mp4,pooled_even_odd_wide,6,1
Falmouth,Kingston,Sugar,Ashbourne,7316.7,148,CONFIRMED_FROM_VIDEO,CONFIRMED_FROM_VIDEO,Screen Recording 2026-08-16 223317.mp4,pooled_even_odd_wide,6,1
Falmouth,Kingston,Sugar,Belfry Heights,6064.2,133,CONFIRMED_FROM_VIDEO,CONFIRMED_FROM_VIDEO,Screen Recording 2026-08-16 223317.mp4,pooled_even_odd_wide,5,1
Falmouth,Kingston,Sugar,Bucket Bay,5249.2,123,CONFIRMED_FROM_VIDEO,CONFIRMED_FROM_VIDEO,Screen Recording 2026-08-16 223317.mp4,pooled_even_odd_wide,6,1
Falmouth,Kingston,Sugar,Caledonia,9726.5,177,CONFIRMED_FROM_VIDEO,CONFIRMED_FROM_VIDEO,Screen Recording 2026-08-16 223317.mp4,pooled_even_odd_wide,16,1
Falmouth,Kingston,Sugar,Castle Landing,9226.1,171,CONFIRMED_FROM_VIDEO,CONFIRMED_FROM_VIDEO,Screen Recording 2026-08-16 223317.mp4,pooled_even_odd_wide,9,1
Falmouth,Kingston,Sugar,Caveira,5647.4,128,CONFIRMED_FROM_VIDEO,CONFIRMED_FROM_VIDEO,Screen Recording 2026-08-16 223317.mp4,pooled_even_odd_wide,6,1
Falmouth,Kingston,Sugar,Caye Tiburon,5219.5,123,CONFIRMED_FROM_VIDEO,CONFIRMED_FROM_VIDEO,Screen Recording 2026-08-16 223317.mp4,pooled_even_odd_wide,4,1
Falmouth,Kingston,Sugar,Crownstead,7762.6,153,CONFIRMED_FROM_VIDEO,CONFIRMED_FROM_VIDEO,Screen Recording 2026-08-16 223317.mp4,pooled_even_odd_wide,8,1
Falmouth,Kingston,Sugar,Cumberland Hill,11517.5,198,CONFIRMED_FROM_VIDEO,CONFIRMED_FROM_VIDEO,Screen Recording 2026-08-16 223317.mp4,pooled_even_odd_wide,3,2
Falmouth,Kingston,Sugar,Deadman's Murcia,9554.2,175,CONFIRMED_FROM_VIDEO,CONFIRMED_FROM_VIDEO,Screen Recording 2026-08-16 223317.mp4,pooled_even_odd_wide,7,1
Falmouth,Kingston,Sugar,Fair Harbour,6579.3,139,CONFIRMED_FROM_VIDEO,CONFIRMED_FROM_VIDEO,Screen Recording 2026-08-16 223317.mp4,pooled_even_odd_wide,6,1
Falmouth,Kingston,Sugar,Gyldenvale,9130.6,170,CONFIRMED_FROM_VIDEO,CONFIRMED_FROM_VIDEO,Screen Recording 2026-08-16 223317.mp4,pooled_even_odd_wide,9,1
Falmouth,Kingston,Sugar,Jones' Outpost,10631.5,188,CONFIRMED_FROM_VIDEO,CONFIRMED_FROM_VIDEO,Screen Recording 2026-08-16 223317.mp4,pooled_even_odd_wide,6,2
Falmouth,Kingston,Sugar,Kandlerova,10019.9,180,CONFIRMED_FROM_VIDEO,CONFIRMED_FROM_VIDEO,Screen Recording 2026-08-16 223317.mp4,pooled_even_odd_wide,3,1
Falmouth,Kingston,Sugar,La Povenglia,8629.5,164,CONFIRMED_FROM_VIDEO,CONFIRMED_FROM_VIDEO,Screen Recording 2026-08-16 223317.mp4,pooled_even_odd_wide,9,1
Falmouth,Kingston,Sugar,Lebarde,7937.4,155,CONFIRMED_FROM_VIDEO,CONFIRMED_FROM_VIDEO,Screen Recording 2026-08-16 223317.mp4,pooled_even_odd_wide,12,1
Falmouth,Kingston,Sugar,Lord Irving's Sacrifice,4417.9,113,CONFIRMED_FROM_VIDEO,CONFIRMED_FROM_VIDEO,Screen Recording 2026-08-16 223317.mp4,pooled_even_odd_wide,5,1
Falmouth,Kingston,Sugar,Louisbourg,5483.8,126,CONFIRMED_FROM_VIDEO,CONFIRMED_FROM_VIDEO,Screen Recording 2026-08-16 223317.mp4,pooled_even_odd_wide,4,2
Falmouth,Kingston,Sugar,Madalena,7479.2,150,CONFIRMED_FROM_VIDEO,CONFIRMED_FROM_VIDEO,Screen Recording 2026-08-16 223317.mp4,pooled_even_odd_wide,8,1
Falmouth,Kingston,Sugar,Mako's Outlook,5173.5,122,CONFIRMED_FROM_VIDEO,CONFIRMED_FROM_VIDEO,Screen Recording 2026-08-16 223317.mp4,pooled_even_odd_wide,3,1
Falmouth,Kingston,Sugar,Matthew's Rest,4444.3,113,CONFIRMED_FROM_VIDEO,CONFIRMED_FROM_VIDEO,Screen Recording 2026-08-16 223317.mp4,pooled_even_odd_wide,5,2
Falmouth,Kingston,Sugar,Maurepas,4972.3,120,CONFIRMED_FROM_VIDEO,CONFIRMED_FROM_VIDEO,Screen Recording 2026-08-16 223317.mp4,pooled_even_odd_wide,3,1
Falmouth,Kingston,Sugar,New Brighton,5623.1,127,CONFIRMED_FROM_VIDEO,CONFIRMED_FROM_VIDEO,Screen Recording 2026-08-16 223317.mp4,pooled_even_odd_wide,4,1
Falmouth,Kingston,Sugar,New Catalina,11409.6,197,CONFIRMED_FROM_VIDEO,CONFIRMED_FROM_VIDEO,Screen Recording 2026-08-16 223317.mp4,pooled_even_odd_wide,6,2
Falmouth,Kingston,Sugar,Pachard Town,3446.7,101,CONFIRMED_FROM_VIDEO,CONFIRMED_FROM_VIDEO,Screen Recording 2026-08-16 223317.mp4,pooled_even_odd_wide,7,2
Falmouth,Kingston,Sugar,Peter's Cove,8934.0,167,CONFIRMED_FROM_VIDEO,CONFIRMED_FROM_VIDEO,Screen Recording 2026-08-16 223317.mp4,pooled_even_odd_wide,9,1
Falmouth,Kingston,Sugar,Petit Anvers,7073.1,145,CONFIRMED_FROM_VIDEO,CONFIRMED_FROM_VIDEO,Screen Recording 2026-08-16 223317.mp4,pooled_even_odd_wide,5,1
Falmouth,Kingston,Sugar,Poblado de San Juan,5984.3,132,CONFIRMED_FROM_VIDEO,CONFIRMED_FROM_VIDEO,Screen Recording 2026-08-16 223317.mp4,pooled_even_odd_wide,2,4
Falmouth,Kingston,Sugar,Point Rocheux,2288.2,87,CONFIRMED_FROM_VIDEO,CONFIRMED_FROM_VIDEO,Screen Recording 2026-08-16 223317.mp4,pooled_even_odd_wide,5,2
Falmouth,Kingston,Sugar,Ponta Delgada,7643.3,152,CONFIRMED_FROM_VIDEO,CONFIRMED_FROM_VIDEO,Screen Recording 2026-08-16 223317.mp4,pooled_even_odd_wide,8,1
Falmouth,Kingston,Sugar,Port Antonio,1111.1,73,CONFIRMED_FROM_VIDEO,CONFIRMED_FROM_VIDEO,Screen Recording 2026-08-16 223317.mp4,pooled_even_odd_wide,3,1
Falmouth,Kingston,Sugar,Port Louis,7101.7,145,CONFIRMED_FROM_VIDEO,CONFIRMED_FROM_VIDEO,Screen Recording 2026-08-16 223317.mp4,pooled_even_odd_wide,4,1
Falmouth,Kingston,Sugar,Port Royal,2496.4,90,CONFIRMED_FROM_VIDEO,CONFIRMED_FROM_VIDEO,Screen Recording 2026-08-16 223317.mp4,pooled_even_odd_wide,8,1
Falmouth,Kingston,Sugar,Port-Au-Croix,2808.6,94,CONFIRMED_FROM_VIDEO,CONFIRMED_FROM_VIDEO,Screen Recording 2026-08-16 223317.mp4,pooled_even_odd_wide,8,1
Falmouth,Kingston,Sugar,Princeton,7810.7,154,CONFIRMED_FROM_VIDEO,CONFIRMED_FROM_VIDEO,Screen Recording 2026-08-16 223317.mp4,pooled_even_odd_wide,6,1
Falmouth,Kingston,Sugar,Puerto de San Fernando,3783.3,105,CONFIRMED_FROM_VIDEO,CONFIRMED_FROM_VIDEO,Screen Recording 2026-08-16 223317.mp4,pooled_even_odd_wide,8,1
Falmouth,Kingston,Sugar,Saint Vincent,7414.1,149,CONFIRMED_FROM_VIDEO,CONFIRMED_FROM_VIDEO,Screen Recording 2026-08-16 223317.mp4,pooled_even_odd_wide,6,1
Falmouth,Kingston,Sugar,Saint-Nicholas,10353.1,184,CONFIRMED_FROM_VIDEO,CONFIRMED_FROM_VIDEO,Screen Recording 2026-08-16 223317.mp4,pooled_even_odd_wide,6,2
Falmouth,Kingston,Sugar,Sainte Rose,6032.8,132,CONFIRMED_FROM_VIDEO,CONFIRMED_FROM_VIDEO,Screen Recording 2026-08-16 223317.mp4,pooled_even_odd_wide,6,1
Falmouth,Kingston,Sugar,San Polo,9370.2,172,CONFIRMED_FROM_VIDEO,CONFIRMED_FROM_VIDEO,Screen Recording 2026-08-16 223317.mp4,pooled_even_odd_wide,7,1
Falmouth,Kingston,Sugar,San Salvador,6524.5,138,CONFIRMED_FROM_VIDEO,CONFIRMED_FROM_VIDEO,Screen Recording 2026-08-16 223317.mp4,pooled_even_odd_wide,6,1
Falmouth,Kingston,Sugar,San Vito,6911.8,143,CONFIRMED_FROM_VIDEO,CONFIRMED_FROM_VIDEO,Screen Recording 2026-08-16 223317.mp4,pooled_even_odd_wide,6,1
Falmouth,Kingston,Sugar,Sandy Settlement,10067.3,181,CONFIRMED_FROM_VIDEO,CONFIRMED_FROM_VIDEO,Screen Recording 2026-08-16 223317.mp4,pooled_even_odd_wide,3,1
Falmouth,Kingston,Sugar,Santa Maria,5645.3,128,CONFIRMED_FROM_VIDEO,CONFIRMED_FROM_VIDEO,Screen Recording 2026-08-16 223317.mp4,pooled_even_odd_wide,6,1
Falmouth,Kingston,Sugar,Sao Bento,6456.5,137,CONFIRMED_FROM_VIDEO,CONFIRMED_FROM_VIDEO,Screen Recording 2026-08-16 223317.mp4,pooled_even_odd_wide,2,2
Falmouth,Kingston,Sugar,Snake Prosper,9333.0,172,CONFIRMED_FROM_VIDEO,CONFIRMED_FROM_VIDEO,Screen Recording 2026-08-16 223317.mp4,pooled_even_odd_wide,7,1
Falmouth,Kingston,Sugar,Sugar Cove,12406.6,209,CONFIRMED_FROM_VIDEO,CONFIRMED_FROM_VIDEO,Screen Recording 2026-08-16 223317.mp4,pooled_even_odd_wide,6,2
Falmouth,Kingston,Sugar,Taylor's Town,10387.1,185,CONFIRMED_FROM_VIDEO,CONFIRMED_FROM_VIDEO,Screen Recording 2026-08-16 223317.mp4,pooled_even_odd_wide,6,2
Falmouth,Kingston,Sugar,Theresa,2014.7,84,CONFIRMED_FROM_VIDEO,CONFIRMED_FROM_VIDEO,Screen Recording 2026-08-16 223317.mp4,pooled_even_odd_wide,3,2
Falmouth,Kingston,Sugar,Thresher Point,6376.4,137,CONFIRMED_FROM_VIDEO,CONFIRMED_FROM_VIDEO,Screen Recording 2026-08-16 223317.mp4,pooled_even_odd_wide,4,1
Falmouth,Kingston,Sugar,Venta Nueva,3065.0,97,CONFIRMED_FROM_VIDEO,CONFIRMED_FROM_VIDEO,Screen Recording 2026-08-16 223317.mp4,pooled_even_odd_wide,8,1
Falmouth,Kingston,Sugar,Villarreal Del Mar,1807.4,82,CONFIRMED_FROM_VIDEO,CONFIRMED_FROM_VIDEO,Screen Recording 2026-08-16 223317.mp4,pooled_even_odd_wide,6,1
Falmouth,Kingston,Sugar,White Hook,10422.3,185,CONFIRMED_FROM_VIDEO,CONFIRMED_FROM_VIDEO,Screen Recording 2026-08-16 223317.mp4,pooled_even_odd_wide,6,2
Falmouth,Kingston,Sugar,Wyntergard,8367.1,160,CONFIRMED_FROM_VIDEO,CONFIRMED_FROM_VIDEO,Screen Recording 2026-08-16 223317.mp4,pooled_even_odd_wide,13,1
Jones' Outpost,New Catalina,Salmon,Al-Jazair,3593.1,168,CONFIRMED_FROM_VIDEO,CONFIRMED_FROM_VIDEO,Screen Recording 2026-08-16 223317.mp4,pooled_even_odd_wide,7,1
Jones' Outpost,New Catalina,Salmon,Ashbourne,7833.1,250,CONFIRMED_FROM_VIDEO,CONFIRMED_FROM_VIDEO,Screen Recording 2026-08-16 223317.mp4,pooled_even_odd_wide,5,1
Jones' Outpost,New Catalina,Salmon,Belfry Heights,7685.6,247,CONFIRMED_FROM_VIDEO,CONFIRMED_FROM_VIDEO,Screen Recording 2026-08-16 223317.mp4,pooled_even_odd_wide,5,1
Jones' Outpost,New Catalina,Salmon,Bucket Bay,6528.2,225,CONFIRMED_FROM_VIDEO,CONFIRMED_FROM_VIDEO,Screen Recording 2026-08-16 223317.mp4,pooled_even_odd_wide,8,1
Jones' Outpost,New Catalina,Salmon,Caledonia,3315.2,162,CONFIRMED_FROM_VIDEO,CONFIRMED_FROM_VIDEO,Screen Recording 2026-08-16 223317.mp4,pooled_even_odd_wide,6,1
Jones' Outpost,New Catalina,Salmon,Castle Landing,2781.1,152,CONFIRMED_FROM_VIDEO,CONFIRMED_FROM_VIDEO,Screen Recording 2026-08-16 223317.mp4,pooled_even_odd_wide,6,1
Jones' Outpost,New Catalina,Salmon,Caveira,16274.2,415,CONFIRMED_FROM_VIDEO,CONFIRMED_FROM_VIDEO,Screen Recording 2026-08-16 223317.mp4,pooled_even_odd_wide,4,2
Jones' Outpost,New Catalina,Salmon,Caye Tiburon,6731.2,229,CONFIRMED_FROM_VIDEO,CONFIRMED_FROM_VIDEO,Screen Recording 2026-08-16 223317.mp4,pooled_even_odd_wide,6,1
Jones' Outpost,New Catalina,Salmon,Crownstead,8553.1,264,CONFIRMED_FROM_VIDEO,CONFIRMED_FROM_VIDEO,Screen Recording 2026-08-16 223317.mp4,even_odd,1,1
Jones' Outpost,New Catalina,Salmon,Cumberland Hill,984.8,117,CONFIRMED_FROM_VIDEO,CONFIRMED_FROM_VIDEO,Screen Recording 2026-08-16 223317.mp4,pooled_even_odd_wide,2,2
Jones' Outpost,New Catalina,Salmon,Deadman's Murcia,4126.3,178,CONFIRMED_FROM_VIDEO,CONFIRMED_FROM_VIDEO,Screen Recording 2026-08-16 223317.mp4,pooled_even_odd_wide,13,1
Jones' Outpost,New Catalina,Salmon,Fair Harbour,5716.5,209,CONFIRMED_FROM_VIDEO,CONFIRMED_FROM_VIDEO,Screen Recording 2026-08-16 223317.mp4,pooled_even_odd_wide,7,2
Jones' Outpost,New Catalina,Salmon,Falmouth,10631.5,305,CONFIRMED_FROM_VIDEO,CONFIRMED_FROM_VIDEO,Screen Recording 2026-08-16 223317.mp4,pooled_even_odd_wide,4,2
Jones' Outpost,New Catalina,Salmon,Gyldenvale,8726.9,268,CONFIRMED_FROM_VIDEO,CONFIRMED_FROM_VIDEO,Screen Recording 2026-08-16 223317.mp4,pooled_even_odd_wide,4,1
Jones' Outpost,New Catalina,Salmon,Kandlerova,14775.8,386,CONFIRMED_FROM_VIDEO,CONFIRMED_FROM_VIDEO,Screen Recording 2026-08-16 223317.mp4,pooled_even_odd_wide,4,2
Jones' Outpost,New Catalina,Salmon,La Povenglia,11758.3,327,CONFIRMED_FROM_VIDEO,CONFIRMED_FROM_VIDEO,Screen Recording 2026-08-16 223317.mp4,pooled_even_odd_wide,2,2
Jones' Outpost,New Catalina,Salmon,Lebarde,4326.1,182,CONFIRMED_FROM_VIDEO,CONFIRMED_FROM_VIDEO,Screen Recording 2026-08-16 223317.mp4,pooled_even_odd_wide,7,1
Jones' Outpost,New Catalina,Salmon,Lord Irving's Sacrifice,9784.9,288,CONFIRMED_FROM_VIDEO,CONFIRMED_FROM_VIDEO,Screen Recording 2026-08-16 223317.mp4,pooled_even_odd_wide,4,1
Jones' Outpost,New Catalina,Salmon,Louisbourg,11060.2,313,CONFIRMED_FROM_VIDEO,CONFIRMED_FROM_VIDEO,Screen Recording 2026-08-16 223317.mp4,pooled_even_odd_wide,4,2
Jones' Outpost,New Catalina,Salmon,Madalena,18061.8,450,CONFIRMED_FROM_VIDEO,CONFIRMED_FROM_VIDEO,Screen Recording 2026-08-16 223317.mp4,pooled_even_odd_wide,4,2
Jones' Outpost,New Catalina,Salmon,Mako's Outlook,9661.2,286,CONFIRMED_FROM_VIDEO,CONFIRMED_FROM_VIDEO,Screen Recording 2026-08-16 223317.mp4,pooled_even_odd_wide,4,1
Jones' Outpost,New Catalina,Salmon,Matthew's Rest,7336.4,241,CONFIRMED_FROM_VIDEO,CONFIRMED_FROM_VIDEO,Screen Recording 2026-08-16 223317.mp4,pooled_even_odd_wide,5,1
Jones' Outpost,New Catalina,Salmon,Maurepas,10243.3,297,CONFIRMED_FROM_VIDEO,CONFIRMED_FROM_VIDEO,Screen Recording 2026-08-16 223317.mp4,pooled_even_odd_wide,4,2
Jones' Outpost,New Catalina,Salmon,New Brighton,5010.5,195,CONFIRMED_FROM_VIDEO,CONFIRMED_FROM_VIDEO,Screen Recording 2026-08-16 223317.mp4,pooled_even_odd_wide,7,1
Jones' Outpost,New Catalina,Salmon,New Catalina,1228.1,121,CONFIRMED_FROM_VIDEO,CONFIRMED_FROM_VIDEO,Screen Recording 2026-08-16 223317.mp4,pooled_even_odd_wide,6,1
Jones' Outpost,New Catalina,Salmon,Pachard Town,8103.9,256,CONFIRMED_FROM_VIDEO,CONFIRMED_FROM_VIDEO,Screen Recording 2026-08-16 223317.mp4,pooled_even_odd_wide,4,1
Jones' Outpost,New Catalina,Salmon,Peter's Cove,7821.7,250,CONFIRMED_FROM_VIDEO,CONFIRMED_FROM_VIDEO,Screen Recording 2026-08-16 223317.mp4,pooled_even_odd_wide,5,1
Jones' Outpost,New Catalina,Salmon,Petit Anvers,11580.8,323,CONFIRMED_FROM_VIDEO,CONFIRMED_FROM_VIDEO,Screen Recording 2026-08-16 223317.mp4,pooled_even_odd_wide,4,2
Jones' Outpost,New Catalina,Salmon,Poblado de San Juan,15698.9,404,CONFIRMED_FROM_VIDEO,CONFIRMED_FROM_VIDEO,Screen Recording 2026-08-16 223317.mp4,pooled_even_odd_wide,4,2
Jones' Outpost,New Catalina,Salmon,Point Rocheux,10196.8,296,CONFIRMED_FROM_VIDEO,CONFIRMED_FROM_VIDEO,Screen Recording 2026-08-16 223317.mp4,pooled_even_odd_wide,3,3
Jones' Outpost,New Catalina,Salmon,Ponta Delgada,17615.1,441,CONFIRMED_FROM_VIDEO,CONFIRMED_FROM_VIDEO,Screen Recording 2026-08-16 223317.mp4,pooled_even_odd_wide,3,3
Jones' Outpost,New Catalina,Salmon,Port Antonio,11637.5,324,CONFIRMED_FROM_VIDEO,CONFIRMED_FROM_VIDEO,Screen Recording 2026-08-16 223317.mp4,pooled_even_odd_wide,4,2
Jones' Outpost,New Catalina,Salmon,Port Louis,6103.6,217,CONFIRMED_FROM_VIDEO,CONFIRMED_FROM_VIDEO,Screen Recording 2026-08-16 223317.mp4,pooled_even_odd_wide,7,1
Jones' Outpost,New Catalina,Salmon,Port Royal,10451.7,301,CONFIRMED_FROM_VIDEO,CONFIRMED_FROM_VIDEO,Screen Recording 2026-08-16 223317.mp4,pooled_even_odd_wide,4,2
Jones' Outpost,New Catalina,Salmon,Port-Au-Croix,9143.9,276,CONFIRMED_FROM_VIDEO,CONFIRMED_FROM_VIDEO,Screen Recording 2026-08-16 223317.mp4,pooled_even_odd_wide,4,1
Jones' Outpost,New Catalina,Salmon,Princeton,3092.9,158,CONFIRMED_FROM_VIDEO,CONFIRMED_FROM_VIDEO,Screen Recording 2026-08-16 223317.mp4,pooled_even_odd_wide,6,1
Jones' Outpost,New Catalina,Salmon,Puerto de San Fernando,14140.1,373,CONFIRMED_FROM_VIDEO,CONFIRMED_FROM_VIDEO,Screen Recording 2026-08-16 223317.mp4,pooled_even_odd_wide,4,2
Jones' Outpost,New Catalina,Salmon,Saint Vincent,4174.3,179,CONFIRMED_FROM_VIDEO,CONFIRMED_FROM_VIDEO,Screen Recording 2026-08-16 223317.mp4,pooled_even_odd_wide,10,1
Jones' Outpost,New Catalina,Salmon,Saint-Nicholas,7804.3,250,CONFIRMED_FROM_VIDEO,CONFIRMED_FROM_VIDEO,Screen Recording 2026-08-16 223317.mp4,pooled_even_odd_wide,5,1
Jones' Outpost,New Catalina,Salmon,Sainte Rose,2241.7,336,CONFIRMED_FROM_VIDEO,CONFIRMED_FROM_VIDEO,Screen Recording 2026-08-16 223317.mp4,even_odd,1,1
Jones' Outpost,New Catalina,Salmon,San Polo,13837.5,367,CONFIRMED_FROM_VIDEO,CONFIRMED_FROM_VIDEO,Screen Recording 2026-08-16 223317.mp4,pooled_even_odd_wide,4,2
Jones' Outpost,New Catalina,Salmon,San Salvador,14953.6,389,CONFIRMED_FROM_VIDEO,CONFIRMED_FROM_VIDEO,Screen Recording 2026-08-16 223317.mp4,pooled_even_odd_wide,4,2
Jones' Outpost,New Catalina,Salmon,San Vito,11052.9,313,CONFIRMED_FROM_VIDEO,CONFIRMED_FROM_VIDEO,Screen Recording 2026-08-16 223317.mp4,pooled_even_odd_wide,4,2
Jones' Outpost,New Catalina,Salmon,Sandy Settlement,8143.5,256,CONFIRMED_FROM_VIDEO,CONFIRMED_FROM_VIDEO,Screen Recording 2026-08-16 223317.mp4,pooled_even_odd_wide,6,1
Jones' Outpost,New Catalina,Salmon,Santa Maria,15245.2,395,CONFIRMED_FROM_VIDEO,CONFIRMED_FROM_VIDEO,Screen Recording 2026-08-16 223317.mp4,pooled_even_odd_wide,4,2
Jones' Outpost,New Catalina,Salmon,Sao Bento,16853.9,426,CONFIRMED_FROM_VIDEO,CONFIRMED_FROM_VIDEO,Screen Recording 2026-08-16 223317.mp4,pooled_even_odd_wide,4,2
Jones' Outpost,New Catalina,Salmon,Snake Prosper,3344.1,163,CONFIRMED_FROM_VIDEO,CONFIRMED_FROM_VIDEO,Screen Recording 2026-08-16 223317.mp4,pooled_even_odd_wide,6,1
Jones' Outpost,New Catalina,Salmon,Sugar Cove,2071.1,138,CONFIRMED_FROM_VIDEO,CONFIRMED_FROM_VIDEO,Screen Recording 2026-08-16 223317.mp4,pooled_even_odd_wide,6,1
Jones' Outpost,New Catalina,Salmon,Taylor's Town,6369.1,222,CONFIRMED_FROM_VIDEO,CONFIRMED_FROM_VIDEO,Screen Recording 2026-08-16 223317.mp4,pooled_even_odd_wide,6,1
Jones' Outpost,New Catalina,Salmon,Theresa,11954.3,331,CONFIRMED_FROM_VIDEO,CONFIRMED_FROM_VIDEO,Screen Recording 2026-08-16 223317.mp4,pooled_even_odd_wide,2,2
Jones' Outpost,New Catalina,Salmon,Thresher Point,6828.5,231,CONFIRMED_FROM_VIDEO,CONFIRMED_FROM_VIDEO,Screen Recording 2026-08-16 223317.mp4,pooled_even_odd_wide,5,1
Jones' Outpost,New Catalina,Salmon,Venta Nueva,3367.4,358,CONFIRMED_FROM_VIDEO,CONFIRMED_FROM_VIDEO,Screen Recording 2026-08-16 223317.mp4,even_odd,1,1
Jones' Outpost,New Catalina,Salmon,Villarreal Del Mar,12072.0,333,CONFIRMED_FROM_VIDEO,CONFIRMED_FROM_VIDEO,Screen Recording 2026-08-16 223317.mp4,pooled_even_odd_wide,4,1
Jones' Outpost,New Catalina,Salmon,White Hook,3818.9,172,CONFIRMED_FROM_VIDEO,CONFIRMED_FROM_VIDEO,Screen Recording 2026-08-16 223317.mp4,pooled_even_odd_wide,12,1
Jones' Outpost,New Catalina,Salmon,Wyntergard,7526.2,244,CONFIRMED_FROM_VIDEO,CONFIRMED_FROM_VIDEO,Screen Recording 2026-08-16 223317.mp4,pooled_even_odd_wide,5,1
Jones' Outpost,New Catalina,Salmon,Yorinobu's Settlement,5445.7,204,CONFIRMED_FROM_VIDEO,CONFIRMED_FROM_VIDEO,Screen Recording 2026-08-16 223317.mp4,pooled_even_odd_wide,3,2
Kandlerova,San Polo,Truffles,Al-Jazair,13084.4,289,CONFIRMED_FROM_VIDEO,CONFIRMED_FROM_VIDEO,Screen Recording 2026-08-16 223317.mp4,pooled_even_odd_wide,4,2
Kandlerova,San Polo,Truffles,Ashbourne,16254.2,340,CONFIRMED_FROM_VIDEO,CONFIRMED_FROM_VIDEO,Screen Recording 2026-08-16 223317.mp4,pooled_even_odd_wide,6,2
Kandlerova,San Polo,Truffles,Belfry Heights,7267.4,196,CONFIRMED_FROM_VIDEO,CONFIRMED_FROM_VIDEO,Screen Recording 2026-08-16 223317.mp4,pooled_even_odd_wide,5,2
Kandlerova,San Polo,Truffles,Bucket Bay,13433.7,295,CONFIRMED_FROM_VIDEO,CONFIRMED_FROM_VIDEO,Screen Recording 2026-08-16 223317.mp4,pooled_even_odd_wide,4,2
Kandlerova,San Polo,Truffles,Caledonia,16112.8,338,CONFIRMED_FROM_VIDEO,CONFIRMED_FROM_VIDEO,Screen Recording 2026-08-16 223317.mp4,pooled_even_odd_wide,6,2
Kandlerova,San Polo,Truffles,Castle Landing,12049.2,273,CONFIRMED_FROM_VIDEO,CONFIRMED_FROM_VIDEO,Screen Recording 2026-08-16 223317.mp4,pooled_even_odd_wide,4,3
Kandlerova,San Polo,Truffles,Caveira,11637.0,266,CONFIRMED_FROM_VIDEO,CONFIRMED_FROM_VIDEO,Screen Recording 2026-08-16 223317.mp4,pooled_even_odd_wide,4,3
Kandlerova,San Polo,Truffles,Caye Tiburon,8693.7,219,CONFIRMED_FROM_VIDEO,CONFIRMED_FROM_VIDEO,Screen Recording 2026-08-16 223317.mp4,pooled_even_odd_wide,6,1
Kandlerova,San Polo,Truffles,Crownstead,16925.0,351,CONFIRMED_FROM_VIDEO,CONFIRMED_FROM_VIDEO,Screen Recording 2026-08-16 223317.mp4,pooled_even_odd_wide,6,1
Kandlerova,San Polo,Truffles,Cumberland Hill,15145.4,322,CONFIRMED_FROM_VIDEO,CONFIRMED_FROM_VIDEO,Screen Recording 2026-08-16 223317.mp4,pooled_even_odd_wide,2,2
Kandlerova,San Polo,Truffles,Deadman's Murcia,6428.5,343,CONFIRMED_FROM_VIDEO,CONFIRMED_FROM_VIDEO,Screen Recording 2026-08-16 223317.mp4,pooled_even_odd_wide,8,1
Kandlerova,San Polo,Truffles,Fair Harbour,225.0,211,CONFIRMED_FROM_VIDEO,CONFIRMED_FROM_VIDEO,Screen Recording 2026-08-16 223317.mp4,pooled_even_odd_wide,2,1
Kandlerova,San Polo,Truffles,Falmouth,10019.9,240,CONFIRMED_FROM_VIDEO,CONFIRMED_FROM_VIDEO,Screen Recording 2026-08-16 223317.mp4,pooled_even_odd_wide,2,1
Kandlerova,San Polo,Truffles,Gyldenvale,18165.6,371,CONFIRMED_FROM_VIDEO,CONFIRMED_FROM_VIDEO,Screen Recording 2026-08-16 223317.mp4,pooled_even_odd_wide,4,2
Kandlerova,San Polo,Truffles,Jones' Outpost,14775.8,316,CONFIRMED_FROM_VIDEO,CONFIRMED_FROM_VIDEO,Screen Recording 2026-08-16 223317.mp4,pooled_even_odd_wide,2,2
Kandlerova,San Polo,Truffles,La Povenglia,3063.7,129,CONFIRMED_FROM_VIDEO,CONFIRMED_FROM_VIDEO,Screen Recording 2026-08-16 223317.mp4,pooled_even_odd_wide,5,1
Kandlerova,San Polo,Truffles,Lebarde,10450.7,247,CONFIRMED_FROM_VIDEO,CONFIRMED_FROM_VIDEO,Screen Recording 2026-08-16 223317.mp4,pooled_even_odd_wide,4,2
Kandlerova,San Polo,Truffles,Lord Irving's Sacrifice,6267.2,180,CONFIRMED_FROM_VIDEO,CONFIRMED_FROM_VIDEO,Screen Recording 2026-08-16 223317.mp4,pooled_even_odd_wide,6,1
Kandlerova,San Polo,Truffles,Louisbourg,15460.5,327,CONFIRMED_FROM_VIDEO,CONFIRMED_FROM_VIDEO,Screen Recording 2026-08-16 223317.mp4,pooled_even_odd_wide,4,2
Kandlerova,San Polo,Truffles,Madalena,13237.4,292,CONFIRMED_FROM_VIDEO,CONFIRMED_FROM_VIDEO,Screen Recording 2026-08-16 223317.mp4,pooled_even_odd_wide,4,2
Kandlerova,San Polo,Truffles,Mako's Outlook,5849.6,174,CONFIRMED_FROM_VIDEO,CONFIRMED_FROM_VIDEO,Screen Recording 2026-08-16 223317.mp4,pooled_even_odd_wide,11,1
Kandlerova,San Polo,Truffles,Matthew's Rest,13068.2,289,CONFIRMED_FROM_VIDEO,CONFIRMED_FROM_VIDEO,Screen Recording 2026-08-16 223317.mp4,pooled_even_odd_wide,4,2
Kandlerova,San Polo,Truffles,Maurepas,14850.1,318,CONFIRMED_FROM_VIDEO,CONFIRMED_FROM_VIDEO,Screen Recording 2026-08-16 223317.mp4,pooled_even_odd_wide,2,2
Kandlerova,San Polo,Truffles,New Brighton,11693.1,267,CONFIRMED_FROM_VIDEO,CONFIRMED_FROM_VIDEO,Screen Recording 2026-08-16 223317.mp4,pooled_even_odd_wide,2,2
Kandlerova,San Polo,Truffles,New Catalina,14700.6,315,CONFIRMED_FROM_VIDEO,CONFIRMED_FROM_VIDEO,Screen Recording 2026-08-16 223317.mp4,pooled_even_odd_wide,2,1
Kandlerova,San Polo,Truffles,Pachard Town,12418.5,279,CONFIRMED_FROM_VIDEO,CONFIRMED_FROM_VIDEO,Screen Recording 2026-08-16 223317.mp4,pooled_even_odd_wide,4,2
Kandlerova,San Polo,Truffles,Peter's Cove,7351.6,198,CONFIRMED_FROM_VIDEO,CONFIRMED_FROM_VIDEO,Screen Recording 2026-08-16 223317.mp4,pooled_even_odd_wide,9,1
Kandlerova,San Polo,Truffles,Petit Anvers,17032.7,353,CONFIRMED_FROM_VIDEO,CONFIRMED_FROM_VIDEO,Screen Recording 2026-08-16 223317.mp4,pooled_even_odd_wide,4,2
Kandlerova,San Polo,Truffles,Poblado de San Juan,7562.1,201,CONFIRMED_FROM_VIDEO,CONFIRMED_FROM_VIDEO,Screen Recording 2026-08-16 223317.mp4,pooled_even_odd_wide,4,2
Kandlerova,San Polo,Truffles,Point Rocheux,12237.8,276,CONFIRMED_FROM_VIDEO,CONFIRMED_FROM_VIDEO,Screen Recording 2026-08-16 223317.mp4,pooled_even_odd_wide,4,2
Kandlerova,San Polo,Truffles,Ponta Delgada,15342.8,325,CONFIRMED_FROM_VIDEO,CONFIRMED_FROM_VIDEO,Screen Recording 2026-08-16 223317.mp4,pooled_even_odd_wide,4,2
Kandlerova,San Polo,Truffles,Port Antonio,9554.4,233,CONFIRMED_FROM_VIDEO,CONFIRMED_FROM_VIDEO,Screen Recording 2026-08-16 223317.mp4,pooled_even_odd_wide,7,1
Kandlerova,San Polo,Truffles,Port Louis,15221.0,324,CONFIRMED_FROM_VIDEO,CONFIRMED_FROM_VIDEO,Screen Recording 2026-08-16 223317.mp4,pooled_even_odd_wide,5,1
Kandlerova,San Polo,Truffles,Port Royal,7598.2,202,CONFIRMED_FROM_VIDEO,CONFIRMED_FROM_VIDEO,Screen Recording 2026-08-16 223317.mp4,pooled_even_odd_wide,6,1
Kandlerova,San Polo,Truffles,Port-Au-Croix,12370.6,278,CONFIRMED_FROM_VIDEO,CONFIRMED_FROM_VIDEO,Screen Recording 2026-08-16 223317.mp4,pooled_even_odd_wide,4,2
Kandlerova,San Polo,Truffles,Princeton,11968.3,271,CONFIRMED_FROM_VIDEO,CONFIRMED_FROM_VIDEO,Screen Recording 2026-08-16 223317.mp4,pooled_even_odd_wide,2,2
Kandlerova,San Polo,Truffles,Puerto de San Fernando,8971.7,224,CONFIRMED_FROM_VIDEO,CONFIRMED_FROM_VIDEO,Screen Recording 2026-08-16 223317.mp4,pooled_even_odd_wide,6,1
Kandlerova,San Polo,Truffles,Saint-Nicholas,8239.4,212,CONFIRMED_FROM_VIDEO,CONFIRMED_FROM_VIDEO,Screen Recording 2026-08-16 223317.mp4,pooled_even_odd_wide,6,1
Kandlerova,San Polo,Truffles,Sainte Rose,16051.3,337,CONFIRMED_FROM_VIDEO,CONFIRMED_FROM_VIDEO,Screen Recording 2026-08-16 223317.mp4,pooled_even_odd_wide,6,2
Kandlerova,San Polo,Truffles,San Polo,938.8,95,CONFIRMED_FROM_VIDEO,CONFIRMED_FROM_VIDEO,Screen Recording 2026-08-16 223317.mp4,pooled_even_odd_wide,5,1
Kandlerova,San Polo,Truffles,San Salvador,5250.2,164,CONFIRMED_FROM_VIDEO,CONFIRMED_FROM_VIDEO,Screen Recording 2026-08-16 223317.mp4,pooled_even_odd_wide,11,1
Kandlerova,San Polo,Truffles,San Vito,3924.8,143,CONFIRMED_FROM_VIDEO,CONFIRMED_FROM_VIDEO,Screen Recording 2026-08-16 223317.mp4,pooled_even_odd_wide,11,1
Kandlerova,San Polo,Truffles,Sandy Settlement,7700.2,203,CONFIRMED_FROM_VIDEO,CONFIRMED_FROM_VIDEO,Screen Recording 2026-08-16 223317.mp4,pooled_even_odd_wide,4,1
Kandlerova,San Polo,Truffles,Santa Maria,7277.5,196,CONFIRMED_FROM_VIDEO,CONFIRMED_FROM_VIDEO,Screen Recording 2026-08-16 223317.mp4,pooled_even_odd_wide,6,1
Kandlerova,San Polo,Truffles,Sao Bento,13514.9,296,CONFIRMED_FROM_VIDEO,CONFIRMED_FROM_VIDEO,Screen Recording 2026-08-16 223317.mp4,pooled_even_odd_wide,2,2
Kandlerova,San Polo,Truffles,Snake Prosper,15771.7,332,CONFIRMED_FROM_VIDEO,CONFIRMED_FROM_VIDEO,Screen Recording 2026-08-16 223317.mp4,pooled_even_odd_wide,8,2
Kandlerova,San Polo,Truffles,Sugar Cove,15392.9,326,CONFIRMED_FROM_VIDEO,CONFIRMED_FROM_VIDEO,Screen Recording 2026-08-16 223317.mp4,pooled_even_odd_wide,4,2
Kandlerova,San Polo,Truffles,Taylor's Town,9595.8,234,CONFIRMED_FROM_VIDEO,CONFIRMED_FROM_VIDEO,Screen Recording 2026-08-16 223317.mp4,pooled_even_odd_wide,6,2
Kandlerova,San Polo,Truffles,Theresa,8466.7,215,CONFIRMED_FROM_VIDEO,CONFIRMED_FROM_VIDEO,Screen Recording 2026-08-16 223317.mp4,pooled_even_odd_wide,6,1
Kandlerova,San Polo,Truffles,Thresher Point,8061.7,209,CONFIRMED_FROM_VIDEO,CONFIRMED_FROM_VIDEO,Screen Recording 2026-08-16 223317.mp4,pooled_even_odd_wide,6,1
Kandlerova,San Polo,Truffles,Venta Nueva,11813.6,269,CONFIRMED_FROM_VIDEO,CONFIRMED_FROM_VIDEO,Screen Recording 2026-08-16 223317.mp4,pooled_even_odd_wide,2,2
Kandlerova,San Polo,Truffles,Villarreal Del Mar,1238.6,260,CONFIRMED_FROM_VIDEO,CONFIRMED_FROM_VIDEO,Screen Recording 2026-08-16 223317.mp4,pooled_even_odd_wide,6,1
Kandlerova,San Polo,Truffles,White Hook,16967.5,351,CONFIRMED_FROM_VIDEO,CONFIRMED_FROM_VIDEO,Screen Recording 2026-08-16 223317.mp4,pooled_even_odd_wide,4,2
Kandlerova,San Polo,Truffles,Wyntergard,17062.1,353,CONFIRMED_FROM_VIDEO,CONFIRMED_FROM_VIDEO,Screen Recording 2026-08-16 223317.mp4,pooled_even_odd_wide,4,2
Kandlerova,San Polo,Truffles,Yorinobu's Settlement,12449.1,279,CONFIRMED_FROM_VIDEO,CONFIRMED_FROM_VIDEO,Screen Recording 2026-08-16 223317.mp4,pooled_even_odd_wide,2,2
La Povenglia,San Polo,Herbs,Al-Jazair,10307.3,184,CONFIRMED_FROM_VIDEO,CONFIRMED_FROM_VIDEO,Screen Recording 2026-08-16 223317.mp4,pooled_even_odd_wide,4,2
La Povenglia,San Polo,Herbs,Ashbourne,13953.5,227,CONFIRMED_FROM_VIDEO,CONFIRMED_FROM_VIDEO,Screen Recording 2026-08-16 223317.mp4,pooled_even_odd_wide,4,2
La Povenglia,San Polo,Herbs,Belfry Heights,4454.6,113,CONFIRMED_FROM_VIDEO,CONFIRMED_FROM_VIDEO,Screen Recording 2026-08-16 223317.mp4,pooled_even_odd_wide,5,1
La Povenglia,San Polo,Herbs,Bucket Bay,11068.0,193,CONFIRMED_FROM_VIDEO,CONFIRMED_FROM_VIDEO,Screen Recording 2026-08-16 223317.mp4,pooled_even_odd_wide,7,1
La Povenglia,San Polo,Herbs,Caledonia,13279.0,219,CONFIRMED_FROM_VIDEO,CONFIRMED_FROM_VIDEO,Screen Recording 2026-08-16 223317.mp4,pooled_even_odd_wide,8,1
La Povenglia,San Polo,Herbs,Castle Landing,9012.1,168,CONFIRMED_FROM_VIDEO,CONFIRMED_FROM_VIDEO,Screen Recording 2026-08-16 223317.mp4,pooled_even_odd_wide,5,1
La Povenglia,San Polo,Herbs,Caveira,11714.7,201,CONFIRMED_FROM_VIDEO,CONFIRMED_FROM_VIDEO,Screen Recording 2026-08-16 223317.mp4,pooled_even_odd_wide,4,2
La Povenglia,San Polo,Herbs,Caye Tiburon,6009.7,132,CONFIRMED_FROM_VIDEO,CONFIRMED_FROM_VIDEO,Screen Recording 2026-08-16 223317.mp4,pooled_even_odd_wide,6,2
La Povenglia,San Polo,Herbs,Crownstead,14680.4,236,CONFIRMED_FROM_VIDEO,CONFIRMED_FROM_VIDEO,Screen Recording 2026-08-16 223317.mp4,pooled_even_odd_wide,2,2
La Povenglia,San Polo,Herbs,Cumberland Hill,2098.7,205,CONFIRMED_FROM_VIDEO,CONFIRMED_FROM_VIDEO,Screen Recording 2026-08-16 223317.mp4,even_odd,3,1
La Povenglia,San Polo,Herbs,Deadman's Murcia,3656.5,224,CONFIRMED_FROM_VIDEO,CONFIRMED_FROM_VIDEO,Screen Recording 2026-08-16 223317.mp4,pooled_even_odd_wide,12,1
La Povenglia,San Polo,Herbs,Fair Harbour,11916.6,203,CONFIRMED_FROM_VIDEO,CONFIRMED_FROM_VIDEO,Screen Recording 2026-08-16 223317.mp4,pooled_even_odd_wide,4,2
La Povenglia,San Polo,Herbs,Falmouth,8629.5,164,CONFIRMED_FROM_VIDEO,CONFIRMED_FROM_VIDEO,Screen Recording 2026-08-16 223317.mp4,pooled_even_odd_wide,7,1
La Povenglia,San Polo,Herbs,Gyldenvale,15837.7,250,CONFIRMED_FROM_VIDEO,CONFIRMED_FROM_VIDEO,Screen Recording 2026-08-16 223317.mp4,pooled_even_odd_wide,2,2
La Povenglia,San Polo,Herbs,Jones' Outpost,11758.3,201,CONFIRMED_FROM_VIDEO,CONFIRMED_FROM_VIDEO,Screen Recording 2026-08-16 223317.mp4,pooled_even_odd_wide,4,2
La Povenglia,San Polo,Herbs,Kandlerova,3063.7,97,CONFIRMED_FROM_VIDEO,CONFIRMED_FROM_VIDEO,Screen Recording 2026-08-16 223317.mp4,pooled_even_odd_wide,9,1
La Povenglia,San Polo,Herbs,Lebarde,7443.9,149,CONFIRMED_FROM_VIDEO,CONFIRMED_FROM_VIDEO,Screen Recording 2026-08-16 223317.mp4,pooled_even_odd_wide,7,1
La Povenglia,San Polo,Herbs,Lord Irving's Sacrifice,4288.3,111,CONFIRMED_FROM_VIDEO,CONFIRMED_FROM_VIDEO,Screen Recording 2026-08-16 223317.mp4,pooled_even_odd_wide,9,1
La Povenglia,San Polo,Herbs,Louisbourg,13774.2,225,CONFIRMED_FROM_VIDEO,CONFIRMED_FROM_VIDEO,Screen Recording 2026-08-16 223317.mp4,pooled_even_odd_wide,4,2
La Povenglia,San Polo,Herbs,Madalena,13533.8,222,CONFIRMED_FROM_VIDEO,CONFIRMED_FROM_VIDEO,Screen Recording 2026-08-16 223317.mp4,pooled_even_odd_wide,6,2
La Povenglia,San Polo,Herbs,Mako's Outlook,3625.8,104,CONFIRMED_FROM_VIDEO,CONFIRMED_FROM_VIDEO,Screen Recording 2026-08-16 223317.mp4,pooled_even_odd_wide,9,1
La Povenglia,San Polo,Herbs,Matthew's Rest,10845.2,190,CONFIRMED_FROM_VIDEO,CONFIRMED_FROM_VIDEO,Screen Recording 2026-08-16 223317.mp4,pooled_even_odd_wide,4,2
La Povenglia,San Polo,Herbs,Maurepas,13062.3,217,CONFIRMED_FROM_VIDEO,CONFIRMED_FROM_VIDEO,Screen Recording 2026-08-16 223317.mp4,pooled_even_odd_wide,6,2
La Povenglia,San Polo,Herbs,New Brighton,9044.9,169,CONFIRMED_FROM_VIDEO,CONFIRMED_FROM_VIDEO,Screen Recording 2026-08-16 223317.mp4,pooled_even_odd_wide,5,1
La Povenglia,San Polo,Herbs,New Catalina,11646.8,200,CONFIRMED_FROM_VIDEO,CONFIRMED_FROM_VIDEO,Screen Recording 2026-08-16 223317.mp4,pooled_even_odd_wide,4,2
La Povenglia,San Polo,Herbs,Pachard Town,10353.0,184,CONFIRMED_FROM_VIDEO,CONFIRMED_FROM_VIDEO,Screen Recording 2026-08-16 223317.mp4,pooled_even_odd_wide,11,1
La Povenglia,San Polo,Herbs,Peter's Cove,4305.3,112,CONFIRMED_FROM_VIDEO,CONFIRMED_FROM_VIDEO,Screen Recording 2026-08-16 223317.mp4,pooled_even_odd_wide,5,1
La Povenglia,San Polo,Herbs,Petit Anvers,15283.7,243,CONFIRMED_FROM_VIDEO,CONFIRMED_FROM_VIDEO,Screen Recording 2026-08-16 223317.mp4,pooled_even_odd_wide,2,2
La Povenglia,San Polo,Herbs,Poblado de San Juan,8228.9,159,CONFIRMED_FROM_VIDEO,CONFIRMED_FROM_VIDEO,Screen Recording 2026-08-16 223317.mp4,pooled_even_odd_wide,4,2
La Povenglia,San Polo,Herbs,Point Rocheux,10628.1,188,CONFIRMED_FROM_VIDEO,CONFIRMED_FROM_VIDEO,Screen Recording 2026-08-16 223317.mp4,pooled_even_odd_wide,4,2
La Povenglia,San Polo,Herbs,Ponta Delgada,15138.7,242,CONFIRMED_FROM_VIDEO,CONFIRMED_FROM_VIDEO,Screen Recording 2026-08-16 223317.mp4,pooled_even_odd_wide,2,2
La Povenglia,San Polo,Herbs,Port Antonio,8491.6,162,CONFIRMED_FROM_VIDEO,CONFIRMED_FROM_VIDEO,Screen Recording 2026-08-16 223317.mp4,pooled_even_odd_wide,9,1
La Povenglia,San Polo,Herbs,Port Louis,12737.2,213,CONFIRMED_FROM_VIDEO,CONFIRMED_FROM_VIDEO,Screen Recording 2026-08-16 223317.mp4,pooled_even_odd_wide,6,2
La Povenglia,San Polo,Herbs,Port Royal,6144.8,134,CONFIRMED_FROM_VIDEO,CONFIRMED_FROM_VIDEO,Screen Recording 2026-08-16 223317.mp4,pooled_even_odd_wide,6,1
La Povenglia,San Polo,Herbs,Port-Au-Croix,10521.1,186,CONFIRMED_FROM_VIDEO,CONFIRMED_FROM_VIDEO,Screen Recording 2026-08-16 223317.mp4,pooled_even_odd_wide,6,2
La Povenglia,San Polo,Herbs,Princeton,9034.4,168,CONFIRMED_FROM_VIDEO,CONFIRMED_FROM_VIDEO,Screen Recording 2026-08-16 223317.mp4,pooled_even_odd_wide,6,1
La Povenglia,San Polo,Herbs,Puerto de San Fernando,8803.5,166,CONFIRMED_FROM_VIDEO,CONFIRMED_FROM_VIDEO,Screen Recording 2026-08-16 223317.mp4,pooled_even_odd_wide,6,1
La Povenglia,San Polo,Herbs,Saint Vincent,11539.0,198,CONFIRMED_FROM_VIDEO,CONFIRMED_FROM_VIDEO,Screen Recording 2026-08-16 223317.mp4,pooled_even_odd_wide,7,1
La Povenglia,San Polo,Herbs,Saint-Nicholas,5306.7,124,CONFIRMED_FROM_VIDEO,CONFIRMED_FROM_VIDEO,Screen Recording 2026-08-16 223317.mp4,pooled_even_odd_wide,9,1
La Povenglia,San Polo,Herbs,Sainte Rose,14534.7,234,CONFIRMED_FROM_VIDEO,CONFIRMED_FROM_VIDEO,Screen Recording 2026-08-16 223317.mp4,pooled_even_odd_wide,2,2
La Povenglia,San Polo,Herbs,San Polo,2148.1,86,CONFIRMED_FROM_VIDEO,CONFIRMED_FROM_VIDEO,Screen Recording 2026-08-16 223317.mp4,pooled_even_odd_wide,8,2
La Povenglia,San Polo,Herbs,San Salvador,6107.8,133,CONFIRMED_FROM_VIDEO,CONFIRMED_FROM_VIDEO,Screen Recording 2026-08-16 223317.mp4,pooled_even_odd_wide,6,1
La Povenglia,San Polo,Herbs,San Vito,1718.2,81,CONFIRMED_FROM_VIDEO,CONFIRMED_FROM_VIDEO,Screen Recording 2026-08-16 223317.mp4,pooled_even_odd_wide,3,2
La Povenglia,San Polo,Herbs,Sandy Settlement,4763.1,117,CONFIRMED_FROM_VIDEO,CONFIRMED_FROM_VIDEO,Screen Recording 2026-08-16 223317.mp4,pooled_even_odd_wide,6,1
La Povenglia,San Polo,Herbs,Santa Maria,7820.5,154,CONFIRMED_FROM_VIDEO,CONFIRMED_FROM_VIDEO,Screen Recording 2026-08-16 223317.mp4,pooled_even_odd_wide,7,1
La Povenglia,San Polo,Herbs,Sao Bento,13428.2,221,CONFIRMED_FROM_VIDEO,CONFIRMED_FROM_VIDEO,Screen Recording 2026-08-16 223317.mp4,pooled_even_odd_wide,6,2
La Povenglia,San Polo,Herbs,Snake Prosper,12955.5,215,CONFIRMED_FROM_VIDEO,CONFIRMED_FROM_VIDEO,Screen Recording 2026-08-16 223317.mp4,pooled_even_odd_wide,6,2
La Povenglia,San Polo,Herbs,Sugar Cove,12330.3,208,CONFIRMED_FROM_VIDEO,CONFIRMED_FROM_VIDEO,Screen Recording 2026-08-16 223317.mp4,pooled_even_odd_wide,4,2
La Povenglia,San Polo,Herbs,Taylor's Town,6587.5,139,CONFIRMED_FROM_VIDEO,CONFIRMED_FROM_VIDEO,Screen Recording 2026-08-16 223317.mp4,pooled_even_odd_wide,6,1
La Povenglia,San Polo,Herbs,Theresa,7577.5,151,CONFIRMED_FROM_VIDEO,CONFIRMED_FROM_VIDEO,Screen Recording 2026-08-16 223317.mp4,pooled_even_odd_wide,7,1
La Povenglia,San Polo,Herbs,Thresher Point,5172.9,122,CONFIRMED_FROM_VIDEO,CONFIRMED_FROM_VIDEO,Screen Recording 2026-08-16 223317.mp4,pooled_even_odd_wide,6,1
La Povenglia,San Polo,Herbs,Venta Nueva,11037.8,192,CONFIRMED_FROM_VIDEO,CONFIRMED_FROM_VIDEO,Screen Recording 2026-08-16 223317.mp4,pooled_even_odd_wide,4,2
La Povenglia,San Polo,Herbs,Villarreal Del Mar,9908.2,179,CONFIRMED_FROM_VIDEO,CONFIRMED_FROM_VIDEO,Screen Recording 2026-08-16 223317.mp4,pooled_even_odd_wide,1,2
La Povenglia,San Polo,Herbs,White Hook,14132.3,230,CONFIRMED_FROM_VIDEO,CONFIRMED_FROM_VIDEO,Screen Recording 2026-08-16 223317.mp4,pooled_even_odd_wide,4,2
La Povenglia,San Polo,Herbs,Wyntergard,14657.6,236,CONFIRMED_FROM_VIDEO,CONFIRMED_FROM_VIDEO,Screen Recording 2026-08-16 223317.mp4,pooled_even_odd_wide,2,2
La Povenglia,San Polo,Herbs,Yorinobu's Settlement,9908.2,179,CONFIRMED_FROM_VIDEO,CONFIRMED_FROM_VIDEO,Screen Recording 2026-08-16 223317.mp4,pooled_even_odd_wide,4,1
Lebarde,Lebarde,Crumpets,Al-Jazair,3685.9,141,CONFIRMED_FROM_VIDEO,CONFIRMED_FROM_VIDEO,Screen Recording 2026-08-16 223317.mp4,pooled_even_odd_wide,11,1
Lebarde,Lebarde,Crumpets,Ashbourne,8620.3,221,CONFIRMED_FROM_VIDEO,CONFIRMED_FROM_VIDEO,Screen Recording 2026-08-16 223317.mp4,pooled_even_odd_wide,9,1
Lebarde,Lebarde,Crumpets,Belfry Heights,3444.0,137,CONFIRMED_FROM_VIDEO,CONFIRMED_FROM_VIDEO,Screen Recording 2026-08-16 223317.mp4,pooled_even_odd_wide,10,2
Lebarde,Lebarde,Crumpets,Bucket Bay,6069.6,180,CONFIRMED_FROM_VIDEO,CONFIRMED_FROM_VIDEO,Screen Recording 2026-08-16 223317.mp4,pooled_even_odd_wide,6,1
Lebarde,Lebarde,Crumpets,Caledonia,6171.1,182,CONFIRMED_FROM_VIDEO,CONFIRMED_FROM_VIDEO,Screen Recording 2026-08-16 223317.mp4,pooled_even_odd_wide,4,1
Lebarde,Lebarde,Crumpets,Castle Landing,1689.0,109,CONFIRMED_FROM_VIDEO,CONFIRMED_FROM_VIDEO,Screen Recording 2026-08-16 223317.mp4,pooled_even_odd_wide,7,1
Lebarde,Lebarde,Crumpets,Caveira,13416.3,299,CONFIRMED_FROM_VIDEO,CONFIRMED_FROM_VIDEO,Screen Recording 2026-08-16 223317.mp4,pooled_even_odd_wide,4,2
Lebarde,Lebarde,Crumpets,Caye Tiburon,2937.5,129,CONFIRMED_FROM_VIDEO,CONFIRMED_FROM_VIDEO,Screen Recording 2026-08-16 223317.mp4,pooled_even_odd_wide,12,1
Lebarde,Lebarde,Crumpets,Crownstead,9436.9,235,CONFIRMED_FROM_VIDEO,CONFIRMED_FROM_VIDEO,Screen Recording 2026-08-16 223317.mp4,pooled_even_odd_wide,5,1
Lebarde,Lebarde,Crumpets,Cumberland Hill,4773.3,159,CONFIRMED_FROM_VIDEO,CONFIRMED_FROM_VIDEO,Screen Recording 2026-08-16 223317.mp4,pooled_even_odd_wide,4,3
Lebarde,Lebarde,Crumpets,Deadman's Murcia,6725.5,191,CONFIRMED_FROM_VIDEO,CONFIRMED_FROM_VIDEO,Screen Recording 2026-08-16 223317.mp4,pooled_even_odd_wide,4,1
Lebarde,Lebarde,Crumpets,Fair Harbour,6160.0,181,CONFIRMED_FROM_VIDEO,CONFIRMED_FROM_VIDEO,Screen Recording 2026-08-16 223317.mp4,pooled_even_odd_wide,4,2
Lebarde,Lebarde,Crumpets,Falmouth,7937.4,210,CONFIRMED_FROM_VIDEO,CONFIRMED_FROM_VIDEO,Screen Recording 2026-08-16 223317.mp4,pooled_even_odd_wide,4,1
Lebarde,Lebarde,Crumpets,Gyldenvale,10193.5,247,CONFIRMED_FROM_VIDEO,CONFIRMED_FROM_VIDEO,Screen Recording 2026-08-16 223317.mp4,pooled_even_odd_wide,4,3
Lebarde,Lebarde,Crumpets,Jones' Outpost,4326.1,152,CONFIRMED_FROM_VIDEO,CONFIRMED_FROM_VIDEO,Screen Recording 2026-08-16 223317.mp4,pooled_even_odd_wide,5,2
Lebarde,Lebarde,Crumpets,Kandlerova,450.7,251,CONFIRMED_FROM_VIDEO,CONFIRMED_FROM_VIDEO,Screen Recording 2026-08-16 223317.mp4,even_odd,1,1
Lebarde,Lebarde,Crumpets,La Povenglia,7443.9,202,CONFIRMED_FROM_VIDEO,CONFIRMED_FROM_VIDEO,Screen Recording 2026-08-16 223317.mp4,pooled_even_odd_wide,5,1
Lebarde,Lebarde,Crumpets,Lord Irving's Sacrifice,5791.4,175,CONFIRMED_FROM_VIDEO,CONFIRMED_FROM_VIDEO,Screen Recording 2026-08-16 223317.mp4,pooled_even_odd_wide,6,1
Lebarde,Lebarde,Crumpets,Louisbourg,10470.9,251,CONFIRMED_FROM_VIDEO,CONFIRMED_FROM_VIDEO,Screen Recording 2026-08-16 223317.mp4,pooled_even_odd_wide,4,2
Lebarde,Lebarde,Crumpets,Madalena,15322.4,330,CONFIRMED_FROM_VIDEO,CONFIRMED_FROM_VIDEO,Screen Recording 2026-08-16 223317.mp4,pooled_even_odd_wide,4,2
Lebarde,Lebarde,Crumpets,Mako's Outlook,5520.6,171,CONFIRMED_FROM_VIDEO,CONFIRMED_FROM_VIDEO,Screen Recording 2026-08-16 223317.mp4,pooled_even_odd_wide,6,1
Lebarde,Lebarde,Crumpets,Matthew's Rest,6468.7,186,CONFIRMED_FROM_VIDEO,CONFIRMED_FROM_VIDEO,Screen Recording 2026-08-16 223317.mp4,pooled_even_odd_wide,4,1
Lebarde,Lebarde,Crumpets,Maurepas,9594.4,237,CONFIRMED_FROM_VIDEO,CONFIRMED_FROM_VIDEO,Screen Recording 2026-08-16 223317.mp4,pooled_even_odd_wide,5,1
Lebarde,Lebarde,Crumpets,New Brighton,3469.7,138,CONFIRMED_FROM_VIDEO,CONFIRMED_FROM_VIDEO,Screen Recording 2026-08-16 223317.mp4,pooled_even_odd_wide,12,1
Lebarde,Lebarde,Crumpets,New Catalina,4396.1,153,CONFIRMED_FROM_VIDEO,CONFIRMED_FROM_VIDEO,Screen Recording 2026-08-16 223317.mp4,pooled_even_odd_wide,6,1
Lebarde,Lebarde,Crumpets,Pachard Town,6732.4,191,CONFIRMED_FROM_VIDEO,CONFIRMED_FROM_VIDEO,Screen Recording 2026-08-16 223317.mp4,pooled_even_odd_wide,5,1
Lebarde,Lebarde,Crumpets,Peter's Cove,3763.9,142,CONFIRMED_FROM_VIDEO,CONFIRMED_FROM_VIDEO,Screen Recording 2026-08-16 223317.mp4,pooled_even_odd_wide,12,1
Lebarde,Lebarde,Crumpets,Petit Anvers,11523.6,269,CONFIRMED_FROM_VIDEO,CONFIRMED_FROM_VIDEO,Screen Recording 2026-08-16 223317.mp4,pooled_even_odd_wide,4,2
Lebarde,Lebarde,Crumpets,Poblado de San Juan,12028.0,277,CONFIRMED_FROM_VIDEO,CONFIRMED_FROM_VIDEO,Screen Recording 2026-08-16 223317.mp4,even_odd,5,1
Lebarde,Lebarde,Crumpets,Point Rocheux,8418.3,218,CONFIRMED_FROM_VIDEO,CONFIRMED_FROM_VIDEO,Screen Recording 2026-08-16 223317.mp4,pooled_even_odd_wide,4,1
Lebarde,Lebarde,Crumpets,Ponta Delgada,15520.4,333,CONFIRMED_FROM_VIDEO,CONFIRMED_FROM_VIDEO,Screen Recording 2026-08-16 223317.mp4,pooled_even_odd_wide,4,2
Lebarde,Lebarde,Crumpets,Port Antonio,8725.2,223,CONFIRMED_FROM_VIDEO,CONFIRMED_FROM_VIDEO,Screen Recording 2026-08-16 223317.mp4,pooled_even_odd_wide,6,1
Lebarde,Lebarde,Crumpets,Port Louis,6929.7,194,CONFIRMED_FROM_VIDEO,CONFIRMED_FROM_VIDEO,Screen Recording 2026-08-16 223317.mp4,pooled_even_odd_wide,6,1
Lebarde,Lebarde,Crumpets,Port Royal,6940.1,194,CONFIRMED_FROM_VIDEO,CONFIRMED_FROM_VIDEO,Screen Recording 2026-08-16 223317.mp4,pooled_even_odd_wide,5,1
Lebarde,Lebarde,Crumpets,Port-Au-Croix,7585.3,205,CONFIRMED_FROM_VIDEO,CONFIRMED_FROM_VIDEO,Screen Recording 2026-08-16 223317.mp4,pooled_even_odd_wide,4,2
Lebarde,Lebarde,Crumpets,Princeton,1821.4,111,CONFIRMED_FROM_VIDEO,CONFIRMED_FROM_VIDEO,Screen Recording 2026-08-16 223317.mp4,pooled_even_odd_wide,10,3
Lebarde,Lebarde,Crumpets,Puerto de San Fernando,884.4,258,CONFIRMED_FROM_VIDEO,CONFIRMED_FROM_VIDEO,Screen Recording 2026-08-16 223317.mp4,even_odd,1,1
Lebarde,Lebarde,Crumpets,Saint Vincent,5080.4,164,CONFIRMED_FROM_VIDEO,CONFIRMED_FROM_VIDEO,Screen Recording 2026-08-16 223317.mp4,pooled_even_odd_wide,6,1
Lebarde,Lebarde,Crumpets,Saint-Nicholas,4271.5,151,CONFIRMED_FROM_VIDEO,CONFIRMED_FROM_VIDEO,Screen Recording 2026-08-16 223317.mp4,pooled_even_odd_wide,12,1
Lebarde,Lebarde,Crumpets,Sainte Rose,11592.3,270,CONFIRMED_FROM_VIDEO,CONFIRMED_FROM_VIDEO,Screen Recording 2026-08-16 223317.mp4,pooled_even_odd_wide,4,2
Lebarde,Lebarde,Crumpets,San Polo,9512.2,236,CONFIRMED_FROM_VIDEO,CONFIRMED_FROM_VIDEO,Screen Recording 2026-08-16 223317.mp4,pooled_even_odd_wide,5,1
Lebarde,Lebarde,Crumpets,San Salvador,10963.9,259,CONFIRMED_FROM_VIDEO,CONFIRMED_FROM_VIDEO,Screen Recording 2026-08-16 223317.mp4,pooled_even_odd_wide,2,1
Lebarde,Lebarde,Crumpets,San Vito,6749.0,191,CONFIRMED_FROM_VIDEO,CONFIRMED_FROM_VIDEO,Screen Recording 2026-08-16 223317.mp4,pooled_even_odd_wide,4,1
Lebarde,Lebarde,Crumpets,Sandy Settlement,4417.5,153,CONFIRMED_FROM_VIDEO,CONFIRMED_FROM_VIDEO,Screen Recording 2026-08-16 223317.mp4,pooled_even_odd_wide,4,1
Lebarde,Lebarde,Crumpets,Santa Maria,11556.8,269,CONFIRMED_FROM_VIDEO,CONFIRMED_FROM_VIDEO,Screen Recording 2026-08-16 223317.mp4,pooled_even_odd_wide,4,2
Lebarde,Lebarde,Crumpets,Sao Bento,14392.4,315,CONFIRMED_FROM_VIDEO,CONFIRMED_FROM_VIDEO,Screen Recording 2026-08-16 223317.mp4,pooled_even_odd_wide,4,2
Lebarde,Lebarde,Crumpets,Snake Prosper,5917.3,177,CONFIRMED_FROM_VIDEO,CONFIRMED_FROM_VIDEO,Screen Recording 2026-08-16 223317.mp4,pooled_even_odd_wide,7,1
Lebarde,Lebarde,Crumpets,Sugar Cove,5245.6,166,CONFIRMED_FROM_VIDEO,CONFIRMED_FROM_VIDEO,Screen Recording 2026-08-16 223317.mp4,pooled_even_odd_wide,6,1
Lebarde,Lebarde,Crumpets,Taylor's Town,3303.7,135,CONFIRMED_FROM_VIDEO,CONFIRMED_FROM_VIDEO,Screen Recording 2026-08-16 223317.mp4,pooled_even_odd_wide,12,1
Lebarde,Lebarde,Crumpets,Theresa,8705.3,223,CONFIRMED_FROM_VIDEO,CONFIRMED_FROM_VIDEO,Screen Recording 2026-08-16 223317.mp4,pooled_even_odd_wide,6,1
Lebarde,Lebarde,Crumpets,Thresher Point,2581.4,123,CONFIRMED_FROM_VIDEO,CONFIRMED_FROM_VIDEO,Screen Recording 2026-08-16 223317.mp4,pooled_even_odd_wide,12,1
Lebarde,Lebarde,Crumpets,Venta Nueva,10974.6,260,CONFIRMED_FROM_VIDEO,CONFIRMED_FROM_VIDEO,Screen Recording 2026-08-16 223317.mp4,pooled_even_odd_wide,4,2
Lebarde,Lebarde,Crumpets,Villarreal Del Mar,9666.1,238,CONFIRMED_FROM_VIDEO,CONFIRMED_FROM_VIDEO,Screen Recording 2026-08-16 223317.mp4,pooled_even_odd_wide,5,1
Lebarde,Lebarde,Crumpets,White Hook,6990.8,195,CONFIRMED_FROM_VIDEO,CONFIRMED_FROM_VIDEO,Screen Recording 2026-08-16 223317.mp4,pooled_even_odd_wide,5,1
Lebarde,Lebarde,Crumpets,Wyntergard,8882.8,226,CONFIRMED_FROM_VIDEO,CONFIRMED_FROM_VIDEO,Screen Recording 2026-08-16 223317.mp4,pooled_even_odd_wide,5,2
Lebarde,Lebarde,Crumpets,Yorinobu's Settlement,4521.9,155,CONFIRMED_FROM_VIDEO,CONFIRMED_FROM_VIDEO,Screen Recording 2026-08-16 223317.mp4,pooled_even_odd_wide,2,1
Madalena,Ilhas Brumas,Cheese,Al-Jazair,14528.2,269,CONFIRMED_FROM_VIDEO,CONFIRMED_FROM_VIDEO,Screen Recording 2026-08-16 223317.mp4,pooled_even_odd_wide,4,2
Madalena,Ilhas Brumas,Cheese,Ashbourne,13063.8,248,CONFIRMED_FROM_VIDEO,CONFIRMED_FROM_VIDEO,Screen Recording 2026-08-16 223317.mp4,pooled_even_odd_wide,6,2
Madalena,Ilhas Brumas,Cheese,Belfry Heights,12861.8,246,CONFIRMED_FROM_VIDEO,CONFIRMED_FROM_VIDEO,Screen Recording 2026-08-16 223317.mp4,pooled_even_odd_wide,8,2
Madalena,Ilhas Brumas,Cheese,Bucket Bay,12084.9,235,CONFIRMED_FROM_VIDEO,CONFIRMED_FROM_VIDEO,Screen Recording 2026-08-16 223317.mp4,pooled_even_odd_wide,4,2
Madalena,Ilhas Brumas,Cheese,Caledonia,16752.2,299,CONFIRMED_FROM_VIDEO,CONFIRMED_FROM_VIDEO,Screen Recording 2026-08-16 223317.mp4,pooled_even_odd_wide,4,2
Madalena,Ilhas Brumas,Cheese,Castle Landing,16687.2,298,CONFIRMED_FROM_VIDEO,CONFIRMED_FROM_VIDEO,Screen Recording 2026-08-16 223317.mp4,pooled_even_odd_wide,4,2
Madalena,Ilhas Brumas,Cheese,Caveira,1940.9,95,CONFIRMED_FROM_VIDEO,CONFIRMED_FROM_VIDEO,Screen Recording 2026-08-16 223317.mp4,pooled_even_odd_wide,4,1
Madalena,Ilhas Brumas,Cheese,Caye Tiburon,12460.2,240,CONFIRMED_FROM_VIDEO,CONFIRMED_FROM_VIDEO,Screen Recording 2026-08-16 223317.mp4,pooled_even_odd_wide,4,2
Madalena,Ilhas Brumas,Cheese,Crownstead,13119.3,249,CONFIRMED_FROM_VIDEO,CONFIRMED_FROM_VIDEO,Screen Recording 2026-08-16 223317.mp4,pooled_even_odd_wide,6,2
Madalena,Ilhas Brumas,Cheese,Cumberland Hill,18969.0,330,CONFIRMED_FROM_VIDEO,CONFIRMED_FROM_VIDEO,Screen Recording 2026-08-16 223317.mp4,pooled_even_odd_wide,4,1
Madalena,Ilhas Brumas,Cheese,Deadman's Murcia,6409.4,294,CONFIRMED_FROM_VIDEO,CONFIRMED_FROM_VIDEO,Screen Recording 2026-08-16 223317.mp4,pooled_even_odd_wide,7,1
Madalena,Ilhas Brumas,Cheese,Fair Harbour,13356.0,252,CONFIRMED_FROM_VIDEO,CONFIRMED_FROM_VIDEO,Screen Recording 2026-08-16 223317.mp4,pooled_even_odd_wide,5,1
Madalena,Ilhas Brumas,Cheese,Falmouth,7479.2,172,CONFIRMED_FROM_VIDEO,CONFIRMED_FROM_VIDEO,Screen Recording 2026-08-16 223317.mp4,pooled_even_odd_wide,6,1
Madalena,Ilhas Brumas,Cheese,Gyldenvale,14387.2,267,CONFIRMED_FROM_VIDEO,CONFIRMED_FROM_VIDEO,Screen Recording 2026-08-16 223317.mp4,pooled_even_odd_wide,4,2
Madalena,Ilhas Brumas,Cheese,Jones' Outpost,18061.8,317,CONFIRMED_FROM_VIDEO,CONFIRMED_FROM_VIDEO,Screen Recording 2026-08-16 223317.mp4,pooled_even_odd_wide,4,2
Madalena,Ilhas Brumas,Cheese,Kandlerova,13237.4,251,CONFIRMED_FROM_VIDEO,CONFIRMED_FROM_VIDEO,Screen Recording 2026-08-16 223317.mp4,pooled_even_odd_wide,4,2
Madalena,Ilhas Brumas,Cheese,La Povenglia,13533.8,255,CONFIRMED_FROM_VIDEO,CONFIRMED_FROM_VIDEO,Screen Recording 2026-08-16 223317.mp4,pooled_even_odd_wide,4,2
Madalena,Ilhas Brumas,Cheese,Lebarde,15322.4,279,CONFIRMED_FROM_VIDEO,CONFIRMED_FROM_VIDEO,Screen Recording 2026-08-16 223317.mp4,pooled_even_odd_wide,4,2
Madalena,Ilhas Brumas,Cheese,Lord Irving's Sacrifice,10493.2,213,CONFIRMED_FROM_VIDEO,CONFIRMED_FROM_VIDEO,Screen Recording 2026-08-16 223317.mp4,pooled_even_odd_wide,2,2
Madalena,Ilhas Brumas,Cheese,Louisbourg,9404.8,198,CONFIRMED_FROM_VIDEO,CONFIRMED_FROM_VIDEO,Screen Recording 2026-08-16 223317.mp4,pooled_even_odd_wide,7,1
Madalena,Ilhas Brumas,Cheese,Mako's Outlook,11200.9,223,CONFIRMED_FROM_VIDEO,CONFIRMED_FROM_VIDEO,Screen Recording 2026-08-16 223317.mp4,pooled_even_odd_wide,4,2
Madalena,Ilhas Brumas,Cheese,Matthew's Rest,11188.5,223,CONFIRMED_FROM_VIDEO,CONFIRMED_FROM_VIDEO,Screen Recording 2026-08-16 223317.mp4,pooled_even_odd_wide,4,2
Madalena,Ilhas Brumas,Cheese,Maurepas,9642.5,201,CONFIRMED_FROM_VIDEO,CONFIRMED_FROM_VIDEO,Screen Recording 2026-08-16 223317.mp4,pooled_even_odd_wide,13,1
Madalena,Ilhas Brumas,Cheese,New Brighton,13057.0,248,CONFIRMED_FROM_VIDEO,CONFIRMED_FROM_VIDEO,Screen Recording 2026-08-16 223317.mp4,pooled_even_odd_wide,9,1
Madalena,Ilhas Brumas,Cheese,New Catalina,18879.8,328,CONFIRMED_FROM_VIDEO,CONFIRMED_FROM_VIDEO,Screen Recording 2026-08-16 223317.mp4,pooled_even_odd_wide,4,2
Madalena,Ilhas Brumas,Cheese,Pachard Town,10223.0,209,CONFIRMED_FROM_VIDEO,CONFIRMED_FROM_VIDEO,Screen Recording 2026-08-16 223317.mp4,pooled_even_odd_wide,9,1
Madalena,Ilhas Brumas,Cheese,Peter's Cove,15546.2,283,CONFIRMED_FROM_VIDEO,CONFIRMED_FROM_VIDEO,Screen Recording 2026-08-16 223317.mp4,pooled_even_odd_wide,4,2
Madalena,Ilhas Brumas,Cheese,Petit Anvers,10519.1,213,CONFIRMED_FROM_VIDEO,CONFIRMED_FROM_VIDEO,Screen Recording 2026-08-16 223317.mp4,pooled_even_odd_wide,4,2
Madalena,Ilhas Brumas,Cheese,Poblado de San Juan,5691.3,147,CONFIRMED_FROM_VIDEO,CONFIRMED_FROM_VIDEO,Screen Recording 2026-08-16 223317.mp4,pooled_even_odd_wide,4,2
Madalena,Ilhas Brumas,Cheese,Point Rocheux,8139.2,181,CONFIRMED_FROM_VIDEO,CONFIRMED_FROM_VIDEO,Screen Recording 2026-08-16 223317.mp4,pooled_even_odd_wide,8,1
Madalena,Ilhas Brumas,Cheese,Ponta Delgada,2988.0,110,CONFIRMED_FROM_VIDEO,CONFIRMED_FROM_VIDEO,Screen Recording 2026-08-16 223317.mp4,pooled_even_odd_wide,4,1
Madalena,Ilhas Brumas,Cheese,Port Antonio,6599.0,159,CONFIRMED_FROM_VIDEO,CONFIRMED_FROM_VIDEO,Screen Recording 2026-08-16 223317.mp4,pooled_even_odd_wide,9,1
Madalena,Ilhas Brumas,Cheese,Port Louis,13619.6,256,CONFIRMED_FROM_VIDEO,CONFIRMED_FROM_VIDEO,Screen Recording 2026-08-16 223317.mp4,pooled_even_odd_wide,3,3
Madalena,Ilhas Brumas,Cheese,Port Royal,8637.1,188,CONFIRMED_FROM_VIDEO,CONFIRMED_FROM_VIDEO,Screen Recording 2026-08-16 223317.mp4,pooled_even_odd_wide,8,1
Madalena,Ilhas Brumas,Cheese,Port-Au-Croix,9213.9,195,CONFIRMED_FROM_VIDEO,CONFIRMED_FROM_VIDEO,Screen Recording 2026-08-16 223317.mp4,pooled_even_odd_wide,6,1
Madalena,Ilhas Brumas,Cheese,Princeton,15289.7,279,CONFIRMED_FROM_VIDEO,CONFIRMED_FROM_VIDEO,Screen Recording 2026-08-16 223317.mp4,pooled_even_odd_wide,4,2
Madalena,Ilhas Brumas,Cheese,Puerto de San Fernando,4834.7,135,CONFIRMED_FROM_VIDEO,CONFIRMED_FROM_VIDEO,Screen Recording 2026-08-16 223317.mp4,pooled_even_odd_wide,4,1
Madalena,Ilhas Brumas,Cheese,Saint Vincent,14517.8,268,CONFIRMED_FROM_VIDEO,CONFIRMED_FROM_VIDEO,Screen Recording 2026-08-16 223317.mp4,pooled_even_odd_wide,4,2
Madalena,Ilhas Brumas,Cheese,Saint-Nicholas,17025.1,303,CONFIRMED_FROM_VIDEO,CONFIRMED_FROM_VIDEO,Screen Recording 2026-08-16 223317.mp4,pooled_even_odd_wide,4,2
Madalena,Ilhas Brumas,Cheese,Sainte Rose,8865.7,191,CONFIRMED_FROM_VIDEO,CONFIRMED_FROM_VIDEO,Screen Recording 2026-08-16 223317.mp4,pooled_even_odd_wide,6,2
Madalena,Ilhas Brumas,Cheese,San Polo,13079.9,249,CONFIRMED_FROM_VIDEO,CONFIRMED_FROM_VIDEO,Screen Recording 2026-08-16 223317.mp4,pooled_even_odd_wide,6,2
Madalena,Ilhas Brumas,Cheese,San Salvador,7990.8,179,CONFIRMED_FROM_VIDEO,CONFIRMED_FROM_VIDEO,Screen Recording 2026-08-16 223317.mp4,pooled_even_odd_wide,8,1
Madalena,Ilhas Brumas,Cheese,San Vito,12059.6,235,CONFIRMED_FROM_VIDEO,CONFIRMED_FROM_VIDEO,Screen Recording 2026-08-16 223317.mp4,pooled_even_odd_wide,4,2
Madalena,Ilhas Brumas,Cheese,Sandy Settlement,16627.5,297,CONFIRMED_FROM_VIDEO,CONFIRMED_FROM_VIDEO,Screen Recording 2026-08-16 223317.mp4,pooled_even_odd_wide,4,2
Madalena,Ilhas Brumas,Cheese,Santa Maria,5960.5,151,CONFIRMED_FROM_VIDEO,CONFIRMED_FROM_VIDEO,Screen Recording 2026-08-16 223317.mp4,pooled_even_odd_wide,6,1
Madalena,Ilhas Brumas,Cheese,Sao Bento,1682.4,92,CONFIRMED_FROM_VIDEO,CONFIRMED_FROM_VIDEO,Screen Recording 2026-08-16 223317.mp4,pooled_even_odd_wide,4,1
Madalena,Ilhas Brumas,Cheese,Snake Prosper,16375.0,294,CONFIRMED_FROM_VIDEO,CONFIRMED_FROM_VIDEO,Screen Recording 2026-08-16 223317.mp4,pooled_even_odd_wide,6,1
Madalena,Ilhas Brumas,Cheese,Sugar Cove,19878.4,342,CONFIRMED_FROM_VIDEO,CONFIRMED_FROM_VIDEO,Screen Recording 2026-08-16 223317.mp4,pooled_even_odd_wide,4,2
Madalena,Ilhas Brumas,Cheese,Taylor's Town,17396.6,308,CONFIRMED_FROM_VIDEO,CONFIRMED_FROM_VIDEO,Screen Recording 2026-08-16 223317.mp4,pooled_even_odd_wide,4,2
Madalena,Ilhas Brumas,Cheese,Theresa,6754.1,162,CONFIRMED_FROM_VIDEO,CONFIRMED_FROM_VIDEO,Screen Recording 2026-08-16 223317.mp4,pooled_even_odd_wide,10,1
Madalena,Ilhas Brumas,Cheese,Thresher Point,13408.3,253,CONFIRMED_FROM_VIDEO,CONFIRMED_FROM_VIDEO,Screen Recording 2026-08-16 223317.mp4,pooled_even_odd_wide,4,2
Madalena,Ilhas Brumas,Cheese,Venta Nueva,4769.6,134,CONFIRMED_FROM_VIDEO,CONFIRMED_FROM_VIDEO,Screen Recording 2026-08-16 223317.mp4,pooled_even_odd_wide,4,1
Madalena,Ilhas Brumas,Cheese,Villarreal Del Mar,6011.7,151,CONFIRMED_FROM_VIDEO,CONFIRMED_FROM_VIDEO,Screen Recording 2026-08-16 223317.mp4,pooled_even_odd_wide,6,1
Madalena,Ilhas Brumas,Cheese,White Hook,17330.5,307,CONFIRMED_FROM_VIDEO,CONFIRMED_FROM_VIDEO,Screen Recording 2026-08-16 223317.mp4,pooled_even_odd_wide,4,2
Madalena,Ilhas Brumas,Cheese,Wyntergard,14169.2,264,CONFIRMED_FROM_VIDEO,CONFIRMED_FROM_VIDEO,Screen Recording 2026-08-16 223317.mp4,pooled_even_odd_wide,4,2
Madalena,Ilhas Brumas,Cheese,Yorinobu's Settlement,12701.0,243,CONFIRMED_FROM_VIDEO,CONFIRMED_FROM_VIDEO,Screen Recording 2026-08-16 223317.mp4,pooled_even_odd_wide,6,1
New Brighton,West Somerset,Dyes,Al-Jazair,1659.6,108,CONFIRMED_FROM_VIDEO,CONFIRMED_FROM_VIDEO,Screen Recording 2026-08-16 223317.mp4,pooled_even_odd_wide,9,1
New Brighton,West Somerset,Dyes,Ashbourne,5327.0,168,CONFIRMED_FROM_VIDEO,CONFIRMED_FROM_VIDEO,Screen Recording 2026-08-16 223317.mp4,pooled_even_odd_wide,4,1
New Brighton,West Somerset,Dyes,Belfry Heights,4617.8,156,CONFIRMED_FROM_VIDEO,CONFIRMED_FROM_VIDEO,Screen Recording 2026-08-16 223317.mp4,pooled_even_odd_wide,6,1
New Brighton,West Somerset,Dyes,Bucket Bay,2614.3,124,CONFIRMED_FROM_VIDEO,CONFIRMED_FROM_VIDEO,Screen Recording 2026-08-16 223317.mp4,pooled_even_odd_wide,10,1
New Brighton,West Somerset,Dyes,Caledonia,4647.4,157,CONFIRMED_FROM_VIDEO,CONFIRMED_FROM_VIDEO,Screen Recording 2026-08-16 223317.mp4,pooled_even_odd_wide,4,1
New Brighton,West Somerset,Dyes,Castle Landing,4063.8,147,CONFIRMED_FROM_VIDEO,CONFIRMED_FROM_VIDEO,Screen Recording 2026-08-16 223317.mp4,pooled_even_odd_wide,5,1
New Brighton,West Somerset,Dyes,Caveira,11263.8,264,CONFIRMED_FROM_VIDEO,CONFIRMED_FROM_VIDEO,Screen Recording 2026-08-16 223317.mp4,pooled_even_odd_wide,6,2
New Brighton,West Somerset,Dyes,Caye Tiburon,3035.8,131,CONFIRMED_FROM_VIDEO,CONFIRMED_FROM_VIDEO,Screen Recording 2026-08-16 223317.mp4,pooled_even_odd_wide,14,2
New Brighton,West Somerset,Dyes,Crownstead,6133.5,181,CONFIRMED_FROM_VIDEO,CONFIRMED_FROM_VIDEO,Screen Recording 2026-08-16 223317.mp4,pooled_even_odd_wide,8,1
New Brighton,West Somerset,Dyes,Cumberland Hill,5912.6,177,CONFIRMED_FROM_VIDEO,CONFIRMED_FROM_VIDEO,Screen Recording 2026-08-16 223317.mp4,pooled_even_odd_wide,4,2
New Brighton,West Somerset,Dyes,Deadman's Murcia,4804.1,159,CONFIRMED_FROM_VIDEO,CONFIRMED_FROM_VIDEO,Screen Recording 2026-08-16 223317.mp4,pooled_even_odd_wide,4,1
New Brighton,West Somerset,Dyes,Fair Harbour,2978.7,130,CONFIRMED_FROM_VIDEO,CONFIRMED_FROM_VIDEO,Screen Recording 2026-08-16 223317.mp4,pooled_even_odd_wide,12,1
New Brighton,West Somerset,Dyes,Falmouth,5623.1,173,CONFIRMED_FROM_VIDEO,CONFIRMED_FROM_VIDEO,Screen Recording 2026-08-16 223317.mp4,pooled_even_odd_wide,9,1
New Brighton,West Somerset,Dyes,Gyldenvale,7062.9,196,CONFIRMED_FROM_VIDEO,CONFIRMED_FROM_VIDEO,Screen Recording 2026-08-16 223317.mp4,pooled_even_odd_wide,3,2
New Brighton,West Somerset,Dyes,Jones' Outpost,5010.5,163,CONFIRMED_FROM_VIDEO,CONFIRMED_FROM_VIDEO,Screen Recording 2026-08-16 223317.mp4,pooled_even_odd_wide,4,1
New Brighton,West Somerset,Dyes,Kandlerova,11693.1,271,CONFIRMED_FROM_VIDEO,CONFIRMED_FROM_VIDEO,Screen Recording 2026-08-16 223317.mp4,pooled_even_odd_wide,4,2
New Brighton,West Somerset,Dyes,La Povenglia,9044.9,228,CONFIRMED_FROM_VIDEO,CONFIRMED_FROM_VIDEO,Screen Recording 2026-08-16 223317.mp4,pooled_even_odd_wide,2,1
New Brighton,West Somerset,Dyes,Lebarde,3469.7,138,CONFIRMED_FROM_VIDEO,CONFIRMED_FROM_VIDEO,Screen Recording 2026-08-16 223317.mp4,pooled_even_odd_wide,14,1
New Brighton,West Somerset,Dyes,Lord Irving's Sacrifice,5704.1,174,CONFIRMED_FROM_VIDEO,CONFIRMED_FROM_VIDEO,Screen Recording 2026-08-16 223317.mp4,pooled_even_odd_wide,6,1
New Brighton,West Somerset,Dyes,Louisbourg,7040.2,196,CONFIRMED_FROM_VIDEO,CONFIRMED_FROM_VIDEO,Screen Recording 2026-08-16 223317.mp4,pooled_even_odd_wide,3,2
New Brighton,West Somerset,Dyes,Madalena,13057.0,293,CONFIRMED_FROM_VIDEO,CONFIRMED_FROM_VIDEO,Screen Recording 2026-08-16 223317.mp4,pooled_even_odd_wide,6,1
New Brighton,West Somerset,Dyes,Mako's Outlook,5900.1,177,CONFIRMED_FROM_VIDEO,CONFIRMED_FROM_VIDEO,Screen Recording 2026-08-16 223317.mp4,pooled_even_odd_wide,6,1
New Brighton,West Somerset,Dyes,Matthew's Rest,3016.6,130,CONFIRMED_FROM_VIDEO,CONFIRMED_FROM_VIDEO,Screen Recording 2026-08-16 223317.mp4,pooled_even_odd_wide,12,1
New Brighton,West Somerset,Dyes,Maurepas,6163.0,181,CONFIRMED_FROM_VIDEO,CONFIRMED_FROM_VIDEO,Screen Recording 2026-08-16 223317.mp4,pooled_even_odd_wide,6,1
New Brighton,West Somerset,Dyes,New Catalina,5847.3,176,CONFIRMED_FROM_VIDEO,CONFIRMED_FROM_VIDEO,Screen Recording 2026-08-16 223317.mp4,pooled_even_odd_wide,6,1
New Brighton,West Somerset,Dyes,Pachard Town,3427.0,137,CONFIRMED_FROM_VIDEO,CONFIRMED_FROM_VIDEO,Screen Recording 2026-08-16 223317.mp4,pooled_even_odd_wide,14,1
New Brighton,West Somerset,Dyes,Peter's Cove,6570.5,188,CONFIRMED_FROM_VIDEO,CONFIRMED_FROM_VIDEO,Screen Recording 2026-08-16 223317.mp4,pooled_even_odd_wide,7,1
New Brighton,West Somerset,Dyes,Petit Anvers,8054.4,212,CONFIRMED_FROM_VIDEO,CONFIRMED_FROM_VIDEO,Screen Recording 2026-08-16 223317.mp4,pooled_even_odd_wide,4,1
New Brighton,West Somerset,Dyes,Poblado de San Juan,10948.3,259,CONFIRMED_FROM_VIDEO,CONFIRMED_FROM_VIDEO,Screen Recording 2026-08-16 223317.mp4,pooled_even_odd_wide,4,1
New Brighton,West Somerset,Dyes,Point Rocheux,5369.8,169,CONFIRMED_FROM_VIDEO,CONFIRMED_FROM_VIDEO,Screen Recording 2026-08-16 223317.mp4,pooled_even_odd_wide,4,1
New Brighton,West Somerset,Dyes,Ponta Delgada,12752.3,288,CONFIRMED_FROM_VIDEO,CONFIRMED_FROM_VIDEO,Screen Recording 2026-08-16 223317.mp4,pooled_even_odd_wide,4,2
New Brighton,West Somerset,Dyes,Port Antonio,6644.7,189,CONFIRMED_FROM_VIDEO,CONFIRMED_FROM_VIDEO,Screen Recording 2026-08-16 223317.mp4,pooled_even_odd_wide,6,1
New Brighton,West Somerset,Dyes,Port Louis,3806.0,143,CONFIRMED_FROM_VIDEO,CONFIRMED_FROM_VIDEO,Screen Recording 2026-08-16 223317.mp4,pooled_even_odd_wide,5,1
New Brighton,West Somerset,Dyes,Port Royal,5750.7,175,CONFIRMED_FROM_VIDEO,CONFIRMED_FROM_VIDEO,Screen Recording 2026-08-16 223317.mp4,pooled_even_odd_wide,6,1
New Brighton,West Somerset,Dyes,Port-Au-Croix,4394.9,153,CONFIRMED_FROM_VIDEO,CONFIRMED_FROM_VIDEO,Screen Recording 2026-08-16 223317.mp4,pooled_even_odd_wide,5,1
New Brighton,West Somerset,Dyes,Princeton,2425.1,121,CONFIRMED_FROM_VIDEO,CONFIRMED_FROM_VIDEO,Screen Recording 2026-08-16 223317.mp4,pooled_even_odd_wide,9,1
New Brighton,West Somerset,Dyes,Puerto de San Fernando,9201.6,231,CONFIRMED_FROM_VIDEO,CONFIRMED_FROM_VIDEO,Screen Recording 2026-08-16 223317.mp4,pooled_even_odd_wide,8,1
New Brighton,West Somerset,Dyes,Saint Vincent,2549.1,123,CONFIRMED_FROM_VIDEO,CONFIRMED_FROM_VIDEO,Screen Recording 2026-08-16 223317.mp4,pooled_even_odd_wide,9,1
New Brighton,West Somerset,Dyes,Saint-Nicholas,7488.2,203,CONFIRMED_FROM_VIDEO,CONFIRMED_FROM_VIDEO,Screen Recording 2026-08-16 223317.mp4,pooled_even_odd_wide,7,1
New Brighton,West Somerset,Dyes,Sainte Rose,8183.3,214,CONFIRMED_FROM_VIDEO,CONFIRMED_FROM_VIDEO,Screen Recording 2026-08-16 223317.mp4,pooled_even_odd_wide,4,1
New Brighton,West Somerset,Dyes,San Polo,10791.5,257,CONFIRMED_FROM_VIDEO,CONFIRMED_FROM_VIDEO,Screen Recording 2026-08-16 223317.mp4,pooled_even_odd_wide,6,2
New Brighton,West Somerset,Dyes,San Salvador,10552.7,253,CONFIRMED_FROM_VIDEO,CONFIRMED_FROM_VIDEO,Screen Recording 2026-08-16 223317.mp4,pooled_even_odd_wide,6,2
New Brighton,West Somerset,Dyes,San Vito,7770.0,208,CONFIRMED_FROM_VIDEO,CONFIRMED_FROM_VIDEO,Screen Recording 2026-08-16 223317.mp4,pooled_even_odd_wide,4,1
New Brighton,West Somerset,Dyes,Sandy Settlement,7497.4,203,CONFIRMED_FROM_VIDEO,CONFIRMED_FROM_VIDEO,Screen Recording 2026-08-16 223317.mp4,pooled_even_odd_wide,4,1
New Brighton,West Somerset,Dyes,Santa Maria,10516.0,252,CONFIRMED_FROM_VIDEO,CONFIRMED_FROM_VIDEO,Screen Recording 2026-08-16 223317.mp4,pooled_even_odd_wide,8,1
New Brighton,West Somerset,Dyes,Sao Bento,11884.6,274,CONFIRMED_FROM_VIDEO,CONFIRMED_FROM_VIDEO,Screen Recording 2026-08-16 223317.mp4,pooled_even_odd_wide,4,2
New Brighton,West Somerset,Dyes,Snake Prosper,4266.1,151,CONFIRMED_FROM_VIDEO,CONFIRMED_FROM_VIDEO,Screen Recording 2026-08-16 223317.mp4,pooled_even_odd_wide,8,1
New Brighton,West Somerset,Dyes,Sugar Cove,6847.4,193,CONFIRMED_FROM_VIDEO,CONFIRMED_FROM_VIDEO,Screen Recording 2026-08-16 223317.mp4,pooled_even_odd_wide,5,1
New Brighton,West Somerset,Dyes,Taylor's Town,6738.4,191,CONFIRMED_FROM_VIDEO,CONFIRMED_FROM_VIDEO,Screen Recording 2026-08-16 223317.mp4,pooled_even_odd_wide,5,1
New Brighton,West Somerset,Dyes,Theresa,7047.8,196,CONFIRMED_FROM_VIDEO,CONFIRMED_FROM_VIDEO,Screen Recording 2026-08-16 223317.mp4,pooled_even_odd_wide,3,2
New Brighton,West Somerset,Dyes,Thresher Point,4061.1,147,CONFIRMED_FROM_VIDEO,CONFIRMED_FROM_VIDEO,Screen Recording 2026-08-16 223317.mp4,pooled_even_odd_wide,5,1
New Brighton,West Somerset,Dyes,Venta Nueva,8392.8,218,CONFIRMED_FROM_VIDEO,CONFIRMED_FROM_VIDEO,Screen Recording 2026-08-16 223317.mp4,pooled_even_odd_wide,5,1
New Brighton,West Somerset,Dyes,Villarreal Del Mar,7085.7,196,CONFIRMED_FROM_VIDEO,CONFIRMED_FROM_VIDEO,Screen Recording 2026-08-16 223317.mp4,pooled_even_odd_wide,2,2
New Brighton,West Somerset,Dyes,White Hook,5473.2,170,CONFIRMED_FROM_VIDEO,CONFIRMED_FROM_VIDEO,Screen Recording 2026-08-16 223317.mp4,pooled_even_odd_wide,4,1
New Brighton,West Somerset,Dyes,Wyntergard,5791.5,175,CONFIRMED_FROM_VIDEO,CONFIRMED_FROM_VIDEO,Screen Recording 2026-08-16 223317.mp4,pooled_even_odd_wide,6,1
New Brighton,West Somerset,Dyes,Yorinobu's Settlement,1075.4,99,CONFIRMED_FROM_VIDEO,CONFIRMED_FROM_VIDEO,Screen Recording 2026-08-16 223317.mp4,pooled_even_odd_wide,8,2
New Catalina,New Catalina,Pierogi,Al-Jazair,4598.6,166,CONFIRMED_FROM_VIDEO,CONFIRMED_FROM_VIDEO,Screen Recording 2026-08-16 223317.mp4,pooled_even_odd_wide,9,1
New Catalina,New Catalina,Pierogi,Ashbourne,9046.0,242,CONFIRMED_FROM_VIDEO,CONFIRMED_FROM_VIDEO,Screen Recording 2026-08-16 223317.mp4,pooled_even_odd_wide,5,1
New Catalina,New Catalina,Pierogi,Belfry Heights,7839.9,221,CONFIRMED_FROM_VIDEO,CONFIRMED_FROM_VIDEO,Screen Recording 2026-08-16 223317.mp4,pooled_even_odd_wide,7,1
New Catalina,New Catalina,Pierogi,Bucket Bay,7611.5,218,CONFIRMED_FROM_VIDEO,CONFIRMED_FROM_VIDEO,Screen Recording 2026-08-16 223317.mp4,pooled_even_odd_wide,4,1
New Catalina,New Catalina,Pierogi,Caledonia,4523.3,164,CONFIRMED_FROM_VIDEO,CONFIRMED_FROM_VIDEO,Screen Recording 2026-08-16 223317.mp4,pooled_even_odd_wide,7,1
New Catalina,New Catalina,Pierogi,Castle Landing,2709.9,133,CONFIRMED_FROM_VIDEO,CONFIRMED_FROM_VIDEO,Screen Recording 2026-08-16 223317.mp4,pooled_even_odd_wide,4,1
New Catalina,New Catalina,Pierogi,Caveira,17054.6,380,CONFIRMED_FROM_VIDEO,CONFIRMED_FROM_VIDEO,Screen Recording 2026-08-16 223317.mp4,pooled_even_odd_wide,6,2
New Catalina,New Catalina,Pierogi,Caye Tiburon,7111.5,209,CONFIRMED_FROM_VIDEO,CONFIRMED_FROM_VIDEO,Screen Recording 2026-08-16 223317.mp4,pooled_even_odd_wide,4,1
New Catalina,New Catalina,Pierogi,Crownstead,9773.2,255,CONFIRMED_FROM_VIDEO,CONFIRMED_FROM_VIDEO,Screen Recording 2026-08-16 223317.mp4,pooled_even_odd_wide,6,1
New Catalina,New Catalina,Pierogi,Cumberland Hill,554.4,96,CONFIRMED_FROM_VIDEO,CONFIRMED_FROM_VIDEO,Screen Recording 2026-08-16 223317.mp4,pooled_even_odd_wide,3,2
New Catalina,New Catalina,Pierogi,Deadman's Murcia,5338.4,178,CONFIRMED_FROM_VIDEO,CONFIRMED_FROM_VIDEO,Screen Recording 2026-08-16 223317.mp4,pooled_even_odd_wide,5,1
New Catalina,New Catalina,Pierogi,Fair Harbour,6879.5,205,CONFIRMED_FROM_VIDEO,CONFIRMED_FROM_VIDEO,Screen Recording 2026-08-16 223317.mp4,pooled_even_odd_wide,5,1
New Catalina,New Catalina,Pierogi,Falmouth,11409.6,283,CONFIRMED_FROM_VIDEO,CONFIRMED_FROM_VIDEO,Screen Recording 2026-08-16 223317.mp4,pooled_even_odd_wide,4,2
New Catalina,New Catalina,Pierogi,Gyldenvale,9954.3,258,CONFIRMED_FROM_VIDEO,CONFIRMED_FROM_VIDEO,Screen Recording 2026-08-16 223317.mp4,pooled_even_odd_wide,6,1
New Catalina,New Catalina,Pierogi,Jones' Outpost,1228.1,107,CONFIRMED_FROM_VIDEO,CONFIRMED_FROM_VIDEO,Screen Recording 2026-08-16 223317.mp4,pooled_even_odd_wide,4,1
New Catalina,New Catalina,Pierogi,Kandlerova,14700.6,340,CONFIRMED_FROM_VIDEO,CONFIRMED_FROM_VIDEO,Screen Recording 2026-08-16 223317.mp4,pooled_even_odd_wide,6,2
New Catalina,New Catalina,Pierogi,La Povenglia,11646.8,287,CONFIRMED_FROM_VIDEO,CONFIRMED_FROM_VIDEO,Screen Recording 2026-08-16 223317.mp4,pooled_even_odd_wide,4,2
New Catalina,New Catalina,Pierogi,Lebarde,4396.1,162,CONFIRMED_FROM_VIDEO,CONFIRMED_FROM_VIDEO,Screen Recording 2026-08-16 223317.mp4,pooled_even_odd_wide,7,1
New Catalina,New Catalina,Pierogi,Lord Irving's Sacrifice,10116.9,261,CONFIRMED_FROM_VIDEO,CONFIRMED_FROM_VIDEO,Screen Recording 2026-08-16 223317.mp4,pooled_even_odd_wide,4,3
New Catalina,New Catalina,Pierogi,Louisbourg,12192.4,297,CONFIRMED_FROM_VIDEO,CONFIRMED_FROM_VIDEO,Screen Recording 2026-08-16 223317.mp4,pooled_even_odd_wide,6,2
New Catalina,New Catalina,Pierogi,Madalena,18879.8,412,CONFIRMED_FROM_VIDEO,CONFIRMED_FROM_VIDEO,Screen Recording 2026-08-16 223317.mp4,pooled_even_odd_wide,6,2
New Catalina,New Catalina,Pierogi,Mako's Outlook,9901.9,257,CONFIRMED_FROM_VIDEO,CONFIRMED_FROM_VIDEO,Screen Recording 2026-08-16 223317.mp4,pooled_even_odd_wide,3,1
New Catalina,New Catalina,Pierogi,Matthew's Rest,8385.2,231,CONFIRMED_FROM_VIDEO,CONFIRMED_FROM_VIDEO,Screen Recording 2026-08-16 223317.mp4,pooled_even_odd_wide,6,1
New Catalina,New Catalina,Pierogi,Maurepas,11362.2,282,CONFIRMED_FROM_VIDEO,CONFIRMED_FROM_VIDEO,Screen Recording 2026-08-16 223317.mp4,pooled_even_odd_wide,4,2
New Catalina,New Catalina,Pierogi,New Brighton,5847.3,187,CONFIRMED_FROM_VIDEO,CONFIRMED_FROM_VIDEO,Screen Recording 2026-08-16 223317.mp4,pooled_even_odd_wide,5,1
New Catalina,New Catalina,Pierogi,Pachard Town,9094.7,243,CONFIRMED_FROM_VIDEO,CONFIRMED_FROM_VIDEO,Screen Recording 2026-08-16 223317.mp4,pooled_even_odd_wide,5,1
New Catalina,New Catalina,Pierogi,Peter's Cove,7520.1,216,CONFIRMED_FROM_VIDEO,CONFIRMED_FROM_VIDEO,Screen Recording 2026-08-16 223317.mp4,pooled_even_odd_wide,4,1
New Catalina,New Catalina,Pierogi,Petit Anvers,12763.7,306,CONFIRMED_FROM_VIDEO,CONFIRMED_FROM_VIDEO,Screen Recording 2026-08-16 223317.mp4,pooled_even_odd_wide,6,2
New Catalina,New Catalina,Pierogi,Poblado de San Juan,16211.3,366,CONFIRMED_FROM_VIDEO,CONFIRMED_FROM_VIDEO,Screen Recording 2026-08-16 223317.mp4,pooled_even_odd_wide,6,2
New Catalina,New Catalina,Pierogi,Point Rocheux,11155.1,279,CONFIRMED_FROM_VIDEO,CONFIRMED_FROM_VIDEO,Screen Recording 2026-08-16 223317.mp4,pooled_even_odd_wide,4,2
New Catalina,New Catalina,Pierogi,Ponta Delgada,18570.5,407,CONFIRMED_FROM_VIDEO,CONFIRMED_FROM_VIDEO,Screen Recording 2026-08-16 223317.mp4,pooled_even_odd_wide,5,3
New Catalina,New Catalina,Pierogi,Port Antonio,12372.3,300,CONFIRMED_FROM_VIDEO,CONFIRMED_FROM_VIDEO,Screen Recording 2026-08-16 223317.mp4,pooled_even_odd_wide,6,2
New Catalina,New Catalina,Pierogi,Port Louis,7303.4,212,CONFIRMED_FROM_VIDEO,CONFIRMED_FROM_VIDEO,Screen Recording 2026-08-16 223317.mp4,pooled_even_odd_wide,4,1
New Catalina,New Catalina,Pierogi,Port Royal,10994.1,276,CONFIRMED_FROM_VIDEO,CONFIRMED_FROM_VIDEO,Screen Recording 2026-08-16 223317.mp4,pooled_even_odd_wide,2,1
New Catalina,New Catalina,Pierogi,Port-Au-Croix,10123.9,261,CONFIRMED_FROM_VIDEO,CONFIRMED_FROM_VIDEO,Screen Recording 2026-08-16 223317.mp4,pooled_even_odd_wide,8,2
New Catalina,New Catalina,Pierogi,Princeton,3633.5,149,CONFIRMED_FROM_VIDEO,CONFIRMED_FROM_VIDEO,Screen Recording 2026-08-16 223317.mp4,pooled_even_odd_wide,4,1
New Catalina,New Catalina,Pierogi,Puerto de San Fernando,14795.6,341,CONFIRMED_FROM_VIDEO,CONFIRMED_FROM_VIDEO,Screen Recording 2026-08-16 223317.mp4,pooled_even_odd_wide,6,2
New Catalina,New Catalina,Pierogi,Saint Vincent,5336.2,178,CONFIRMED_FROM_VIDEO,CONFIRMED_FROM_VIDEO,Screen Recording 2026-08-16 223317.mp4,pooled_even_odd_wide,5,1
New Catalina,New Catalina,Pierogi,Saint-Nicholas,7278.6,212,CONFIRMED_FROM_VIDEO,CONFIRMED_FROM_VIDEO,Screen Recording 2026-08-16 223317.mp4,pooled_even_odd_wide,4,1
New Catalina,New Catalina,Pierogi,Sainte Rose,13375.5,317,CONFIRMED_FROM_VIDEO,CONFIRMED_FROM_VIDEO,Screen Recording 2026-08-16 223317.mp4,pooled_even_odd_wide,6,2
New Catalina,New Catalina,Pierogi,San Polo,13768.3,324,CONFIRMED_FROM_VIDEO,CONFIRMED_FROM_VIDEO,Screen Recording 2026-08-16 223317.mp4,pooled_even_odd_wide,6,2
New Catalina,New Catalina,Pierogi,San Salvador,15306.2,350,CONFIRMED_FROM_VIDEO,CONFIRMED_FROM_VIDEO,Screen Recording 2026-08-16 223317.mp4,pooled_even_odd_wide,6,2
New Catalina,New Catalina,Pierogi,San Vito,11114.1,278,CONFIRMED_FROM_VIDEO,CONFIRMED_FROM_VIDEO,Screen Recording 2026-08-16 223317.mp4,pooled_even_odd_wide,4,2
New Catalina,New Catalina,Pierogi,Sandy Settlement,7675.9,219,CONFIRMED_FROM_VIDEO,CONFIRMED_FROM_VIDEO,Screen Recording 2026-08-16 223317.mp4,pooled_even_odd_wide,4,2
New Catalina,New Catalina,Pierogi,Santa Maria,15748.6,358,CONFIRMED_FROM_VIDEO,CONFIRMED_FROM_VIDEO,Screen Recording 2026-08-16 223317.mp4,pooled_even_odd_wide,6,2
New Catalina,New Catalina,Pierogi,Sao Bento,17731.6,392,CONFIRMED_FROM_VIDEO,CONFIRMED_FROM_VIDEO,Screen Recording 2026-08-16 223317.mp4,pooled_even_odd_wide,6,2
New Catalina,New Catalina,Pierogi,Snake Prosper,4568.4,165,CONFIRMED_FROM_VIDEO,CONFIRMED_FROM_VIDEO,Screen Recording 2026-08-16 223317.mp4,pooled_even_odd_wide,7,1
New Catalina,New Catalina,Pierogi,Sugar Cove,1000.2,104,CONFIRMED_FROM_VIDEO,CONFIRMED_FROM_VIDEO,Screen Recording 2026-08-16 223317.mp4,pooled_even_odd_wide,4,1
New Catalina,New Catalina,Pierogi,Taylor's Town,5783.0,186,CONFIRMED_FROM_VIDEO,CONFIRMED_FROM_VIDEO,Screen Recording 2026-08-16 223317.mp4,pooled_even_odd_wide,5,1
New Catalina,New Catalina,Pierogi,Theresa,12596.7,304,CONFIRMED_FROM_VIDEO,CONFIRMED_FROM_VIDEO,Screen Recording 2026-08-16 223317.mp4,pooled_even_odd_wide,6,2
New Catalina,New Catalina,Pierogi,Thresher Point,6976.7,207,CONFIRMED_FROM_VIDEO,CONFIRMED_FROM_VIDEO,Screen Recording 2026-08-16 223317.mp4,pooled_even_odd_wide,6,1
New Catalina,New Catalina,Pierogi,Venta Nueva,14239.8,332,CONFIRMED_FROM_VIDEO,CONFIRMED_FROM_VIDEO,Screen Recording 2026-08-16 223317.mp4,pooled_even_odd_wide,12,2
New Catalina,New Catalina,Pierogi,Villarreal Del Mar,2930.7,309,CONFIRMED_FROM_VIDEO,CONFIRMED_FROM_VIDEO,Screen Recording 2026-08-16 223317.mp4,pooled_even_odd_wide,9,1
New Catalina,New Catalina,Pierogi,White Hook,4970.9,172,CONFIRMED_FROM_VIDEO,CONFIRMED_FROM_VIDEO,Screen Recording 2026-08-16 223317.mp4,pooled_even_odd_wide,9,1
New Catalina,New Catalina,Pierogi,Wyntergard,8753.8,237,CONFIRMED_FROM_VIDEO,CONFIRMED_FROM_VIDEO,Screen Recording 2026-08-16 223317.mp4,pooled_even_odd_wide,6,1
New Catalina,New Catalina,Pierogi,Yorinobu's Settlement,6421.0,197,CONFIRMED_FROM_VIDEO,CONFIRMED_FROM_VIDEO,Screen Recording 2026-08-16 223317.mp4,pooled_even_odd_wide,7,1
Peter's Cove,Saint-Nicholas,Tuna,Al-Jazair,7301.7,188,CONFIRMED_FROM_VIDEO,CONFIRMED_FROM_VIDEO,Screen Recording 2026-08-16 223317.mp4,pooled_even_odd_wide,6,1
Peter's Cove,Saint-Nicholas,Tuna,Ashbourne,11895.2,258,CONFIRMED_FROM_VIDEO,CONFIRMED_FROM_VIDEO,Screen Recording 2026-08-16 223317.mp4,pooled_even_odd_wide,4,2
Peter's Cove,Saint-Nicholas,Tuna,Belfry Heights,2871.8,120,CONFIRMED_FROM_VIDEO,CONFIRMED_FROM_VIDEO,Screen Recording 2026-08-16 223317.mp4,pooled_even_odd_wide,12,1
Peter's Cove,Saint-Nicholas,Tuna,Bucket Bay,9094.3,215,CONFIRMED_FROM_VIDEO,CONFIRMED_FROM_VIDEO,Screen Recording 2026-08-16 223317.mp4,pooled_even_odd_wide,4,1
Peter's Cove,Saint-Nicholas,Tuna,Caledonia,9934.4,228,CONFIRMED_FROM_VIDEO,CONFIRMED_FROM_VIDEO,Screen Recording 2026-08-16 223317.mp4,pooled_even_odd_wide,6,1
Peter's Cove,Saint-Nicholas,Tuna,Castle Landing,5044.7,153,CONFIRMED_FROM_VIDEO,CONFIRMED_FROM_VIDEO,Screen Recording 2026-08-16 223317.mp4,pooled_even_odd_wide,5,1
Peter's Cove,Saint-Nicholas,Tuna,Caveira,13610.3,284,CONFIRMED_FROM_VIDEO,CONFIRMED_FROM_VIDEO,Screen Recording 2026-08-16 223317.mp4,pooled_even_odd_wide,4,2
Peter's Cove,Saint-Nicholas,Tuna,Caye Tiburon,4117.9,139,CONFIRMED_FROM_VIDEO,CONFIRMED_FROM_VIDEO,Screen Recording 2026-08-16 223317.mp4,pooled_even_odd_wide,12,1
Peter's Cove,Saint-Nicholas,Tuna,Crownstead,12697.8,270,CONFIRMED_FROM_VIDEO,CONFIRMED_FROM_VIDEO,Screen Recording 2026-08-16 223317.mp4,pooled_even_odd_wide,4,2
Peter's Cove,Saint-Nicholas,Tuna,Cumberland Hill,8010.9,198,CONFIRMED_FROM_VIDEO,CONFIRMED_FROM_VIDEO,Screen Recording 2026-08-16 223317.mp4,pooled_even_odd_wide,4,2
Peter's Cove,Saint-Nicholas,Tuna,Deadman's Murcia,473.4,236,CONFIRMED_FROM_VIDEO,CONFIRMED_FROM_VIDEO,Screen Recording 2026-08-16 223317.mp4,pooled_even_odd_wide,7,1
Peter's Cove,Saint-Nicholas,Tuna,Fair Harbour,9525.7,222,CONFIRMED_FROM_VIDEO,CONFIRMED_FROM_VIDEO,Screen Recording 2026-08-16 223317.mp4,pooled_even_odd_wide,6,1
Peter's Cove,Saint-Nicholas,Tuna,Falmouth,8934.0,212,CONFIRMED_FROM_VIDEO,CONFIRMED_FROM_VIDEO,Screen Recording 2026-08-16 223317.mp4,pooled_even_odd_wide,6,1
Peter's Cove,Saint-Nicholas,Tuna,Gyldenvale,13619.2,284,CONFIRMED_FROM_VIDEO,CONFIRMED_FROM_VIDEO,Screen Recording 2026-08-16 223317.mp4,pooled_even_odd_wide,4,2
Peter's Cove,Saint-Nicholas,Tuna,Jones' Outpost,7821.7,196,CONFIRMED_FROM_VIDEO,CONFIRMED_FROM_VIDEO,Screen Recording 2026-08-16 223317.mp4,pooled_even_odd_wide,5,3
Peter's Cove,Saint-Nicholas,Tuna,Kandlerova,7351.6,188,CONFIRMED_FROM_VIDEO,CONFIRMED_FROM_VIDEO,Screen Recording 2026-08-16 223317.mp4,pooled_even_odd_wide,8,1
Peter's Cove,Saint-Nicholas,Tuna,La Povenglia,4305.3,142,CONFIRMED_FROM_VIDEO,CONFIRMED_FROM_VIDEO,Screen Recording 2026-08-16 223317.mp4,pooled_even_odd_wide,12,1
Peter's Cove,Saint-Nicholas,Tuna,Lebarde,3763.9,134,CONFIRMED_FROM_VIDEO,CONFIRMED_FROM_VIDEO,Screen Recording 2026-08-16 223317.mp4,pooled_even_odd_wide,12,1
Peter's Cove,Saint-Nicholas,Tuna,Lord Irving's Sacrifice,5054.2,153,CONFIRMED_FROM_VIDEO,CONFIRMED_FROM_VIDEO,Screen Recording 2026-08-16 223317.mp4,pooled_even_odd_wide,7,1
Peter's Cove,Saint-Nicholas,Tuna,Louisbourg,12934.0,273,CONFIRMED_FROM_VIDEO,CONFIRMED_FROM_VIDEO,Screen Recording 2026-08-16 223317.mp4,pooled_even_odd_wide,6,1
Peter's Cove,Saint-Nicholas,Tuna,Madalena,15546.2,313,CONFIRMED_FROM_VIDEO,CONFIRMED_FROM_VIDEO,Screen Recording 2026-08-16 223317.mp4,pooled_even_odd_wide,4,2
Peter's Cove,Saint-Nicholas,Tuna,Mako's Outlook,4373.0,143,CONFIRMED_FROM_VIDEO,CONFIRMED_FROM_VIDEO,Screen Recording 2026-08-16 223317.mp4,pooled_even_odd_wide,12,1
Peter's Cove,Saint-Nicholas,Tuna,Matthew's Rest,9221.1,217,CONFIRMED_FROM_VIDEO,CONFIRMED_FROM_VIDEO,Screen Recording 2026-08-16 223317.mp4,pooled_even_odd_wide,6,1
Peter's Cove,Saint-Nicholas,Tuna,Maurepas,2095.2,261,CONFIRMED_FROM_VIDEO,CONFIRMED_FROM_VIDEO,Screen Recording 2026-08-16 223317.mp4,even_odd,1,1
Peter's Cove,Saint-Nicholas,Tuna,New Brighton,6570.5,176,CONFIRMED_FROM_VIDEO,CONFIRMED_FROM_VIDEO,Screen Recording 2026-08-16 223317.mp4,pooled_even_odd_wide,6,1
Peter's Cove,Saint-Nicholas,Tuna,New Catalina,7520.1,191,CONFIRMED_FROM_VIDEO,CONFIRMED_FROM_VIDEO,Screen Recording 2026-08-16 223317.mp4,pooled_even_odd_wide,6,1
Peter's Cove,Saint-Nicholas,Tuna,Pachard Town,9128.6,215,CONFIRMED_FROM_VIDEO,CONFIRMED_FROM_VIDEO,Screen Recording 2026-08-16 223317.mp4,pooled_even_odd_wide,6,1
Peter's Cove,Saint-Nicholas,Tuna,Petit Anvers,14226.2,293,CONFIRMED_FROM_VIDEO,CONFIRMED_FROM_VIDEO,Screen Recording 2026-08-16 223317.mp4,pooled_even_odd_wide,4,2
Peter's Cove,Saint-Nicholas,Tuna,Poblado de San Juan,11092.2,245,CONFIRMED_FROM_VIDEO,CONFIRMED_FROM_VIDEO,Screen Recording 2026-08-16 223317.mp4,pooled_even_odd_wide,4,2
Peter's Cove,Saint-Nicholas,Tuna,Point Rocheux,10242.0,232,CONFIRMED_FROM_VIDEO,CONFIRMED_FROM_VIDEO,Screen Recording 2026-08-16 223317.mp4,pooled_even_odd_wide,8,1
Peter's Cove,Saint-Nicholas,Tuna,Ponta Delgada,16439.9,327,CONFIRMED_FROM_VIDEO,CONFIRMED_FROM_VIDEO,Screen Recording 2026-08-16 223317.mp4,pooled_even_odd_wide,4,2
Peter's Cove,Saint-Nicholas,Tuna,Port Antonio,9328.6,219,CONFIRMED_FROM_VIDEO,CONFIRMED_FROM_VIDEO,Screen Recording 2026-08-16 223317.mp4,pooled_even_odd_wide,6,1
Peter's Cove,Saint-Nicholas,Tuna,Port Louis,10342.1,234,CONFIRMED_FROM_VIDEO,CONFIRMED_FROM_VIDEO,Screen Recording 2026-08-16 223317.mp4,pooled_even_odd_wide,6,2
Peter's Cove,Saint-Nicholas,Tuna,Port Royal,6973.9,183,CONFIRMED_FROM_VIDEO,CONFIRMED_FROM_VIDEO,Screen Recording 2026-08-16 223317.mp4,pooled_even_odd_wide,9,1
Peter's Cove,Saint-Nicholas,Tuna,Port-Au-Croix,9706.8,224,CONFIRMED_FROM_VIDEO,CONFIRMED_FROM_VIDEO,Screen Recording 2026-08-16 223317.mp4,pooled_even_odd_wide,6,1
Peter's Cove,Saint-Nicholas,Tuna,Princeton,5573.2,161,CONFIRMED_FROM_VIDEO,CONFIRMED_FROM_VIDEO,Screen Recording 2026-08-16 223317.mp4,pooled_even_odd_wide,6,1
Peter's Cove,Saint-Nicholas,Tuna,Puerto de San Fernando,10743.6,240,CONFIRMED_FROM_VIDEO,CONFIRMED_FROM_VIDEO,Screen Recording 2026-08-16 223317.mp4,pooled_even_odd_wide,4,2
Peter's Cove,Saint-Nicholas,Tuna,Saint Vincent,8681.5,209,CONFIRMED_FROM_VIDEO,CONFIRMED_FROM_VIDEO,Screen Recording 2026-08-16 223317.mp4,pooled_even_odd_wide,6,1
Peter's Cove,Saint-Nicholas,Tuna,Saint-Nicholas,1479.0,99,CONFIRMED_FROM_VIDEO,CONFIRMED_FROM_VIDEO,Screen Recording 2026-08-16 223317.mp4,pooled_even_odd_wide,7,1
Peter's Cove,Saint-Nicholas,Tuna,Sainte Rose,13934.2,289,CONFIRMED_FROM_VIDEO,CONFIRMED_FROM_VIDEO,Screen Recording 2026-08-16 223317.mp4,pooled_even_odd_wide,4,2
Peter's Cove,Saint-Nicholas,Tuna,San Polo,6451.0,175,CONFIRMED_FROM_VIDEO,CONFIRMED_FROM_VIDEO,Screen Recording 2026-08-16 223317.mp4,pooled_even_odd_wide,6,1
Peter's Cove,Saint-Nicholas,Tuna,San Salvador,9421.0,220,CONFIRMED_FROM_VIDEO,CONFIRMED_FROM_VIDEO,Screen Recording 2026-08-16 223317.mp4,pooled_even_odd_wide,6,1
Peter's Cove,Saint-Nicholas,Tuna,San Vito,4381.1,143,CONFIRMED_FROM_VIDEO,CONFIRMED_FROM_VIDEO,Screen Recording 2026-08-16 223317.mp4,pooled_even_odd_wide,12,1
Peter's Cove,Saint-Nicholas,Tuna,Sandy Settlement,1133.5,94,CONFIRMED_FROM_VIDEO,CONFIRMED_FROM_VIDEO,Screen Recording 2026-08-16 223317.mp4,pooled_even_odd_wide,7,1
Peter's Cove,Saint-Nicholas,Tuna,Santa Maria,10625.1,238,CONFIRMED_FROM_VIDEO,CONFIRMED_FROM_VIDEO,Screen Recording 2026-08-16 223317.mp4,pooled_even_odd_wide,4,2
Peter's Cove,Saint-Nicholas,Tuna,Sao Bento,14990.5,305,CONFIRMED_FROM_VIDEO,CONFIRMED_FROM_VIDEO,Screen Recording 2026-08-16 223317.mp4,pooled_even_odd_wide,4,2
Peter's Cove,Saint-Nicholas,Tuna,Snake Prosper,9675.2,224,CONFIRMED_FROM_VIDEO,CONFIRMED_FROM_VIDEO,Screen Recording 2026-08-16 223317.mp4,pooled_even_odd_wide,4,2
Peter's Cove,Saint-Nicholas,Tuna,Sugar Cove,8119.3,200,CONFIRMED_FROM_VIDEO,CONFIRMED_FROM_VIDEO,Screen Recording 2026-08-16 223317.mp4,pooled_even_odd_wide,6,1
Peter's Cove,Saint-Nicholas,Tuna,Taylor's Town,2332.6,112,CONFIRMED_FROM_VIDEO,CONFIRMED_FROM_VIDEO,Screen Recording 2026-08-16 223317.mp4,pooled_even_odd_wide,8,1
Peter's Cove,Saint-Nicholas,Tuna,Theresa,8843.2,211,CONFIRMED_FROM_VIDEO,CONFIRMED_FROM_VIDEO,Screen Recording 2026-08-16 223317.mp4,pooled_even_odd_wide,5,1
Peter's Cove,Saint-Nicholas,Tuna,Thresher Point,2779.7,119,CONFIRMED_FROM_VIDEO,CONFIRMED_FROM_VIDEO,Screen Recording 2026-08-16 223317.mp4,pooled_even_odd_wide,10,2
Peter's Cove,Saint-Nicholas,Tuna,Venta Nueva,11912.3,258,CONFIRMED_FROM_VIDEO,CONFIRMED_FROM_VIDEO,Screen Recording 2026-08-16 223317.mp4,pooled_even_odd_wide,4,2
Peter's Cove,Saint-Nicholas,Tuna,Villarreal Del Mar,10732.8,240,CONFIRMED_FROM_VIDEO,CONFIRMED_FROM_VIDEO,Screen Recording 2026-08-16 223317.mp4,pooled_even_odd_wide,3,2
Peter's Cove,Saint-Nicholas,Tuna,White Hook,10754.4,240,CONFIRMED_FROM_VIDEO,CONFIRMED_FROM_VIDEO,Screen Recording 2026-08-16 223317.mp4,pooled_even_odd_wide,4,2
Peter's Cove,Saint-Nicholas,Tuna,Wyntergard,12330.8,264,CONFIRMED_FROM_VIDEO,CONFIRMED_FROM_VIDEO,Screen Recording 2026-08-16 223317.mp4,pooled_even_odd_wide,4,2
Peter's Cove,Saint-Nicholas,Tuna,Yorinobu's Settlement,7625.2,193,CONFIRMED_FROM_VIDEO,CONFIRMED_FROM_VIDEO,Screen Recording 2026-08-16 223317.mp4,pooled_even_odd_wide,2,1
Poblado de San Juan,San Salvador,stuff,Al-Jazair,12604.9,273,CONFIRMED_FROM_VIDEO,CONFIRMED_FROM_VIDEO,Screen Recording 2026-08-16 223317.mp4,pooled_even_odd_wide,6,2
Poblado de San Juan,San Salvador,stuff,Ashbourne,3272.5,283,CONFIRMED_FROM_VIDEO,CONFIRMED_FROM_VIDEO,Screen Recording 2026-08-16 223317.mp4,even_odd,1,1
Poblado de San Juan,San Salvador,stuff,Belfry Heights,8870.5,215,CONFIRMED_FROM_VIDEO,CONFIRMED_FROM_VIDEO,Screen Recording 2026-08-16 223317.mp4,even_odd,1,1
Poblado de San Juan,San Salvador,stuff,Bucket Bay,11179.5,251,CONFIRMED_FROM_VIDEO,CONFIRMED_FROM_VIDEO,Screen Recording 2026-08-16 223317.mp4,pooled_even_odd_wide,6,2
Poblado de San Juan,San Salvador,stuff,Caledonia,15442.2,317,CONFIRMED_FROM_VIDEO,CONFIRMED_FROM_VIDEO,Screen Recording 2026-08-16 223317.mp4,pooled_even_odd_wide,6,2
Poblado de San Juan,San Salvador,stuff,Castle Landing,3642.4,289,CONFIRMED_FROM_VIDEO,CONFIRMED_FROM_VIDEO,Screen Recording 2026-08-16 223317.mp4,even_odd,1,1
Poblado de San Juan,San Salvador,stuff,Caveira,4256.1,143,CONFIRMED_FROM_VIDEO,CONFIRMED_FROM_VIDEO,Screen Recording 2026-08-16 223317.mp4,pooled_even_odd_wide,11,1
Poblado de San Juan,San Salvador,stuff,Caye Tiburon,9128.0,219,CONFIRMED_FROM_VIDEO,CONFIRMED_FROM_VIDEO,Screen Recording 2026-08-16 223317.mp4,pooled_even_odd_wide,6,1
Poblado de San Juan,San Salvador,stuff,Crownstead,3663.4,289,CONFIRMED_FROM_VIDEO,CONFIRMED_FROM_VIDEO,Screen Recording 2026-08-16 223317.mp4,even_odd,1,1
Poblado de San Juan,San Salvador,stuff,Cumberland Hill,16452.8,333,CONFIRMED_FROM_VIDEO,CONFIRMED_FROM_VIDEO,Screen Recording 2026-08-16 223317.mp4,pooled_even_odd_wide,3,2
Poblado de San Juan,San Salvador,stuff,Deadman's Murcia,5374.9,316,CONFIRMED_FROM_VIDEO,CONFIRMED_FROM_VIDEO,Screen Recording 2026-08-16 223317.mp4,pooled_even_odd_wide,9,1
Poblado de San Juan,San Salvador,stuff,Fair Harbour,12494.9,271,CONFIRMED_FROM_VIDEO,CONFIRMED_FROM_VIDEO,Screen Recording 2026-08-16 223317.mp4,pooled_even_odd_wide,6,2
Poblado de San Juan,San Salvador,stuff,Falmouth,5984.3,170,CONFIRMED_FROM_VIDEO,CONFIRMED_FROM_VIDEO,Screen Recording 2026-08-16 223317.mp4,pooled_even_odd_wide,8,1
Poblado de San Juan,San Salvador,stuff,Gyldenvale,15037.9,311,CONFIRMED_FROM_VIDEO,CONFIRMED_FROM_VIDEO,Screen Recording 2026-08-16 223317.mp4,pooled_even_odd_wide,6,2
Poblado de San Juan,San Salvador,stuff,Jones' Outpost,15698.9,321,CONFIRMED_FROM_VIDEO,CONFIRMED_FROM_VIDEO,Screen Recording 2026-08-16 223317.mp4,pooled_even_odd_wide,6,2
Poblado de San Juan,San Salvador,stuff,Kandlerova,7562.1,195,CONFIRMED_FROM_VIDEO,CONFIRMED_FROM_VIDEO,Screen Recording 2026-08-16 223317.mp4,pooled_even_odd_wide,7,1
Poblado de San Juan,San Salvador,stuff,La Povenglia,8228.9,205,CONFIRMED_FROM_VIDEO,CONFIRMED_FROM_VIDEO,Screen Recording 2026-08-16 223317.mp4,even_odd,1,1
Poblado de San Juan,San Salvador,stuff,Lebarde,12028.0,264,CONFIRMED_FROM_VIDEO,CONFIRMED_FROM_VIDEO,Screen Recording 2026-08-16 223317.mp4,pooled_even_odd_wide,8,1
Poblado de San Juan,San Salvador,stuff,Lord Irving's Sacrifice,6325.6,176,CONFIRMED_FROM_VIDEO,CONFIRMED_FROM_VIDEO,Screen Recording 2026-08-16 223317.mp4,pooled_even_odd_wide,6,1
Poblado de San Juan,San Salvador,stuff,Louisbourg,10783.5,245,CONFIRMED_FROM_VIDEO,CONFIRMED_FROM_VIDEO,Screen Recording 2026-08-16 223317.mp4,pooled_even_odd_wide,4,2
Poblado de San Juan,San Salvador,stuff,Madalena,5691.3,166,CONFIRMED_FROM_VIDEO,CONFIRMED_FROM_VIDEO,Screen Recording 2026-08-16 223317.mp4,pooled_even_odd_wide,18,1
Poblado de San Juan,San Salvador,stuff,Mako's Outlook,6828.7,183,CONFIRMED_FROM_VIDEO,CONFIRMED_FROM_VIDEO,Screen Recording 2026-08-16 223317.mp4,pooled_even_odd_wide,6,1
Poblado de San Juan,San Salvador,stuff,Matthew's Rest,10411.8,239,CONFIRMED_FROM_VIDEO,CONFIRMED_FROM_VIDEO,Screen Recording 2026-08-16 223317.mp4,pooled_even_odd_wide,4,2
Poblado de San Juan,San Salvador,stuff,Maurepas,10535.7,241,CONFIRMED_FROM_VIDEO,CONFIRMED_FROM_VIDEO,Screen Recording 2026-08-16 223317.mp4,pooled_even_odd_wide,4,2
Poblado de San Juan,San Salvador,stuff,New Brighton,10948.3,247,CONFIRMED_FROM_VIDEO,CONFIRMED_FROM_VIDEO,Screen Recording 2026-08-16 223317.mp4,pooled_even_odd_wide,4,1
Poblado de San Juan,San Salvador,stuff,New Catalina,16211.3,329,CONFIRMED_FROM_VIDEO,CONFIRMED_FROM_VIDEO,Screen Recording 2026-08-16 223317.mp4,pooled_even_odd_wide,6,2
Poblado de San Juan,San Salvador,stuff,Pachard Town,9426.1,224,CONFIRMED_FROM_VIDEO,CONFIRMED_FROM_VIDEO,Screen Recording 2026-08-16 223317.mp4,pooled_even_odd_wide,7,1
Poblado de San Juan,San Salvador,stuff,Peter's Cove,11092.2,249,CONFIRMED_FROM_VIDEO,CONFIRMED_FROM_VIDEO,Screen Recording 2026-08-16 223317.mp4,pooled_even_odd_wide,6,2
Poblado de San Juan,San Salvador,stuff,Petit Anvers,12313.9,268,CONFIRMED_FROM_VIDEO,CONFIRMED_FROM_VIDEO,Screen Recording 2026-08-16 223317.mp4,pooled_even_odd_wide,6,2
Poblado de San Juan,San Salvador,stuff,Point Rocheux,8000.7,202,CONFIRMED_FROM_VIDEO,CONFIRMED_FROM_VIDEO,Screen Recording 2026-08-16 223317.mp4,pooled_even_odd_wide,7,1
Poblado de San Juan,San Salvador,stuff,Ponta Delgada,8048.7,202,CONFIRMED_FROM_VIDEO,CONFIRMED_FROM_VIDEO,Screen Recording 2026-08-16 223317.mp4,pooled_even_odd_wide,6,1
Poblado de San Juan,San Salvador,stuff,Port Antonio,4910.9,154,CONFIRMED_FROM_VIDEO,CONFIRMED_FROM_VIDEO,Screen Recording 2026-08-16 223317.mp4,pooled_even_odd_wide,16,1
Poblado de San Juan,San Salvador,stuff,Port Louis,13064.5,280,CONFIRMED_FROM_VIDEO,CONFIRMED_FROM_VIDEO,Screen Recording 2026-08-16 223317.mp4,pooled_even_odd_wide,4,2
Poblado de San Juan,San Salvador,stuff,Port Royal,5248.8,159,CONFIRMED_FROM_VIDEO,CONFIRMED_FROM_VIDEO,Screen Recording 2026-08-16 223317.mp4,pooled_even_odd_wide,17,1
Poblado de San Juan,San Salvador,stuff,Port-Au-Croix,8754.9,213,CONFIRMED_FROM_VIDEO,CONFIRMED_FROM_VIDEO,Screen Recording 2026-08-16 223317.mp4,even_odd,1,1
Poblado de San Juan,San Salvador,stuff,Princeton,12629.8,273,CONFIRMED_FROM_VIDEO,CONFIRMED_FROM_VIDEO,Screen Recording 2026-08-16 223317.mp4,pooled_even_odd_wide,6,2
Poblado de San Juan,San Salvador,stuff,Puerto de San Fernando,2503.1,116,CONFIRMED_FROM_VIDEO,CONFIRMED_FROM_VIDEO,Screen Recording 2026-08-16 223317.mp4,pooled_even_odd_wide,10,1
Poblado de San Juan,San Salvador,stuff,Saint Vincent,13140.0,281,CONFIRMED_FROM_VIDEO,CONFIRMED_FROM_VIDEO,Screen Recording 2026-08-16 223317.mp4,pooled_even_odd_wide,7,1
Poblado de San Juan,San Salvador,stuff,Saint-Nicholas,12527.2,272,CONFIRMED_FROM_VIDEO,CONFIRMED_FROM_VIDEO,Screen Recording 2026-08-16 223317.mp4,pooled_even_odd_wide,6,2
Poblado de San Juan,San Salvador,stuff,Sainte Rose,10878.3,246,CONFIRMED_FROM_VIDEO,CONFIRMED_FROM_VIDEO,Screen Recording 2026-08-16 223317.mp4,pooled_even_odd_wide,4,2
Poblado de San Juan,San Salvador,stuff,San Polo,7469.2,193,CONFIRMED_FROM_VIDEO,CONFIRMED_FROM_VIDEO,Screen Recording 2026-08-16 223317.mp4,pooled_even_odd_wide,7,1
Poblado de San Juan,San Salvador,stuff,San Salvador,2313.5,113,CONFIRMED_FROM_VIDEO,CONFIRMED_FROM_VIDEO,Screen Recording 2026-08-16 223317.mp4,pooled_even_odd_wide,10,1
Poblado de San Juan,San Salvador,stuff,San Vito,7004.8,186,CONFIRMED_FROM_VIDEO,CONFIRMED_FROM_VIDEO,Screen Recording 2026-08-16 223317.mp4,pooled_even_odd_wide,6,1
Poblado de San Juan,San Salvador,stuff,Sandy Settlement,2052.9,264,CONFIRMED_FROM_VIDEO,CONFIRMED_FROM_VIDEO,Screen Recording 2026-08-16 223317.mp4,pooled_even_odd_wide,5,1
Poblado de San Juan,San Salvador,stuff,Santa Maria,475.5,85,CONFIRMED_FROM_VIDEO,CONFIRMED_FROM_VIDEO,Screen Recording 2026-08-16 223317.mp4,pooled_even_odd_wide,10,1
Poblado de San Juan,San Salvador,stuff,Sao Bento,6186.3,173,CONFIRMED_FROM_VIDEO,CONFIRMED_FROM_VIDEO,Screen Recording 2026-08-16 223317.mp4,pooled_even_odd_wide,8,1
Poblado de San Juan,San Salvador,stuff,Snake Prosper,15046.9,311,CONFIRMED_FROM_VIDEO,CONFIRMED_FROM_VIDEO,Screen Recording 2026-08-16 223317.mp4,pooled_even_odd_wide,6,2
Poblado de San Juan,San Salvador,stuff,Sugar Cove,17155.6,343,CONFIRMED_FROM_VIDEO,CONFIRMED_FROM_VIDEO,Screen Recording 2026-08-16 223317.mp4,pooled_even_odd_wide,6,2
Poblado de San Juan,San Salvador,stuff,Taylor's Town,3249.5,283,CONFIRMED_FROM_VIDEO,CONFIRMED_FROM_VIDEO,Screen Recording 2026-08-16 223317.mp4,even_odd,1,1
Poblado de San Juan,San Salvador,stuff,Theresa,4047.2,140,CONFIRMED_FROM_VIDEO,CONFIRMED_FROM_VIDEO,Screen Recording 2026-08-16 223317.mp4,pooled_even_odd_wide,10,1
Poblado de San Juan,San Salvador,stuff,Thresher Point,9626.0,227,CONFIRMED_FROM_VIDEO,CONFIRMED_FROM_VIDEO,Screen Recording 2026-08-16 223317.mp4,pooled_even_odd_wide,7,1
Poblado de San Juan,San Salvador,stuff,Venta Nueva,5726.0,166,CONFIRMED_FROM_VIDEO,CONFIRMED_FROM_VIDEO,Screen Recording 2026-08-16 223317.mp4,pooled_even_odd_wide,18,1
Poblado de San Juan,San Salvador,stuff,Villarreal Del Mar,5940.5,170,CONFIRMED_FROM_VIDEO,CONFIRMED_FROM_VIDEO,Screen Recording 2026-08-16 223317.mp4,pooled_even_odd_wide,18,1
Poblado de San Juan,San Salvador,stuff,White Hook,16197.4,329,CONFIRMED_FROM_VIDEO,CONFIRMED_FROM_VIDEO,Screen Recording 2026-08-16 223317.mp4,pooled_even_odd_wide,6,2
Poblado de San Juan,San Salvador,stuff,Wyntergard,14339.1,300,CONFIRMED_FROM_VIDEO,CONFIRMED_FROM_VIDEO,Screen Recording 2026-08-16 223317.mp4,pooled_even_odd_wide,6,2
Poblado de San Juan,San Salvador,stuff,Yorinobu's Settlement,11074.9,249,CONFIRMED_FROM_VIDEO,CONFIRMED_FROM_VIDEO,Screen Recording 2026-08-16 223317.mp4,pooled_even_odd_wide,4,2
Ponta Delgada,Ilhas Brumas,Pineapple,Al-Jazair,14022.1,295,CONFIRMED_FROM_VIDEO,CONFIRMED_FROM_VIDEO,Screen Recording 2026-08-16 223317.mp4,pooled_even_odd_wide,8,2
Ponta Delgada,Ilhas Brumas,Pineapple,Ashbourne,11564.8,257,CONFIRMED_FROM_VIDEO,CONFIRMED_FROM_VIDEO,Screen Recording 2026-08-16 223317.mp4,pooled_even_odd_wide,4,2
Ponta Delgada,Ilhas Brumas,Pineapple,Belfry Heights,13607.3,288,CONFIRMED_FROM_VIDEO,CONFIRMED_FROM_VIDEO,Screen Recording 2026-08-16 223317.mp4,pooled_even_odd_wide,4,2
Ponta Delgada,Ilhas Brumas,Pineapple,Bucket Bay,11232.1,252,CONFIRMED_FROM_VIDEO,CONFIRMED_FROM_VIDEO,Screen Recording 2026-08-16 223317.mp4,pooled_even_odd_wide,6,2
Ponta Delgada,Ilhas Brumas,Pineapple,Caledonia,15807.1,323,CONFIRMED_FROM_VIDEO,CONFIRMED_FROM_VIDEO,Screen Recording 2026-08-16 223317.mp4,pooled_even_odd_wide,4,2
Ponta Delgada,Ilhas Brumas,Pineapple,Castle Landing,16677.0,336,CONFIRMED_FROM_VIDEO,CONFIRMED_FROM_VIDEO,Screen Recording 2026-08-16 223317.mp4,pooled_even_odd_wide,8,1
Ponta Delgada,Ilhas Brumas,Pineapple,Caveira,3792.7,136,CONFIRMED_FROM_VIDEO,CONFIRMED_FROM_VIDEO,Screen Recording 2026-08-16 223317.mp4,pooled_even_odd_wide,23,1
Ponta Delgada,Ilhas Brumas,Pineapple,Caye Tiburon,12862.8,277,CONFIRMED_FROM_VIDEO,CONFIRMED_FROM_VIDEO,Screen Recording 2026-08-16 223317.mp4,pooled_even_odd_wide,6,3
Ponta Delgada,Ilhas Brumas,Pineapple,Crownstead,11451.9,255,CONFIRMED_FROM_VIDEO,CONFIRMED_FROM_VIDEO,Screen Recording 2026-08-16 223317.mp4,pooled_even_odd_wide,6,2
Ponta Delgada,Ilhas Brumas,Pineapple,Cumberland Hill,18572.2,365,CONFIRMED_FROM_VIDEO,CONFIRMED_FROM_VIDEO,Screen Recording 2026-08-16 223317.mp4,pooled_even_odd_wide,3,2
Ponta Delgada,Ilhas Brumas,Pineapple,Deadman's Murcia,5340.2,315,CONFIRMED_FROM_VIDEO,CONFIRMED_FROM_VIDEO,Screen Recording 2026-08-16 223317.mp4,pooled_even_odd_wide,9,1
Ponta Delgada,Ilhas Brumas,Pineapple,Fair Harbour,12376.9,269,CONFIRMED_FROM_VIDEO,CONFIRMED_FROM_VIDEO,Screen Recording 2026-08-16 223317.mp4,pooled_even_odd_wide,6,2
Ponta Delgada,Ilhas Brumas,Pineapple,Falmouth,7643.3,196,CONFIRMED_FROM_VIDEO,CONFIRMED_FROM_VIDEO,Screen Recording 2026-08-16 223317.mp4,pooled_even_odd_wide,6,2
Ponta Delgada,Ilhas Brumas,Pineapple,Gyldenvale,12596.8,273,CONFIRMED_FROM_VIDEO,CONFIRMED_FROM_VIDEO,Screen Recording 2026-08-16 223317.mp4,pooled_even_odd_wide,6,2
Ponta Delgada,Ilhas Brumas,Pineapple,Jones' Outpost,17615.1,351,CONFIRMED_FROM_VIDEO,CONFIRMED_FROM_VIDEO,Screen Recording 2026-08-16 223317.mp4,pooled_even_odd_wide,6,2
Ponta Delgada,Ilhas Brumas,Pineapple,Kandlerova,15342.8,315,CONFIRMED_FROM_VIDEO,CONFIRMED_FROM_VIDEO,Screen Recording 2026-08-16 223317.mp4,pooled_even_odd_wide,6,2
Ponta Delgada,Ilhas Brumas,Pineapple,La Povenglia,15138.7,312,CONFIRMED_FROM_VIDEO,CONFIRMED_FROM_VIDEO,Screen Recording 2026-08-16 223317.mp4,pooled_even_odd_wide,6,2
Ponta Delgada,Ilhas Brumas,Pineapple,Lebarde,15520.4,318,CONFIRMED_FROM_VIDEO,CONFIRMED_FROM_VIDEO,Screen Recording 2026-08-16 223317.mp4,pooled_even_odd_wide,6,2
Ponta Delgada,Ilhas Brumas,Pineapple,Lord Irving's Sacrifice,11525.5,256,CONFIRMED_FROM_VIDEO,CONFIRMED_FROM_VIDEO,Screen Recording 2026-08-16 223317.mp4,pooled_even_odd_wide,4,2
Ponta Delgada,Ilhas Brumas,Pineapple,Louisbourg,7640.5,196,CONFIRMED_FROM_VIDEO,CONFIRMED_FROM_VIDEO,Screen Recording 2026-08-16 223317.mp4,pooled_even_odd_wide,19,2
Ponta Delgada,Ilhas Brumas,Pineapple,Madalena,2988.0,124,CONFIRMED_FROM_VIDEO,CONFIRMED_FROM_VIDEO,Screen Recording 2026-08-16 223317.mp4,pooled_even_odd_wide,23,1
Ponta Delgada,Ilhas Brumas,Pineapple,Mako's Outlook,12287.3,268,CONFIRMED_FROM_VIDEO,CONFIRMED_FROM_VIDEO,Screen Recording 2026-08-16 223317.mp4,pooled_even_odd_wide,6,2
Ponta Delgada,Ilhas Brumas,Pineapple,Matthew's Rest,10357.0,238,CONFIRMED_FROM_VIDEO,CONFIRMED_FROM_VIDEO,Screen Recording 2026-08-16 223317.mp4,pooled_even_odd_wide,9,1
Ponta Delgada,Ilhas Brumas,Pineapple,Maurepas,8108.8,203,CONFIRMED_FROM_VIDEO,CONFIRMED_FROM_VIDEO,Screen Recording 2026-08-16 223317.mp4,pooled_even_odd_wide,9,1
Ponta Delgada,Ilhas Brumas,Pineapple,New Brighton,12752.3,275,CONFIRMED_FROM_VIDEO,CONFIRMED_FROM_VIDEO,Screen Recording 2026-08-16 223317.mp4,pooled_even_odd_wide,6,2
Ponta Delgada,Ilhas Brumas,Pineapple,New Catalina,18570.5,365,CONFIRMED_FROM_VIDEO,CONFIRMED_FROM_VIDEO,Screen Recording 2026-08-16 223317.mp4,pooled_even_odd_wide,5,3
Ponta Delgada,Ilhas Brumas,Pineapple,Pachard Town,9516.2,225,CONFIRMED_FROM_VIDEO,CONFIRMED_FROM_VIDEO,Screen Recording 2026-08-16 223317.mp4,pooled_even_odd_wide,9,1
Ponta Delgada,Ilhas Brumas,Pineapple,Peter's Cove,16439.9,332,CONFIRMED_FROM_VIDEO,CONFIRMED_FROM_VIDEO,Screen Recording 2026-08-16 223317.mp4,pooled_even_odd_wide,6,2
Ponta Delgada,Ilhas Brumas,Pineapple,Petit Anvers,8430.8,208,CONFIRMED_FROM_VIDEO,CONFIRMED_FROM_VIDEO,Screen Recording 2026-08-16 223317.mp4,pooled_even_odd_wide,8,1
Ponta Delgada,Ilhas Brumas,Pineapple,Poblado de San Juan,8048.7,202,CONFIRMED_FROM_VIDEO,CONFIRMED_FROM_VIDEO,Screen Recording 2026-08-16 223317.mp4,pooled_even_odd_wide,5,2
Ponta Delgada,Ilhas Brumas,Pineapple,Point Rocheux,7419.9,193,CONFIRMED_FROM_VIDEO,CONFIRMED_FROM_VIDEO,Screen Recording 2026-08-16 223317.mp4,pooled_even_odd_wide,30,1
Ponta Delgada,Ilhas Brumas,Pineapple,Port Antonio,7111.6,188,CONFIRMED_FROM_VIDEO,CONFIRMED_FROM_VIDEO,Screen Recording 2026-08-16 223317.mp4,pooled_even_odd_wide,27,1
Ponta Delgada,Ilhas Brumas,Pineapple,Port Louis,12465.6,271,CONFIRMED_FROM_VIDEO,CONFIRMED_FROM_VIDEO,Screen Recording 2026-08-16 223317.mp4,pooled_even_odd_wide,6,2
Ponta Delgada,Ilhas Brumas,Pineapple,Port Royal,9501.9,225,CONFIRMED_FROM_VIDEO,CONFIRMED_FROM_VIDEO,Screen Recording 2026-08-16 223317.mp4,pooled_even_odd_wide,9,1
Ponta Delgada,Ilhas Brumas,Pineapple,Port-Au-Croix,8473.3,209,CONFIRMED_FROM_VIDEO,CONFIRMED_FROM_VIDEO,Screen Recording 2026-08-16 223317.mp4,pooled_even_odd_wide,12,1
Ponta Delgada,Ilhas Brumas,Pineapple,Princeton,15134.7,312,CONFIRMED_FROM_VIDEO,CONFIRMED_FROM_VIDEO,Screen Recording 2026-08-16 223317.mp4,pooled_even_odd_wide,6,2
Ponta Delgada,Ilhas Brumas,Pineapple,Puerto de San Fernando,6410.2,177,CONFIRMED_FROM_VIDEO,CONFIRMED_FROM_VIDEO,Screen Recording 2026-08-16 223317.mp4,pooled_even_odd_wide,24,1
Ponta Delgada,Ilhas Brumas,Pineapple,Saint Vincent,13726.7,290,CONFIRMED_FROM_VIDEO,CONFIRMED_FROM_VIDEO,Screen Recording 2026-08-16 223317.mp4,pooled_even_odd_wide,4,2
Ponta Delgada,Ilhas Brumas,Pineapple,Saint-Nicholas,17894.8,355,CONFIRMED_FROM_VIDEO,CONFIRMED_FROM_VIDEO,Screen Recording 2026-08-16 223317.mp4,pooled_even_odd_wide,6,2
Ponta Delgada,Ilhas Brumas,Pineapple,Sainte Rose,6827.5,183,CONFIRMED_FROM_VIDEO,CONFIRMED_FROM_VIDEO,Screen Recording 2026-08-16 223317.mp4,pooled_even_odd_wide,24,1
Ponta Delgada,Ilhas Brumas,Pineapple,San Polo,15044.4,311,CONFIRMED_FROM_VIDEO,CONFIRMED_FROM_VIDEO,Screen Recording 2026-08-16 223317.mp4,pooled_even_odd_wide,6,2
Ponta Delgada,Ilhas Brumas,Pineapple,San Salvador,10217.6,236,CONFIRMED_FROM_VIDEO,CONFIRMED_FROM_VIDEO,Screen Recording 2026-08-16 223317.mp4,pooled_even_odd_wide,6,2
Ponta Delgada,Ilhas Brumas,Pineapple,San Vito,13524.4,287,CONFIRMED_FROM_VIDEO,CONFIRMED_FROM_VIDEO,Screen Recording 2026-08-16 223317.mp4,pooled_even_odd_wide,4,2
Ponta Delgada,Ilhas Brumas,Pineapple,Sandy Settlement,17563.5,350,CONFIRMED_FROM_VIDEO,CONFIRMED_FROM_VIDEO,Screen Recording 2026-08-16 223317.mp4,pooled_even_odd_wide,6,2
Ponta Delgada,Ilhas Brumas,Pineapple,Santa Maria,8199.9,205,CONFIRMED_FROM_VIDEO,CONFIRMED_FROM_VIDEO,Screen Recording 2026-08-16 223317.mp4,pooled_even_odd_wide,8,1
Ponta Delgada,Ilhas Brumas,Pineapple,Sao Bento,1862.4,106,CONFIRMED_FROM_VIDEO,CONFIRMED_FROM_VIDEO,Screen Recording 2026-08-16 223317.mp4,pooled_even_odd_wide,22,2
Ponta Delgada,Ilhas Brumas,Pineapple,Snake Prosper,15456.8,317,CONFIRMED_FROM_VIDEO,CONFIRMED_FROM_VIDEO,Screen Recording 2026-08-16 223317.mp4,pooled_even_odd_wide,6,2
Ponta Delgada,Ilhas Brumas,Pineapple,Sugar Cove,19565.8,381,CONFIRMED_FROM_VIDEO,CONFIRMED_FROM_VIDEO,Screen Recording 2026-08-16 223317.mp4,pooled_even_odd_wide,6,2
Ponta Delgada,Ilhas Brumas,Pineapple,Taylor's Town,18020.1,357,CONFIRMED_FROM_VIDEO,CONFIRMED_FROM_VIDEO,Screen Recording 2026-08-16 223317.mp4,pooled_even_odd_wide,6,2
Ponta Delgada,Ilhas Brumas,Pineapple,Theresa,7707.1,197,CONFIRMED_FROM_VIDEO,CONFIRMED_FROM_VIDEO,Screen Recording 2026-08-16 223317.mp4,pooled_even_odd_wide,7,1
Ponta Delgada,Ilhas Brumas,Pineapple,Thresher Point,13997.2,294,CONFIRMED_FROM_VIDEO,CONFIRMED_FROM_VIDEO,Screen Recording 2026-08-16 223317.mp4,pooled_even_odd_wide,6,2
Ponta Delgada,Ilhas Brumas,Pineapple,Venta Nueva,4579.1,148,CONFIRMED_FROM_VIDEO,CONFIRMED_FROM_VIDEO,Screen Recording 2026-08-16 223317.mp4,pooled_even_odd_wide,23,1
Ponta Delgada,Ilhas Brumas,Pineapple,Villarreal Del Mar,5863.0,168,CONFIRMED_FROM_VIDEO,CONFIRMED_FROM_VIDEO,Screen Recording 2026-08-16 223317.mp4,pooled_even_odd_wide,24,1
Ponta Delgada,Ilhas Brumas,Pineapple,White Hook,16270.3,330,CONFIRMED_FROM_VIDEO,CONFIRMED_FROM_VIDEO,Screen Recording 2026-08-16 223317.mp4,pooled_even_odd_wide,10,2
Ponta Delgada,Ilhas Brumas,Pineapple,Wyntergard,12620.4,273,CONFIRMED_FROM_VIDEO,CONFIRMED_FROM_VIDEO,Screen Recording 2026-08-16 223317.mp4,pooled_even_odd_wide,6,2
Port Antonio,Kingston,Ginger,Al-Jazair,8227.1,212,CONFIRMED_FROM_VIDEO,CONFIRMED_FROM_VIDEO,Screen Recording 2026-08-16 223317.mp4,pooled_even_odd_wide,5,1
Port Antonio,Kingston,Ginger,Ashbourne,8363.0,214,CONFIRMED_FROM_VIDEO,CONFIRMED_FROM_VIDEO,Screen Recording 2026-08-16 223317.mp4,pooled_even_odd_wide,6,1
Port Antonio,Kingston,Ginger,Belfry Heights,6500.2,184,CONFIRMED_FROM_VIDEO,CONFIRMED_FROM_VIDEO,Screen Recording 2026-08-16 223317.mp4,pooled_even_odd_wide,10,2
Port Antonio,Kingston,Ginger,Bucket Bay,6359.6,182,CONFIRMED_FROM_VIDEO,CONFIRMED_FROM_VIDEO,Screen Recording 2026-08-16 223317.mp4,pooled_even_odd_wide,6,1
Port Antonio,Kingston,Ginger,Caledonia,10827.2,253,CONFIRMED_FROM_VIDEO,CONFIRMED_FROM_VIDEO,Screen Recording 2026-08-16 223317.mp4,pooled_even_odd_wide,4,2
Port Antonio,Kingston,Ginger,Castle Landing,10099.2,242,CONFIRMED_FROM_VIDEO,CONFIRMED_FROM_VIDEO,Screen Recording 2026-08-16 223317.mp4,pooled_even_odd_wide,3,2
Port Antonio,Kingston,Ginger,Caveira,4709.6,155,CONFIRMED_FROM_VIDEO,CONFIRMED_FROM_VIDEO,Screen Recording 2026-08-16 223317.mp4,pooled_even_odd_wide,4,1
Port Antonio,Kingston,Ginger,Caye Tiburon,5890.9,174,CONFIRMED_FROM_VIDEO,CONFIRMED_FROM_VIDEO,Screen Recording 2026-08-16 223317.mp4,pooled_even_odd_wide,9,1
Port Antonio,Kingston,Ginger,Crownstead,8772.7,220,CONFIRMED_FROM_VIDEO,CONFIRMED_FROM_VIDEO,Screen Recording 2026-08-16 223317.mp4,pooled_even_odd_wide,8,1
Port Antonio,Kingston,Ginger,Cumberland Hill,12504.4,280,CONFIRMED_FROM_VIDEO,CONFIRMED_FROM_VIDEO,Screen Recording 2026-08-16 223317.mp4,pooled_even_odd_wide,2,2
Port Antonio,Kingston,Ginger,Deadman's Murcia,663.4,251,CONFIRMED_FROM_VIDEO,CONFIRMED_FROM_VIDEO,Screen Recording 2026-08-16 223317.mp4,pooled_even_odd_wide,7,1
Port Antonio,Kingston,Ginger,Fair Harbour,7690.1,203,CONFIRMED_FROM_VIDEO,CONFIRMED_FROM_VIDEO,Screen Recording 2026-08-16 223317.mp4,pooled_even_odd_wide,9,1
Port Antonio,Kingston,Ginger,Falmouth,1111.1,98,CONFIRMED_FROM_VIDEO,CONFIRMED_FROM_VIDEO,Screen Recording 2026-08-16 223317.mp4,pooled_even_odd_wide,8,1
Port Antonio,Kingston,Ginger,Gyldenvale,10145.8,242,CONFIRMED_FROM_VIDEO,CONFIRMED_FROM_VIDEO,Screen Recording 2026-08-16 223317.mp4,pooled_even_odd_wide,4,2
Port Antonio,Kingston,Ginger,Jones' Outpost,11637.5,266,CONFIRMED_FROM_VIDEO,CONFIRMED_FROM_VIDEO,Screen Recording 2026-08-16 223317.mp4,pooled_even_odd_wide,4,2
Port Antonio,Kingston,Ginger,Kandlerova,9554.4,233,CONFIRMED_FROM_VIDEO,CONFIRMED_FROM_VIDEO,Screen Recording 2026-08-16 223317.mp4,pooled_even_odd_wide,6,2
Port Antonio,Kingston,Ginger,La Povenglia,8491.6,216,CONFIRMED_FROM_VIDEO,CONFIRMED_FROM_VIDEO,Screen Recording 2026-08-16 223317.mp4,pooled_even_odd_wide,6,1
Port Antonio,Kingston,Ginger,Lebarde,8725.2,220,CONFIRMED_FROM_VIDEO,CONFIRMED_FROM_VIDEO,Screen Recording 2026-08-16 223317.mp4,pooled_even_odd_wide,9,1
Port Antonio,Kingston,Ginger,Lord Irving's Sacrifice,4492.9,152,CONFIRMED_FROM_VIDEO,CONFIRMED_FROM_VIDEO,Screen Recording 2026-08-16 223317.mp4,pooled_even_odd_wide,9,1
Port Antonio,Kingston,Ginger,Louisbourg,6211.1,179,CONFIRMED_FROM_VIDEO,CONFIRMED_FROM_VIDEO,Screen Recording 2026-08-16 223317.mp4,pooled_even_odd_wide,6,1
Port Antonio,Kingston,Ginger,Madalena,6599.0,186,CONFIRMED_FROM_VIDEO,CONFIRMED_FROM_VIDEO,Screen Recording 2026-08-16 223317.mp4,pooled_even_odd_wide,6,1
Port Antonio,Kingston,Ginger,Mako's Outlook,5265.0,164,CONFIRMED_FROM_VIDEO,CONFIRMED_FROM_VIDEO,Screen Recording 2026-08-16 223317.mp4,pooled_even_odd_wide,4,1
Port Antonio,Kingston,Ginger,Matthew's Rest,5548.9,169,CONFIRMED_FROM_VIDEO,CONFIRMED_FROM_VIDEO,Screen Recording 2026-08-16 223317.mp4,pooled_even_odd_wide,6,1
Port Antonio,Kingston,Ginger,Maurepas,5804.9,173,CONFIRMED_FROM_VIDEO,CONFIRMED_FROM_VIDEO,Screen Recording 2026-08-16 223317.mp4,pooled_even_odd_wide,5,1
Port Antonio,Kingston,Ginger,New Brighton,6644.7,186,CONFIRMED_FROM_VIDEO,CONFIRMED_FROM_VIDEO,Screen Recording 2026-08-16 223317.mp4,pooled_even_odd_wide,6,1
Port Antonio,Kingston,Ginger,New Catalina,12372.3,278,CONFIRMED_FROM_VIDEO,CONFIRMED_FROM_VIDEO,Screen Recording 2026-08-16 223317.mp4,pooled_even_odd_wide,4,2
Port Antonio,Kingston,Ginger,Pachard Town,4545.8,153,CONFIRMED_FROM_VIDEO,CONFIRMED_FROM_VIDEO,Screen Recording 2026-08-16 223317.mp4,pooled_even_odd_wide,4,1
Port Antonio,Kingston,Ginger,Peter's Cove,9328.6,229,CONFIRMED_FROM_VIDEO,CONFIRMED_FROM_VIDEO,Screen Recording 2026-08-16 223317.mp4,pooled_even_odd_wide,6,1
Port Antonio,Kingston,Ginger,Petit Anvers,7799.1,205,CONFIRMED_FROM_VIDEO,CONFIRMED_FROM_VIDEO,Screen Recording 2026-08-16 223317.mp4,pooled_even_odd_wide,9,1
Port Antonio,Kingston,Ginger,Poblado de San Juan,4910.9,159,CONFIRMED_FROM_VIDEO,CONFIRMED_FROM_VIDEO,Screen Recording 2026-08-16 223317.mp4,pooled_even_odd_wide,3,2
Port Antonio,Kingston,Ginger,Point Rocheux,3157.1,131,CONFIRMED_FROM_VIDEO,CONFIRMED_FROM_VIDEO,Screen Recording 2026-08-16 223317.mp4,pooled_even_odd_wide,8,1
Port Antonio,Kingston,Ginger,Ponta Delgada,7111.6,194,CONFIRMED_FROM_VIDEO,CONFIRMED_FROM_VIDEO,Screen Recording 2026-08-16 223317.mp4,pooled_even_odd_wide,6,1
Port Antonio,Kingston,Ginger,Port Louis,8205.8,211,CONFIRMED_FROM_VIDEO,CONFIRMED_FROM_VIDEO,Screen Recording 2026-08-16 223317.mp4,pooled_even_odd_wide,6,1
Port Antonio,Kingston,Ginger,Port Royal,2446.5,119,CONFIRMED_FROM_VIDEO,CONFIRMED_FROM_VIDEO,Screen Recording 2026-08-16 223317.mp4,pooled_even_odd_wide,5,2
Port Antonio,Kingston,Ginger,Port-Au-Croix,3844.6,142,CONFIRMED_FROM_VIDEO,CONFIRMED_FROM_VIDEO,Screen Recording 2026-08-16 223317.mp4,pooled_even_odd_wide,8,1
Port Antonio,Kingston,Ginger,Princeton,8750.5,220,CONFIRMED_FROM_VIDEO,CONFIRMED_FROM_VIDEO,Screen Recording 2026-08-16 223317.mp4,pooled_even_odd_wide,4,3
Port Antonio,Kingston,Ginger,Puerto de San Fernando,2672.3,123,CONFIRMED_FROM_VIDEO,CONFIRMED_FROM_VIDEO,Screen Recording 2026-08-16 223317.mp4,pooled_even_odd_wide,8,1
Port Antonio,Kingston,Ginger,Saint Vincent,8513.0,216,CONFIRMED_FROM_VIDEO,CONFIRMED_FROM_VIDEO,Screen Recording 2026-08-16 223317.mp4,pooled_even_odd_wide,6,1
Port Antonio,Kingston,Ginger,Saint-Nicholas,10783.6,253,CONFIRMED_FROM_VIDEO,CONFIRMED_FROM_VIDEO,Screen Recording 2026-08-16 223317.mp4,pooled_even_odd_wide,4,2
Port Antonio,Kingston,Ginger,Sainte Rose,6598.7,186,CONFIRMED_FROM_VIDEO,CONFIRMED_FROM_VIDEO,Screen Recording 2026-08-16 223317.mp4,pooled_even_odd_wide,6,1
Port Antonio,Kingston,Ginger,San Polo,8981.8,224,CONFIRMED_FROM_VIDEO,CONFIRMED_FROM_VIDEO,Screen Recording 2026-08-16 223317.mp4,pooled_even_odd_wide,6,1
Port Antonio,Kingston,Ginger,San Salvador,5641.1,170,CONFIRMED_FROM_VIDEO,CONFIRMED_FROM_VIDEO,Screen Recording 2026-08-16 223317.mp4,pooled_even_odd_wide,6,1
Port Antonio,Kingston,Ginger,San Vito,6785.5,189,CONFIRMED_FROM_VIDEO,CONFIRMED_FROM_VIDEO,Screen Recording 2026-08-16 223317.mp4,pooled_even_odd_wide,6,1
Port Antonio,Kingston,Ginger,Sandy Settlement,10453.3,247,CONFIRMED_FROM_VIDEO,CONFIRMED_FROM_VIDEO,Screen Recording 2026-08-16 223317.mp4,pooled_even_odd_wide,4,2
Port Antonio,Kingston,Ginger,Santa Maria,4593.0,153,CONFIRMED_FROM_VIDEO,CONFIRMED_FROM_VIDEO,Screen Recording 2026-08-16 223317.mp4,pooled_even_odd_wide,12,1
Port Antonio,Kingston,Ginger,Sao Bento,5739.9,172,CONFIRMED_FROM_VIDEO,CONFIRMED_FROM_VIDEO,Screen Recording 2026-08-16 223317.mp4,pooled_even_odd_wide,6,1
Port Antonio,Kingston,Ginger,Snake Prosper,10433.0,247,CONFIRMED_FROM_VIDEO,CONFIRMED_FROM_VIDEO,Screen Recording 2026-08-16 223317.mp4,pooled_even_odd_wide,9,2
Port Antonio,Kingston,Ginger,Sugar Cove,13364.8,294,CONFIRMED_FROM_VIDEO,CONFIRMED_FROM_VIDEO,Screen Recording 2026-08-16 223317.mp4,pooled_even_odd_wide,4,2
Port Antonio,Kingston,Ginger,Taylor's Town,10958.9,255,CONFIRMED_FROM_VIDEO,CONFIRMED_FROM_VIDEO,Screen Recording 2026-08-16 223317.mp4,pooled_even_odd_wide,3,1
Port Antonio,Kingston,Ginger,Theresa,1135.5,98,CONFIRMED_FROM_VIDEO,CONFIRMED_FROM_VIDEO,Screen Recording 2026-08-16 223317.mp4,pooled_even_odd_wide,5,2
Port Antonio,Kingston,Ginger,Thresher Point,6932.3,191,CONFIRMED_FROM_VIDEO,CONFIRMED_FROM_VIDEO,Screen Recording 2026-08-16 223317.mp4,pooled_even_odd_wide,8,1
Port Antonio,Kingston,Ginger,Venta Nueva,2624.4,122,CONFIRMED_FROM_VIDEO,CONFIRMED_FROM_VIDEO,Screen Recording 2026-08-16 223317.mp4,pooled_even_odd_wide,8,1
Port Antonio,Kingston,Ginger,Villarreal Del Mar,1700.6,107,CONFIRMED_FROM_VIDEO,CONFIRMED_FROM_VIDEO,Screen Recording 2026-08-16 223317.mp4,pooled_even_odd_wide,8,1
Port Antonio,Kingston,Ginger,White Hook,11528.8,264,CONFIRMED_FROM_VIDEO,CONFIRMED_FROM_VIDEO,Screen Recording 2026-08-16 223317.mp4,pooled_even_odd_wide,4,2
Port Antonio,Kingston,Ginger,Wyntergard,9428.2,231,CONFIRMED_FROM_VIDEO,CONFIRMED_FROM_VIDEO,Screen Recording 2026-08-16 223317.mp4,pooled_even_odd_wide,6,1
Port Antonio,Kingston,Ginger,Yorinobu's Settlement,6507.3,184,CONFIRMED_FROM_VIDEO,CONFIRMED_FROM_VIDEO,Screen Recording 2026-08-16 223317.mp4,pooled_even_odd_wide,1,1
Port Royal,Kingston,Cotton,Al-Jazair,7409.8,242,CONFIRMED_FROM_VIDEO,CONFIRMED_FROM_VIDEO,Screen Recording 2026-08-16 223317.mp4,pooled_even_odd_wide,8,1
Port Royal,Kingston,Cotton,Ashbourne,9029.3,274,CONFIRMED_FROM_VIDEO,CONFIRMED_FROM_VIDEO,Screen Recording 2026-08-16 223317.mp4,pooled_even_odd_wide,5,1
Port Royal,Kingston,Cotton,Belfry Heights,4225.9,180,CONFIRMED_FROM_VIDEO,CONFIRMED_FROM_VIDEO,Screen Recording 2026-08-16 223317.mp4,pooled_even_odd_wide,8,3
Port Royal,Kingston,Cotton,Bucket Bay,6463.3,224,CONFIRMED_FROM_VIDEO,CONFIRMED_FROM_VIDEO,Screen Recording 2026-08-16 223317.mp4,pooled_even_odd_wide,7,1
Port Royal,Kingston,Cotton,Caledonia,10338.8,299,CONFIRMED_FROM_VIDEO,CONFIRMED_FROM_VIDEO,Screen Recording 2026-08-16 223317.mp4,pooled_even_odd_wide,4,2
Port Royal,Kingston,Cotton,Castle Landing,8487.0,263,CONFIRMED_FROM_VIDEO,CONFIRMED_FROM_VIDEO,Screen Recording 2026-08-16 223317.mp4,pooled_even_odd_wide,6,1
Port Royal,Kingston,Cotton,Caveira,6696.6,228,CONFIRMED_FROM_VIDEO,CONFIRMED_FROM_VIDEO,Screen Recording 2026-08-16 223317.mp4,pooled_even_odd_wide,8,1
Port Royal,Kingston,Cotton,Caye Tiburon,4002.5,176,CONFIRMED_FROM_VIDEO,CONFIRMED_FROM_VIDEO,Screen Recording 2026-08-16 223317.mp4,pooled_even_odd_wide,15,1
Port Royal,Kingston,Cotton,Crownstead,9607.6,285,CONFIRMED_FROM_VIDEO,CONFIRMED_FROM_VIDEO,Screen Recording 2026-08-16 223317.mp4,pooled_even_odd_wide,5,1
Port Royal,Kingston,Cotton,Cumberland Hill,11217.8,316,CONFIRMED_FROM_VIDEO,CONFIRMED_FROM_VIDEO,Screen Recording 2026-08-16 223317.mp4,pooled_even_odd_wide,2,2
Port Royal,Kingston,Cotton,Deadman's Murcia,361.5,300,CONFIRMED_FROM_VIDEO,CONFIRMED_FROM_VIDEO,Screen Recording 2026-08-16 223317.mp4,pooled_even_odd_wide,7,1
Port Royal,Kingston,Cotton,Fair Harbour,7689.6,247,CONFIRMED_FROM_VIDEO,CONFIRMED_FROM_VIDEO,Screen Recording 2026-08-16 223317.mp4,pooled_even_odd_wide,6,1
Port Royal,Kingston,Cotton,Falmouth,2496.4,146,CONFIRMED_FROM_VIDEO,CONFIRMED_FROM_VIDEO,Screen Recording 2026-08-16 223317.mp4,pooled_even_odd_wide,11,1
Port Royal,Kingston,Cotton,Gyldenvale,10927.8,311,CONFIRMED_FROM_VIDEO,CONFIRMED_FROM_VIDEO,Screen Recording 2026-08-16 223317.mp4,pooled_even_odd_wide,4,2
Port Royal,Kingston,Cotton,Jones' Outpost,10451.7,301,CONFIRMED_FROM_VIDEO,CONFIRMED_FROM_VIDEO,Screen Recording 2026-08-16 223317.mp4,pooled_even_odd_wide,4,2
Port Royal,Kingston,Cotton,Kandlerova,7598.2,246,CONFIRMED_FROM_VIDEO,CONFIRMED_FROM_VIDEO,Screen Recording 2026-08-16 223317.mp4,pooled_even_odd_wide,8,1
Port Royal,Kingston,Cotton,La Povenglia,6144.8,217,CONFIRMED_FROM_VIDEO,CONFIRMED_FROM_VIDEO,Screen Recording 2026-08-16 223317.mp4,pooled_even_odd_wide,4,1
Port Royal,Kingston,Cotton,Lebarde,6940.1,233,CONFIRMED_FROM_VIDEO,CONFIRMED_FROM_VIDEO,Screen Recording 2026-08-16 223317.mp4,pooled_even_odd_wide,4,1
Port Royal,Kingston,Cotton,Lord Irving's Sacrifice,2046.6,137,CONFIRMED_FROM_VIDEO,CONFIRMED_FROM_VIDEO,Screen Recording 2026-08-16 223317.mp4,pooled_even_odd_wide,11,1
Port Royal,Kingston,Cotton,Louisbourg,7863.8,251,CONFIRMED_FROM_VIDEO,CONFIRMED_FROM_VIDEO,Screen Recording 2026-08-16 223317.mp4,pooled_even_odd_wide,6,1
Port Royal,Kingston,Cotton,Madalena,8637.1,266,CONFIRMED_FROM_VIDEO,CONFIRMED_FROM_VIDEO,Screen Recording 2026-08-16 223317.mp4,pooled_even_odd_wide,6,1
Port Royal,Kingston,Cotton,Mako's Outlook,2818.6,152,CONFIRMED_FROM_VIDEO,CONFIRMED_FROM_VIDEO,Screen Recording 2026-08-16 223317.mp4,pooled_even_odd_wide,15,1
Port Royal,Kingston,Cotton,Matthew's Rest,5869.8,212,CONFIRMED_FROM_VIDEO,CONFIRMED_FROM_VIDEO,Screen Recording 2026-08-16 223317.mp4,pooled_even_odd_wide,4,1
Port Royal,Kingston,Cotton,Maurepas,7257.7,239,CONFIRMED_FROM_VIDEO,CONFIRMED_FROM_VIDEO,Screen Recording 2026-08-16 223317.mp4,pooled_even_odd_wide,5,1
Port Royal,Kingston,Cotton,New Brighton,5750.7,210,CONFIRMED_FROM_VIDEO,CONFIRMED_FROM_VIDEO,Screen Recording 2026-08-16 223317.mp4,pooled_even_odd_wide,4,1
Port Royal,Kingston,Cotton,New Catalina,10994.1,312,CONFIRMED_FROM_VIDEO,CONFIRMED_FROM_VIDEO,Screen Recording 2026-08-16 223317.mp4,pooled_even_odd_wide,3,1
Port Royal,Kingston,Cotton,Pachard Town,5043.3,196,CONFIRMED_FROM_VIDEO,CONFIRMED_FROM_VIDEO,Screen Recording 2026-08-16 223317.mp4,pooled_even_odd_wide,5,2
Port Royal,Kingston,Cotton,Peter's Cove,6973.9,233,CONFIRMED_FROM_VIDEO,CONFIRMED_FROM_VIDEO,Screen Recording 2026-08-16 223317.mp4,pooled_even_odd_wide,5,2
Port Royal,Kingston,Cotton,Petit Anvers,9434.5,281,CONFIRMED_FROM_VIDEO,CONFIRMED_FROM_VIDEO,Screen Recording 2026-08-16 223317.mp4,pooled_even_odd_wide,5,1
Port Royal,Kingston,Cotton,Poblado de San Juan,5248.8,200,CONFIRMED_FROM_VIDEO,CONFIRMED_FROM_VIDEO,Screen Recording 2026-08-16 223317.mp4,pooled_even_odd_wide,3,2
Port Royal,Kingston,Cotton,Point Rocheux,4643.1,188,CONFIRMED_FROM_VIDEO,CONFIRMED_FROM_VIDEO,Screen Recording 2026-08-16 223317.mp4,pooled_even_odd_wide,5,1
Port Royal,Kingston,Cotton,Ponta Delgada,9501.9,283,CONFIRMED_FROM_VIDEO,CONFIRMED_FROM_VIDEO,Screen Recording 2026-08-16 223317.mp4,pooled_even_odd_wide,5,1
Port Royal,Kingston,Cotton,Port Antonio,2446.5,145,CONFIRMED_FROM_VIDEO,CONFIRMED_FROM_VIDEO,Screen Recording 2026-08-16 223317.mp4,pooled_even_odd_wide,7,2
Port Royal,Kingston,Cotton,Port Louis,8377.7,261,CONFIRMED_FROM_VIDEO,CONFIRMED_FROM_VIDEO,Screen Recording 2026-08-16 223317.mp4,pooled_even_odd_wide,4,1
Port Royal,Kingston,Cotton,Port-Au-Croix,4818.6,191,CONFIRMED_FROM_VIDEO,CONFIRMED_FROM_VIDEO,Screen Recording 2026-08-16 223317.mp4,pooled_even_odd_wide,3,1
Port Royal,Kingston,Cotton,Princeton,7391.2,242,CONFIRMED_FROM_VIDEO,CONFIRMED_FROM_VIDEO,Screen Recording 2026-08-16 223317.mp4,pooled_even_odd_wide,5,1
Port Royal,Kingston,Cotton,Puerto de San Fernando,3971.7,175,CONFIRMED_FROM_VIDEO,CONFIRMED_FROM_VIDEO,Screen Recording 2026-08-16 223317.mp4,pooled_even_odd_wide,15,1
Port Royal,Kingston,Cotton,Saint Vincent,8080.3,255,CONFIRMED_FROM_VIDEO,CONFIRMED_FROM_VIDEO,Screen Recording 2026-08-16 223317.mp4,pooled_even_odd_wide,4,1
Port Royal,Kingston,Cotton,Saint-Nicholas,8445.3,262,CONFIRMED_FROM_VIDEO,CONFIRMED_FROM_VIDEO,Screen Recording 2026-08-16 223317.mp4,pooled_even_odd_wide,7,2
Port Royal,Kingston,Cotton,Sainte Rose,8498.5,263,CONFIRMED_FROM_VIDEO,CONFIRMED_FROM_VIDEO,Screen Recording 2026-08-16 223317.mp4,pooled_even_odd_wide,9,1
Port Royal,Kingston,Cotton,San Polo,6908.5,232,CONFIRMED_FROM_VIDEO,CONFIRMED_FROM_VIDEO,Screen Recording 2026-08-16 223317.mp4,pooled_even_odd_wide,6,1
Port Royal,Kingston,Cotton,San Salvador,4892.4,193,CONFIRMED_FROM_VIDEO,CONFIRMED_FROM_VIDEO,Screen Recording 2026-08-16 223317.mp4,pooled_even_odd_wide,6,1
Port Royal,Kingston,Cotton,San Vito,4426.7,184,CONFIRMED_FROM_VIDEO,CONFIRMED_FROM_VIDEO,Screen Recording 2026-08-16 223317.mp4,pooled_even_odd_wide,5,1
Port Royal,Kingston,Cotton,Sandy Settlement,8085.1,255,CONFIRMED_FROM_VIDEO,CONFIRMED_FROM_VIDEO,Screen Recording 2026-08-16 223317.mp4,pooled_even_odd_wide,4,1
Port Royal,Kingston,Cotton,Santa Maria,4799.7,191,CONFIRMED_FROM_VIDEO,CONFIRMED_FROM_VIDEO,Screen Recording 2026-08-16 223317.mp4,pooled_even_odd_wide,3,1
Port Royal,Kingston,Cotton,Sao Bento,8016.6,254,CONFIRMED_FROM_VIDEO,CONFIRMED_FROM_VIDEO,Screen Recording 2026-08-16 223317.mp4,pooled_even_odd_wide,4,1
Port Royal,Kingston,Cotton,Snake Prosper,9947.2,291,CONFIRMED_FROM_VIDEO,CONFIRMED_FROM_VIDEO,Screen Recording 2026-08-16 223317.mp4,pooled_even_odd_wide,12,1
Port Royal,Kingston,Cotton,Sugar Cove,11952.6,331,CONFIRMED_FROM_VIDEO,CONFIRMED_FROM_VIDEO,Screen Recording 2026-08-16 223317.mp4,pooled_even_odd_wide,4,2
Port Royal,Kingston,Cotton,Taylor's Town,8759.7,268,CONFIRMED_FROM_VIDEO,CONFIRMED_FROM_VIDEO,Screen Recording 2026-08-16 223317.mp4,pooled_even_odd_wide,5,1
Port Royal,Kingston,Cotton,Theresa,1884.8,134,CONFIRMED_FROM_VIDEO,CONFIRMED_FROM_VIDEO,Screen Recording 2026-08-16 223317.mp4,pooled_even_odd_wide,11,1
Port Royal,Kingston,Cotton,Thresher Point,4791.8,191,CONFIRMED_FROM_VIDEO,CONFIRMED_FROM_VIDEO,Screen Recording 2026-08-16 223317.mp4,pooled_even_odd_wide,3,1
Port Royal,Kingston,Cotton,Venta Nueva,5070.0,196,CONFIRMED_FROM_VIDEO,CONFIRMED_FROM_VIDEO,Screen Recording 2026-08-16 223317.mp4,pooled_even_odd_wide,5,2
Port Royal,Kingston,Cotton,Villarreal Del Mar,4062.2,177,CONFIRMED_FROM_VIDEO,CONFIRMED_FROM_VIDEO,Screen Recording 2026-08-16 223317.mp4,pooled_even_odd_wide,17,3
Port Royal,Kingston,Cotton,White Hook,11130.1,315,CONFIRMED_FROM_VIDEO,CONFIRMED_FROM_VIDEO,Screen Recording 2026-08-16 223317.mp4,pooled_even_odd_wide,4,2
Port Royal,Kingston,Cotton,Wyntergard,9975.3,292,CONFIRMED_FROM_VIDEO,CONFIRMED_FROM_VIDEO,Screen Recording 2026-08-16 223317.mp4,pooled_even_odd_wide,7,1
Port Royal,Kingston,Cotton,Yorinobu's Settlement,6018.1,215,CONFIRMED_FROM_VIDEO,CONFIRMED_FROM_VIDEO,Screen Recording 2026-08-16 223317.mp4,even_odd,1,1
Princeton,Lebarde,Herbs,Al-Jazair,1980.9,103,CONFIRMED_FROM_VIDEO,CONFIRMED_FROM_VIDEO,Screen Recording 2026-08-16 223317.mp4,pooled_even_odd_wide,5,1
Princeton,Lebarde,Herbs,Ashbourne,7049.0,178,CONFIRMED_FROM_VIDEO,CONFIRMED_FROM_VIDEO,Screen Recording 2026-08-16 223317.mp4,pooled_even_odd_wide,6,1
Princeton,Lebarde,Herbs,Belfry Heights,4735.0,144,CONFIRMED_FROM_VIDEO,CONFIRMED_FROM_VIDEO,Screen Recording 2026-08-16 223317.mp4,pooled_even_odd_wide,7,1
Princeton,Lebarde,Herbs,Bucket Bay,4768.7,144,CONFIRMED_FROM_VIDEO,CONFIRMED_FROM_VIDEO,Screen Recording 2026-08-16 223317.mp4,pooled_even_odd_wide,7,1
Princeton,Lebarde,Herbs,Caledonia,4367.8,138,CONFIRMED_FROM_VIDEO,CONFIRMED_FROM_VIDEO,Screen Recording 2026-08-16 223317.mp4,pooled_even_odd_wide,9,1
Princeton,Lebarde,Herbs,Castle Landing,1666.2,98,CONFIRMED_FROM_VIDEO,CONFIRMED_FROM_VIDEO,Screen Recording 2026-08-16 223317.mp4,pooled_even_odd_wide,3,2
Princeton,Lebarde,Herbs,Caveira,13445.2,272,CONFIRMED_FROM_VIDEO,CONFIRMED_FROM_VIDEO,Screen Recording 2026-08-16 223317.mp4,pooled_even_odd_wide,6,2
Princeton,Lebarde,Herbs,Caye Tiburon,3646.8,128,CONFIRMED_FROM_VIDEO,CONFIRMED_FROM_VIDEO,Screen Recording 2026-08-16 223317.mp4,pooled_even_odd_wide,9,1
Princeton,Lebarde,Herbs,Crownstead,7861.2,190,CONFIRMED_FROM_VIDEO,CONFIRMED_FROM_VIDEO,Screen Recording 2026-08-16 223317.mp4,pooled_even_odd_wide,6,1
Princeton,Lebarde,Herbs,Cumberland Hill,3827.1,130,CONFIRMED_FROM_VIDEO,CONFIRMED_FROM_VIDEO,Screen Recording 2026-08-16 223317.mp4,pooled_even_odd_wide,6,2
Princeton,Lebarde,Herbs,Deadman's Murcia,4904.8,146,CONFIRMED_FROM_VIDEO,CONFIRMED_FROM_VIDEO,Screen Recording 2026-08-16 223317.mp4,pooled_even_odd_wide,6,1
Princeton,Lebarde,Herbs,Fair Harbour,4584.4,141,CONFIRMED_FROM_VIDEO,CONFIRMED_FROM_VIDEO,Screen Recording 2026-08-16 223317.mp4,pooled_even_odd_wide,9,1
Princeton,Lebarde,Herbs,Falmouth,7810.7,189,CONFIRMED_FROM_VIDEO,CONFIRMED_FROM_VIDEO,Screen Recording 2026-08-16 223317.mp4,pooled_even_odd_wide,6,1
Princeton,Lebarde,Herbs,Gyldenvale,8511.3,199,CONFIRMED_FROM_VIDEO,CONFIRMED_FROM_VIDEO,Screen Recording 2026-08-16 223317.mp4,pooled_even_odd_wide,5,1
Princeton,Lebarde,Herbs,Jones' Outpost,3092.9,119,CONFIRMED_FROM_VIDEO,CONFIRMED_FROM_VIDEO,Screen Recording 2026-08-16 223317.mp4,pooled_even_odd_wide,8,1
Princeton,Lebarde,Herbs,Kandlerova,11968.3,250,CONFIRMED_FROM_VIDEO,CONFIRMED_FROM_VIDEO,Screen Recording 2026-08-16 223317.mp4,pooled_even_odd_wide,6,2
Princeton,Lebarde,Herbs,La Povenglia,9034.4,207,CONFIRMED_FROM_VIDEO,CONFIRMED_FROM_VIDEO,Screen Recording 2026-08-16 223317.mp4,pooled_even_odd_wide,4,1
Princeton,Lebarde,Herbs,Lebarde,1821.4,101,CONFIRMED_FROM_VIDEO,CONFIRMED_FROM_VIDEO,Screen Recording 2026-08-16 223317.mp4,pooled_even_odd_wide,5,1
Princeton,Lebarde,Herbs,Lord Irving's Sacrifice,6703.2,173,CONFIRMED_FROM_VIDEO,CONFIRMED_FROM_VIDEO,Screen Recording 2026-08-16 223317.mp4,pooled_even_odd_wide,6,1
Princeton,Lebarde,Herbs,Louisbourg,9363.2,212,CONFIRMED_FROM_VIDEO,CONFIRMED_FROM_VIDEO,Screen Recording 2026-08-16 223317.mp4,pooled_even_odd_wide,4,1
Princeton,Lebarde,Herbs,Madalena,15289.7,299,CONFIRMED_FROM_VIDEO,CONFIRMED_FROM_VIDEO,Screen Recording 2026-08-16 223317.mp4,pooled_even_odd_wide,4,2
Princeton,Lebarde,Herbs,Mako's Outlook,6618.2,171,CONFIRMED_FROM_VIDEO,CONFIRMED_FROM_VIDEO,Screen Recording 2026-08-16 223317.mp4,pooled_even_odd_wide,5,1
Princeton,Lebarde,Herbs,Matthew's Rest,5348.6,153,CONFIRMED_FROM_VIDEO,CONFIRMED_FROM_VIDEO,Screen Recording 2026-08-16 223317.mp4,pooled_even_odd_wide,6,1
Princeton,Lebarde,Herbs,Maurepas,8491.0,199,CONFIRMED_FROM_VIDEO,CONFIRMED_FROM_VIDEO,Screen Recording 2026-08-16 223317.mp4,pooled_even_odd_wide,5,1
Princeton,Lebarde,Herbs,New Brighton,2425.1,110,CONFIRMED_FROM_VIDEO,CONFIRMED_FROM_VIDEO,Screen Recording 2026-08-16 223317.mp4,pooled_even_odd_wide,5,1
Princeton,Lebarde,Herbs,New Catalina,3633.5,127,CONFIRMED_FROM_VIDEO,CONFIRMED_FROM_VIDEO,Screen Recording 2026-08-16 223317.mp4,pooled_even_odd_wide,8,1
Princeton,Lebarde,Herbs,Pachard Town,5847.2,160,CONFIRMED_FROM_VIDEO,CONFIRMED_FROM_VIDEO,Screen Recording 2026-08-16 223317.mp4,pooled_even_odd_wide,6,1
Princeton,Lebarde,Herbs,Peter's Cove,5573.2,156,CONFIRMED_FROM_VIDEO,CONFIRMED_FROM_VIDEO,Screen Recording 2026-08-16 223317.mp4,pooled_even_odd_wide,6,1
Princeton,Lebarde,Herbs,Petit Anvers,10248.5,225,CONFIRMED_FROM_VIDEO,CONFIRMED_FROM_VIDEO,Screen Recording 2026-08-16 223317.mp4,pooled_even_odd_wide,4,2
Princeton,Lebarde,Herbs,Poblado de San Juan,12629.8,260,CONFIRMED_FROM_VIDEO,CONFIRMED_FROM_VIDEO,Screen Recording 2026-08-16 223317.mp4,pooled_even_odd_wide,6,2
Princeton,Lebarde,Herbs,Point Rocheux,7783.9,189,CONFIRMED_FROM_VIDEO,CONFIRMED_FROM_VIDEO,Screen Recording 2026-08-16 223317.mp4,pooled_even_odd_wide,4,1
Princeton,Lebarde,Herbs,Ponta Delgada,15134.7,297,CONFIRMED_FROM_VIDEO,CONFIRMED_FROM_VIDEO,Screen Recording 2026-08-16 223317.mp4,pooled_even_odd_wide,4,2
Princeton,Lebarde,Herbs,Port Antonio,8750.5,203,CONFIRMED_FROM_VIDEO,CONFIRMED_FROM_VIDEO,Screen Recording 2026-08-16 223317.mp4,pooled_even_odd_wide,5,1
Princeton,Lebarde,Herbs,Port Louis,5298.4,152,CONFIRMED_FROM_VIDEO,CONFIRMED_FROM_VIDEO,Screen Recording 2026-08-16 223317.mp4,pooled_even_odd_wide,6,1
Princeton,Lebarde,Herbs,Port Royal,7391.2,183,CONFIRMED_FROM_VIDEO,CONFIRMED_FROM_VIDEO,Screen Recording 2026-08-16 223317.mp4,even_odd,1,1
Princeton,Lebarde,Herbs,Port-Au-Croix,6819.8,174,CONFIRMED_FROM_VIDEO,CONFIRMED_FROM_VIDEO,Screen Recording 2026-08-16 223317.mp4,pooled_even_odd_wide,6,1
Princeton,Lebarde,Herbs,Puerto de San Fernando,11162.7,238,CONFIRMED_FROM_VIDEO,CONFIRMED_FROM_VIDEO,Screen Recording 2026-08-16 223317.mp4,pooled_even_odd_wide,6,2
Princeton,Lebarde,Herbs,Saint Vincent,3344.9,123,CONFIRMED_FROM_VIDEO,CONFIRMED_FROM_VIDEO,Screen Recording 2026-08-16 223317.mp4,pooled_even_odd_wide,8,1
Princeton,Lebarde,Herbs,Saint-Nicholas,6065.4,163,CONFIRMED_FROM_VIDEO,CONFIRMED_FROM_VIDEO,Screen Recording 2026-08-16 223317.mp4,pooled_even_odd_wide,4,2
Princeton,Lebarde,Herbs,Sainte Rose,10526.2,229,CONFIRMED_FROM_VIDEO,CONFIRMED_FROM_VIDEO,Screen Recording 2026-08-16 223317.mp4,pooled_even_odd_wide,4,2
Princeton,Lebarde,Herbs,San Polo,11031.8,236,CONFIRMED_FROM_VIDEO,CONFIRMED_FROM_VIDEO,Screen Recording 2026-08-16 223317.mp4,pooled_even_odd_wide,8,2
Princeton,Lebarde,Herbs,San Salvador,11862.7,249,CONFIRMED_FROM_VIDEO,CONFIRMED_FROM_VIDEO,Screen Recording 2026-08-16 223317.mp4,pooled_even_odd_wide,6,2
Princeton,Lebarde,Herbs,San Vito,8136.7,194,CONFIRMED_FROM_VIDEO,CONFIRMED_FROM_VIDEO,Screen Recording 2026-08-16 223317.mp4,pooled_even_odd_wide,6,1
Princeton,Lebarde,Herbs,Sandy Settlement,6234.0,166,CONFIRMED_FROM_VIDEO,CONFIRMED_FROM_VIDEO,Screen Recording 2026-08-16 223317.mp4,pooled_even_odd_wide,5,2
Princeton,Lebarde,Herbs,Santa Maria,12172.4,253,CONFIRMED_FROM_VIDEO,CONFIRMED_FROM_VIDEO,Screen Recording 2026-08-16 223317.mp4,pooled_even_odd_wide,6,2
Princeton,Lebarde,Herbs,Sao Bento,14194.7,283,CONFIRMED_FROM_VIDEO,CONFIRMED_FROM_VIDEO,Screen Recording 2026-08-16 223317.mp4,pooled_even_odd_wide,4,2
Princeton,Lebarde,Herbs,Snake Prosper,4102.0,134,CONFIRMED_FROM_VIDEO,CONFIRMED_FROM_VIDEO,Screen Recording 2026-08-16 223317.mp4,pooled_even_odd_wide,4,1
Princeton,Lebarde,Herbs,Sugar Cove,4618.5,142,CONFIRMED_FROM_VIDEO,CONFIRMED_FROM_VIDEO,Screen Recording 2026-08-16 223317.mp4,pooled_even_odd_wide,6,1
Princeton,Lebarde,Herbs,Taylor's Town,4967.5,147,CONFIRMED_FROM_VIDEO,CONFIRMED_FROM_VIDEO,Screen Recording 2026-08-16 223317.mp4,pooled_even_odd_wide,6,1
Princeton,Lebarde,Herbs,Theresa,8964.4,206,CONFIRMED_FROM_VIDEO,CONFIRMED_FROM_VIDEO,Screen Recording 2026-08-16 223317.mp4,pooled_even_odd_wide,4,1
Princeton,Lebarde,Herbs,Thresher Point,3910.0,131,CONFIRMED_FROM_VIDEO,CONFIRMED_FROM_VIDEO,Screen Recording 2026-08-16 223317.mp4,pooled_even_odd_wide,4,1
Princeton,Lebarde,Herbs,Venta Nueva,10709.4,232,CONFIRMED_FROM_VIDEO,CONFIRMED_FROM_VIDEO,Screen Recording 2026-08-16 223317.mp4,pooled_even_odd_wide,4,2
Princeton,Lebarde,Herbs,Villarreal Del Mar,9392.0,212,CONFIRMED_FROM_VIDEO,CONFIRMED_FROM_VIDEO,Screen Recording 2026-08-16 223317.mp4,pooled_even_odd_wide,4,1
Princeton,Lebarde,Herbs,White Hook,5199.0,150,CONFIRMED_FROM_VIDEO,CONFIRMED_FROM_VIDEO,Screen Recording 2026-08-16 223317.mp4,pooled_even_odd_wide,6,1
Princeton,Lebarde,Herbs,Wyntergard,7199.2,180,CONFIRMED_FROM_VIDEO,CONFIRMED_FROM_VIDEO,Screen Recording 2026-08-16 223317.mp4,pooled_even_odd_wide,6,1
Princeton,Lebarde,Herbs,Yorinobu's Settlement,3290.0,122,CONFIRMED_FROM_VIDEO,CONFIRMED_FROM_VIDEO,Screen Recording 2026-08-16 223317.mp4,pooled_even_odd_wide,5,1
Puerto de San Fernando,San Salvador,Gazpacho,Al-Jazair,10820.0,233,CONFIRMED_FROM_VIDEO,CONFIRMED_FROM_VIDEO,Screen Recording 2026-08-16 223317.mp4,pooled_even_odd_wide,4,1
Puerto de San Fernando,San Salvador,Gazpacho,Ashbourne,10917.9,235,CONFIRMED_FROM_VIDEO,CONFIRMED_FROM_VIDEO,Screen Recording 2026-08-16 223317.mp4,pooled_even_odd_wide,3,1
Puerto de San Fernando,San Salvador,Gazpacho,Belfry Heights,8135.5,194,CONFIRMED_FROM_VIDEO,CONFIRMED_FROM_VIDEO,Screen Recording 2026-08-16 223317.mp4,pooled_even_odd_wide,9,1
Puerto de San Fernando,San Salvador,Gazpacho,Bucket Bay,9029.2,207,CONFIRMED_FROM_VIDEO,CONFIRMED_FROM_VIDEO,Screen Recording 2026-08-16 223317.mp4,pooled_even_odd_wide,6,2
Puerto de San Fernando,San Salvador,Gazpacho,Caledonia,13486.7,273,CONFIRMED_FROM_VIDEO,CONFIRMED_FROM_VIDEO,Screen Recording 2026-08-16 223317.mp4,pooled_even_odd_wide,6,2
Puerto de San Fernando,San Salvador,Gazpacho,Castle Landing,12383.6,256,CONFIRMED_FROM_VIDEO,CONFIRMED_FROM_VIDEO,Screen Recording 2026-08-16 223317.mp4,pooled_even_odd_wide,2,4
Puerto de San Fernando,San Salvador,Gazpacho,Caveira,2936.4,117,CONFIRMED_FROM_VIDEO,CONFIRMED_FROM_VIDEO,Screen Recording 2026-08-16 223317.mp4,pooled_even_odd_wide,8,1
Puerto de San Fernando,San Salvador,Gazpacho,Caye Tiburon,7953.0,191,CONFIRMED_FROM_VIDEO,CONFIRMED_FROM_VIDEO,Screen Recording 2026-08-16 223317.mp4,pooled_even_odd_wide,8,1
Puerto de San Fernando,San Salvador,Gazpacho,Crownstead,11262.3,240,CONFIRMED_FROM_VIDEO,CONFIRMED_FROM_VIDEO,Screen Recording 2026-08-16 223317.mp4,pooled_even_odd_wide,4,2
Puerto de San Fernando,San Salvador,Gazpacho,Cumberland Hill,14969.9,295,CONFIRMED_FROM_VIDEO,CONFIRMED_FROM_VIDEO,Screen Recording 2026-08-16 223317.mp4,pooled_even_odd_wide,2,2
Puerto de San Fernando,San Salvador,Gazpacho,Deadman's Murcia,3334.5,270,CONFIRMED_FROM_VIDEO,CONFIRMED_FROM_VIDEO,Screen Recording 2026-08-16 223317.mp4,pooled_even_odd_wide,8,1
Puerto de San Fernando,San Salvador,Gazpacho,Fair Harbour,10360.5,227,CONFIRMED_FROM_VIDEO,CONFIRMED_FROM_VIDEO,Screen Recording 2026-08-16 223317.mp4,pooled_even_odd_wide,4,2
Puerto de San Fernando,San Salvador,Gazpacho,Falmouth,3783.3,130,CONFIRMED_FROM_VIDEO,CONFIRMED_FROM_VIDEO,Screen Recording 2026-08-16 223317.mp4,pooled_even_odd_wide,12,1
Puerto de San Fernando,San Salvador,Gazpacho,Gyldenvale,12635.6,260,CONFIRMED_FROM_VIDEO,CONFIRMED_FROM_VIDEO,Screen Recording 2026-08-16 223317.mp4,pooled_even_odd_wide,6,2
Puerto de San Fernando,San Salvador,Gazpacho,Jones' Outpost,14140.1,282,CONFIRMED_FROM_VIDEO,CONFIRMED_FROM_VIDEO,Screen Recording 2026-08-16 223317.mp4,pooled_even_odd_wide,6,2
Puerto de San Fernando,San Salvador,Gazpacho,Kandlerova,8971.7,206,CONFIRMED_FROM_VIDEO,CONFIRMED_FROM_VIDEO,Screen Recording 2026-08-16 223317.mp4,pooled_even_odd_wide,7,1
Puerto de San Fernando,San Salvador,Gazpacho,La Povenglia,8803.5,204,CONFIRMED_FROM_VIDEO,CONFIRMED_FROM_VIDEO,Screen Recording 2026-08-16 223317.mp4,pooled_even_odd_wide,10,3
Puerto de San Fernando,San Salvador,Gazpacho,Lebarde,10884.4,234,CONFIRMED_FROM_VIDEO,CONFIRMED_FROM_VIDEO,Screen Recording 2026-08-16 223317.mp4,pooled_even_odd_wide,4,2
Puerto de San Fernando,San Salvador,Gazpacho,Lord Irving's Sacrifice,5692.4,158,CONFIRMED_FROM_VIDEO,CONFIRMED_FROM_VIDEO,Screen Recording 2026-08-16 223317.mp4,pooled_even_odd_wide,6,2
Puerto de San Fernando,San Salvador,Gazpacho,Louisbourg,8285.1,196,CONFIRMED_FROM_VIDEO,CONFIRMED_FROM_VIDEO,Screen Recording 2026-08-16 223317.mp4,pooled_even_odd_wide,5,2
Puerto de San Fernando,San Salvador,Gazpacho,Madalena,4834.7,145,CONFIRMED_FROM_VIDEO,CONFIRMED_FROM_VIDEO,Screen Recording 2026-08-16 223317.mp4,pooled_even_odd_wide,6,2
Puerto de San Fernando,San Salvador,Gazpacho,Mako's Outlook,6380.8,168,CONFIRMED_FROM_VIDEO,CONFIRMED_FROM_VIDEO,Screen Recording 2026-08-16 223317.mp4,pooled_even_odd_wide,7,1
Puerto de San Fernando,San Salvador,Gazpacho,Matthew's Rest,8208.6,195,CONFIRMED_FROM_VIDEO,CONFIRMED_FROM_VIDEO,Screen Recording 2026-08-16 223317.mp4,pooled_even_odd_wide,7,1
Puerto de San Fernando,San Salvador,Gazpacho,Maurepas,8061.2,193,CONFIRMED_FROM_VIDEO,CONFIRMED_FROM_VIDEO,Screen Recording 2026-08-16 223317.mp4,pooled_even_odd_wide,9,1
Puerto de San Fernando,San Salvador,Gazpacho,New Brighton,9201.6,209,CONFIRMED_FROM_VIDEO,CONFIRMED_FROM_VIDEO,Screen Recording 2026-08-16 223317.mp4,pooled_even_odd_wide,6,1
Puerto de San Fernando,San Salvador,Gazpacho,New Catalina,14795.6,292,CONFIRMED_FROM_VIDEO,CONFIRMED_FROM_VIDEO,Screen Recording 2026-08-16 223317.mp4,pooled_even_odd_wide,6,2
Puerto de San Fernando,San Salvador,Gazpacho,Pachard Town,7199.4,180,CONFIRMED_FROM_VIDEO,CONFIRMED_FROM_VIDEO,Screen Recording 2026-08-16 223317.mp4,pooled_even_odd_wide,8,2
Puerto de San Fernando,San Salvador,Gazpacho,Peter's Cove,10743.6,232,CONFIRMED_FROM_VIDEO,CONFIRMED_FROM_VIDEO,Screen Recording 2026-08-16 223317.mp4,pooled_even_odd_wide,4,2
Puerto de San Fernando,San Salvador,Gazpacho,Petit Anvers,9811.2,218,CONFIRMED_FROM_VIDEO,CONFIRMED_FROM_VIDEO,Screen Recording 2026-08-16 223317.mp4,pooled_even_odd_wide,6,1
Puerto de San Fernando,San Salvador,Gazpacho,Poblado de San Juan,2503.1,111,CONFIRMED_FROM_VIDEO,CONFIRMED_FROM_VIDEO,Screen Recording 2026-08-16 223317.mp4,pooled_even_odd_wide,5,2
Puerto de San Fernando,San Salvador,Gazpacho,Point Rocheux,5591.7,156,CONFIRMED_FROM_VIDEO,CONFIRMED_FROM_VIDEO,Screen Recording 2026-08-16 223317.mp4,pooled_even_odd_wide,6,1
Puerto de San Fernando,San Salvador,Gazpacho,Ponta Delgada,6410.2,168,CONFIRMED_FROM_VIDEO,CONFIRMED_FROM_VIDEO,Screen Recording 2026-08-16 223317.mp4,pooled_even_odd_wide,7,2
Puerto de San Fernando,San Salvador,Gazpacho,Port Antonio,2672.3,113,CONFIRMED_FROM_VIDEO,CONFIRMED_FROM_VIDEO,Screen Recording 2026-08-16 223317.mp4,pooled_even_odd_wide,7,1
Puerto de San Fernando,San Salvador,Gazpacho,Port Louis,10862.2,234,CONFIRMED_FROM_VIDEO,CONFIRMED_FROM_VIDEO,Screen Recording 2026-08-16 223317.mp4,pooled_even_odd_wide,4,2
Puerto de San Fernando,San Salvador,Gazpacho,Port Royal,3971.7,132,CONFIRMED_FROM_VIDEO,CONFIRMED_FROM_VIDEO,Screen Recording 2026-08-16 223317.mp4,pooled_even_odd_wide,13,1
Puerto de San Fernando,San Salvador,Gazpacho,Port-Au-Croix,6428.8,169,CONFIRMED_FROM_VIDEO,CONFIRMED_FROM_VIDEO,Screen Recording 2026-08-16 223317.mp4,pooled_even_odd_wide,7,1
Puerto de San Fernando,San Salvador,Gazpacho,Princeton,11162.7,238,CONFIRMED_FROM_VIDEO,CONFIRMED_FROM_VIDEO,Screen Recording 2026-08-16 223317.mp4,pooled_even_odd_wide,4,2
Puerto de San Fernando,San Salvador,Gazpacho,Saint Vincent,11171.2,239,CONFIRMED_FROM_VIDEO,CONFIRMED_FROM_VIDEO,Screen Recording 2026-08-16 223317.mp4,pooled_even_odd_wide,4,2
Puerto de San Fernando,San Salvador,Gazpacho,Saint-Nicholas,12222.0,254,CONFIRMED_FROM_VIDEO,CONFIRMED_FROM_VIDEO,Screen Recording 2026-08-16 223317.mp4,pooled_even_odd_wide,6,1
Puerto de San Fernando,San Salvador,Gazpacho,Sainte Rose,8380.3,197,CONFIRMED_FROM_VIDEO,CONFIRMED_FROM_VIDEO,Screen Recording 2026-08-16 223317.mp4,pooled_even_odd_wide,7,1
Puerto de San Fernando,San Salvador,Gazpacho,San Polo,8638.0,201,CONFIRMED_FROM_VIDEO,CONFIRMED_FROM_VIDEO,Screen Recording 2026-08-16 223317.mp4,pooled_even_odd_wide,9,1
Puerto de San Fernando,San Salvador,Gazpacho,San Salvador,4062.9,134,CONFIRMED_FROM_VIDEO,CONFIRMED_FROM_VIDEO,Screen Recording 2026-08-16 223317.mp4,pooled_even_odd_wide,13,1
Puerto de San Fernando,San Salvador,Gazpacho,San Vito,7263.7,181,CONFIRMED_FROM_VIDEO,CONFIRMED_FROM_VIDEO,Screen Recording 2026-08-16 223317.mp4,pooled_even_odd_wide,5,2
Puerto de San Fernando,San Salvador,Gazpacho,Sandy Settlement,1811.8,248,CONFIRMED_FROM_VIDEO,CONFIRMED_FROM_VIDEO,Screen Recording 2026-08-16 223317.mp4,pooled_even_odd_wide,6,1
Puerto de San Fernando,San Salvador,Gazpacho,Santa Maria,2341.8,108,CONFIRMED_FROM_VIDEO,CONFIRMED_FROM_VIDEO,Screen Recording 2026-08-16 223317.mp4,pooled_even_odd_wide,6,1
Puerto de San Fernando,San Salvador,Gazpacho,Sao Bento,4638.6,142,CONFIRMED_FROM_VIDEO,CONFIRMED_FROM_VIDEO,Screen Recording 2026-08-16 223317.mp4,pooled_even_odd_wide,7,1
Puerto de San Fernando,San Salvador,Gazpacho,Snake Prosper,13091.9,267,CONFIRMED_FROM_VIDEO,CONFIRMED_FROM_VIDEO,Screen Recording 2026-08-16 223317.mp4,pooled_even_odd_wide,5,2
Puerto de San Fernando,San Salvador,Gazpacho,Sugar Cove,15774.7,306,CONFIRMED_FROM_VIDEO,CONFIRMED_FROM_VIDEO,Screen Recording 2026-08-16 223317.mp4,pooled_even_odd_wide,6,2
Puerto de San Fernando,San Salvador,Gazpacho,Taylor's Town,12672.3,261,CONFIRMED_FROM_VIDEO,CONFIRMED_FROM_VIDEO,Screen Recording 2026-08-16 223317.mp4,pooled_even_odd_wide,6,2
Puerto de San Fernando,San Salvador,Gazpacho,Theresa,2200.4,106,CONFIRMED_FROM_VIDEO,CONFIRMED_FROM_VIDEO,Screen Recording 2026-08-16 223317.mp4,pooled_even_odd_wide,6,1
Puerto de San Fernando,San Salvador,Gazpacho,Thresher Point,8752.3,203,CONFIRMED_FROM_VIDEO,CONFIRMED_FROM_VIDEO,Screen Recording 2026-08-16 223317.mp4,pooled_even_odd_wide,9,1
Puerto de San Fernando,San Salvador,Gazpacho,Venta Nueva,3267.9,122,CONFIRMED_FROM_VIDEO,CONFIRMED_FROM_VIDEO,Screen Recording 2026-08-16 223317.mp4,pooled_even_odd_wide,12,1
Puerto de San Fernando,San Salvador,Gazpacho,Villarreal Del Mar,3451.6,125,CONFIRMED_FROM_VIDEO,CONFIRMED_FROM_VIDEO,Screen Recording 2026-08-16 223317.mp4,pooled_even_odd_wide,12,1
Puerto de San Fernando,San Salvador,Gazpacho,White Hook,14196.5,283,CONFIRMED_FROM_VIDEO,CONFIRMED_FROM_VIDEO,Screen Recording 2026-08-16 223317.mp4,pooled_even_odd_wide,6,2
Puerto de San Fernando,San Salvador,Gazpacho,Wyntergard,12004.4,251,CONFIRMED_FROM_VIDEO,CONFIRMED_FROM_VIDEO,Screen Recording 2026-08-16 223317.mp4,pooled_even_odd_wide,4,2
Puerto de San Fernando,San Salvador,Gazpacho,Yorinobu's Settlement,9146.8,209,CONFIRMED_FROM_VIDEO,CONFIRMED_FROM_VIDEO,Screen Recording 2026-08-16 223317.mp4,pooled_even_odd_wide,5,1
Saint Vincent,West Somerset,Cheese,Al-Jazair,1395.3,98,CONFIRMED_FROM_VIDEO,CONFIRMED_FROM_VIDEO,Screen Recording 2026-08-16 223317.mp4,pooled_even_odd_wide,6,1
Saint Vincent,West Somerset,Cheese,Ashbourne,3841.2,135,CONFIRMED_FROM_VIDEO,CONFIRMED_FROM_VIDEO,Screen Recording 2026-08-16 223317.mp4,pooled_even_odd_wide,6,1
Saint Vincent,West Somerset,Cheese,Belfry Heights,7087.3,184,CONFIRMED_FROM_VIDEO,CONFIRMED_FROM_VIDEO,Screen Recording 2026-08-16 223317.mp4,pooled_even_odd_wide,5,1
Saint Vincent,West Somerset,Cheese,Bucket Bay,2494.6,114,CONFIRMED_FROM_VIDEO,CONFIRMED_FROM_VIDEO,Screen Recording 2026-08-16 223317.mp4,pooled_even_odd_wide,10,1
Saint Vincent,West Somerset,Cheese,Caledonia,2315.6,112,CONFIRMED_FROM_VIDEO,CONFIRMED_FROM_VIDEO,Screen Recording 2026-08-16 223317.mp4,pooled_even_odd_wide,7,1
Saint Vincent,West Somerset,Cheese,Castle Landing,4796.2,149,CONFIRMED_FROM_VIDEO,CONFIRMED_FROM_VIDEO,Screen Recording 2026-08-16 223317.mp4,pooled_even_odd_wide,4,3
Saint Vincent,West Somerset,Cheese,Caveira,12864.3,272,CONFIRMED_FROM_VIDEO,CONFIRMED_FROM_VIDEO,Screen Recording 2026-08-16 223317.mp4,pooled_even_odd_wide,8,2
Saint Vincent,West Somerset,Cheese,Caye Tiburon,5551.7,161,CONFIRMED_FROM_VIDEO,CONFIRMED_FROM_VIDEO,Screen Recording 2026-08-16 223317.mp4,pooled_even_odd_wide,6,1
Saint Vincent,West Somerset,Cheese,Crownstead,4629.2,147,CONFIRMED_FROM_VIDEO,CONFIRMED_FROM_VIDEO,Screen Recording 2026-08-16 223317.mp4,pooled_even_odd_wide,6,1
Saint Vincent,West Somerset,Cheese,Cumberland Hill,5156.4,155,CONFIRMED_FROM_VIDEO,CONFIRMED_FROM_VIDEO,Screen Recording 2026-08-16 223317.mp4,pooled_even_odd_wide,3,2
Saint Vincent,West Somerset,Cheese,Deadman's Murcia,2290.9,111,CONFIRMED_FROM_VIDEO,CONFIRMED_FROM_VIDEO,Screen Recording 2026-08-16 223317.mp4,pooled_even_odd_wide,7,2
Saint Vincent,West Somerset,Cheese,Fair Harbour,1543.8,100,CONFIRMED_FROM_VIDEO,CONFIRMED_FROM_VIDEO,Screen Recording 2026-08-16 223317.mp4,pooled_even_odd_wide,6,1
Saint Vincent,West Somerset,Cheese,Falmouth,7414.1,189,CONFIRMED_FROM_VIDEO,CONFIRMED_FROM_VIDEO,Screen Recording 2026-08-16 223317.mp4,pooled_even_odd_wide,6,1
Saint Vincent,West Somerset,Cheese,Gyldenvale,5173.4,155,CONFIRMED_FROM_VIDEO,CONFIRMED_FROM_VIDEO,Screen Recording 2026-08-16 223317.mp4,pooled_even_odd_wide,4,1
Saint Vincent,West Somerset,Cheese,Jones' Outpost,4174.3,140,CONFIRMED_FROM_VIDEO,CONFIRMED_FROM_VIDEO,Screen Recording 2026-08-16 223317.mp4,pooled_even_odd_wide,5,1
Saint Vincent,West Somerset,Cheese,Kandlerova,14234.6,293,CONFIRMED_FROM_VIDEO,CONFIRMED_FROM_VIDEO,Screen Recording 2026-08-16 223317.mp4,pooled_even_odd_wide,6,2
Saint Vincent,West Somerset,Cheese,La Povenglia,11539.0,252,CONFIRMED_FROM_VIDEO,CONFIRMED_FROM_VIDEO,Screen Recording 2026-08-16 223317.mp4,pooled_even_odd_wide,12,1
Saint Vincent,West Somerset,Cheese,Lebarde,5080.4,154,CONFIRMED_FROM_VIDEO,CONFIRMED_FROM_VIDEO,Screen Recording 2026-08-16 223317.mp4,pooled_even_odd_wide,4,1
Saint Vincent,West Somerset,Cheese,Lord Irving's Sacrifice,8235.6,202,CONFIRMED_FROM_VIDEO,CONFIRMED_FROM_VIDEO,Screen Recording 2026-08-16 223317.mp4,pooled_even_odd_wide,4,1
Saint Vincent,West Somerset,Cheese,Louisbourg,6892.4,181,CONFIRMED_FROM_VIDEO,CONFIRMED_FROM_VIDEO,Screen Recording 2026-08-16 223317.mp4,pooled_even_odd_wide,5,1
Saint Vincent,West Somerset,Cheese,Madalena,14517.8,298,CONFIRMED_FROM_VIDEO,CONFIRMED_FROM_VIDEO,Screen Recording 2026-08-16 223317.mp4,pooled_even_odd_wide,6,2
Saint Vincent,West Somerset,Cheese,Mako's Outlook,8449.0,205,CONFIRMED_FROM_VIDEO,CONFIRMED_FROM_VIDEO,Screen Recording 2026-08-16 223317.mp4,pooled_even_odd_wide,3,2
Saint Vincent,West Somerset,Cheese,Matthew's Rest,3377.0,128,CONFIRMED_FROM_VIDEO,CONFIRMED_FROM_VIDEO,Screen Recording 2026-08-16 223317.mp4,pooled_even_odd_wide,6,1
Saint Vincent,West Somerset,Cheese,Maurepas,6088.4,169,CONFIRMED_FROM_VIDEO,CONFIRMED_FROM_VIDEO,Screen Recording 2026-08-16 223317.mp4,pooled_even_odd_wide,6,1
Saint Vincent,West Somerset,Cheese,New Brighton,2549.1,115,CONFIRMED_FROM_VIDEO,CONFIRMED_FROM_VIDEO,Screen Recording 2026-08-16 223317.mp4,pooled_even_odd_wide,12,1
Saint Vincent,West Somerset,Cheese,New Catalina,5336.2,158,CONFIRMED_FROM_VIDEO,CONFIRMED_FROM_VIDEO,Screen Recording 2026-08-16 223317.mp4,pooled_even_odd_wide,5,1
Saint Vincent,West Somerset,Cheese,Pachard Town,4298.8,142,CONFIRMED_FROM_VIDEO,CONFIRMED_FROM_VIDEO,Screen Recording 2026-08-16 223317.mp4,pooled_even_odd_wide,6,1
Saint Vincent,West Somerset,Cheese,Peter's Cove,8681.5,209,CONFIRMED_FROM_VIDEO,CONFIRMED_FROM_VIDEO,Screen Recording 2026-08-16 223317.mp4,pooled_even_odd_wide,6,1
Saint Vincent,West Somerset,Cheese,Petit Anvers,7432.1,190,CONFIRMED_FROM_VIDEO,CONFIRMED_FROM_VIDEO,Screen Recording 2026-08-16 223317.mp4,pooled_even_odd_wide,6,1
Saint Vincent,West Somerset,Cheese,Poblado de San Juan,13140.0,277,CONFIRMED_FROM_VIDEO,CONFIRMED_FROM_VIDEO,Screen Recording 2026-08-16 223317.mp4,pooled_even_odd_wide,6,1
Saint Vincent,West Somerset,Cheese,Point Rocheux,6409.4,174,CONFIRMED_FROM_VIDEO,CONFIRMED_FROM_VIDEO,Screen Recording 2026-08-16 223317.mp4,pooled_even_odd_wide,5,1
Saint Vincent,West Somerset,Cheese,Ponta Delgada,13726.7,286,CONFIRMED_FROM_VIDEO,CONFIRMED_FROM_VIDEO,Screen Recording 2026-08-16 223317.mp4,pooled_even_odd_wide,6,2
Saint Vincent,West Somerset,Cheese,Port Antonio,8513.0,206,CONFIRMED_FROM_VIDEO,CONFIRMED_FROM_VIDEO,Screen Recording 2026-08-16 223317.mp4,pooled_even_odd_wide,6,1
Saint Vincent,West Somerset,Cheese,Port Louis,2052.6,108,CONFIRMED_FROM_VIDEO,CONFIRMED_FROM_VIDEO,Screen Recording 2026-08-16 223317.mp4,pooled_even_odd_wide,6,1
Saint Vincent,West Somerset,Cheese,Port Royal,8080.3,199,CONFIRMED_FROM_VIDEO,CONFIRMED_FROM_VIDEO,Screen Recording 2026-08-16 223317.mp4,pooled_even_odd_wide,4,1
Saint Vincent,West Somerset,Cheese,Port-Au-Croix,5327.0,157,CONFIRMED_FROM_VIDEO,CONFIRMED_FROM_VIDEO,Screen Recording 2026-08-16 223317.mp4,pooled_even_odd_wide,4,1
Saint Vincent,West Somerset,Cheese,Princeton,3344.9,127,CONFIRMED_FROM_VIDEO,CONFIRMED_FROM_VIDEO,Screen Recording 2026-08-16 223317.mp4,pooled_even_odd_wide,6,1
Saint Vincent,West Somerset,Cheese,Puerto de San Fernando,11171.2,247,CONFIRMED_FROM_VIDEO,CONFIRMED_FROM_VIDEO,Screen Recording 2026-08-16 223317.mp4,pooled_even_odd_wide,2,2
Saint Vincent,West Somerset,Cheese,Saint-Nicholas,9350.0,219,CONFIRMED_FROM_VIDEO,CONFIRMED_FROM_VIDEO,Screen Recording 2026-08-16 223317.mp4,pooled_even_odd_wide,5,1
Saint Vincent,West Somerset,Cheese,Sainte Rose,8072.1,199,CONFIRMED_FROM_VIDEO,CONFIRMED_FROM_VIDEO,Screen Recording 2026-08-16 223317.mp4,pooled_even_odd_wide,4,1
Saint Vincent,West Somerset,Cheese,San Polo,13328.4,280,CONFIRMED_FROM_VIDEO,CONFIRMED_FROM_VIDEO,Screen Recording 2026-08-16 223317.mp4,pooled_even_odd_wide,6,2
Saint Vincent,West Somerset,Cheese,San Salvador,12954.4,274,CONFIRMED_FROM_VIDEO,CONFIRMED_FROM_VIDEO,Screen Recording 2026-08-16 223317.mp4,pooled_even_odd_wide,6,2
Saint Vincent,West Somerset,Cheese,San Vito,10310.0,233,CONFIRMED_FROM_VIDEO,CONFIRMED_FROM_VIDEO,Screen Recording 2026-08-16 223317.mp4,pooled_even_odd_wide,8,1
Saint Vincent,West Somerset,Cheese,Sandy Settlement,9467.2,221,CONFIRMED_FROM_VIDEO,CONFIRMED_FROM_VIDEO,Screen Recording 2026-08-16 223317.mp4,pooled_even_odd_wide,5,1
Saint Vincent,West Somerset,Cheese,Santa Maria,12731.9,270,CONFIRMED_FROM_VIDEO,CONFIRMED_FROM_VIDEO,Screen Recording 2026-08-16 223317.mp4,pooled_even_odd_wide,8,2
Saint Vincent,West Somerset,Cheese,Sao Bento,13164.3,277,CONFIRMED_FROM_VIDEO,CONFIRMED_FROM_VIDEO,Screen Recording 2026-08-16 223317.mp4,pooled_even_odd_wide,6,2
Saint Vincent,West Somerset,Cheese,Snake Prosper,1920.7,106,CONFIRMED_FROM_VIDEO,CONFIRMED_FROM_VIDEO,Screen Recording 2026-08-16 223317.mp4,pooled_even_odd_wide,6,1
Saint Vincent,West Somerset,Cheese,Sugar Cove,6244.6,171,CONFIRMED_FROM_VIDEO,CONFIRMED_FROM_VIDEO,Screen Recording 2026-08-16 223317.mp4,pooled_even_odd_wide,5,1
Saint Vincent,West Somerset,Cheese,Taylor's Town,8310.3,203,CONFIRMED_FROM_VIDEO,CONFIRMED_FROM_VIDEO,Screen Recording 2026-08-16 223317.mp4,pooled_even_odd_wide,4,1
Saint Vincent,West Somerset,Cheese,Theresa,9126.1,215,CONFIRMED_FROM_VIDEO,CONFIRMED_FROM_VIDEO,Screen Recording 2026-08-16 223317.mp4,pooled_even_odd_wide,5,1
Saint Vincent,West Somerset,Cheese,Thresher Point,6442.1,174,CONFIRMED_FROM_VIDEO,CONFIRMED_FROM_VIDEO,Screen Recording 2026-08-16 223317.mp4,pooled_even_odd_wide,4,2
Saint Vincent,West Somerset,Cheese,Venta Nueva,9749.2,225,CONFIRMED_FROM_VIDEO,CONFIRMED_FROM_VIDEO,Screen Recording 2026-08-16 223317.mp4,pooled_even_odd_wide,5,1
Saint Vincent,West Somerset,Cheese,Villarreal Del Mar,8528.7,206,CONFIRMED_FROM_VIDEO,CONFIRMED_FROM_VIDEO,Screen Recording 2026-08-16 223317.mp4,pooled_even_odd_wide,3,1
Saint Vincent,West Somerset,Cheese,White Hook,3059.6,123,CONFIRMED_FROM_VIDEO,CONFIRMED_FROM_VIDEO,Screen Recording 2026-08-16 223317.mp4,pooled_even_odd_wide,12,1
Saint Vincent,West Somerset,Cheese,Wyntergard,3863.6,135,CONFIRMED_FROM_VIDEO,CONFIRMED_FROM_VIDEO,Screen Recording 2026-08-16 223317.mp4,pooled_even_odd_wide,6,1
Saint Vincent,West Somerset,Cheese,Yorinobu's Settlement,2069.8,108,CONFIRMED_FROM_VIDEO,CONFIRMED_FROM_VIDEO,Screen Recording 2026-08-16 223317.mp4,pooled_even_odd_wide,6,1
Saint-Nicholas,Saint-Nicholas,Cocoa,Al-Jazair,7954.8,207,CONFIRMED_FROM_VIDEO,CONFIRMED_FROM_VIDEO,Screen Recording 2026-08-16 223317.mp4,pooled_even_odd_wide,6,1
Saint-Nicholas,Saint-Nicholas,Cocoa,Ashbourne,12790.8,285,CONFIRMED_FROM_VIDEO,CONFIRMED_FROM_VIDEO,Screen Recording 2026-08-16 223317.mp4,pooled_even_odd_wide,4,2
Saint-Nicholas,Saint-Nicholas,Cocoa,Belfry Heights,4294.9,149,CONFIRMED_FROM_VIDEO,CONFIRMED_FROM_VIDEO,Screen Recording 2026-08-16 223317.mp4,pooled_even_odd_wide,7,1
Saint-Nicholas,Saint-Nicholas,Cocoa,Bucket Bay,10081.9,241,CONFIRMED_FROM_VIDEO,CONFIRMED_FROM_VIDEO,Screen Recording 2026-08-16 223317.mp4,pooled_even_odd_wide,2,2
Saint-Nicholas,Saint-Nicholas,Cocoa,Caledonia,10308.5,245,CONFIRMED_FROM_VIDEO,CONFIRMED_FROM_VIDEO,Screen Recording 2026-08-16 223317.mp4,pooled_even_odd_wide,2,2
Saint-Nicholas,Saint-Nicholas,Cocoa,Castle Landing,5138.6,162,CONFIRMED_FROM_VIDEO,CONFIRMED_FROM_VIDEO,Screen Recording 2026-08-16 223317.mp4,pooled_even_odd_wide,7,1
Saint-Nicholas,Saint-Nicholas,Cocoa,Caveira,15089.1,321,CONFIRMED_FROM_VIDEO,CONFIRMED_FROM_VIDEO,Screen Recording 2026-08-16 223317.mp4,pooled_even_odd_wide,6,2
Saint-Nicholas,Saint-Nicholas,Cocoa,Caye Tiburon,5376.4,166,CONFIRMED_FROM_VIDEO,CONFIRMED_FROM_VIDEO,Screen Recording 2026-08-16 223317.mp4,pooled_even_odd_wide,7,1
Saint-Nicholas,Saint-Nicholas,Cocoa,Crownstead,13603.8,298,CONFIRMED_FROM_VIDEO,CONFIRMED_FROM_VIDEO,Screen Recording 2026-08-16 223317.mp4,pooled_even_odd_wide,8,2
Saint-Nicholas,Saint-Nicholas,Cocoa,Cumberland Hill,7809.5,205,CONFIRMED_FROM_VIDEO,CONFIRMED_FROM_VIDEO,Screen Recording 2026-08-16 223317.mp4,pooled_even_odd_wide,4,2
Saint-Nicholas,Saint-Nicholas,Cocoa,Deadman's Murcia,926.1,255,CONFIRMED_FROM_VIDEO,CONFIRMED_FROM_VIDEO,Screen Recording 2026-08-16 223317.mp4,pooled_even_odd_wide,2,1
Saint-Nicholas,Saint-Nicholas,Cocoa,Fair Harbour,10360.2,246,CONFIRMED_FROM_VIDEO,CONFIRMED_FROM_VIDEO,Screen Recording 2026-08-16 223317.mp4,pooled_even_odd_wide,4,2
Saint-Nicholas,Saint-Nicholas,Cocoa,Falmouth,10353.1,246,CONFIRMED_FROM_VIDEO,CONFIRMED_FROM_VIDEO,Screen Recording 2026-08-16 223317.mp4,pooled_even_odd_wide,4,2
Saint-Nicholas,Saint-Nicholas,Cocoa,Gyldenvale,14431.2,311,CONFIRMED_FROM_VIDEO,CONFIRMED_FROM_VIDEO,Screen Recording 2026-08-16 223317.mp4,pooled_even_odd_wide,6,2
Saint-Nicholas,Saint-Nicholas,Cocoa,Jones' Outpost,7804.3,205,CONFIRMED_FROM_VIDEO,CONFIRMED_FROM_VIDEO,Screen Recording 2026-08-16 223317.mp4,pooled_even_odd_wide,6,1
Saint-Nicholas,Saint-Nicholas,Cocoa,Kandlerova,8239.4,212,CONFIRMED_FROM_VIDEO,CONFIRMED_FROM_VIDEO,Screen Recording 2026-08-16 223317.mp4,pooled_even_odd_wide,6,1
Saint-Nicholas,Saint-Nicholas,Cocoa,La Povenglia,5306.7,165,CONFIRMED_FROM_VIDEO,CONFIRMED_FROM_VIDEO,Screen Recording 2026-08-16 223317.mp4,pooled_even_odd_wide,7,1
Saint-Nicholas,Saint-Nicholas,Cocoa,Lebarde,4271.5,148,CONFIRMED_FROM_VIDEO,CONFIRMED_FROM_VIDEO,Screen Recording 2026-08-16 223317.mp4,pooled_even_odd_wide,5,1
Saint-Nicholas,Saint-Nicholas,Cocoa,Lord Irving's Sacrifice,6533.2,185,CONFIRMED_FROM_VIDEO,CONFIRMED_FROM_VIDEO,Screen Recording 2026-08-16 223317.mp4,pooled_even_odd_wide,6,1
Saint-Nicholas,Saint-Nicholas,Cocoa,Louisbourg,14132.6,306,CONFIRMED_FROM_VIDEO,CONFIRMED_FROM_VIDEO,Screen Recording 2026-08-16 223317.mp4,pooled_even_odd_wide,8,2
Saint-Nicholas,Saint-Nicholas,Cocoa,Madalena,17025.1,352,CONFIRMED_FROM_VIDEO,CONFIRMED_FROM_VIDEO,Screen Recording 2026-08-16 223317.mp4,pooled_even_odd_wide,6,2
Saint-Nicholas,Saint-Nicholas,Cocoa,Mako's Outlook,5848.0,174,CONFIRMED_FROM_VIDEO,CONFIRMED_FROM_VIDEO,Screen Recording 2026-08-16 223317.mp4,pooled_even_odd_wide,5,2
Saint-Nicholas,Saint-Nicholas,Cocoa,Matthew's Rest,10304.7,245,CONFIRMED_FROM_VIDEO,CONFIRMED_FROM_VIDEO,Screen Recording 2026-08-16 223317.mp4,pooled_even_odd_wide,3,2
Saint-Nicholas,Saint-Nicholas,Cocoa,Maurepas,13278.5,292,CONFIRMED_FROM_VIDEO,CONFIRMED_FROM_VIDEO,Screen Recording 2026-08-16 223317.mp4,pooled_even_odd_wide,4,2
Saint-Nicholas,Saint-Nicholas,Cocoa,New Brighton,7488.2,200,CONFIRMED_FROM_VIDEO,CONFIRMED_FROM_VIDEO,Screen Recording 2026-08-16 223317.mp4,pooled_even_odd_wide,6,1
Saint-Nicholas,Saint-Nicholas,Cocoa,New Catalina,7278.6,196,CONFIRMED_FROM_VIDEO,CONFIRMED_FROM_VIDEO,Screen Recording 2026-08-16 223317.mp4,pooled_even_odd_wide,3,2
Saint-Nicholas,Saint-Nicholas,Cocoa,Pachard Town,10311.2,245,CONFIRMED_FROM_VIDEO,CONFIRMED_FROM_VIDEO,Screen Recording 2026-08-16 223317.mp4,pooled_even_odd_wide,4,2
Saint-Nicholas,Saint-Nicholas,Cocoa,Peter's Cove,1479.0,104,CONFIRMED_FROM_VIDEO,CONFIRMED_FROM_VIDEO,Screen Recording 2026-08-16 223317.mp4,pooled_even_odd_wide,3,1
Saint-Nicholas,Saint-Nicholas,Cocoa,Petit Anvers,15362.4,326,CONFIRMED_FROM_VIDEO,CONFIRMED_FROM_VIDEO,Screen Recording 2026-08-16 223317.mp4,pooled_even_odd_wide,6,2
Saint-Nicholas,Saint-Nicholas,Cocoa,Poblado de San Juan,12527.2,280,CONFIRMED_FROM_VIDEO,CONFIRMED_FROM_VIDEO,Screen Recording 2026-08-16 223317.mp4,pooled_even_odd_wide,4,2
Saint-Nicholas,Saint-Nicholas,Cocoa,Point Rocheux,11558.9,265,CONFIRMED_FROM_VIDEO,CONFIRMED_FROM_VIDEO,Screen Recording 2026-08-16 223317.mp4,pooled_even_odd_wide,2,2
Saint-Nicholas,Saint-Nicholas,Cocoa,Ponta Delgada,17894.8,366,CONFIRMED_FROM_VIDEO,CONFIRMED_FROM_VIDEO,Screen Recording 2026-08-16 223317.mp4,pooled_even_odd_wide,6,2
Saint-Nicholas,Saint-Nicholas,Cocoa,Port Antonio,10783.6,253,CONFIRMED_FROM_VIDEO,CONFIRMED_FROM_VIDEO,Screen Recording 2026-08-16 223317.mp4,pooled_even_odd_wide,4,2
Saint-Nicholas,Saint-Nicholas,Cocoa,Port Louis,11153.2,258,CONFIRMED_FROM_VIDEO,CONFIRMED_FROM_VIDEO,Screen Recording 2026-08-16 223317.mp4,pooled_even_odd_wide,1,4
Saint-Nicholas,Saint-Nicholas,Cocoa,Port Royal,8445.3,215,CONFIRMED_FROM_VIDEO,CONFIRMED_FROM_VIDEO,Screen Recording 2026-08-16 223317.mp4,pooled_even_odd_wide,4,2
Saint-Nicholas,Saint-Nicholas,Cocoa,Port-Au-Croix,10960.1,255,CONFIRMED_FROM_VIDEO,CONFIRMED_FROM_VIDEO,Screen Recording 2026-08-16 223317.mp4,pooled_even_odd_wide,2,1
Saint-Nicholas,Saint-Nicholas,Cocoa,Princeton,6065.4,177,CONFIRMED_FROM_VIDEO,CONFIRMED_FROM_VIDEO,Screen Recording 2026-08-16 223317.mp4,pooled_even_odd_wide,6,1
Saint-Nicholas,Saint-Nicholas,Cocoa,Puerto de San Fernando,12222.0,276,CONFIRMED_FROM_VIDEO,CONFIRMED_FROM_VIDEO,Screen Recording 2026-08-16 223317.mp4,pooled_even_odd_wide,6,1
Saint-Nicholas,Saint-Nicholas,Cocoa,Saint Vincent,9350.0,230,CONFIRMED_FROM_VIDEO,CONFIRMED_FROM_VIDEO,Screen Recording 2026-08-16 223317.mp4,pooled_even_odd_wide,4,1
Saint-Nicholas,Saint-Nicholas,Cocoa,Sainte Rose,15168.9,323,CONFIRMED_FROM_VIDEO,CONFIRMED_FROM_VIDEO,Screen Recording 2026-08-16 223317.mp4,pooled_even_odd_wide,6,2
Saint-Nicholas,Saint-Nicholas,Cocoa,San Polo,7392.0,198,CONFIRMED_FROM_VIDEO,CONFIRMED_FROM_VIDEO,Screen Recording 2026-08-16 223317.mp4,pooled_even_odd_wide,8,1
Saint-Nicholas,Saint-Nicholas,Cocoa,San Salvador,10789.9,253,CONFIRMED_FROM_VIDEO,CONFIRMED_FROM_VIDEO,Screen Recording 2026-08-16 223317.mp4,pooled_even_odd_wide,4,2
Saint-Nicholas,Saint-Nicholas,Cocoa,San Vito,5695.2,171,CONFIRMED_FROM_VIDEO,CONFIRMED_FROM_VIDEO,Screen Recording 2026-08-16 223317.mp4,pooled_even_odd_wide,7,1
Saint-Nicholas,Saint-Nicholas,Cocoa,Sandy Settlement,543.6,89,CONFIRMED_FROM_VIDEO,CONFIRMED_FROM_VIDEO,Screen Recording 2026-08-16 223317.mp4,pooled_even_odd_wide,3,1
Saint-Nicholas,Saint-Nicholas,Cocoa,Santa Maria,12063.0,273,CONFIRMED_FROM_VIDEO,CONFIRMED_FROM_VIDEO,Screen Recording 2026-08-16 223317.mp4,pooled_even_odd_wide,6,1
Saint-Nicholas,Saint-Nicholas,Cocoa,Sao Bento,16460.7,343,CONFIRMED_FROM_VIDEO,CONFIRMED_FROM_VIDEO,Screen Recording 2026-08-16 223317.mp4,pooled_even_odd_wide,6,2
Saint-Nicholas,Saint-Nicholas,Cocoa,Snake Prosper,10094.4,242,CONFIRMED_FROM_VIDEO,CONFIRMED_FROM_VIDEO,Screen Recording 2026-08-16 223317.mp4,pooled_even_odd_wide,2,2
Saint-Nicholas,Saint-Nicholas,Cocoa,Sugar Cove,7716.8,203,CONFIRMED_FROM_VIDEO,CONFIRMED_FROM_VIDEO,Screen Recording 2026-08-16 223317.mp4,pooled_even_odd_wide,6,1
Saint-Nicholas,Saint-Nicholas,Cocoa,Taylor's Town,1517.0,104,CONFIRMED_FROM_VIDEO,CONFIRMED_FROM_VIDEO,Screen Recording 2026-08-16 223317.mp4,pooled_even_odd_wide,3,1
Saint-Nicholas,Saint-Nicholas,Cocoa,Theresa,10318.1,245,CONFIRMED_FROM_VIDEO,CONFIRMED_FROM_VIDEO,Screen Recording 2026-08-16 223317.mp4,pooled_even_odd_wide,4,2
Saint-Nicholas,Saint-Nicholas,Cocoa,Thresher Point,4060.5,145,CONFIRMED_FROM_VIDEO,CONFIRMED_FROM_VIDEO,Screen Recording 2026-08-16 223317.mp4,pooled_even_odd_wide,3,1
Saint-Nicholas,Saint-Nicholas,Cocoa,Venta Nueva,13354.2,294,CONFIRMED_FROM_VIDEO,CONFIRMED_FROM_VIDEO,Screen Recording 2026-08-16 223317.mp4,pooled_even_odd_wide,10,2
Saint-Nicholas,Saint-Nicholas,Cocoa,Villarreal Del Mar,2157.4,275,CONFIRMED_FROM_VIDEO,CONFIRMED_FROM_VIDEO,Screen Recording 2026-08-16 223317.mp4,pooled_even_odd_wide,6,1
Saint-Nicholas,Saint-Nicholas,Cocoa,White Hook,11088.0,257,CONFIRMED_FROM_VIDEO,CONFIRMED_FROM_VIDEO,Screen Recording 2026-08-16 223317.mp4,pooled_even_odd_wide,6,1
Saint-Nicholas,Saint-Nicholas,Cocoa,Wyntergard,13125.1,290,CONFIRMED_FROM_VIDEO,CONFIRMED_FROM_VIDEO,Screen Recording 2026-08-16 223317.mp4,pooled_even_odd_wide,4,2
Saint-Nicholas,Saint-Nicholas,Cocoa,Yorinobu's Settlement,8562.7,217,CONFIRMED_FROM_VIDEO,CONFIRMED_FROM_VIDEO,Screen Recording 2026-08-16 223317.mp4,pooled_even_odd_wide,4,1
San Polo,San Polo,Glass,Al-Jazair,12165.3,257,CONFIRMED_FROM_VIDEO,CONFIRMED_FROM_VIDEO,Screen Recording 2026-08-16 223317.mp4,pooled_even_odd_wide,6,2
San Polo,San Polo,Glass,Ashbourne,15423.4,306,CONFIRMED_FROM_VIDEO,CONFIRMED_FROM_VIDEO,Screen Recording 2026-08-16 223317.mp4,pooled_even_odd_wide,6,2
San Polo,San Polo,Glass,Belfry Heights,6337.5,170,CONFIRMED_FROM_VIDEO,CONFIRMED_FROM_VIDEO,Screen Recording 2026-08-16 223317.mp4,pooled_even_odd_wide,9,1
San Polo,San Polo,Glass,Bucket Bay,12585.1,264,CONFIRMED_FROM_VIDEO,CONFIRMED_FROM_VIDEO,Screen Recording 2026-08-16 223317.mp4,pooled_even_odd_wide,4,2
San Polo,San Polo,Glass,Caledonia,15187.8,303,CONFIRMED_FROM_VIDEO,CONFIRMED_FROM_VIDEO,Screen Recording 2026-08-16 223317.mp4,pooled_even_odd_wide,6,2
San Polo,San Polo,Glass,Castle Landing,11113.1,242,CONFIRMED_FROM_VIDEO,CONFIRMED_FROM_VIDEO,Screen Recording 2026-08-16 223317.mp4,pooled_even_odd_wide,4,2
San Polo,San Polo,Glass,Caveira,11402.1,246,CONFIRMED_FROM_VIDEO,CONFIRMED_FROM_VIDEO,Screen Recording 2026-08-16 223317.mp4,pooled_even_odd_wide,2,1
San Polo,San Polo,Glass,Caye Tiburon,7781.3,192,CONFIRMED_FROM_VIDEO,CONFIRMED_FROM_VIDEO,Screen Recording 2026-08-16 223317.mp4,pooled_even_odd_wide,6,1
San Polo,San Polo,Glass,Crownstead,16107.0,317,CONFIRMED_FROM_VIDEO,CONFIRMED_FROM_VIDEO,Screen Recording 2026-08-16 223317.mp4,pooled_even_odd_wide,8,1
San Polo,San Polo,Glass,Cumberland Hill,14210.9,288,CONFIRMED_FROM_VIDEO,CONFIRMED_FROM_VIDEO,Screen Recording 2026-08-16 223317.mp4,pooled_even_odd_wide,2,2
San Polo,San Polo,Glass,Deadman's Murcia,5512.1,308,CONFIRMED_FROM_VIDEO,CONFIRMED_FROM_VIDEO,Screen Recording 2026-08-16 223317.mp4,pooled_even_odd_wide,8,1
San Polo,San Polo,Glass,Fair Harbour,13549.8,278,CONFIRMED_FROM_VIDEO,CONFIRMED_FROM_VIDEO,Screen Recording 2026-08-16 223317.mp4,pooled_even_odd_wide,5,3
San Polo,San Polo,Glass,Falmouth,9370.2,216,CONFIRMED_FROM_VIDEO,CONFIRMED_FROM_VIDEO,Screen Recording 2026-08-16 223317.mp4,pooled_even_odd_wide,6,1
San Polo,San Polo,Glass,Gyldenvale,17331.7,335,CONFIRMED_FROM_VIDEO,CONFIRMED_FROM_VIDEO,Screen Recording 2026-08-16 223317.mp4,pooled_even_odd_wide,4,2
San Polo,San Polo,Glass,Jones' Outpost,13837.5,283,CONFIRMED_FROM_VIDEO,CONFIRMED_FROM_VIDEO,Screen Recording 2026-08-16 223317.mp4,pooled_even_odd_wide,4,2
San Polo,San Polo,Glass,Kandlerova,938.8,89,CONFIRMED_FROM_VIDEO,CONFIRMED_FROM_VIDEO,Screen Recording 2026-08-16 223317.mp4,pooled_even_odd_wide,3,1
San Polo,San Polo,Glass,La Povenglia,2148.1,107,CONFIRMED_FROM_VIDEO,CONFIRMED_FROM_VIDEO,Screen Recording 2026-08-16 223317.mp4,pooled_even_odd_wide,3,1
San Polo,San Polo,Glass,Lebarde,9512.2,218,CONFIRMED_FROM_VIDEO,CONFIRMED_FROM_VIDEO,Screen Recording 2026-08-16 223317.mp4,pooled_even_odd_wide,6,1
San Polo,San Polo,Glass,Lord Irving's Sacrifice,5450.2,157,CONFIRMED_FROM_VIDEO,CONFIRMED_FROM_VIDEO,Screen Recording 2026-08-16 223317.mp4,pooled_even_odd_wide,6,1
San Polo,San Polo,Glass,Louisbourg,14765.7,296,CONFIRMED_FROM_VIDEO,CONFIRMED_FROM_VIDEO,Screen Recording 2026-08-16 223317.mp4,pooled_even_odd_wide,4,3
San Polo,San Polo,Glass,Madalena,13079.9,271,CONFIRMED_FROM_VIDEO,CONFIRMED_FROM_VIDEO,Screen Recording 2026-08-16 223317.mp4,pooled_even_odd_wide,3,3
San Polo,San Polo,Glass,Mako's Outlook,4985.7,150,CONFIRMED_FROM_VIDEO,CONFIRMED_FROM_VIDEO,Screen Recording 2026-08-16 223317.mp4,pooled_even_odd_wide,7,1
San Polo,San Polo,Glass,Matthew's Rest,12247.2,259,CONFIRMED_FROM_VIDEO,CONFIRMED_FROM_VIDEO,Screen Recording 2026-08-16 223317.mp4,pooled_even_odd_wide,6,2
San Polo,San Polo,Glass,Maurepas,14129.6,287,CONFIRMED_FROM_VIDEO,CONFIRMED_FROM_VIDEO,Screen Recording 2026-08-16 223317.mp4,pooled_even_odd_wide,4,2
San Polo,San Polo,Glass,New Brighton,10791.5,237,CONFIRMED_FROM_VIDEO,CONFIRMED_FROM_VIDEO,Screen Recording 2026-08-16 223317.mp4,pooled_even_odd_wide,4,2
San Polo,San Polo,Glass,New Catalina,13768.3,282,CONFIRMED_FROM_VIDEO,CONFIRMED_FROM_VIDEO,Screen Recording 2026-08-16 223317.mp4,pooled_even_odd_wide,4,2
San Polo,San Polo,Glass,Pachard Town,11628.4,249,CONFIRMED_FROM_VIDEO,CONFIRMED_FROM_VIDEO,Screen Recording 2026-08-16 223317.mp4,pooled_even_odd_wide,6,2
San Polo,San Polo,Glass,Peter's Cove,6451.0,172,CONFIRMED_FROM_VIDEO,CONFIRMED_FROM_VIDEO,Screen Recording 2026-08-16 223317.mp4,pooled_even_odd_wide,9,1
San Polo,San Polo,Glass,Petit Anvers,16326.8,320,CONFIRMED_FROM_VIDEO,CONFIRMED_FROM_VIDEO,Screen Recording 2026-08-16 223317.mp4,pooled_even_odd_wide,4,2
San Polo,San Polo,Glass,Poblado de San Juan,7469.2,187,CONFIRMED_FROM_VIDEO,CONFIRMED_FROM_VIDEO,Screen Recording 2026-08-16 223317.mp4,pooled_even_odd_wide,4,2
San Polo,San Polo,Glass,Point Rocheux,11549.5,248,CONFIRMED_FROM_VIDEO,CONFIRMED_FROM_VIDEO,Screen Recording 2026-08-16 223317.mp4,pooled_even_odd_wide,2,1
San Polo,San Polo,Glass,Ponta Delgada,15044.4,301,CONFIRMED_FROM_VIDEO,CONFIRMED_FROM_VIDEO,Screen Recording 2026-08-16 223317.mp4,pooled_even_odd_wide,8,2
San Polo,San Polo,Glass,Port Antonio,8981.8,210,CONFIRMED_FROM_VIDEO,CONFIRMED_FROM_VIDEO,Screen Recording 2026-08-16 223317.mp4,pooled_even_odd_wide,6,1
San Polo,San Polo,Glass,Port Louis,14352.7,290,CONFIRMED_FROM_VIDEO,CONFIRMED_FROM_VIDEO,Screen Recording 2026-08-16 223317.mp4,pooled_even_odd_wide,4,2
San Polo,San Polo,Glass,Port Royal,6908.5,179,CONFIRMED_FROM_VIDEO,CONFIRMED_FROM_VIDEO,Screen Recording 2026-08-16 223317.mp4,pooled_even_odd_wide,6,1
San Polo,San Polo,Glass,Port-Au-Croix,11627.6,249,CONFIRMED_FROM_VIDEO,CONFIRMED_FROM_VIDEO,Screen Recording 2026-08-16 223317.mp4,pooled_even_odd_wide,6,2
San Polo,San Polo,Glass,Princeton,11031.8,240,CONFIRMED_FROM_VIDEO,CONFIRMED_FROM_VIDEO,Screen Recording 2026-08-16 223317.mp4,pooled_even_odd_wide,6,2
San Polo,San Polo,Glass,Puerto de San Fernando,8638.0,205,CONFIRMED_FROM_VIDEO,CONFIRMED_FROM_VIDEO,Screen Recording 2026-08-16 223317.mp4,pooled_even_odd_wide,7,1
San Polo,San Polo,Glass,Saint Vincent,13328.4,275,CONFIRMED_FROM_VIDEO,CONFIRMED_FROM_VIDEO,Screen Recording 2026-08-16 223317.mp4,pooled_even_odd_wide,5,2
San Polo,San Polo,Glass,Saint-Nicholas,7392.0,186,CONFIRMED_FROM_VIDEO,CONFIRMED_FROM_VIDEO,Screen Recording 2026-08-16 223317.mp4,pooled_even_odd_wide,6,1
San Polo,San Polo,Glass,Sainte Rose,15399.5,306,CONFIRMED_FROM_VIDEO,CONFIRMED_FROM_VIDEO,Screen Recording 2026-08-16 223317.mp4,pooled_even_odd_wide,6,2
San Polo,San Polo,Glass,San Salvador,5170.3,153,CONFIRMED_FROM_VIDEO,CONFIRMED_FROM_VIDEO,Screen Recording 2026-08-16 223317.mp4,pooled_even_odd_wide,7,1
San Polo,San Polo,Glass,San Vito,3023.1,120,CONFIRMED_FROM_VIDEO,CONFIRMED_FROM_VIDEO,Screen Recording 2026-08-16 223317.mp4,pooled_even_odd_wide,7,1
San Polo,San Polo,Glass,Sandy Settlement,6849.8,178,CONFIRMED_FROM_VIDEO,CONFIRMED_FROM_VIDEO,Screen Recording 2026-08-16 223317.mp4,pooled_even_odd_wide,6,1
San Polo,San Polo,Glass,Santa Maria,7138.8,182,CONFIRMED_FROM_VIDEO,CONFIRMED_FROM_VIDEO,Screen Recording 2026-08-16 223317.mp4,pooled_even_odd_wide,6,1
San Polo,San Polo,Glass,Sao Bento,13242.5,274,CONFIRMED_FROM_VIDEO,CONFIRMED_FROM_VIDEO,Screen Recording 2026-08-16 223317.mp4,pooled_even_odd_wide,4,2
San Polo,San Polo,Glass,Snake Prosper,14848.8,298,CONFIRMED_FROM_VIDEO,CONFIRMED_FROM_VIDEO,Screen Recording 2026-08-16 223317.mp4,pooled_even_odd_wide,6,2
San Polo,San Polo,Glass,Sugar Cove,14467.2,292,CONFIRMED_FROM_VIDEO,CONFIRMED_FROM_VIDEO,Screen Recording 2026-08-16 223317.mp4,pooled_even_odd_wide,4,2
San Polo,San Polo,Glass,Taylor's Town,8717.5,206,CONFIRMED_FROM_VIDEO,CONFIRMED_FROM_VIDEO,Screen Recording 2026-08-16 223317.mp4,pooled_even_odd_wide,6,1
San Polo,San Polo,Glass,Theresa,7926.6,194,CONFIRMED_FROM_VIDEO,CONFIRMED_FROM_VIDEO,Screen Recording 2026-08-16 223317.mp4,pooled_even_odd_wide,6,1
San Polo,San Polo,Glass,Thresher Point,7126.6,182,CONFIRMED_FROM_VIDEO,CONFIRMED_FROM_VIDEO,Screen Recording 2026-08-16 223317.mp4,pooled_even_odd_wide,6,1
San Polo,San Polo,Glass,Venta Nueva,11334.8,245,CONFIRMED_FROM_VIDEO,CONFIRMED_FROM_VIDEO,Screen Recording 2026-08-16 223317.mp4,pooled_even_odd_wide,4,2
San Polo,San Polo,Glass,Villarreal Del Mar,10678.9,235,CONFIRMED_FROM_VIDEO,CONFIRMED_FROM_VIDEO,Screen Recording 2026-08-16 223317.mp4,pooled_even_odd_wide,1,2
San Polo,San Polo,Glass,White Hook,16042.5,316,CONFIRMED_FROM_VIDEO,CONFIRMED_FROM_VIDEO,Screen Recording 2026-08-16 223317.mp4,pooled_even_odd_wide,6,2
San Polo,San Polo,Glass,Wyntergard,16211.4,318,CONFIRMED_FROM_VIDEO,CONFIRMED_FROM_VIDEO,Screen Recording 2026-08-16 223317.mp4,pooled_even_odd_wide,4,2
San Polo,San Polo,Glass,Yorinobu's Settlement,11566.4,248,CONFIRMED_FROM_VIDEO,CONFIRMED_FROM_VIDEO,Screen Recording 2026-08-16 223317.mp4,pooled_even_odd_wide,4,2
San Salvador,San Salvador,Paella,Al-Jazair,12196.5,271,CONFIRMED_FROM_VIDEO,CONFIRMED_FROM_VIDEO,Screen Recording 2026-08-16 223317.mp4,pooled_even_odd_wide,6,2
San Salvador,San Salvador,Paella,Ashbourne,13749.9,295,CONFIRMED_FROM_VIDEO,CONFIRMED_FROM_VIDEO,Screen Recording 2026-08-16 223317.mp4,pooled_even_odd_wide,6,2
San Salvador,San Salvador,Paella,Belfry Heights,7592.0,198,CONFIRMED_FROM_VIDEO,CONFIRMED_FROM_VIDEO,Screen Recording 2026-08-16 223317.mp4,pooled_even_odd_wide,12,2
San Salvador,San Salvador,Paella,Bucket Bay,11322.7,257,CONFIRMED_FROM_VIDEO,CONFIRMED_FROM_VIDEO,Screen Recording 2026-08-16 223317.mp4,pooled_even_odd_wide,4,2
San Salvador,San Salvador,Paella,Caledonia,15185.6,318,CONFIRMED_FROM_VIDEO,CONFIRMED_FROM_VIDEO,Screen Recording 2026-08-16 223317.mp4,pooled_even_odd_wide,8,2
San Salvador,San Salvador,Paella,Castle Landing,12638.8,278,CONFIRMED_FROM_VIDEO,CONFIRMED_FROM_VIDEO,Screen Recording 2026-08-16 223317.mp4,pooled_even_odd_wide,4,2
San Salvador,San Salvador,Paella,Caveira,6452.2,180,CONFIRMED_FROM_VIDEO,CONFIRMED_FROM_VIDEO,Screen Recording 2026-08-16 223317.mp4,pooled_even_odd_wide,7,1
San Salvador,San Salvador,Paella,Caye Tiburon,8225.6,208,CONFIRMED_FROM_VIDEO,CONFIRMED_FROM_VIDEO,Screen Recording 2026-08-16 223317.mp4,pooled_even_odd_wide,9,1
San Salvador,San Salvador,Paella,Crownstead,14252.6,303,CONFIRMED_FROM_VIDEO,CONFIRMED_FROM_VIDEO,Screen Recording 2026-08-16 223317.mp4,pooled_even_odd_wide,6,2
San Salvador,San Salvador,Paella,Cumberland Hill,15612.7,325,CONFIRMED_FROM_VIDEO,CONFIRMED_FROM_VIDEO,Screen Recording 2026-08-16 223317.mp4,pooled_even_odd_wide,3,2
San Salvador,San Salvador,Paella,Deadman's Murcia,5241.4,319,CONFIRMED_FROM_VIDEO,CONFIRMED_FROM_VIDEO,Screen Recording 2026-08-16 223317.mp4,pooled_even_odd_wide,12,1
San Salvador,San Salvador,Paella,Fair Harbour,12572.4,277,CONFIRMED_FROM_VIDEO,CONFIRMED_FROM_VIDEO,Screen Recording 2026-08-16 223317.mp4,pooled_even_odd_wide,6,2
San Salvador,San Salvador,Paella,Falmouth,6524.5,182,CONFIRMED_FROM_VIDEO,CONFIRMED_FROM_VIDEO,Screen Recording 2026-08-16 223317.mp4,pooled_even_odd_wide,9,1
San Salvador,San Salvador,Paella,Gyldenvale,15609.1,325,CONFIRMED_FROM_VIDEO,CONFIRMED_FROM_VIDEO,Screen Recording 2026-08-16 223317.mp4,pooled_even_odd_wide,6,2
San Salvador,San Salvador,Paella,Jones' Outpost,14953.6,314,CONFIRMED_FROM_VIDEO,CONFIRMED_FROM_VIDEO,Screen Recording 2026-08-16 223317.mp4,pooled_even_odd_wide,8,2
San Salvador,San Salvador,Paella,Kandlerova,5250.2,161,CONFIRMED_FROM_VIDEO,CONFIRMED_FROM_VIDEO,Screen Recording 2026-08-16 223317.mp4,pooled_even_odd_wide,8,1
San Salvador,San Salvador,Paella,La Povenglia,6107.8,175,CONFIRMED_FROM_VIDEO,CONFIRMED_FROM_VIDEO,Screen Recording 2026-08-16 223317.mp4,pooled_even_odd_wide,7,1
San Salvador,San Salvador,Paella,Lebarde,10963.9,251,CONFIRMED_FROM_VIDEO,CONFIRMED_FROM_VIDEO,Screen Recording 2026-08-16 223317.mp4,pooled_even_odd_wide,2,1
San Salvador,San Salvador,Paella,Lord Irving's Sacrifice,5189.4,160,CONFIRMED_FROM_VIDEO,CONFIRMED_FROM_VIDEO,Screen Recording 2026-08-16 223317.mp4,pooled_even_odd_wide,4,2
San Salvador,San Salvador,Paella,Louisbourg,11843.2,265,CONFIRMED_FROM_VIDEO,CONFIRMED_FROM_VIDEO,Screen Recording 2026-08-16 223317.mp4,pooled_even_odd_wide,2,1
San Salvador,San Salvador,Paella,Madalena,7990.8,205,CONFIRMED_FROM_VIDEO,CONFIRMED_FROM_VIDEO,Screen Recording 2026-08-16 223317.mp4,pooled_even_odd_wide,7,1
San Salvador,San Salvador,Paella,Mako's Outlook,5475.0,165,CONFIRMED_FROM_VIDEO,CONFIRMED_FROM_VIDEO,Screen Recording 2026-08-16 223317.mp4,pooled_even_odd_wide,7,1
San Salvador,San Salvador,Paella,Matthew's Rest,10669.9,247,CONFIRMED_FROM_VIDEO,CONFIRMED_FROM_VIDEO,Screen Recording 2026-08-16 223317.mp4,pooled_even_odd_wide,2,1
San Salvador,San Salvador,Paella,Maurepas,11442.3,259,CONFIRMED_FROM_VIDEO,CONFIRMED_FROM_VIDEO,Screen Recording 2026-08-16 223317.mp4,pooled_even_odd_wide,4,2
San Salvador,San Salvador,Paella,New Brighton,10552.7,245,CONFIRMED_FROM_VIDEO,CONFIRMED_FROM_VIDEO,Screen Recording 2026-08-16 223317.mp4,pooled_even_odd_wide,2,3
San Salvador,San Salvador,Paella,New Catalina,15306.2,320,CONFIRMED_FROM_VIDEO,CONFIRMED_FROM_VIDEO,Screen Recording 2026-08-16 223317.mp4,pooled_even_odd_wide,6,2
San Salvador,San Salvador,Paella,Pachard Town,9764.8,233,CONFIRMED_FROM_VIDEO,CONFIRMED_FROM_VIDEO,Screen Recording 2026-08-16 223317.mp4,pooled_even_odd_wide,7,1
San Salvador,San Salvador,Paella,Peter's Cove,9421.0,227,CONFIRMED_FROM_VIDEO,CONFIRMED_FROM_VIDEO,Screen Recording 2026-08-16 223317.mp4,pooled_even_odd_wide,7,1
San Salvador,San Salvador,Paella,Petit Anvers,13425.7,290,CONFIRMED_FROM_VIDEO,CONFIRMED_FROM_VIDEO,Screen Recording 2026-08-16 223317.mp4,pooled_even_odd_wide,6,2
San Salvador,San Salvador,Paella,Poblado de San Juan,2313.5,115,CONFIRMED_FROM_VIDEO,CONFIRMED_FROM_VIDEO,Screen Recording 2026-08-16 223317.mp4,pooled_even_odd_wide,4,2
San Salvador,San Salvador,Paella,Point Rocheux,8773.9,217,CONFIRMED_FROM_VIDEO,CONFIRMED_FROM_VIDEO,Screen Recording 2026-08-16 223317.mp4,pooled_even_odd_wide,8,1
San Salvador,San Salvador,Paella,Ponta Delgada,10217.6,240,CONFIRMED_FROM_VIDEO,CONFIRMED_FROM_VIDEO,Screen Recording 2026-08-16 223317.mp4,pooled_even_odd_wide,6,2
San Salvador,San Salvador,Paella,Port Antonio,5641.1,168,CONFIRMED_FROM_VIDEO,CONFIRMED_FROM_VIDEO,Screen Recording 2026-08-16 223317.mp4,pooled_even_odd_wide,7,1
San Salvador,San Salvador,Paella,Port Louis,13240.8,287,CONFIRMED_FROM_VIDEO,CONFIRMED_FROM_VIDEO,Screen Recording 2026-08-16 223317.mp4,pooled_even_odd_wide,6,2
San Salvador,San Salvador,Paella,Port Royal,4892.4,156,CONFIRMED_FROM_VIDEO,CONFIRMED_FROM_VIDEO,Screen Recording 2026-08-16 223317.mp4,pooled_even_odd_wide,14,1
San Salvador,San Salvador,Paella,Port-Au-Croix,9307.2,225,CONFIRMED_FROM_VIDEO,CONFIRMED_FROM_VIDEO,Screen Recording 2026-08-16 223317.mp4,pooled_even_odd_wide,8,1
San Salvador,San Salvador,Paella,Princeton,11862.7,266,CONFIRMED_FROM_VIDEO,CONFIRMED_FROM_VIDEO,Screen Recording 2026-08-16 223317.mp4,pooled_even_odd_wide,4,2
San Salvador,San Salvador,Paella,Puerto de San Fernando,4062.9,143,CONFIRMED_FROM_VIDEO,CONFIRMED_FROM_VIDEO,Screen Recording 2026-08-16 223317.mp4,pooled_even_odd_wide,12,1
San Salvador,San Salvador,Paella,Saint Vincent,12954.4,283,CONFIRMED_FROM_VIDEO,CONFIRMED_FROM_VIDEO,Screen Recording 2026-08-16 223317.mp4,pooled_even_odd_wide,6,2
San Salvador,San Salvador,Paella,Saint-Nicholas,10789.9,249,CONFIRMED_FROM_VIDEO,CONFIRMED_FROM_VIDEO,Screen Recording 2026-08-16 223317.mp4,pooled_even_odd_wide,2,2
San Salvador,San Salvador,Paella,Sainte Rose,12142.7,270,CONFIRMED_FROM_VIDEO,CONFIRMED_FROM_VIDEO,Screen Recording 2026-08-16 223317.mp4,pooled_even_odd_wide,6,2
San Salvador,San Salvador,Paella,San Polo,5170.3,160,CONFIRMED_FROM_VIDEO,CONFIRMED_FROM_VIDEO,Screen Recording 2026-08-16 223317.mp4,pooled_even_odd_wide,6,3
San Salvador,San Salvador,Paella,San Vito,5110.9,159,CONFIRMED_FROM_VIDEO,CONFIRMED_FROM_VIDEO,Screen Recording 2026-08-16 223317.mp4,pooled_even_odd_wide,8,1
San Salvador,San Salvador,Paella,Sandy Settlement,10284.7,241,CONFIRMED_FROM_VIDEO,CONFIRMED_FROM_VIDEO,Screen Recording 2026-08-16 223317.mp4,pooled_even_odd_wide,4,2
San Salvador,San Salvador,Paella,Santa Maria,2040.6,111,CONFIRMED_FROM_VIDEO,CONFIRMED_FROM_VIDEO,Screen Recording 2026-08-16 223317.mp4,pooled_even_odd_wide,6,1
San Salvador,San Salvador,Paella,Sao Bento,8364.4,210,CONFIRMED_FROM_VIDEO,CONFIRMED_FROM_VIDEO,Screen Recording 2026-08-16 223317.mp4,pooled_even_odd_wide,8,1
San Salvador,San Salvador,Paella,Snake Prosper,14797.5,312,CONFIRMED_FROM_VIDEO,CONFIRMED_FROM_VIDEO,Screen Recording 2026-08-16 223317.mp4,pooled_even_odd_wide,8,2
San Salvador,San Salvador,Paella,Sugar Cove,16199.5,334,CONFIRMED_FROM_VIDEO,CONFIRMED_FROM_VIDEO,Screen Recording 2026-08-16 223317.mp4,pooled_even_odd_wide,6,2
San Salvador,San Salvador,Paella,Taylor's Town,11684.8,263,CONFIRMED_FROM_VIDEO,CONFIRMED_FROM_VIDEO,Screen Recording 2026-08-16 223317.mp4,pooled_even_odd_wide,4,2
San Salvador,San Salvador,Paella,Theresa,4536.0,150,CONFIRMED_FROM_VIDEO,CONFIRMED_FROM_VIDEO,Screen Recording 2026-08-16 223317.mp4,pooled_even_odd_wide,14,1
San Salvador,San Salvador,Paella,Thresher Point,8422.6,211,CONFIRMED_FROM_VIDEO,CONFIRMED_FROM_VIDEO,Screen Recording 2026-08-16 223317.mp4,pooled_even_odd_wide,8,1
San Salvador,San Salvador,Paella,Venta Nueva,7254.5,193,CONFIRMED_FROM_VIDEO,CONFIRMED_FROM_VIDEO,Screen Recording 2026-08-16 223317.mp4,pooled_even_odd_wide,9,1
San Salvador,San Salvador,Paella,Villarreal Del Mar,7084.9,190,CONFIRMED_FROM_VIDEO,CONFIRMED_FROM_VIDEO,Screen Recording 2026-08-16 223317.mp4,pooled_even_odd_wide,8,1
San Salvador,San Salvador,Paella,White Hook,15991.3,331,CONFIRMED_FROM_VIDEO,CONFIRMED_FROM_VIDEO,Screen Recording 2026-08-16 223317.mp4,pooled_even_odd_wide,6,2
San Salvador,San Salvador,Paella,Wyntergard,14750.5,311,CONFIRMED_FROM_VIDEO,CONFIRMED_FROM_VIDEO,Screen Recording 2026-08-16 223317.mp4,pooled_even_odd_wide,8,3
San Salvador,San Salvador,Paella,Yorinobu's Settlement,10900.8,250,CONFIRMED_FROM_VIDEO,CONFIRMED_FROM_VIDEO,Screen Recording 2026-08-16 223317.mp4,pooled_even_odd_wide,1,1
San Vito,San Polo,Olive Oil,Al-Jazair,9166.2,255,CONFIRMED_FROM_VIDEO,CONFIRMED_FROM_VIDEO,Screen Recording 2026-08-16 223317.mp4,pooled_even_odd_wide,4,1
San Vito,San Polo,Olive Oil,Ashbourne,12458.6,314,CONFIRMED_FROM_VIDEO,CONFIRMED_FROM_VIDEO,Screen Recording 2026-08-16 223317.mp4,pooled_even_odd_wide,8,2
San Vito,San Polo,Olive Oil,Belfry Heights,3402.0,151,CONFIRMED_FROM_VIDEO,CONFIRMED_FROM_VIDEO,Screen Recording 2026-08-16 223317.mp4,pooled_even_odd_wide,9,1
San Vito,San Polo,Olive Oil,Bucket Bay,9598.5,263,CONFIRMED_FROM_VIDEO,CONFIRMED_FROM_VIDEO,Screen Recording 2026-08-16 223317.mp4,pooled_even_odd_wide,6,1
San Vito,San Polo,Olive Oil,Caledonia,12204.6,310,CONFIRMED_FROM_VIDEO,CONFIRMED_FROM_VIDEO,Screen Recording 2026-08-16 223317.mp4,pooled_even_odd_wide,8,2
San Vito,San Polo,Olive Oil,Castle Landing,8411.4,241,CONFIRMED_FROM_VIDEO,CONFIRMED_FROM_VIDEO,Screen Recording 2026-08-16 223317.mp4,pooled_even_odd_wide,6,1
San Vito,San Polo,Olive Oil,Caveira,10196.8,274,CONFIRMED_FROM_VIDEO,CONFIRMED_FROM_VIDEO,Screen Recording 2026-08-16 223317.mp4,pooled_even_odd_wide,4,3
San Vito,San Polo,Olive Oil,Caye Tiburon,4770.6,176,CONFIRMED_FROM_VIDEO,CONFIRMED_FROM_VIDEO,Screen Recording 2026-08-16 223317.mp4,pooled_even_odd_wide,8,1
San Vito,San Polo,Olive Oil,Crownstead,13161.4,327,CONFIRMED_FROM_VIDEO,CONFIRMED_FROM_VIDEO,Screen Recording 2026-08-16 223317.mp4,pooled_even_odd_wide,4,2
San Vito,San Polo,Olive Oil,Cumberland Hill,11516.6,297,CONFIRMED_FROM_VIDEO,CONFIRMED_FROM_VIDEO,Screen Recording 2026-08-16 223317.mp4,pooled_even_odd_wide,3,2
San Vito,San Polo,Olive Oil,Deadman's Murcia,2506.6,315,CONFIRMED_FROM_VIDEO,CONFIRMED_FROM_VIDEO,Screen Recording 2026-08-16 223317.mp4,pooled_even_odd_wide,7,1
San Vito,San Polo,Olive Oil,Fair Harbour,10535.0,280,CONFIRMED_FROM_VIDEO,CONFIRMED_FROM_VIDEO,Screen Recording 2026-08-16 223317.mp4,pooled_even_odd_wide,8,1
San Vito,San Polo,Olive Oil,Falmouth,6911.8,214,CONFIRMED_FROM_VIDEO,CONFIRMED_FROM_VIDEO,Screen Recording 2026-08-16 223317.mp4,pooled_even_odd_wide,6,1
San Vito,San Polo,Olive Oil,Gyldenvale,14359.7,348,CONFIRMED_FROM_VIDEO,CONFIRMED_FROM_VIDEO,Screen Recording 2026-08-16 223317.mp4,pooled_even_odd_wide,4,2
San Vito,San Polo,Olive Oil,Jones' Outpost,11052.9,289,CONFIRMED_FROM_VIDEO,CONFIRMED_FROM_VIDEO,Screen Recording 2026-08-16 223317.mp4,pooled_even_odd_wide,4,2
San Vito,San Polo,Olive Oil,Kandlerova,3924.8,161,CONFIRMED_FROM_VIDEO,CONFIRMED_FROM_VIDEO,Screen Recording 2026-08-16 223317.mp4,pooled_even_odd_wide,5,1
San Vito,San Polo,Olive Oil,La Povenglia,1718.2,121,CONFIRMED_FROM_VIDEO,CONFIRMED_FROM_VIDEO,Screen Recording 2026-08-16 223317.mp4,pooled_even_odd_wide,7,1
San Vito,San Polo,Olive Oil,Lebarde,6749.0,211,CONFIRMED_FROM_VIDEO,CONFIRMED_FROM_VIDEO,Screen Recording 2026-08-16 223317.mp4,pooled_even_odd_wide,6,1
San Vito,San Polo,Olive Oil,Lord Irving's Sacrifice,2605.4,137,CONFIRMED_FROM_VIDEO,CONFIRMED_FROM_VIDEO,Screen Recording 2026-08-16 223317.mp4,pooled_even_odd_wide,6,1
San Vito,San Polo,Olive Oil,Louisbourg,12094.0,308,CONFIRMED_FROM_VIDEO,CONFIRMED_FROM_VIDEO,Screen Recording 2026-08-16 223317.mp4,pooled_even_odd_wide,7,1
San Vito,San Polo,Olive Oil,Madalena,12059.6,307,CONFIRMED_FROM_VIDEO,CONFIRMED_FROM_VIDEO,Screen Recording 2026-08-16 223317.mp4,pooled_even_odd_wide,4,2
San Vito,San Polo,Olive Oil,Mako's Outlook,2013.1,126,CONFIRMED_FROM_VIDEO,CONFIRMED_FROM_VIDEO,Screen Recording 2026-08-16 223317.mp4,pooled_even_odd_wide,7,1
San Vito,San Polo,Olive Oil,Matthew's Rest,9305.7,258,CONFIRMED_FROM_VIDEO,CONFIRMED_FROM_VIDEO,Screen Recording 2026-08-16 223317.mp4,pooled_even_odd_wide,6,1
San Vito,San Polo,Olive Oil,Maurepas,11398.5,295,CONFIRMED_FROM_VIDEO,CONFIRMED_FROM_VIDEO,Screen Recording 2026-08-16 223317.mp4,pooled_even_odd_wide,6,2
San Vito,San Polo,Olive Oil,New Brighton,7770.0,230,CONFIRMED_FROM_VIDEO,CONFIRMED_FROM_VIDEO,Screen Recording 2026-08-16 223317.mp4,pooled_even_odd_wide,6,1
San Vito,San Polo,Olive Oil,New Catalina,11114.1,290,CONFIRMED_FROM_VIDEO,CONFIRMED_FROM_VIDEO,Screen Recording 2026-08-16 223317.mp4,pooled_even_odd_wide,4,2
San Vito,San Polo,Olive Oil,Pachard Town,8751.9,248,CONFIRMED_FROM_VIDEO,CONFIRMED_FROM_VIDEO,Screen Recording 2026-08-16 223317.mp4,pooled_even_odd_wide,5,1
San Vito,San Polo,Olive Oil,Peter's Cove,4381.1,169,CONFIRMED_FROM_VIDEO,CONFIRMED_FROM_VIDEO,Screen Recording 2026-08-16 223317.mp4,pooled_even_odd_wide,5,1
San Vito,San Polo,Olive Oil,Petit Anvers,13617.3,335,CONFIRMED_FROM_VIDEO,CONFIRMED_FROM_VIDEO,Screen Recording 2026-08-16 223317.mp4,pooled_even_odd_wide,4,2
San Vito,San Polo,Olive Oil,Poblado de San Juan,7004.8,216,CONFIRMED_FROM_VIDEO,CONFIRMED_FROM_VIDEO,Screen Recording 2026-08-16 223317.mp4,pooled_even_odd_wide,1,2
San Vito,San Polo,Olive Oil,Point Rocheux,8929.6,251,CONFIRMED_FROM_VIDEO,CONFIRMED_FROM_VIDEO,Screen Recording 2026-08-16 223317.mp4,pooled_even_odd_wide,6,1
San Vito,San Polo,Olive Oil,Ponta Delgada,13524.4,333,CONFIRMED_FROM_VIDEO,CONFIRMED_FROM_VIDEO,Screen Recording 2026-08-16 223317.mp4,pooled_even_odd_wide,4,2
San Vito,San Polo,Olive Oil,Port Antonio,6785.5,212,CONFIRMED_FROM_VIDEO,CONFIRMED_FROM_VIDEO,Screen Recording 2026-08-16 223317.mp4,pooled_even_odd_wide,6,1
San Vito,San Polo,Olive Oil,Port Louis,11341.9,294,CONFIRMED_FROM_VIDEO,CONFIRMED_FROM_VIDEO,Screen Recording 2026-08-16 223317.mp4,pooled_even_odd_wide,8,3
San Vito,San Polo,Olive Oil,Port Royal,4426.7,170,CONFIRMED_FROM_VIDEO,CONFIRMED_FROM_VIDEO,Screen Recording 2026-08-16 223317.mp4,pooled_even_odd_wide,5,1
San Vito,San Polo,Olive Oil,Port-Au-Croix,8862.1,250,CONFIRMED_FROM_VIDEO,CONFIRMED_FROM_VIDEO,Screen Recording 2026-08-16 223317.mp4,pooled_even_odd_wide,6,1
San Vito,San Polo,Olive Oil,Princeton,8136.7,236,CONFIRMED_FROM_VIDEO,CONFIRMED_FROM_VIDEO,Screen Recording 2026-08-16 223317.mp4,pooled_even_odd_wide,6,1
San Vito,San Polo,Olive Oil,Puerto de San Fernando,7263.7,221,CONFIRMED_FROM_VIDEO,CONFIRMED_FROM_VIDEO,Screen Recording 2026-08-16 223317.mp4,pooled_even_odd_wide,6,1
San Vito,San Polo,Olive Oil,Saint Vincent,10310.0,276,CONFIRMED_FROM_VIDEO,CONFIRMED_FROM_VIDEO,Screen Recording 2026-08-16 223317.mp4,pooled_even_odd_wide,8,1
San Vito,San Polo,Olive Oil,Saint-Nicholas,5695.2,193,CONFIRMED_FROM_VIDEO,CONFIRMED_FROM_VIDEO,Screen Recording 2026-08-16 223317.mp4,pooled_even_odd_wide,6,1
San Vito,San Polo,Olive Oil,Sainte Rose,12833.7,321,CONFIRMED_FROM_VIDEO,CONFIRMED_FROM_VIDEO,Screen Recording 2026-08-16 223317.mp4,pooled_even_odd_wide,4,2
San Vito,San Polo,Olive Oil,San Polo,3023.1,144,CONFIRMED_FROM_VIDEO,CONFIRMED_FROM_VIDEO,Screen Recording 2026-08-16 223317.mp4,pooled_even_odd_wide,7,1
San Vito,San Polo,Olive Oil,San Salvador,5110.9,182,CONFIRMED_FROM_VIDEO,CONFIRMED_FROM_VIDEO,Screen Recording 2026-08-16 223317.mp4,pooled_even_odd_wide,6,1
San Vito,San Polo,Olive Oil,Sandy Settlement,5181.4,183,CONFIRMED_FROM_VIDEO,CONFIRMED_FROM_VIDEO,Screen Recording 2026-08-16 223317.mp4,pooled_even_odd_wide,6,1
San Vito,San Polo,Olive Oil,Santa Maria,6562.6,208,CONFIRMED_FROM_VIDEO,CONFIRMED_FROM_VIDEO,Screen Recording 2026-08-16 223317.mp4,pooled_even_odd_wide,4,1
San Vito,San Polo,Olive Oil,Sao Bento,11850.6,303,CONFIRMED_FROM_VIDEO,CONFIRMED_FROM_VIDEO,Screen Recording 2026-08-16 223317.mp4,pooled_even_odd_wide,6,2
San Vito,San Polo,Olive Oil,Snake Prosper,11858.8,303,CONFIRMED_FROM_VIDEO,CONFIRMED_FROM_VIDEO,Screen Recording 2026-08-16 223317.mp4,pooled_even_odd_wide,6,2
San Vito,San Polo,Olive Oil,Sugar Cove,11893.1,304,CONFIRMED_FROM_VIDEO,CONFIRMED_FROM_VIDEO,Screen Recording 2026-08-16 223317.mp4,pooled_even_odd_wide,6,2
San Vito,San Polo,Olive Oil,Taylor's Town,6699.0,211,CONFIRMED_FROM_VIDEO,CONFIRMED_FROM_VIDEO,Screen Recording 2026-08-16 223317.mp4,pooled_even_odd_wide,6,1
San Vito,San Polo,Olive Oil,Theresa,5899.2,196,CONFIRMED_FROM_VIDEO,CONFIRMED_FROM_VIDEO,Screen Recording 2026-08-16 223317.mp4,pooled_even_odd_wide,2,2
San Vito,San Polo,Olive Oil,Thresher Point,4236.9,166,CONFIRMED_FROM_VIDEO,CONFIRMED_FROM_VIDEO,Screen Recording 2026-08-16 223317.mp4,pooled_even_odd_wide,5,1
San Vito,San Polo,Olive Oil,Venta Nueva,9349.5,258,CONFIRMED_FROM_VIDEO,CONFIRMED_FROM_VIDEO,Screen Recording 2026-08-16 223317.mp4,pooled_even_odd_wide,6,1
San Vito,San Polo,Olive Oil,Villarreal Del Mar,8459.9,242,CONFIRMED_FROM_VIDEO,CONFIRMED_FROM_VIDEO,Screen Recording 2026-08-16 223317.mp4,pooled_even_odd_wide,6,1
San Vito,San Polo,Olive Oil,White Hook,13058.6,325,CONFIRMED_FROM_VIDEO,CONFIRMED_FROM_VIDEO,Screen Recording 2026-08-16 223317.mp4,pooled_even_odd_wide,4,2
San Vito,San Polo,Olive Oil,Wyntergard,13218.0,328,CONFIRMED_FROM_VIDEO,CONFIRMED_FROM_VIDEO,Screen Recording 2026-08-16 223317.mp4,pooled_even_odd_wide,7,1
San Vito,San Polo,Olive Oil,Yorinobu's Settlement,8546.4,244,CONFIRMED_FROM_VIDEO,CONFIRMED_FROM_VIDEO,Screen Recording 2026-08-16 223317.mp4,even_odd,1,1
Sandy Settlement,Saint-Nicholas,Diamonds,Al-Jazair,8073.7,301,CONFIRMED_FROM_VIDEO,CONFIRMED_FROM_VIDEO,Screen Recording 2026-08-16 223317.mp4,pooled_even_odd_wide,3,1
Sandy Settlement,Saint-Nicholas,Diamonds,Ashbourne,12820.1,410,CONFIRMED_FROM_VIDEO,CONFIRMED_FROM_VIDEO,Screen Recording 2026-08-16 223317.mp4,pooled_even_odd_wide,4,2
Sandy Settlement,Saint-Nicholas,Diamonds,Belfry Heights,4005.2,207,CONFIRMED_FROM_VIDEO,CONFIRMED_FROM_VIDEO,Screen Recording 2026-08-16 223317.mp4,pooled_even_odd_wide,9,1
Sandy Settlement,Saint-Nicholas,Diamonds,Bucket Bay,10065.4,347,CONFIRMED_FROM_VIDEO,CONFIRMED_FROM_VIDEO,Screen Recording 2026-08-16 223317.mp4,pooled_even_odd_wide,3,1
Sandy Settlement,Saint-Nicholas,Diamonds,Caledonia,10534.1,357,CONFIRMED_FROM_VIDEO,CONFIRMED_FROM_VIDEO,Screen Recording 2026-08-16 223317.mp4,pooled_even_odd_wide,6,2
Sandy Settlement,Saint-Nicholas,Diamonds,Castle Landing,5430.0,240,CONFIRMED_FROM_VIDEO,CONFIRMED_FROM_VIDEO,Screen Recording 2026-08-16 223317.mp4,pooled_even_odd_wide,6,2
Sandy Settlement,Saint-Nicholas,Diamonds,Caveira,14695.2,453,CONFIRMED_FROM_VIDEO,CONFIRMED_FROM_VIDEO,Screen Recording 2026-08-16 223317.mp4,pooled_even_odd_wide,6,2
Sandy Settlement,Saint-Nicholas,Diamonds,Caye Tiburon,5207.3,235,CONFIRMED_FROM_VIDEO,CONFIRMED_FROM_VIDEO,Screen Recording 2026-08-16 223317.mp4,pooled_even_odd_wide,11,1
Sandy Settlement,Saint-Nicholas,Diamonds,Crownstead,13629.3,428,CONFIRMED_FROM_VIDEO,CONFIRMED_FROM_VIDEO,Screen Recording 2026-08-16 223317.mp4,pooled_even_odd_wide,6,2
Sandy Settlement,Saint-Nicholas,Diamonds,Cumberland Hill,8198.5,304,CONFIRMED_FROM_VIDEO,CONFIRMED_FROM_VIDEO,Screen Recording 2026-08-16 223317.mp4,pooled_even_odd_wide,4,2
Sandy Settlement,Saint-Nicholas,Diamonds,Deadman's Murcia,126.1,371,CONFIRMED_FROM_VIDEO,CONFIRMED_FROM_VIDEO,Screen Recording 2026-08-16 223317.mp4,pooled_even_odd_wide,7,5
Sandy Settlement,Saint-Nicholas,Diamonds,Fair Harbour,10412.5,354,CONFIRMED_FROM_VIDEO,CONFIRMED_FROM_VIDEO,Screen Recording 2026-08-16 223317.mp4,pooled_even_odd_wide,8,2
Sandy Settlement,Saint-Nicholas,Diamonds,Falmouth,10067.3,347,CONFIRMED_FROM_VIDEO,CONFIRMED_FROM_VIDEO,Screen Recording 2026-08-16 223317.mp4,pooled_even_odd_wide,3,1
Sandy Settlement,Saint-Nicholas,Diamonds,Gyldenvale,14498.4,448,CONFIRMED_FROM_VIDEO,CONFIRMED_FROM_VIDEO,Screen Recording 2026-08-16 223317.mp4,pooled_even_odd_wide,6,2
Sandy Settlement,Saint-Nicholas,Diamonds,Jones' Outpost,8143.5,302,CONFIRMED_FROM_VIDEO,CONFIRMED_FROM_VIDEO,Screen Recording 2026-08-16 223317.mp4,pooled_even_odd_wide,7,1
Sandy Settlement,Saint-Nicholas,Diamonds,Kandlerova,7700.2,292,CONFIRMED_FROM_VIDEO,CONFIRMED_FROM_VIDEO,Screen Recording 2026-08-16 223317.mp4,pooled_even_odd_wide,7,1
Sandy Settlement,Saint-Nicholas,Diamonds,La Povenglia,4763.1,225,CONFIRMED_FROM_VIDEO,CONFIRMED_FROM_VIDEO,Screen Recording 2026-08-16 223317.mp4,pooled_even_odd_wide,10,1
Sandy Settlement,Saint-Nicholas,Diamonds,Lebarde,4417.5,217,CONFIRMED_FROM_VIDEO,CONFIRMED_FROM_VIDEO,Screen Recording 2026-08-16 223317.mp4,pooled_even_odd_wide,9,1
Sandy Settlement,Saint-Nicholas,Diamonds,Lord Irving's Sacrifice,6136.5,256,CONFIRMED_FROM_VIDEO,CONFIRMED_FROM_VIDEO,Screen Recording 2026-08-16 223317.mp4,pooled_even_odd_wide,7,1
Sandy Settlement,Saint-Nicholas,Diamonds,Louisbourg,14010.0,437,CONFIRMED_FROM_VIDEO,CONFIRMED_FROM_VIDEO,Screen Recording 2026-08-16 223317.mp4,pooled_even_odd_wide,9,1
Sandy Settlement,Saint-Nicholas,Diamonds,Madalena,16627.5,497,CONFIRMED_FROM_VIDEO,CONFIRMED_FROM_VIDEO,Screen Recording 2026-08-16 223317.mp4,pooled_even_odd_wide,6,2
Sandy Settlement,Saint-Nicholas,Diamonds,Mako's Outlook,5431.1,240,CONFIRMED_FROM_VIDEO,CONFIRMED_FROM_VIDEO,Screen Recording 2026-08-16 223317.mp4,pooled_even_odd_wide,10,2
Sandy Settlement,Saint-Nicholas,Diamonds,Matthew's Rest,10241.7,351,CONFIRMED_FROM_VIDEO,CONFIRMED_FROM_VIDEO,Screen Recording 2026-08-16 223317.mp4,pooled_even_odd_wide,6,2
Sandy Settlement,Saint-Nicholas,Diamonds,Maurepas,13164.4,418,CONFIRMED_FROM_VIDEO,CONFIRMED_FROM_VIDEO,Screen Recording 2026-08-16 223317.mp4,pooled_even_odd_wide,2,3
Sandy Settlement,Saint-Nicholas,Diamonds,New Brighton,7497.4,287,CONFIRMED_FROM_VIDEO,CONFIRMED_FROM_VIDEO,Screen Recording 2026-08-16 223317.mp4,pooled_even_odd_wide,7,1
Sandy Settlement,Saint-Nicholas,Diamonds,New Catalina,7675.9,292,CONFIRMED_FROM_VIDEO,CONFIRMED_FROM_VIDEO,Screen Recording 2026-08-16 223317.mp4,pooled_even_odd_wide,7,1
Sandy Settlement,Saint-Nicholas,Diamonds,Pachard Town,10195.1,349,CONFIRMED_FROM_VIDEO,CONFIRMED_FROM_VIDEO,Screen Recording 2026-08-16 223317.mp4,pooled_even_odd_wide,6,2
Sandy Settlement,Saint-Nicholas,Diamonds,Peter's Cove,1133.5,141,CONFIRMED_FROM_VIDEO,CONFIRMED_FROM_VIDEO,Screen Recording 2026-08-16 223317.mp4,pooled_even_odd_wide,5,1
Sandy Settlement,Saint-Nicholas,Diamonds,Petit Anvers,15275.8,466,CONFIRMED_FROM_VIDEO,CONFIRMED_FROM_VIDEO,Screen Recording 2026-08-16 223317.mp4,pooled_even_odd_wide,6,2
Sandy Settlement,Saint-Nicholas,Diamonds,Poblado de San Juan,12052.9,392,CONFIRMED_FROM_VIDEO,CONFIRMED_FROM_VIDEO,Screen Recording 2026-08-16 223317.mp4,pooled_even_odd_wide,4,2
Sandy Settlement,Saint-Nicholas,Diamonds,Point Rocheux,11359.2,376,CONFIRMED_FROM_VIDEO,CONFIRMED_FROM_VIDEO,Screen Recording 2026-08-16 223317.mp4,pooled_even_odd_wide,6,2
Sandy Settlement,Saint-Nicholas,Diamonds,Ponta Delgada,17563.5,519,CONFIRMED_FROM_VIDEO,CONFIRMED_FROM_VIDEO,Screen Recording 2026-08-16 223317.mp4,pooled_even_odd_wide,6,2
Sandy Settlement,Saint-Nicholas,Diamonds,Port Antonio,10453.3,355,CONFIRMED_FROM_VIDEO,CONFIRMED_FROM_VIDEO,Screen Recording 2026-08-16 223317.mp4,pooled_even_odd_wide,6,2
Sandy Settlement,Saint-Nicholas,Diamonds,Port Louis,11216.7,373,CONFIRMED_FROM_VIDEO,CONFIRMED_FROM_VIDEO,Screen Recording 2026-08-16 223317.mp4,pooled_even_odd_wide,8,3
Sandy Settlement,Saint-Nicholas,Diamonds,Port Royal,8085.1,301,CONFIRMED_FROM_VIDEO,CONFIRMED_FROM_VIDEO,Screen Recording 2026-08-16 223317.mp4,pooled_even_odd_wide,7,1
Sandy Settlement,Saint-Nicholas,Diamonds,Port-Au-Croix,10802.5,363,CONFIRMED_FROM_VIDEO,CONFIRMED_FROM_VIDEO,Screen Recording 2026-08-16 223317.mp4,pooled_even_odd_wide,3,2
Sandy Settlement,Saint-Nicholas,Diamonds,Princeton,6234.0,258,CONFIRMED_FROM_VIDEO,CONFIRMED_FROM_VIDEO,Screen Recording 2026-08-16 223317.mp4,pooled_even_odd_wide,7,1
Sandy Settlement,Saint-Nicholas,Diamonds,Puerto de San Fernando,11811.8,387,CONFIRMED_FROM_VIDEO,CONFIRMED_FROM_VIDEO,Screen Recording 2026-08-16 223317.mp4,pooled_even_odd_wide,4,2
Sandy Settlement,Saint-Nicholas,Diamonds,Saint Vincent,9467.2,333,CONFIRMED_FROM_VIDEO,CONFIRMED_FROM_VIDEO,Screen Recording 2026-08-16 223317.mp4,pooled_even_odd_wide,8,2
Sandy Settlement,Saint-Nicholas,Diamonds,Saint-Nicholas,543.6,128,CONFIRMED_FROM_VIDEO,CONFIRMED_FROM_VIDEO,Screen Recording 2026-08-16 223317.mp4,pooled_even_odd_wide,3,1
Sandy Settlement,Saint-Nicholas,Diamonds,Sainte Rose,15025.0,461,CONFIRMED_FROM_VIDEO,CONFIRMED_FROM_VIDEO,Screen Recording 2026-08-16 223317.mp4,pooled_even_odd_wide,9,1
Sandy Settlement,Saint-Nicholas,Diamonds,San Polo,6849.8,273,CONFIRMED_FROM_VIDEO,CONFIRMED_FROM_VIDEO,Screen Recording 2026-08-16 223317.mp4,pooled_even_odd_wide,7,1
Sandy Settlement,Saint-Nicholas,Diamonds,San Salvador,10284.7,352,CONFIRMED_FROM_VIDEO,CONFIRMED_FROM_VIDEO,Screen Recording 2026-08-16 223317.mp4,pooled_even_odd_wide,8,2
Sandy Settlement,Saint-Nicholas,Diamonds,San Vito,5181.4,234,CONFIRMED_FROM_VIDEO,CONFIRMED_FROM_VIDEO,Screen Recording 2026-08-16 223317.mp4,pooled_even_odd_wide,11,1
Sandy Settlement,Saint-Nicholas,Diamonds,Santa Maria,11591.2,382,CONFIRMED_FROM_VIDEO,CONFIRMED_FROM_VIDEO,Screen Recording 2026-08-16 223317.mp4,pooled_even_odd_wide,6,2
Sandy Settlement,Saint-Nicholas,Diamonds,Sao Bento,16100.5,485,CONFIRMED_FROM_VIDEO,CONFIRMED_FROM_VIDEO,Screen Recording 2026-08-16 223317.mp4,pooled_even_odd_wide,6,2
Sandy Settlement,Saint-Nicholas,Diamonds,Snake Prosper,10304.3,352,CONFIRMED_FROM_VIDEO,CONFIRMED_FROM_VIDEO,Screen Recording 2026-08-16 223317.mp4,pooled_even_odd_wide,6,2
Sandy Settlement,Saint-Nicholas,Diamonds,Sugar Cove,8154.3,303,CONFIRMED_FROM_VIDEO,CONFIRMED_FROM_VIDEO,Screen Recording 2026-08-16 223317.mp4,pooled_even_odd_wide,7,1
Sandy Settlement,Saint-Nicholas,Diamonds,Taylor's Town,1983.0,161,CONFIRMED_FROM_VIDEO,CONFIRMED_FROM_VIDEO,Screen Recording 2026-08-16 223317.mp4,pooled_even_odd_wide,7,2
Sandy Settlement,Saint-Nicholas,Diamonds,Theresa,9946.8,344,CONFIRMED_FROM_VIDEO,CONFIRMED_FROM_VIDEO,Screen Recording 2026-08-16 223317.mp4,pooled_even_odd_wide,4,1
Sandy Settlement,Saint-Nicholas,Diamonds,Thresher Point,3872.4,204,CONFIRMED_FROM_VIDEO,CONFIRMED_FROM_VIDEO,Screen Recording 2026-08-16 223317.mp4,pooled_even_odd_wide,9,1
Sandy Settlement,Saint-Nicholas,Diamonds,Venta Nueva,13041.7,415,CONFIRMED_FROM_VIDEO,CONFIRMED_FROM_VIDEO,Screen Recording 2026-08-16 223317.mp4,pooled_even_odd_wide,2,2
Sandy Settlement,Saint-Nicholas,Diamonds,Villarreal Del Mar,1865.6,388,CONFIRMED_FROM_VIDEO,CONFIRMED_FROM_VIDEO,Screen Recording 2026-08-16 223317.mp4,pooled_even_odd_wide,6,1
Sandy Settlement,Saint-Nicholas,Diamonds,White Hook,11328.7,376,CONFIRMED_FROM_VIDEO,CONFIRMED_FROM_VIDEO,Screen Recording 2026-08-16 223317.mp4,pooled_even_odd_wide,6,2
Sandy Settlement,Saint-Nicholas,Diamonds,Wyntergard,13198.4,419,CONFIRMED_FROM_VIDEO,CONFIRMED_FROM_VIDEO,Screen Recording 2026-08-16 223317.mp4,pooled_even_odd_wide,6,2
Santa Maria,San Salvador,Tamales,Al-Jazair,12174.2,270,CONFIRMED_FROM_VIDEO,CONFIRMED_FROM_VIDEO,Screen Recording 2026-08-16 223317.mp4,pooled_even_odd_wide,4,2
Santa Maria,San Salvador,Tamales,Ashbourne,12953.2,283,CONFIRMED_FROM_VIDEO,CONFIRMED_FROM_VIDEO,Screen Recording 2026-08-16 223317.mp4,pooled_even_odd_wide,4,2
Santa Maria,San Salvador,Tamales,Belfry Heights,8395.0,211,CONFIRMED_FROM_VIDEO,CONFIRMED_FROM_VIDEO,Screen Recording 2026-08-16 223317.mp4,pooled_even_odd_wide,4,1
Santa Maria,San Salvador,Tamales,Bucket Bay,10806.8,249,CONFIRMED_FROM_VIDEO,CONFIRMED_FROM_VIDEO,Screen Recording 2026-08-16 223317.mp4,pooled_even_odd_wide,6,2
Santa Maria,San Salvador,Tamales,Caledonia,15029.5,315,CONFIRMED_FROM_VIDEO,CONFIRMED_FROM_VIDEO,Screen Recording 2026-08-16 223317.mp4,pooled_even_odd_wide,4,2
Santa Maria,San Salvador,Tamales,Castle Landing,13174.1,286,CONFIRMED_FROM_VIDEO,CONFIRMED_FROM_VIDEO,Screen Recording 2026-08-16 223317.mp4,pooled_even_odd_wide,4,2
Santa Maria,San Salvador,Tamales,Caveira,4420.7,148,CONFIRMED_FROM_VIDEO,CONFIRMED_FROM_VIDEO,Screen Recording 2026-08-16 223317.mp4,pooled_even_odd_wide,10,1
Santa Maria,San Salvador,Tamales,Caye Tiburon,8660.4,215,CONFIRMED_FROM_VIDEO,CONFIRMED_FROM_VIDEO,Screen Recording 2026-08-16 223317.mp4,pooled_even_odd_wide,4,1
Santa Maria,San Salvador,Tamales,Crownstead,13363.3,289,CONFIRMED_FROM_VIDEO,CONFIRMED_FROM_VIDEO,Screen Recording 2026-08-16 223317.mp4,pooled_even_odd_wide,4,2
Santa Maria,San Salvador,Tamales,Cumberland Hill,5993.8,331,CONFIRMED_FROM_VIDEO,CONFIRMED_FROM_VIDEO,Screen Recording 2026-08-16 223317.mp4,even_odd,3,1
Santa Maria,San Salvador,Tamales,Deadman's Murcia,4975.4,315,CONFIRMED_FROM_VIDEO,CONFIRMED_FROM_VIDEO,Screen Recording 2026-08-16 223317.mp4,pooled_even_odd_wide,7,1
Santa Maria,San Salvador,Tamales,Fair Harbour,2116.5,270,CONFIRMED_FROM_VIDEO,CONFIRMED_FROM_VIDEO,Screen Recording 2026-08-16 223317.mp4,even_odd,1,1
Santa Maria,San Salvador,Tamales,Falmouth,5645.3,168,CONFIRMED_FROM_VIDEO,CONFIRMED_FROM_VIDEO,Screen Recording 2026-08-16 223317.mp4,pooled_even_odd_wide,12,1
Santa Maria,San Salvador,Tamales,Gyldenvale,14737.1,311,CONFIRMED_FROM_VIDEO,CONFIRMED_FROM_VIDEO,Screen Recording 2026-08-16 223317.mp4,pooled_even_odd_wide,4,2
Santa Maria,San Salvador,Tamales,Jones' Outpost,15245.2,319,CONFIRMED_FROM_VIDEO,CONFIRMED_FROM_VIDEO,Screen Recording 2026-08-16 223317.mp4,pooled_even_odd_wide,4,2
Santa Maria,San Salvador,Tamales,Kandlerova,7277.5,193,CONFIRMED_FROM_VIDEO,CONFIRMED_FROM_VIDEO,Screen Recording 2026-08-16 223317.mp4,pooled_even_odd_wide,9,1
Santa Maria,San Salvador,Tamales,La Povenglia,7820.5,202,CONFIRMED_FROM_VIDEO,CONFIRMED_FROM_VIDEO,Screen Recording 2026-08-16 223317.mp4,pooled_even_odd_wide,6,1
Santa Maria,San Salvador,Tamales,Lebarde,11556.8,261,CONFIRMED_FROM_VIDEO,CONFIRMED_FROM_VIDEO,Screen Recording 2026-08-16 223317.mp4,pooled_even_odd_wide,6,2
Santa Maria,San Salvador,Tamales,Lord Irving's Sacrifice,5850.1,171,CONFIRMED_FROM_VIDEO,CONFIRMED_FROM_VIDEO,Screen Recording 2026-08-16 223317.mp4,pooled_even_odd_wide,6,1
Santa Maria,San Salvador,Tamales,Louisbourg,10568.0,245,CONFIRMED_FROM_VIDEO,CONFIRMED_FROM_VIDEO,Screen Recording 2026-08-16 223317.mp4,pooled_even_odd_wide,8,1
Santa Maria,San Salvador,Tamales,Madalena,5960.5,173,CONFIRMED_FROM_VIDEO,CONFIRMED_FROM_VIDEO,Screen Recording 2026-08-16 223317.mp4,pooled_even_odd_wide,6,1
Santa Maria,San Salvador,Tamales,Mako's Outlook,6354.5,179,CONFIRMED_FROM_VIDEO,CONFIRMED_FROM_VIDEO,Screen Recording 2026-08-16 223317.mp4,pooled_even_odd_wide,6,1
Santa Maria,San Salvador,Tamales,Matthew's Rest,10052.7,237,CONFIRMED_FROM_VIDEO,CONFIRMED_FROM_VIDEO,Screen Recording 2026-08-16 223317.mp4,pooled_even_odd_wide,6,2
Santa Maria,San Salvador,Tamales,Maurepas,10287.2,241,CONFIRMED_FROM_VIDEO,CONFIRMED_FROM_VIDEO,Screen Recording 2026-08-16 223317.mp4,pooled_even_odd_wide,6,2
Santa Maria,San Salvador,Tamales,New Brighton,10516.0,244,CONFIRMED_FROM_VIDEO,CONFIRMED_FROM_VIDEO,Screen Recording 2026-08-16 223317.mp4,pooled_even_odd_wide,8,1
Santa Maria,San Salvador,Tamales,New Catalina,15748.6,327,CONFIRMED_FROM_VIDEO,CONFIRMED_FROM_VIDEO,Screen Recording 2026-08-16 223317.mp4,pooled_even_odd_wide,4,2
Santa Maria,San Salvador,Tamales,Pachard Town,9075.5,222,CONFIRMED_FROM_VIDEO,CONFIRMED_FROM_VIDEO,Screen Recording 2026-08-16 223317.mp4,pooled_even_odd_wide,4,1
Santa Maria,San Salvador,Tamales,Peter's Cove,10625.1,246,CONFIRMED_FROM_VIDEO,CONFIRMED_FROM_VIDEO,Screen Recording 2026-08-16 223317.mp4,pooled_even_odd_wide,6,1
Santa Maria,San Salvador,Tamales,Petit Anvers,12113.7,270,CONFIRMED_FROM_VIDEO,CONFIRMED_FROM_VIDEO,Screen Recording 2026-08-16 223317.mp4,pooled_even_odd_wide,4,2
Santa Maria,San Salvador,Tamales,Poblado de San Juan,475.5,86,CONFIRMED_FROM_VIDEO,CONFIRMED_FROM_VIDEO,Screen Recording 2026-08-16 223317.mp4,pooled_even_odd_wide,4,2
Santa Maria,San Salvador,Tamales,Point Rocheux,7716.2,200,CONFIRMED_FROM_VIDEO,CONFIRMED_FROM_VIDEO,Screen Recording 2026-08-16 223317.mp4,pooled_even_odd_wide,6,1
Santa Maria,San Salvador,Tamales,Ponta Delgada,8199.9,208,CONFIRMED_FROM_VIDEO,CONFIRMED_FROM_VIDEO,Screen Recording 2026-08-16 223317.mp4,pooled_even_odd_wide,4,1
Santa Maria,San Salvador,Tamales,Port Antonio,4593.0,151,CONFIRMED_FROM_VIDEO,CONFIRMED_FROM_VIDEO,Screen Recording 2026-08-16 223317.mp4,pooled_even_odd_wide,10,1
Santa Maria,San Salvador,Tamales,Port Louis,12700.2,279,CONFIRMED_FROM_VIDEO,CONFIRMED_FROM_VIDEO,Screen Recording 2026-08-16 223317.mp4,pooled_even_odd_wide,4,2
Santa Maria,San Salvador,Tamales,Port Royal,4799.7,154,CONFIRMED_FROM_VIDEO,CONFIRMED_FROM_VIDEO,Screen Recording 2026-08-16 223317.mp4,pooled_even_odd_wide,12,1
Santa Maria,San Salvador,Tamales,Port-Au-Croix,8434.9,212,CONFIRMED_FROM_VIDEO,CONFIRMED_FROM_VIDEO,Screen Recording 2026-08-16 223317.mp4,pooled_even_odd_wide,4,1
Santa Maria,San Salvador,Tamales,Princeton,12172.4,270,CONFIRMED_FROM_VIDEO,CONFIRMED_FROM_VIDEO,Screen Recording 2026-08-16 223317.mp4,pooled_even_odd_wide,4,2
Santa Maria,San Salvador,Tamales,Puerto de San Fernando,2341.8,116,CONFIRMED_FROM_VIDEO,CONFIRMED_FROM_VIDEO,Screen Recording 2026-08-16 223317.mp4,pooled_even_odd_wide,6,1
Santa Maria,San Salvador,Tamales,Saint Vincent,12731.9,279,CONFIRMED_FROM_VIDEO,CONFIRMED_FROM_VIDEO,Screen Recording 2026-08-16 223317.mp4,pooled_even_odd_wide,4,2
Santa Maria,San Salvador,Tamales,Saint-Nicholas,12063.0,269,CONFIRMED_FROM_VIDEO,CONFIRMED_FROM_VIDEO,Screen Recording 2026-08-16 223317.mp4,pooled_even_odd_wide,3,1
Santa Maria,San Salvador,Tamales,Sainte Rose,10710.5,247,CONFIRMED_FROM_VIDEO,CONFIRMED_FROM_VIDEO,Screen Recording 2026-08-16 223317.mp4,pooled_even_odd_wide,6,2
Santa Maria,San Salvador,Tamales,San Polo,7138.8,191,CONFIRMED_FROM_VIDEO,CONFIRMED_FROM_VIDEO,Screen Recording 2026-08-16 223317.mp4,pooled_even_odd_wide,6,1
Santa Maria,San Salvador,Tamales,San Salvador,2040.6,111,CONFIRMED_FROM_VIDEO,CONFIRMED_FROM_VIDEO,Screen Recording 2026-08-16 223317.mp4,pooled_even_odd_wide,6,1
Santa Maria,San Salvador,Tamales,San Vito,6562.6,182,CONFIRMED_FROM_VIDEO,CONFIRMED_FROM_VIDEO,Screen Recording 2026-08-16 223317.mp4,pooled_even_odd_wide,6,1
Santa Maria,San Salvador,Tamales,Sandy Settlement,1591.2,261,CONFIRMED_FROM_VIDEO,CONFIRMED_FROM_VIDEO,Screen Recording 2026-08-16 223317.mp4,pooled_even_odd_wide,8,1
Santa Maria,San Salvador,Tamales,Sao Bento,6341.3,179,CONFIRMED_FROM_VIDEO,CONFIRMED_FROM_VIDEO,Screen Recording 2026-08-16 223317.mp4,pooled_even_odd_wide,6,1
Santa Maria,San Salvador,Tamales,Snake Prosper,14634.5,309,CONFIRMED_FROM_VIDEO,CONFIRMED_FROM_VIDEO,Screen Recording 2026-08-16 223317.mp4,pooled_even_odd_wide,4,2
Santa Maria,San Salvador,Tamales,Sugar Cove,16690.8,342,CONFIRMED_FROM_VIDEO,CONFIRMED_FROM_VIDEO,Screen Recording 2026-08-16 223317.mp4,pooled_even_odd_wide,4,2
Santa Maria,San Salvador,Tamales,Taylor's Town,12777.1,280,CONFIRMED_FROM_VIDEO,CONFIRMED_FROM_VIDEO,Screen Recording 2026-08-16 223317.mp4,pooled_even_odd_wide,4,2
Santa Maria,San Salvador,Tamales,Theresa,3675.6,137,CONFIRMED_FROM_VIDEO,CONFIRMED_FROM_VIDEO,Screen Recording 2026-08-16 223317.mp4,pooled_even_odd_wide,10,1
Santa Maria,San Salvador,Tamales,Thresher Point,9151.0,223,CONFIRMED_FROM_VIDEO,CONFIRMED_FROM_VIDEO,Screen Recording 2026-08-16 223317.mp4,pooled_even_odd_wide,4,1
Santa Maria,San Salvador,Tamales,Venta Nueva,5606.6,167,CONFIRMED_FROM_VIDEO,CONFIRMED_FROM_VIDEO,Screen Recording 2026-08-16 223317.mp4,pooled_even_odd_wide,12,1
Santa Maria,San Salvador,Tamales,Villarreal Del Mar,5720.1,169,CONFIRMED_FROM_VIDEO,CONFIRMED_FROM_VIDEO,Screen Recording 2026-08-16 223317.mp4,pooled_even_odd_wide,6,1
Santa Maria,San Salvador,Tamales,White Hook,15790.8,327,CONFIRMED_FROM_VIDEO,CONFIRMED_FROM_VIDEO,Screen Recording 2026-08-16 223317.mp4,pooled_even_odd_wide,4,2
Santa Maria,San Salvador,Tamales,Wyntergard,14011.2,299,CONFIRMED_FROM_VIDEO,CONFIRMED_FROM_VIDEO,Screen Recording 2026-08-16 223317.mp4,pooled_even_odd_wide,6,4
Santa Maria,San Salvador,Tamales,Yorinobu's Settlement,10664.3,247,CONFIRMED_FROM_VIDEO,CONFIRMED_FROM_VIDEO,Screen Recording 2026-08-16 223317.mp4,pooled_even_odd_wide,5,2
Sao Bento,Ilhas Brumas,Bananas,Al-Jazair,13281.9,311,CONFIRMED_FROM_VIDEO,CONFIRMED_FROM_VIDEO,Screen Recording 2026-08-16 223317.mp4,pooled_even_odd_wide,4,2
Sao Bento,Ilhas Brumas,Bananas,Ashbourne,11492.5,280,CONFIRMED_FROM_VIDEO,CONFIRMED_FROM_VIDEO,Screen Recording 2026-08-16 223317.mp4,pooled_even_odd_wide,6,3
Sao Bento,Ilhas Brumas,Bananas,Belfry Heights,12207.7,293,CONFIRMED_FROM_VIDEO,CONFIRMED_FROM_VIDEO,Screen Recording 2026-08-16 223317.mp4,pooled_even_odd_wide,6,2
Sao Bento,Ilhas Brumas,Bananas,Bucket Bay,10695.9,267,CONFIRMED_FROM_VIDEO,CONFIRMED_FROM_VIDEO,Screen Recording 2026-08-16 223317.mp4,pooled_even_odd_wide,3,1
Sao Bento,Ilhas Brumas,Bananas,Caledonia,15354.4,346,CONFIRMED_FROM_VIDEO,CONFIRMED_FROM_VIDEO,Screen Recording 2026-08-16 223317.mp4,pooled_even_odd_wide,8,2
Sao Bento,Ilhas Brumas,Bananas,Castle Landing,15663.9,351,CONFIRMED_FROM_VIDEO,CONFIRMED_FROM_VIDEO,Screen Recording 2026-08-16 223317.mp4,pooled_even_odd_wide,8,2
Sao Bento,Ilhas Brumas,Bananas,Caveira,1930.4,118,CONFIRMED_FROM_VIDEO,CONFIRMED_FROM_VIDEO,Screen Recording 2026-08-16 223317.mp4,pooled_even_odd_wide,6,1
Sao Bento,Ilhas Brumas,Bananas,Caye Tiburon,11617.1,282,CONFIRMED_FROM_VIDEO,CONFIRMED_FROM_VIDEO,Screen Recording 2026-08-16 223317.mp4,pooled_even_odd_wide,4,2
Sao Bento,Ilhas Brumas,Bananas,Crownstead,11511.6,281,CONFIRMED_FROM_VIDEO,CONFIRMED_FROM_VIDEO,Screen Recording 2026-08-16 223317.mp4,pooled_even_odd_wide,6,2
Sao Bento,Ilhas Brumas,Bananas,Cumberland Hill,17784.5,387,CONFIRMED_FROM_VIDEO,CONFIRMED_FROM_VIDEO,Screen Recording 2026-08-16 223317.mp4,pooled_even_odd_wide,2,2
Sao Bento,Ilhas Brumas,Bananas,Deadman's Murcia,14970.0,339,CONFIRMED_FROM_VIDEO,CONFIRMED_FROM_VIDEO,Screen Recording 2026-08-16 223317.mp4,pooled_even_odd_wide,2,1
Sao Bento,Ilhas Brumas,Bananas,Fair Harbour,11932.5,288,CONFIRMED_FROM_VIDEO,CONFIRMED_FROM_VIDEO,Screen Recording 2026-08-16 223317.mp4,pooled_even_odd_wide,2,2
Sao Bento,Ilhas Brumas,Bananas,Falmouth,6456.5,195,CONFIRMED_FROM_VIDEO,CONFIRMED_FROM_VIDEO,Screen Recording 2026-08-16 223317.mp4,pooled_even_odd_wide,6,1
Sao Bento,Ilhas Brumas,Bananas,Gyldenvale,12759.7,302,CONFIRMED_FROM_VIDEO,CONFIRMED_FROM_VIDEO,Screen Recording 2026-08-16 223317.mp4,pooled_even_odd_wide,4,2
Sao Bento,Ilhas Brumas,Bananas,Jones' Outpost,16853.9,372,CONFIRMED_FROM_VIDEO,CONFIRMED_FROM_VIDEO,Screen Recording 2026-08-16 223317.mp4,pooled_even_odd_wide,6,2
Sao Bento,Ilhas Brumas,Bananas,Kandlerova,13514.9,315,CONFIRMED_FROM_VIDEO,CONFIRMED_FROM_VIDEO,Screen Recording 2026-08-16 223317.mp4,pooled_even_odd_wide,6,2
Sao Bento,Ilhas Brumas,Bananas,La Povenglia,13428.2,313,CONFIRMED_FROM_VIDEO,CONFIRMED_FROM_VIDEO,Screen Recording 2026-08-16 223317.mp4,pooled_even_odd_wide,6,2
Sao Bento,Ilhas Brumas,Bananas,Lebarde,14392.4,330,CONFIRMED_FROM_VIDEO,CONFIRMED_FROM_VIDEO,Screen Recording 2026-08-16 223317.mp4,pooled_even_odd_wide,2,2
Sao Bento,Ilhas Brumas,Bananas,Lord Irving's Sacrifice,9992.9,255,CONFIRMED_FROM_VIDEO,CONFIRMED_FROM_VIDEO,Screen Recording 2026-08-16 223317.mp4,pooled_even_odd_wide,6,1
Sao Bento,Ilhas Brumas,Bananas,Louisbourg,7764.1,217,CONFIRMED_FROM_VIDEO,CONFIRMED_FROM_VIDEO,Screen Recording 2026-08-16 223317.mp4,pooled_even_odd_wide,6,1
Sao Bento,Ilhas Brumas,Bananas,Madalena,1682.4,114,CONFIRMED_FROM_VIDEO,CONFIRMED_FROM_VIDEO,Screen Recording 2026-08-16 223317.mp4,pooled_even_odd_wide,6,1
Sao Bento,Ilhas Brumas,Bananas,Mako's Outlook,10739.3,268,CONFIRMED_FROM_VIDEO,CONFIRMED_FROM_VIDEO,Screen Recording 2026-08-16 223317.mp4,pooled_even_odd_wide,2,2
Sao Bento,Ilhas Brumas,Bananas,Matthew's Rest,9800.1,252,CONFIRMED_FROM_VIDEO,CONFIRMED_FROM_VIDEO,Screen Recording 2026-08-16 223317.mp4,pooled_even_odd_wide,6,1
Sao Bento,Ilhas Brumas,Bananas,Maurepas,8045.4,222,CONFIRMED_FROM_VIDEO,CONFIRMED_FROM_VIDEO,Screen Recording 2026-08-16 223317.mp4,pooled_even_odd_wide,6,1
Sao Bento,Ilhas Brumas,Bananas,New Brighton,11884.6,287,CONFIRMED_FROM_VIDEO,CONFIRMED_FROM_VIDEO,Screen Recording 2026-08-16 223317.mp4,pooled_even_odd_wide,2,2
Sao Bento,Ilhas Brumas,Bananas,New Catalina,17731.6,386,CONFIRMED_FROM_VIDEO,CONFIRMED_FROM_VIDEO,Screen Recording 2026-08-16 223317.mp4,pooled_even_odd_wide,6,2
Sao Bento,Ilhas Brumas,Bananas,Pachard Town,8869.7,236,CONFIRMED_FROM_VIDEO,CONFIRMED_FROM_VIDEO,Screen Recording 2026-08-16 223317.mp4,pooled_even_odd_wide,5,1
Sao Bento,Ilhas Brumas,Bananas,Peter's Cove,14990.5,340,CONFIRMED_FROM_VIDEO,CONFIRMED_FROM_VIDEO,Screen Recording 2026-08-16 223317.mp4,pooled_even_odd_wide,4,2
Sao Bento,Ilhas Brumas,Bananas,Petit Anvers,8844.5,235,CONFIRMED_FROM_VIDEO,CONFIRMED_FROM_VIDEO,Screen Recording 2026-08-16 223317.mp4,pooled_even_odd_wide,5,1
Sao Bento,Ilhas Brumas,Bananas,Poblado de San Juan,6186.3,190,CONFIRMED_FROM_VIDEO,CONFIRMED_FROM_VIDEO,Screen Recording 2026-08-16 223317.mp4,pooled_even_odd_wide,10,2
Sao Bento,Ilhas Brumas,Bananas,Point Rocheux,6754.9,200,CONFIRMED_FROM_VIDEO,CONFIRMED_FROM_VIDEO,Screen Recording 2026-08-16 223317.mp4,pooled_even_odd_wide,6,1
Sao Bento,Ilhas Brumas,Bananas,Ponta Delgada,1862.4,117,CONFIRMED_FROM_VIDEO,CONFIRMED_FROM_VIDEO,Screen Recording 2026-08-16 223317.mp4,pooled_even_odd_wide,6,1
Sao Bento,Ilhas Brumas,Bananas,Port Antonio,5739.9,183,CONFIRMED_FROM_VIDEO,CONFIRMED_FROM_VIDEO,Screen Recording 2026-08-16 223317.mp4,pooled_even_odd_wide,11,1
Sao Bento,Ilhas Brumas,Bananas,Port Louis,12142.9,291,CONFIRMED_FROM_VIDEO,CONFIRMED_FROM_VIDEO,Screen Recording 2026-08-16 223317.mp4,pooled_even_odd_wide,4,2
Sao Bento,Ilhas Brumas,Bananas,Port Royal,8016.6,221,CONFIRMED_FROM_VIDEO,CONFIRMED_FROM_VIDEO,Screen Recording 2026-08-16 223317.mp4,pooled_even_odd_wide,6,1
Sao Bento,Ilhas Brumas,Bananas,Port-Au-Croix,7837.3,218,CONFIRMED_FROM_VIDEO,CONFIRMED_FROM_VIDEO,Screen Recording 2026-08-16 223317.mp4,pooled_even_odd_wide,6,1
Sao Bento,Ilhas Brumas,Bananas,Princeton,14194.7,326,CONFIRMED_FROM_VIDEO,CONFIRMED_FROM_VIDEO,Screen Recording 2026-08-16 223317.mp4,pooled_even_odd_wide,4,2
Sao Bento,Ilhas Brumas,Bananas,Puerto de San Fernando,4638.6,164,CONFIRMED_FROM_VIDEO,CONFIRMED_FROM_VIDEO,Screen Recording 2026-08-16 223317.mp4,pooled_even_odd_wide,8,1
Sao Bento,Ilhas Brumas,Bananas,Saint Vincent,13164.3,309,CONFIRMED_FROM_VIDEO,CONFIRMED_FROM_VIDEO,Screen Recording 2026-08-16 223317.mp4,pooled_even_odd_wide,4,2
Sao Bento,Ilhas Brumas,Bananas,Saint-Nicholas,16460.7,365,CONFIRMED_FROM_VIDEO,CONFIRMED_FROM_VIDEO,Screen Recording 2026-08-16 223317.mp4,pooled_even_odd_wide,6,2
Sao Bento,Ilhas Brumas,Bananas,Sainte Rose,7191.2,207,CONFIRMED_FROM_VIDEO,CONFIRMED_FROM_VIDEO,Screen Recording 2026-08-16 223317.mp4,pooled_even_odd_wide,6,1
Sao Bento,Ilhas Brumas,Bananas,San Polo,13242.5,310,CONFIRMED_FROM_VIDEO,CONFIRMED_FROM_VIDEO,Screen Recording 2026-08-16 223317.mp4,pooled_even_odd_wide,4,2
Sao Bento,Ilhas Brumas,Bananas,San Salvador,8364.4,227,CONFIRMED_FROM_VIDEO,CONFIRMED_FROM_VIDEO,Screen Recording 2026-08-16 223317.mp4,pooled_even_odd_wide,6,1
Sao Bento,Ilhas Brumas,Bananas,San Vito,11850.6,286,CONFIRMED_FROM_VIDEO,CONFIRMED_FROM_VIDEO,Screen Recording 2026-08-16 223317.mp4,pooled_even_odd_wide,4,2
Sao Bento,Ilhas Brumas,Bananas,Sandy Settlement,16100.5,359,CONFIRMED_FROM_VIDEO,CONFIRMED_FROM_VIDEO,Screen Recording 2026-08-16 223317.mp4,pooled_even_odd_wide,6,2
Sao Bento,Ilhas Brumas,Bananas,Santa Maria,6341.3,193,CONFIRMED_FROM_VIDEO,CONFIRMED_FROM_VIDEO,Screen Recording 2026-08-16 223317.mp4,pooled_even_odd_wide,12,1
Sao Bento,Ilhas Brumas,Bananas,Snake Prosper,14985.0,340,CONFIRMED_FROM_VIDEO,CONFIRMED_FROM_VIDEO,Screen Recording 2026-08-16 223317.mp4,pooled_even_odd_wide,5,1
Sao Bento,Ilhas Brumas,Bananas,Sugar Cove,18731.7,403,CONFIRMED_FROM_VIDEO,CONFIRMED_FROM_VIDEO,Screen Recording 2026-08-16 223317.mp4,pooled_even_odd_wide,4,2
Sao Bento,Ilhas Brumas,Bananas,Taylor's Town,16695.1,369,CONFIRMED_FROM_VIDEO,CONFIRMED_FROM_VIDEO,Screen Recording 2026-08-16 223317.mp4,pooled_even_odd_wide,6,2
Sao Bento,Ilhas Brumas,Bananas,Theresa,6159.2,190,CONFIRMED_FROM_VIDEO,CONFIRMED_FROM_VIDEO,Screen Recording 2026-08-16 223317.mp4,pooled_even_odd_wide,11,1
Sao Bento,Ilhas Brumas,Bananas,Thresher Point,12670.3,300,CONFIRMED_FROM_VIDEO,CONFIRMED_FROM_VIDEO,Screen Recording 2026-08-16 223317.mp4,pooled_even_odd_wide,6,2
Sao Bento,Ilhas Brumas,Bananas,Venta Nueva,3491.8,144,CONFIRMED_FROM_VIDEO,CONFIRMED_FROM_VIDEO,Screen Recording 2026-08-16 223317.mp4,pooled_even_odd_wide,6,1
Sao Bento,Ilhas Brumas,Bananas,Villarreal Del Mar,4804.2,167,CONFIRMED_FROM_VIDEO,CONFIRMED_FROM_VIDEO,Screen Recording 2026-08-16 223317.mp4,pooled_even_odd_wide,10,1
Sao Bento,Ilhas Brumas,Bananas,White Hook,15896.8,355,CONFIRMED_FROM_VIDEO,CONFIRMED_FROM_VIDEO,Screen Recording 2026-08-16 223317.mp4,pooled_even_odd_wide,6,3
Sao Bento,Ilhas Brumas,Bananas,Wyntergard,12590.4,299,CONFIRMED_FROM_VIDEO,CONFIRMED_FROM_VIDEO,Screen Recording 2026-08-16 223317.mp4,pooled_even_odd_wide,6,2
Sao Bento,Ilhas Brumas,Bananas,Yorinobu's Settlement,11434.5,279,CONFIRMED_FROM_VIDEO,CONFIRMED_FROM_VIDEO,Screen Recording 2026-08-16 223317.mp4,pooled_even_odd_wide,4,2
Snake Prosper,East Somerset,Medicine,Al-Jazair,2701.1,169,CONFIRMED_FROM_VIDEO,CONFIRMED_FROM_VIDEO,Screen Recording 2026-08-16 223317.mp4,pooled_even_odd_wide,6,2
Snake Prosper,East Somerset,Medicine,Ashbourne,4685.1,213,CONFIRMED_FROM_VIDEO,CONFIRMED_FROM_VIDEO,Screen Recording 2026-08-16 223317.mp4,pooled_even_odd_wide,5,1
Snake Prosper,East Somerset,Medicine,Belfry Heights,8521.8,297,CONFIRMED_FROM_VIDEO,CONFIRMED_FROM_VIDEO,Screen Recording 2026-08-16 223317.mp4,pooled_even_odd_wide,6,1
Snake Prosper,East Somerset,Medicine,Bucket Bay,4292.3,204,CONFIRMED_FROM_VIDEO,CONFIRMED_FROM_VIDEO,Screen Recording 2026-08-16 223317.mp4,pooled_even_odd_wide,6,3
Snake Prosper,East Somerset,Medicine,Caledonia,395.7,119,CONFIRMED_FROM_VIDEO,CONFIRMED_FROM_VIDEO,Screen Recording 2026-08-16 223317.mp4,pooled_even_odd_wide,4,1
Snake Prosper,East Somerset,Medicine,Castle Landing,5072.2,222,CONFIRMED_FROM_VIDEO,CONFIRMED_FROM_VIDEO,Screen Recording 2026-08-16 223317.mp4,pooled_even_odd_wide,5,1
Snake Prosper,East Somerset,Medicine,Caveira,14751.6,435,CONFIRMED_FROM_VIDEO,CONFIRMED_FROM_VIDEO,Screen Recording 2026-08-16 223317.mp4,pooled_even_odd_wide,10,2
Snake Prosper,East Somerset,Medicine,Caye Tiburon,7098.1,266,CONFIRMED_FROM_VIDEO,CONFIRMED_FROM_VIDEO,Screen Recording 2026-08-16 223317.mp4,pooled_even_odd_wide,4,1
Snake Prosper,East Somerset,Medicine,Crownstead,5334.9,227,CONFIRMED_FROM_VIDEO,CONFIRMED_FROM_VIDEO,Screen Recording 2026-08-16 223317.mp4,pooled_even_odd_wide,4,1
Snake Prosper,East Somerset,Medicine,Cumberland Hill,4215.2,203,CONFIRMED_FROM_VIDEO,CONFIRMED_FROM_VIDEO,Screen Recording 2026-08-16 223317.mp4,pooled_even_odd_wide,3,2
Snake Prosper,East Somerset,Medicine,Deadman's Murcia,852.5,129,CONFIRMED_FROM_VIDEO,CONFIRMED_FROM_VIDEO,Screen Recording 2026-08-16 223317.mp4,pooled_even_odd_wide,2,2
Snake Prosper,East Somerset,Medicine,Fair Harbour,3079.9,178,CONFIRMED_FROM_VIDEO,CONFIRMED_FROM_VIDEO,Screen Recording 2026-08-16 223317.mp4,pooled_even_odd_wide,7,1
Snake Prosper,East Somerset,Medicine,Falmouth,9333.0,315,CONFIRMED_FROM_VIDEO,CONFIRMED_FROM_VIDEO,Screen Recording 2026-08-16 223317.mp4,pooled_even_odd_wide,5,1
Snake Prosper,East Somerset,Medicine,Gyldenvale,5391.8,229,CONFIRMED_FROM_VIDEO,CONFIRMED_FROM_VIDEO,Screen Recording 2026-08-16 223317.mp4,pooled_even_odd_wide,6,1
Snake Prosper,East Somerset,Medicine,Jones' Outpost,3344.1,184,CONFIRMED_FROM_VIDEO,CONFIRMED_FROM_VIDEO,Screen Recording 2026-08-16 223317.mp4,pooled_even_odd_wide,9,1
Snake Prosper,East Somerset,Medicine,Kandlerova,15771.7,457,CONFIRMED_FROM_VIDEO,CONFIRMED_FROM_VIDEO,Screen Recording 2026-08-16 223317.mp4,pooled_even_odd_wide,6,2
Snake Prosper,East Somerset,Medicine,La Povenglia,12955.5,395,CONFIRMED_FROM_VIDEO,CONFIRMED_FROM_VIDEO,Screen Recording 2026-08-16 223317.mp4,pooled_even_odd_wide,4,2
Snake Prosper,East Somerset,Medicine,Lebarde,5917.3,240,CONFIRMED_FROM_VIDEO,CONFIRMED_FROM_VIDEO,Screen Recording 2026-08-16 223317.mp4,pooled_even_odd_wide,3,1
Snake Prosper,East Somerset,Medicine,Lord Irving's Sacrifice,9952.5,329,CONFIRMED_FROM_VIDEO,CONFIRMED_FROM_VIDEO,Screen Recording 2026-08-16 223317.mp4,pooled_even_odd_wide,5,1
Snake Prosper,East Somerset,Medicine,Louisbourg,8308.3,293,CONFIRMED_FROM_VIDEO,CONFIRMED_FROM_VIDEO,Screen Recording 2026-08-16 223317.mp4,pooled_even_odd_wide,7,3
Snake Prosper,East Somerset,Medicine,Madalena,16375.0,470,CONFIRMED_FROM_VIDEO,CONFIRMED_FROM_VIDEO,Screen Recording 2026-08-16 223317.mp4,pooled_even_odd_wide,8,1
Snake Prosper,East Somerset,Medicine,Mako's Outlook,10089.3,332,CONFIRMED_FROM_VIDEO,CONFIRMED_FROM_VIDEO,Screen Recording 2026-08-16 223317.mp4,pooled_even_odd_wide,4,2
Snake Prosper,East Somerset,Medicine,Matthew's Rest,5189.3,224,CONFIRMED_FROM_VIDEO,CONFIRMED_FROM_VIDEO,Screen Recording 2026-08-16 223317.mp4,pooled_even_odd_wide,3,1
Snake Prosper,East Somerset,Medicine,Maurepas,7577.8,277,CONFIRMED_FROM_VIDEO,CONFIRMED_FROM_VIDEO,Screen Recording 2026-08-16 223317.mp4,pooled_even_odd_wide,4,1
Snake Prosper,East Somerset,Medicine,New Brighton,4266.1,204,CONFIRMED_FROM_VIDEO,CONFIRMED_FROM_VIDEO,Screen Recording 2026-08-16 223317.mp4,pooled_even_odd_wide,6,1
Snake Prosper,East Somerset,Medicine,New Catalina,4568.4,211,CONFIRMED_FROM_VIDEO,CONFIRMED_FROM_VIDEO,Screen Recording 2026-08-16 223317.mp4,pooled_even_odd_wide,5,1
Snake Prosper,East Somerset,Medicine,Pachard Town,6155.8,245,CONFIRMED_FROM_VIDEO,CONFIRMED_FROM_VIDEO,Screen Recording 2026-08-16 223317.mp4,pooled_even_odd_wide,4,1
Snake Prosper,East Somerset,Medicine,Peter's Cove,9675.2,323,CONFIRMED_FROM_VIDEO,CONFIRMED_FROM_VIDEO,Screen Recording 2026-08-16 223317.mp4,pooled_even_odd_wide,5,1
Snake Prosper,East Somerset,Medicine,Petit Anvers,8563.9,298,CONFIRMED_FROM_VIDEO,CONFIRMED_FROM_VIDEO,Screen Recording 2026-08-16 223317.mp4,pooled_even_odd_wide,6,1
Snake Prosper,East Somerset,Medicine,Poblado de San Juan,15046.9,441,CONFIRMED_FROM_VIDEO,CONFIRMED_FROM_VIDEO,Screen Recording 2026-08-16 223317.mp4,pooled_even_odd_wide,8,2
Snake Prosper,East Somerset,Medicine,Point Rocheux,8241.2,291,CONFIRMED_FROM_VIDEO,CONFIRMED_FROM_VIDEO,Screen Recording 2026-08-16 223317.mp4,pooled_even_odd_wide,4,1
Snake Prosper,East Somerset,Medicine,Ponta Delgada,15456.8,450,CONFIRMED_FROM_VIDEO,CONFIRMED_FROM_VIDEO,Screen Recording 2026-08-16 223317.mp4,pooled_even_odd_wide,6,2
Snake Prosper,East Somerset,Medicine,Port Antonio,10433.0,340,CONFIRMED_FROM_VIDEO,CONFIRMED_FROM_VIDEO,Screen Recording 2026-08-16 223317.mp4,pooled_even_odd_wide,4,1
Snake Prosper,East Somerset,Medicine,Port Louis,3130.7,179,CONFIRMED_FROM_VIDEO,CONFIRMED_FROM_VIDEO,Screen Recording 2026-08-16 223317.mp4,pooled_even_odd_wide,7,1
Snake Prosper,East Somerset,Medicine,Port Royal,9947.2,329,CONFIRMED_FROM_VIDEO,CONFIRMED_FROM_VIDEO,Screen Recording 2026-08-16 223317.mp4,pooled_even_odd_wide,5,1
Snake Prosper,East Somerset,Medicine,Port-Au-Croix,7162.3,268,CONFIRMED_FROM_VIDEO,CONFIRMED_FROM_VIDEO,Screen Recording 2026-08-16 223317.mp4,pooled_even_odd_wide,4,1
Snake Prosper,East Somerset,Medicine,Princeton,4102.0,200,CONFIRMED_FROM_VIDEO,CONFIRMED_FROM_VIDEO,Screen Recording 2026-08-16 223317.mp4,pooled_even_odd_wide,9,1
Snake Prosper,East Somerset,Medicine,Puerto de San Fernando,13091.9,398,CONFIRMED_FROM_VIDEO,CONFIRMED_FROM_VIDEO,Screen Recording 2026-08-16 223317.mp4,pooled_even_odd_wide,10,2
Snake Prosper,East Somerset,Medicine,Saint Vincent,1920.7,152,CONFIRMED_FROM_VIDEO,CONFIRMED_FROM_VIDEO,Screen Recording 2026-08-16 223317.mp4,pooled_even_odd_wide,6,1
Snake Prosper,East Somerset,Medicine,Saint-Nicholas,10094.4,332,CONFIRMED_FROM_VIDEO,CONFIRMED_FROM_VIDEO,Screen Recording 2026-08-16 223317.mp4,pooled_even_odd_wide,4,2
Snake Prosper,East Somerset,Medicine,Sainte Rose,9457.5,318,CONFIRMED_FROM_VIDEO,CONFIRMED_FROM_VIDEO,Screen Recording 2026-08-16 223317.mp4,pooled_even_odd_wide,5,1
Snake Prosper,East Somerset,Medicine,San Polo,14848.8,437,CONFIRMED_FROM_VIDEO,CONFIRMED_FROM_VIDEO,Screen Recording 2026-08-16 223317.mp4,pooled_even_odd_wide,8,2
Snake Prosper,East Somerset,Medicine,San Salvador,14797.5,436,CONFIRMED_FROM_VIDEO,CONFIRMED_FROM_VIDEO,Screen Recording 2026-08-16 223317.mp4,pooled_even_odd_wide,8,2
Snake Prosper,East Somerset,Medicine,San Vito,11858.8,371,CONFIRMED_FROM_VIDEO,CONFIRMED_FROM_VIDEO,Screen Recording 2026-08-16 223317.mp4,pooled_even_odd_wide,3,2
Snake Prosper,East Somerset,Medicine,Sandy Settlement,10304.3,337,CONFIRMED_FROM_VIDEO,CONFIRMED_FROM_VIDEO,Screen Recording 2026-08-16 223317.mp4,pooled_even_odd_wide,4,2
Snake Prosper,East Somerset,Medicine,Santa Maria,14634.5,432,CONFIRMED_FROM_VIDEO,CONFIRMED_FROM_VIDEO,Screen Recording 2026-08-16 223317.mp4,pooled_even_odd_wide,10,2
Snake Prosper,East Somerset,Medicine,Sao Bento,14985.0,440,CONFIRMED_FROM_VIDEO,CONFIRMED_FROM_VIDEO,Screen Recording 2026-08-16 223317.mp4,pooled_even_odd_wide,11,1
Snake Prosper,East Somerset,Medicine,Sugar Cove,5296.3,227,CONFIRMED_FROM_VIDEO,CONFIRMED_FROM_VIDEO,Screen Recording 2026-08-16 223317.mp4,pooled_even_odd_wide,3,1
Snake Prosper,East Somerset,Medicine,Taylor's Town,8857.4,305,CONFIRMED_FROM_VIDEO,CONFIRMED_FROM_VIDEO,Screen Recording 2026-08-16 223317.mp4,pooled_even_odd_wide,6,1
Snake Prosper,East Somerset,Medicine,Theresa,11041.5,353,CONFIRMED_FROM_VIDEO,CONFIRMED_FROM_VIDEO,Screen Recording 2026-08-16 223317.mp4,pooled_even_odd_wide,2,2
Snake Prosper,East Somerset,Medicine,Thresher Point,7784.6,281,CONFIRMED_FROM_VIDEO,CONFIRMED_FROM_VIDEO,Screen Recording 2026-08-16 223317.mp4,pooled_even_odd_wide,4,1
Snake Prosper,East Somerset,Medicine,Venta Nueva,11606.2,365,CONFIRMED_FROM_VIDEO,CONFIRMED_FROM_VIDEO,Screen Recording 2026-08-16 223317.mp4,pooled_even_odd_wide,2,2
Snake Prosper,East Somerset,Medicine,Villarreal Del Mar,10409.0,339,CONFIRMED_FROM_VIDEO,CONFIRMED_FROM_VIDEO,Screen Recording 2026-08-16 223317.mp4,pooled_even_odd_wide,3,2
Snake Prosper,East Somerset,Medicine,White Hook,1210.9,137,CONFIRMED_FROM_VIDEO,CONFIRMED_FROM_VIDEO,Screen Recording 2026-08-16 223317.mp4,pooled_even_odd_wide,4,1
Snake Prosper,East Somerset,Medicine,Wyntergard,4227.5,203,CONFIRMED_FROM_VIDEO,CONFIRMED_FROM_VIDEO,Screen Recording 2026-08-16 223317.mp4,pooled_even_odd_wide,8,1
Snake Prosper,East Somerset,Medicine,Yorinobu's Settlement,3972.5,197,CONFIRMED_FROM_VIDEO,CONFIRMED_FROM_VIDEO,Screen Recording 2026-08-16 223317.mp4,pooled_even_odd_wide,9,1
Sugar Cove,New Catalina,Lobster,Al-Jazair,5577.2,180,CONFIRMED_FROM_VIDEO,CONFIRMED_FROM_VIDEO,Screen Recording 2026-08-16 223317.mp4,pooled_even_odd_wide,12,1
Sugar Cove,New Catalina,Lobster,Ashbourne,9880.8,253,CONFIRMED_FROM_VIDEO,CONFIRMED_FROM_VIDEO,Screen Recording 2026-08-16 223317.mp4,pooled_even_odd_wide,6,1
Sugar Cove,New Catalina,Lobster,Belfry Heights,8680.3,233,CONFIRMED_FROM_VIDEO,CONFIRMED_FROM_VIDEO,Screen Recording 2026-08-16 223317.mp4,pooled_even_odd_wide,6,3
Sugar Cove,New Catalina,Lobster,Bucket Bay,8569.8,231,CONFIRMED_FROM_VIDEO,CONFIRMED_FROM_VIDEO,Screen Recording 2026-08-16 223317.mp4,pooled_even_odd_wide,6,1
Sugar Cove,New Catalina,Lobster,Caledonia,5194.4,173,CONFIRMED_FROM_VIDEO,CONFIRMED_FROM_VIDEO,Screen Recording 2026-08-16 223317.mp4,pooled_even_odd_wide,11,1
Sugar Cove,New Catalina,Lobster,Castle Landing,3561.6,146,CONFIRMED_FROM_VIDEO,CONFIRMED_FROM_VIDEO,Screen Recording 2026-08-16 223317.mp4,pooled_even_odd_wide,8,1
Sugar Cove,New Catalina,Lobster,Caveira,18050.6,392,CONFIRMED_FROM_VIDEO,CONFIRMED_FROM_VIDEO,Screen Recording 2026-08-16 223317.mp4,pooled_even_odd_wide,4,2
Sugar Cove,New Catalina,Lobster,Caye Tiburon,8037.7,222,CONFIRMED_FROM_VIDEO,CONFIRMED_FROM_VIDEO,Screen Recording 2026-08-16 223317.mp4,pooled_even_odd_wide,6,1
Sugar Cove,New Catalina,Lobster,Crownstead,10585.3,265,CONFIRMED_FROM_VIDEO,CONFIRMED_FROM_VIDEO,Screen Recording 2026-08-16 223317.mp4,pooled_even_odd_wide,4,2
Sugar Cove,New Catalina,Lobster,Cumberland Hill,1099.3,104,CONFIRMED_FROM_VIDEO,CONFIRMED_FROM_VIDEO,Screen Recording 2026-08-16 223317.mp4,pooled_even_odd_wide,5,2
Sugar Cove,New Catalina,Lobster,Deadman's Murcia,6009.9,187,CONFIRMED_FROM_VIDEO,CONFIRMED_FROM_VIDEO,Screen Recording 2026-08-16 223317.mp4,pooled_even_odd_wide,4,1
Sugar Cove,New Catalina,Lobster,Fair Harbour,7787.3,217,CONFIRMED_FROM_VIDEO,CONFIRMED_FROM_VIDEO,Screen Recording 2026-08-16 223317.mp4,pooled_even_odd_wide,7,1
Sugar Cove,New Catalina,Lobster,Falmouth,12406.6,296,CONFIRMED_FROM_VIDEO,CONFIRMED_FROM_VIDEO,Screen Recording 2026-08-16 223317.mp4,pooled_even_odd_wide,4,2
Sugar Cove,New Catalina,Lobster,Gyldenvale,10681.4,267,CONFIRMED_FROM_VIDEO,CONFIRMED_FROM_VIDEO,Screen Recording 2026-08-16 223317.mp4,pooled_even_odd_wide,2,1
Sugar Cove,New Catalina,Lobster,Jones' Outpost,2071.1,120,CONFIRMED_FROM_VIDEO,CONFIRMED_FROM_VIDEO,Screen Recording 2026-08-16 223317.mp4,pooled_even_odd_wide,8,1
Sugar Cove,New Catalina,Lobster,Kandlerova,15392.9,347,CONFIRMED_FROM_VIDEO,CONFIRMED_FROM_VIDEO,Screen Recording 2026-08-16 223317.mp4,pooled_even_odd_wide,6,2
Sugar Cove,New Catalina,Lobster,La Povenglia,12330.3,295,CONFIRMED_FROM_VIDEO,CONFIRMED_FROM_VIDEO,Screen Recording 2026-08-16 223317.mp4,pooled_even_odd_wide,4,2
Sugar Cove,New Catalina,Lobster,Lebarde,5245.6,174,CONFIRMED_FROM_VIDEO,CONFIRMED_FROM_VIDEO,Screen Recording 2026-08-16 223317.mp4,pooled_even_odd_wide,11,1
Sugar Cove,New Catalina,Lobster,Lord Irving's Sacrifice,11014.5,272,CONFIRMED_FROM_VIDEO,CONFIRMED_FROM_VIDEO,Screen Recording 2026-08-16 223317.mp4,pooled_even_odd_wide,4,2
Sugar Cove,New Catalina,Lobster,Louisbourg,13125.8,308,CONFIRMED_FROM_VIDEO,CONFIRMED_FROM_VIDEO,Screen Recording 2026-08-16 223317.mp4,pooled_even_odd_wide,2,2
Sugar Cove,New Catalina,Lobster,Madalena,19878.4,423,CONFIRMED_FROM_VIDEO,CONFIRMED_FROM_VIDEO,Screen Recording 2026-08-16 223317.mp4,pooled_even_odd_wide,4,2
Sugar Cove,New Catalina,Lobster,Mako's Outlook,10766.2,268,CONFIRMED_FROM_VIDEO,CONFIRMED_FROM_VIDEO,Screen Recording 2026-08-16 223317.mp4,pooled_even_odd_wide,6,2
Sugar Cove,New Catalina,Lobster,Matthew's Rest,9357.1,244,CONFIRMED_FROM_VIDEO,CONFIRMED_FROM_VIDEO,Screen Recording 2026-08-16 223317.mp4,pooled_even_odd_wide,4,3
Sugar Cove,New Catalina,Lobster,Maurepas,12304.0,294,CONFIRMED_FROM_VIDEO,CONFIRMED_FROM_VIDEO,Screen Recording 2026-08-16 223317.mp4,pooled_even_odd_wide,6,1
Sugar Cove,New Catalina,Lobster,New Brighton,6847.4,201,CONFIRMED_FROM_VIDEO,CONFIRMED_FROM_VIDEO,Screen Recording 2026-08-16 223317.mp4,pooled_even_odd_wide,4,1
Sugar Cove,New Catalina,Lobster,New Catalina,1000.2,102,CONFIRMED_FROM_VIDEO,CONFIRMED_FROM_VIDEO,Screen Recording 2026-08-16 223317.mp4,pooled_even_odd_wide,8,1
Sugar Cove,New Catalina,Lobster,Pachard Town,10082.1,256,CONFIRMED_FROM_VIDEO,CONFIRMED_FROM_VIDEO,Screen Recording 2026-08-16 223317.mp4,pooled_even_odd_wide,3,2
Sugar Cove,New Catalina,Lobster,Peter's Cove,8119.3,223,CONFIRMED_FROM_VIDEO,CONFIRMED_FROM_VIDEO,Screen Recording 2026-08-16 223317.mp4,pooled_even_odd_wide,6,1
Sugar Cove,New Catalina,Lobster,Petit Anvers,13649.4,317,CONFIRMED_FROM_VIDEO,CONFIRMED_FROM_VIDEO,Screen Recording 2026-08-16 223317.mp4,pooled_even_odd_wide,4,2
Sugar Cove,New Catalina,Lobster,Poblado de San Juan,17155.6,377,CONFIRMED_FROM_VIDEO,CONFIRMED_FROM_VIDEO,Screen Recording 2026-08-16 223317.mp4,pooled_even_odd_wide,6,2
Sugar Cove,New Catalina,Lobster,Point Rocheux,12148.8,292,CONFIRMED_FROM_VIDEO,CONFIRMED_FROM_VIDEO,Screen Recording 2026-08-16 223317.mp4,pooled_even_odd_wide,4,2
Sugar Cove,New Catalina,Lobster,Ponta Delgada,19565.8,418,CONFIRMED_FROM_VIDEO,CONFIRMED_FROM_VIDEO,Screen Recording 2026-08-16 223317.mp4,pooled_even_odd_wide,4,2
Sugar Cove,New Catalina,Lobster,Port Antonio,13364.8,312,CONFIRMED_FROM_VIDEO,CONFIRMED_FROM_VIDEO,Screen Recording 2026-08-16 223317.mp4,pooled_even_odd_wide,2,2
Sugar Cove,New Catalina,Lobster,Port Louis,8166.4,224,CONFIRMED_FROM_VIDEO,CONFIRMED_FROM_VIDEO,Screen Recording 2026-08-16 223317.mp4,pooled_even_odd_wide,6,1
Sugar Cove,New Catalina,Lobster,Port Royal,11952.6,288,CONFIRMED_FROM_VIDEO,CONFIRMED_FROM_VIDEO,Screen Recording 2026-08-16 223317.mp4,pooled_even_odd_wide,4,2
Sugar Cove,New Catalina,Lobster,Port-Au-Croix,11113.8,274,CONFIRMED_FROM_VIDEO,CONFIRMED_FROM_VIDEO,Screen Recording 2026-08-16 223317.mp4,pooled_even_odd_wide,6,2
Sugar Cove,New Catalina,Lobster,Princeton,4618.5,164,CONFIRMED_FROM_VIDEO,CONFIRMED_FROM_VIDEO,Screen Recording 2026-08-16 223317.mp4,pooled_even_odd_wide,8,2
Sugar Cove,New Catalina,Lobster,Puerto de San Fernando,15774.7,353,CONFIRMED_FROM_VIDEO,CONFIRMED_FROM_VIDEO,Screen Recording 2026-08-16 223317.mp4,pooled_even_odd_wide,6,2
Sugar Cove,New Catalina,Lobster,Saint Vincent,6244.6,191,CONFIRMED_FROM_VIDEO,CONFIRMED_FROM_VIDEO,Screen Recording 2026-08-16 223317.mp4,pooled_even_odd_wide,4,1
Sugar Cove,New Catalina,Lobster,Saint-Nicholas,7716.8,216,CONFIRMED_FROM_VIDEO,CONFIRMED_FROM_VIDEO,Screen Recording 2026-08-16 223317.mp4,pooled_even_odd_wide,6,1
Sugar Cove,New Catalina,Lobster,Sainte Rose,14307.9,328,CONFIRMED_FROM_VIDEO,CONFIRMED_FROM_VIDEO,Screen Recording 2026-08-16 223317.mp4,pooled_even_odd_wide,4,2
Sugar Cove,New Catalina,Lobster,San Polo,14467.2,331,CONFIRMED_FROM_VIDEO,CONFIRMED_FROM_VIDEO,Screen Recording 2026-08-16 223317.mp4,pooled_even_odd_wide,4,2
Sugar Cove,New Catalina,Lobster,San Salvador,16199.5,360,CONFIRMED_FROM_VIDEO,CONFIRMED_FROM_VIDEO,Screen Recording 2026-08-16 223317.mp4,pooled_even_odd_wide,6,2
Sugar Cove,New Catalina,Lobster,San Vito,11893.1,287,CONFIRMED_FROM_VIDEO,CONFIRMED_FROM_VIDEO,Screen Recording 2026-08-16 223317.mp4,pooled_even_odd_wide,5,2
Sugar Cove,New Catalina,Lobster,Sandy Settlement,8154.3,224,CONFIRMED_FROM_VIDEO,CONFIRMED_FROM_VIDEO,Screen Recording 2026-08-16 223317.mp4,pooled_even_odd_wide,6,1
Sugar Cove,New Catalina,Lobster,Santa Maria,16690.8,369,CONFIRMED_FROM_VIDEO,CONFIRMED_FROM_VIDEO,Screen Recording 2026-08-16 223317.mp4,pooled_even_odd_wide,6,2
Sugar Cove,New Catalina,Lobster,Sao Bento,18731.7,403,CONFIRMED_FROM_VIDEO,CONFIRMED_FROM_VIDEO,Screen Recording 2026-08-16 223317.mp4,pooled_even_odd_wide,4,2
Sugar Cove,New Catalina,Lobster,Snake Prosper,5296.3,175,CONFIRMED_FROM_VIDEO,CONFIRMED_FROM_VIDEO,Screen Recording 2026-08-16 223317.mp4,pooled_even_odd_wide,12,1
Sugar Cove,New Catalina,Lobster,Taylor's Town,6200.7,190,CONFIRMED_FROM_VIDEO,CONFIRMED_FROM_VIDEO,Screen Recording 2026-08-16 223317.mp4,pooled_even_odd_wide,4,1
Sugar Cove,New Catalina,Lobster,Theresa,13574.8,316,CONFIRMED_FROM_VIDEO,CONFIRMED_FROM_VIDEO,Screen Recording 2026-08-16 223317.mp4,pooled_even_odd_wide,2,2
Sugar Cove,New Catalina,Lobster,Thresher Point,7821.6,218,CONFIRMED_FROM_VIDEO,CONFIRMED_FROM_VIDEO,Screen Recording 2026-08-16 223317.mp4,pooled_even_odd_wide,6,1
Sugar Cove,New Catalina,Lobster,Venta Nueva,15239.9,344,CONFIRMED_FROM_VIDEO,CONFIRMED_FROM_VIDEO,Screen Recording 2026-08-16 223317.mp4,pooled_even_odd_wide,6,2
Sugar Cove,New Catalina,Lobster,Villarreal Del Mar,13930.9,322,CONFIRMED_FROM_VIDEO,CONFIRMED_FROM_VIDEO,Screen Recording 2026-08-16 223317.mp4,pooled_even_odd_wide,2,2
Sugar Cove,New Catalina,Lobster,White Hook,5522.7,179,CONFIRMED_FROM_VIDEO,CONFIRMED_FROM_VIDEO,Screen Recording 2026-08-16 223317.mp4,pooled_even_odd_wide,12,1
Sugar Cove,New Catalina,Lobster,Wyntergard,9520.1,247,CONFIRMED_FROM_VIDEO,CONFIRMED_FROM_VIDEO,Screen Recording 2026-08-16 223317.mp4,pooled_even_odd_wide,7,1
Sugar Cove,New Catalina,Lobster,Yorinobu's Settlement,7409.1,211,CONFIRMED_FROM_VIDEO,CONFIRMED_FROM_VIDEO,Screen Recording 2026-08-16 223317.mp4,pooled_even_odd_wide,3,2
Taylor's Town,Saint-Nicholas,Thyme,Al-Jazair,6930.3,170,CONFIRMED_FROM_VIDEO,CONFIRMED_FROM_VIDEO,Screen Recording 2026-08-16 223317.mp4,pooled_even_odd_wide,11,1
Taylor's Town,Saint-Nicholas,Thyme,Ashbourne,11921.5,241,CONFIRMED_FROM_VIDEO,CONFIRMED_FROM_VIDEO,Screen Recording 2026-08-16 223317.mp4,pooled_even_odd_wide,6,2
Taylor's Town,Saint-Nicholas,Thyme,Belfry Heights,4539.8,136,CONFIRMED_FROM_VIDEO,CONFIRMED_FROM_VIDEO,Screen Recording 2026-08-16 223317.mp4,pooled_even_odd_wide,6,1
Taylor's Town,Saint-Nicholas,Thyme,Bucket Bay,9351.3,205,CONFIRMED_FROM_VIDEO,CONFIRMED_FROM_VIDEO,Screen Recording 2026-08-16 223317.mp4,pooled_even_odd_wide,6,1
Taylor's Town,Saint-Nicholas,Thyme,Caledonia,9040.8,200,CONFIRMED_FROM_VIDEO,CONFIRMED_FROM_VIDEO,Screen Recording 2026-08-16 223317.mp4,pooled_even_odd_wide,6,1
Taylor's Town,Saint-Nicholas,Thyme,Castle Landing,3805.9,125,CONFIRMED_FROM_VIDEO,CONFIRMED_FROM_VIDEO,Screen Recording 2026-08-16 223317.mp4,pooled_even_odd_wide,6,1
Taylor's Town,Saint-Nicholas,Thyme,Caveira,15456.2,292,CONFIRMED_FROM_VIDEO,CONFIRMED_FROM_VIDEO,Screen Recording 2026-08-16 223317.mp4,pooled_even_odd_wide,4,2
Taylor's Town,Saint-Nicholas,Thyme,Caye Tiburon,5194.3,145,CONFIRMED_FROM_VIDEO,CONFIRMED_FROM_VIDEO,Screen Recording 2026-08-16 223317.mp4,pooled_even_odd_wide,9,1
Taylor's Town,Saint-Nicholas,Thyme,Crownstead,12738.1,253,CONFIRMED_FROM_VIDEO,CONFIRMED_FROM_VIDEO,Screen Recording 2026-08-16 223317.mp4,pooled_even_odd_wide,4,2
Taylor's Town,Saint-Nicholas,Thyme,Cumberland Hill,6319.9,161,CONFIRMED_FROM_VIDEO,CONFIRMED_FROM_VIDEO,Screen Recording 2026-08-16 223317.mp4,pooled_even_odd_wide,3,2
Taylor's Town,Saint-Nicholas,Thyme,Deadman's Murcia,9702.5,210,CONFIRMED_FROM_VIDEO,CONFIRMED_FROM_VIDEO,Screen Recording 2026-08-16 223317.mp4,pooled_even_odd_wide,4,1
Taylor's Town,Saint-Nicholas,Thyme,Fair Harbour,9457.8,206,CONFIRMED_FROM_VIDEO,CONFIRMED_FROM_VIDEO,Screen Recording 2026-08-16 223317.mp4,pooled_even_odd_wide,6,1
Taylor's Town,Saint-Nicholas,Thyme,Falmouth,10387.1,219,CONFIRMED_FROM_VIDEO,CONFIRMED_FROM_VIDEO,Screen Recording 2026-08-16 223317.mp4,pooled_even_odd_wide,4,2
Taylor's Town,Saint-Nicholas,Thyme,Gyldenvale,13464.4,263,CONFIRMED_FROM_VIDEO,CONFIRMED_FROM_VIDEO,Screen Recording 2026-08-16 223317.mp4,pooled_even_odd_wide,4,2
Taylor's Town,Saint-Nicholas,Thyme,Jones' Outpost,6369.1,162,CONFIRMED_FROM_VIDEO,CONFIRMED_FROM_VIDEO,Screen Recording 2026-08-16 223317.mp4,pooled_even_odd_wide,4,1
Taylor's Town,Saint-Nicholas,Thyme,Kandlerova,9595.8,208,CONFIRMED_FROM_VIDEO,CONFIRMED_FROM_VIDEO,Screen Recording 2026-08-16 223317.mp4,pooled_even_odd_wide,7,2
Taylor's Town,Saint-Nicholas,Thyme,La Povenglia,6587.5,165,CONFIRMED_FROM_VIDEO,CONFIRMED_FROM_VIDEO,Screen Recording 2026-08-16 223317.mp4,pooled_even_odd_wide,6,1
Taylor's Town,Saint-Nicholas,Thyme,Lebarde,3303.7,118,CONFIRMED_FROM_VIDEO,CONFIRMED_FROM_VIDEO,Screen Recording 2026-08-16 223317.mp4,pooled_even_odd_wide,6,1
Taylor's Town,Saint-Nicholas,Thyme,Lord Irving's Sacrifice,7022.0,171,CONFIRMED_FROM_VIDEO,CONFIRMED_FROM_VIDEO,Screen Recording 2026-08-16 223317.mp4,pooled_even_odd_wide,6,1
Taylor's Town,Saint-Nicholas,Thyme,Louisbourg,13641.7,266,CONFIRMED_FROM_VIDEO,CONFIRMED_FROM_VIDEO,Screen Recording 2026-08-16 223317.mp4,pooled_even_odd_wide,4,2
Taylor's Town,Saint-Nicholas,Thyme,Madalena,17396.6,319,CONFIRMED_FROM_VIDEO,CONFIRMED_FROM_VIDEO,Screen Recording 2026-08-16 223317.mp4,pooled_even_odd_wide,4,2
Taylor's Town,Saint-Nicholas,Thyme,Mako's Outlook,6431.3,163,CONFIRMED_FROM_VIDEO,CONFIRMED_FROM_VIDEO,Screen Recording 2026-08-16 223317.mp4,pooled_even_odd_wide,6,1
Taylor's Town,Saint-Nicholas,Thyme,Matthew's Rest,9691.7,209,CONFIRMED_FROM_VIDEO,CONFIRMED_FROM_VIDEO,Screen Recording 2026-08-16 223317.mp4,pooled_even_odd_wide,6,2
Taylor's Town,Saint-Nicholas,Thyme,Maurepas,12771.1,253,CONFIRMED_FROM_VIDEO,CONFIRMED_FROM_VIDEO,Screen Recording 2026-08-16 223317.mp4,pooled_even_odd_wide,4,2
Taylor's Town,Saint-Nicholas,Thyme,New Brighton,6738.4,167,CONFIRMED_FROM_VIDEO,CONFIRMED_FROM_VIDEO,Screen Recording 2026-08-16 223317.mp4,pooled_even_odd_wide,11,1
Taylor's Town,Saint-Nicholas,Thyme,New Catalina,5783.0,154,CONFIRMED_FROM_VIDEO,CONFIRMED_FROM_VIDEO,Screen Recording 2026-08-16 223317.mp4,pooled_even_odd_wide,11,1
Taylor's Town,Saint-Nicholas,Thyme,Pachard Town,9841.0,211,CONFIRMED_FROM_VIDEO,CONFIRMED_FROM_VIDEO,Screen Recording 2026-08-16 223317.mp4,pooled_even_odd_wide,6,1
Taylor's Town,Saint-Nicholas,Thyme,Peter's Cove,2332.6,104,CONFIRMED_FROM_VIDEO,CONFIRMED_FROM_VIDEO,Screen Recording 2026-08-16 223317.mp4,pooled_even_odd_wide,6,1
Taylor's Town,Saint-Nicholas,Thyme,Petit Anvers,14766.8,282,CONFIRMED_FROM_VIDEO,CONFIRMED_FROM_VIDEO,Screen Recording 2026-08-16 223317.mp4,pooled_even_odd_wide,4,2
Taylor's Town,Saint-Nicholas,Thyme,Poblado de San Juan,13249.5,260,CONFIRMED_FROM_VIDEO,CONFIRMED_FROM_VIDEO,Screen Recording 2026-08-16 223317.mp4,pooled_even_odd_wide,6,2
Taylor's Town,Saint-Nicholas,Thyme,Point Rocheux,11311.7,232,CONFIRMED_FROM_VIDEO,CONFIRMED_FROM_VIDEO,Screen Recording 2026-08-16 223317.mp4,pooled_even_odd_wide,4,3
Taylor's Town,Saint-Nicholas,Thyme,Ponta Delgada,18020.1,328,CONFIRMED_FROM_VIDEO,CONFIRMED_FROM_VIDEO,Screen Recording 2026-08-16 223317.mp4,pooled_even_odd_wide,4,2
Taylor's Town,Saint-Nicholas,Thyme,Port Antonio,10958.9,227,CONFIRMED_FROM_VIDEO,CONFIRMED_FROM_VIDEO,Screen Recording 2026-08-16 223317.mp4,pooled_even_odd_wide,4,2
Taylor's Town,Saint-Nicholas,Thyme,Port Louis,10216.9,217,CONFIRMED_FROM_VIDEO,CONFIRMED_FROM_VIDEO,Screen Recording 2026-08-16 223317.mp4,pooled_even_odd_wide,4,2
Taylor's Town,Saint-Nicholas,Thyme,Port Royal,8759.7,196,CONFIRMED_FROM_VIDEO,CONFIRMED_FROM_VIDEO,Screen Recording 2026-08-16 223317.mp4,pooled_even_odd_wide,3,2
Taylor's Town,Saint-Nicholas,Thyme,Port-Au-Croix,10597.8,222,CONFIRMED_FROM_VIDEO,CONFIRMED_FROM_VIDEO,Screen Recording 2026-08-16 223317.mp4,pooled_even_odd_wide,4,2
Taylor's Town,Saint-Nicholas,Thyme,Princeton,4967.5,142,CONFIRMED_FROM_VIDEO,CONFIRMED_FROM_VIDEO,Screen Recording 2026-08-16 223317.mp4,pooled_even_odd_wide,6,1
Taylor's Town,Saint-Nicholas,Thyme,Puerto de San Fernando,12672.3,252,CONFIRMED_FROM_VIDEO,CONFIRMED_FROM_VIDEO,Screen Recording 2026-08-16 223317.mp4,pooled_even_odd_wide,4,2
Taylor's Town,Saint-Nicholas,Thyme,Saint Vincent,8310.3,190,CONFIRMED_FROM_VIDEO,CONFIRMED_FROM_VIDEO,Screen Recording 2026-08-16 223317.mp4,pooled_even_odd_wide,6,4
Taylor's Town,Saint-Nicholas,Thyme,Saint-Nicholas,1517.0,93,CONFIRMED_FROM_VIDEO,CONFIRMED_FROM_VIDEO,Screen Recording 2026-08-16 223317.mp4,pooled_even_odd_wide,4,2
Taylor's Town,Saint-Nicholas,Thyme,Sainte Rose,14730.0,281,CONFIRMED_FROM_VIDEO,CONFIRMED_FROM_VIDEO,Screen Recording 2026-08-16 223317.mp4,pooled_even_odd_wide,7,1
Taylor's Town,Saint-Nicholas,Thyme,San Polo,8717.5,195,CONFIRMED_FROM_VIDEO,CONFIRMED_FROM_VIDEO,Screen Recording 2026-08-16 223317.mp4,pooled_even_odd_wide,6,1
Taylor's Town,Saint-Nicholas,Thyme,San Salvador,11684.8,238,CONFIRMED_FROM_VIDEO,CONFIRMED_FROM_VIDEO,Screen Recording 2026-08-16 223317.mp4,pooled_even_odd_wide,6,2
Taylor's Town,Saint-Nicholas,Thyme,San Vito,6699.0,167,CONFIRMED_FROM_VIDEO,CONFIRMED_FROM_VIDEO,Screen Recording 2026-08-16 223317.mp4,pooled_even_odd_wide,11,1
Taylor's Town,Saint-Nicholas,Thyme,Sandy Settlement,1983.0,100,CONFIRMED_FROM_VIDEO,CONFIRMED_FROM_VIDEO,Screen Recording 2026-08-16 223317.mp4,pooled_even_odd_wide,6,2
Taylor's Town,Saint-Nicholas,Thyme,Santa Maria,12777.1,253,CONFIRMED_FROM_VIDEO,CONFIRMED_FROM_VIDEO,Screen Recording 2026-08-16 223317.mp4,pooled_even_odd_wide,4,2
Taylor's Town,Saint-Nicholas,Thyme,Sao Bento,16695.1,309,CONFIRMED_FROM_VIDEO,CONFIRMED_FROM_VIDEO,Screen Recording 2026-08-16 223317.mp4,pooled_even_odd_wide,4,2
Taylor's Town,Saint-Nicholas,Thyme,Snake Prosper,8857.4,197,CONFIRMED_FROM_VIDEO,CONFIRMED_FROM_VIDEO,Screen Recording 2026-08-16 223317.mp4,pooled_even_odd_wide,6,1
Taylor's Town,Saint-Nicholas,Thyme,Sugar Cove,6200.7,160,CONFIRMED_FROM_VIDEO,CONFIRMED_FROM_VIDEO,Screen Recording 2026-08-16 223317.mp4,pooled_even_odd_wide,6,1
Taylor's Town,Saint-Nicholas,Thyme,Theresa,10642.8,223,CONFIRMED_FROM_VIDEO,CONFIRMED_FROM_VIDEO,Screen Recording 2026-08-16 223317.mp4,pooled_even_odd_wide,2,2
Taylor's Town,Saint-Nicholas,Thyme,Thresher Point,4027.6,129,CONFIRMED_FROM_VIDEO,CONFIRMED_FROM_VIDEO,Screen Recording 2026-08-16 223317.mp4,pooled_even_odd_wide,6,1
Taylor's Town,Saint-Nicholas,Thyme,Venta Nueva,13443.3,263,CONFIRMED_FROM_VIDEO,CONFIRMED_FROM_VIDEO,Screen Recording 2026-08-16 223317.mp4,pooled_even_odd_wide,6,2
Taylor's Town,Saint-Nicholas,Thyme,Villarreal Del Mar,2189.2,245,CONFIRMED_FROM_VIDEO,CONFIRMED_FROM_VIDEO,Screen Recording 2026-08-16 223317.mp4,pooled_even_odd_wide,6,1
Taylor's Town,Saint-Nicholas,Thyme,White Hook,9789.5,211,CONFIRMED_FROM_VIDEO,CONFIRMED_FROM_VIDEO,Screen Recording 2026-08-16 223317.mp4,pooled_even_odd_wide,6,1
Taylor's Town,Saint-Nicholas,Thyme,Wyntergard,12151.9,244,CONFIRMED_FROM_VIDEO,CONFIRMED_FROM_VIDEO,Screen Recording 2026-08-16 223317.mp4,pooled_even_odd_wide,4,2
Taylor's Town,Saint-Nicholas,Thyme,Yorinobu's Settlement,7804.9,182,CONFIRMED_FROM_VIDEO,CONFIRMED_FROM_VIDEO,Screen Recording 2026-08-16 223317.mp4,pooled_even_odd_wide,3,1
Theresa,Kingston,Silk,Al-Jazair,8684.0,178,CONFIRMED_FROM_VIDEO,CONFIRMED_FROM_VIDEO,Screen Recording 2026-08-16 223317.mp4,pooled_even_odd_wide,6,1
Theresa,Kingston,Silk,Ashbourne,9324.2,186,CONFIRMED_FROM_VIDEO,CONFIRMED_FROM_VIDEO,Screen Recording 2026-08-16 223317.mp4,pooled_even_odd_wide,6,1
Theresa,Kingston,Silk,Belfry Heights,6110.7,144,CONFIRMED_FROM_VIDEO,CONFIRMED_FROM_VIDEO,Screen Recording 2026-08-16 223317.mp4,pooled_even_odd_wide,6,1
Theresa,Kingston,Silk,Bucket Bay,7133.7,158,CONFIRMED_FROM_VIDEO,CONFIRMED_FROM_VIDEO,Screen Recording 2026-08-16 223317.mp4,pooled_even_odd_wide,7,1
Theresa,Kingston,Silk,Caledonia,11437.2,214,CONFIRMED_FROM_VIDEO,CONFIRMED_FROM_VIDEO,Screen Recording 2026-08-16 223317.mp4,pooled_even_odd_wide,4,2
Theresa,Kingston,Silk,Castle Landing,10187.7,197,CONFIRMED_FROM_VIDEO,CONFIRMED_FROM_VIDEO,Screen Recording 2026-08-16 223317.mp4,pooled_even_odd_wide,4,2
Theresa,Kingston,Silk,Caveira,4814.1,128,CONFIRMED_FROM_VIDEO,CONFIRMED_FROM_VIDEO,Screen Recording 2026-08-16 223317.mp4,pooled_even_odd_wide,5,1
Theresa,Kingston,Silk,Caye Tiburon,5784.5,140,CONFIRMED_FROM_VIDEO,CONFIRMED_FROM_VIDEO,Screen Recording 2026-08-16 223317.mp4,pooled_even_odd_wide,6,1
Theresa,Kingston,Silk,Crownstead,9777.3,192,CONFIRMED_FROM_VIDEO,CONFIRMED_FROM_VIDEO,Screen Recording 2026-08-16 223317.mp4,pooled_even_odd_wide,6,1
Theresa,Kingston,Silk,Cumberland Hill,12775.7,231,CONFIRMED_FROM_VIDEO,CONFIRMED_FROM_VIDEO,Screen Recording 2026-08-16 223317.mp4,pooled_even_odd_wide,2,2
Theresa,Kingston,Silk,Deadman's Murcia,341.7,212,CONFIRMED_FROM_VIDEO,CONFIRMED_FROM_VIDEO,Screen Recording 2026-08-16 223317.mp4,pooled_even_odd_wide,6,2
Theresa,Kingston,Silk,Fair Harbour,8447.8,175,CONFIRMED_FROM_VIDEO,CONFIRMED_FROM_VIDEO,Screen Recording 2026-08-16 223317.mp4,pooled_even_odd_wide,4,2
Theresa,Kingston,Silk,Falmouth,2014.7,91,CONFIRMED_FROM_VIDEO,CONFIRMED_FROM_VIDEO,Screen Recording 2026-08-16 223317.mp4,pooled_even_odd_wide,8,2
Theresa,Kingston,Silk,Gyldenvale,11144.9,210,CONFIRMED_FROM_VIDEO,CONFIRMED_FROM_VIDEO,Screen Recording 2026-08-16 223317.mp4,pooled_even_odd_wide,6,2
Theresa,Kingston,Silk,Jones' Outpost,11954.3,220,CONFIRMED_FROM_VIDEO,CONFIRMED_FROM_VIDEO,Screen Recording 2026-08-16 223317.mp4,pooled_even_odd_wide,4,2
Theresa,Kingston,Silk,Kandlerova,8466.7,175,CONFIRMED_FROM_VIDEO,CONFIRMED_FROM_VIDEO,Screen Recording 2026-08-16 223317.mp4,pooled_even_odd_wide,6,1
Theresa,Kingston,Silk,La Povenglia,7577.5,164,CONFIRMED_FROM_VIDEO,CONFIRMED_FROM_VIDEO,Screen Recording 2026-08-16 223317.mp4,pooled_even_odd_wide,7,1
Theresa,Kingston,Silk,Lebarde,8705.3,178,CONFIRMED_FROM_VIDEO,CONFIRMED_FROM_VIDEO,Screen Recording 2026-08-16 223317.mp4,pooled_even_odd_wide,6,1
Theresa,Kingston,Silk,Lord Irving's Sacrifice,3835.2,115,CONFIRMED_FROM_VIDEO,CONFIRMED_FROM_VIDEO,Screen Recording 2026-08-16 223317.mp4,pooled_even_odd_wide,12,1
Theresa,Kingston,Silk,Louisbourg,7338.6,160,CONFIRMED_FROM_VIDEO,CONFIRMED_FROM_VIDEO,Screen Recording 2026-08-16 223317.mp4,pooled_even_odd_wide,7,1
Theresa,Kingston,Silk,Madalena,6754.1,153,CONFIRMED_FROM_VIDEO,CONFIRMED_FROM_VIDEO,Screen Recording 2026-08-16 223317.mp4,pooled_even_odd_wide,8,1
Theresa,Kingston,Silk,Mako's Outlook,4587.9,125,CONFIRMED_FROM_VIDEO,CONFIRMED_FROM_VIDEO,Screen Recording 2026-08-16 223317.mp4,pooled_even_odd_wide,6,1
Theresa,Kingston,Silk,Matthew's Rest,6378.0,148,CONFIRMED_FROM_VIDEO,CONFIRMED_FROM_VIDEO,Screen Recording 2026-08-16 223317.mp4,pooled_even_odd_wide,6,2
Theresa,Kingston,Silk,Maurepas,6908.7,155,CONFIRMED_FROM_VIDEO,CONFIRMED_FROM_VIDEO,Screen Recording 2026-08-16 223317.mp4,pooled_even_odd_wide,6,1
Theresa,Kingston,Silk,New Brighton,7047.8,157,CONFIRMED_FROM_VIDEO,CONFIRMED_FROM_VIDEO,Screen Recording 2026-08-16 223317.mp4,pooled_even_odd_wide,6,1
Theresa,Kingston,Silk,New Catalina,12596.7,229,CONFIRMED_FROM_VIDEO,CONFIRMED_FROM_VIDEO,Screen Recording 2026-08-16 223317.mp4,pooled_even_odd_wide,4,2
Theresa,Kingston,Silk,Pachard Town,5406.4,135,CONFIRMED_FROM_VIDEO,CONFIRMED_FROM_VIDEO,Screen Recording 2026-08-16 223317.mp4,pooled_even_odd_wide,5,1
Theresa,Kingston,Silk,Peter's Cove,8843.2,180,CONFIRMED_FROM_VIDEO,CONFIRMED_FROM_VIDEO,Screen Recording 2026-08-16 223317.mp4,pooled_even_odd_wide,6,1
Theresa,Kingston,Silk,Petit Anvers,8928.2,181,CONFIRMED_FROM_VIDEO,CONFIRMED_FROM_VIDEO,Screen Recording 2026-08-16 223317.mp4,pooled_even_odd_wide,6,1
Theresa,Kingston,Silk,Poblado de San Juan,4047.2,118,CONFIRMED_FROM_VIDEO,CONFIRMED_FROM_VIDEO,Screen Recording 2026-08-16 223317.mp4,pooled_even_odd_wide,9,2
Theresa,Kingston,Silk,Point Rocheux,4237.9,120,CONFIRMED_FROM_VIDEO,CONFIRMED_FROM_VIDEO,Screen Recording 2026-08-16 223317.mp4,pooled_even_odd_wide,14,1
Theresa,Kingston,Silk,Ponta Delgada,7707.1,165,CONFIRMED_FROM_VIDEO,CONFIRMED_FROM_VIDEO,Screen Recording 2026-08-16 223317.mp4,pooled_even_odd_wide,6,1
Theresa,Kingston,Silk,Port Antonio,1135.5,80,CONFIRMED_FROM_VIDEO,CONFIRMED_FROM_VIDEO,Screen Recording 2026-08-16 223317.mp4,pooled_even_odd_wide,8,1
Theresa,Kingston,Silk,Port Louis,9024.6,182,CONFIRMED_FROM_VIDEO,CONFIRMED_FROM_VIDEO,Screen Recording 2026-08-16 223317.mp4,pooled_even_odd_wide,9,1
Theresa,Kingston,Silk,Port Royal,1884.8,90,CONFIRMED_FROM_VIDEO,CONFIRMED_FROM_VIDEO,Screen Recording 2026-08-16 223317.mp4,pooled_even_odd_wide,8,1
Theresa,Kingston,Silk,Port-Au-Croix,4822.8,128,CONFIRMED_FROM_VIDEO,CONFIRMED_FROM_VIDEO,Screen Recording 2026-08-16 223317.mp4,pooled_even_odd_wide,5,1
Theresa,Kingston,Silk,Princeton,8964.4,182,CONFIRMED_FROM_VIDEO,CONFIRMED_FROM_VIDEO,Screen Recording 2026-08-16 223317.mp4,pooled_even_odd_wide,6,1
Theresa,Kingston,Silk,Puerto de San Fernando,2200.4,94,CONFIRMED_FROM_VIDEO,CONFIRMED_FROM_VIDEO,Screen Recording 2026-08-16 223317.mp4,pooled_even_odd_wide,9,1
Theresa,Kingston,Silk,Saint Vincent,9126.1,184,CONFIRMED_FROM_VIDEO,CONFIRMED_FROM_VIDEO,Screen Recording 2026-08-16 223317.mp4,pooled_even_odd_wide,4,1
Theresa,Kingston,Silk,Saint-Nicholas,10318.1,199,CONFIRMED_FROM_VIDEO,CONFIRMED_FROM_VIDEO,Screen Recording 2026-08-16 223317.mp4,pooled_even_odd_wide,4,2
Theresa,Kingston,Silk,Sainte Rose,7733.2,166,CONFIRMED_FROM_VIDEO,CONFIRMED_FROM_VIDEO,Screen Recording 2026-08-16 223317.mp4,pooled_even_odd_wide,6,1
Theresa,Kingston,Silk,San Polo,7926.6,168,CONFIRMED_FROM_VIDEO,CONFIRMED_FROM_VIDEO,Screen Recording 2026-08-16 223317.mp4,pooled_even_odd_wide,6,1
Theresa,Kingston,Silk,San Salvador,4536.0,124,CONFIRMED_FROM_VIDEO,CONFIRMED_FROM_VIDEO,Screen Recording 2026-08-16 223317.mp4,pooled_even_odd_wide,6,1
Theresa,Kingston,Silk,San Vito,5899.2,142,CONFIRMED_FROM_VIDEO,CONFIRMED_FROM_VIDEO,Screen Recording 2026-08-16 223317.mp4,pooled_even_odd_wide,6,1
Theresa,Kingston,Silk,Sandy Settlement,9946.8,194,CONFIRMED_FROM_VIDEO,CONFIRMED_FROM_VIDEO,Screen Recording 2026-08-16 223317.mp4,pooled_even_odd_wide,4,1
Theresa,Kingston,Silk,Santa Maria,3675.6,113,CONFIRMED_FROM_VIDEO,CONFIRMED_FROM_VIDEO,Screen Recording 2026-08-16 223317.mp4,pooled_even_odd_wide,12,1
Theresa,Kingston,Silk,Sao Bento,6159.2,145,CONFIRMED_FROM_VIDEO,CONFIRMED_FROM_VIDEO,Screen Recording 2026-08-16 223317.mp4,pooled_even_odd_wide,6,1
Theresa,Kingston,Silk,Snake Prosper,11041.5,209,CONFIRMED_FROM_VIDEO,CONFIRMED_FROM_VIDEO,Screen Recording 2026-08-16 223317.mp4,pooled_even_odd_wide,8,2
Theresa,Kingston,Silk,Sugar Cove,13574.8,241,CONFIRMED_FROM_VIDEO,CONFIRMED_FROM_VIDEO,Screen Recording 2026-08-16 223317.mp4,pooled_even_odd_wide,4,2
Theresa,Kingston,Silk,Taylor's Town,10642.8,203,CONFIRMED_FROM_VIDEO,CONFIRMED_FROM_VIDEO,Screen Recording 2026-08-16 223317.mp4,pooled_even_odd_wide,7,2
Theresa,Kingston,Silk,Thresher Point,6660.5,152,CONFIRMED_FROM_VIDEO,CONFIRMED_FROM_VIDEO,Screen Recording 2026-08-16 223317.mp4,pooled_even_odd_wide,3,3
Theresa,Kingston,Silk,Venta Nueva,3464.4,110,CONFIRMED_FROM_VIDEO,CONFIRMED_FROM_VIDEO,Screen Recording 2026-08-16 223317.mp4,pooled_even_odd_wide,9,1
Theresa,Kingston,Silk,Villarreal Del Mar,2775.1,101,CONFIRMED_FROM_VIDEO,CONFIRMED_FROM_VIDEO,Screen Recording 2026-08-16 223317.mp4,pooled_even_odd_wide,9,1
Theresa,Kingston,Silk,White Hook,12176.6,223,CONFIRMED_FROM_VIDEO,CONFIRMED_FROM_VIDEO,Screen Recording 2026-08-16 223317.mp4,pooled_even_odd_wide,4,2
Theresa,Kingston,Silk,Wyntergard,10365.2,200,CONFIRMED_FROM_VIDEO,CONFIRMED_FROM_VIDEO,Screen Recording 2026-08-16 223317.mp4,pooled_even_odd_wide,4,2
Theresa,Kingston,Silk,Yorinobu's Settlement,7072.1,157,CONFIRMED_FROM_VIDEO,CONFIRMED_FROM_VIDEO,Screen Recording 2026-08-16 223317.mp4,pooled_even_odd_wide,3,1
Thresher Point,Blacktip Shoals,Rope,Al-Jazair,5158.1,183,CONFIRMED_FROM_VIDEO,CONFIRMED_FROM_VIDEO,Screen Recording 2026-08-16 223317.mp4,pooled_even_odd_wide,6,1
Thresher Point,Blacktip Shoals,Rope,Ashbourne,9303.0,257,CONFIRMED_FROM_VIDEO,CONFIRMED_FROM_VIDEO,Screen Recording 2026-08-16 223317.mp4,pooled_even_odd_wide,6,1
Thresher Point,Blacktip Shoals,Rope,Belfry Heights,863.9,106,CONFIRMED_FROM_VIDEO,CONFIRMED_FROM_VIDEO,Screen Recording 2026-08-16 223317.mp4,pooled_even_odd_wide,5,1
Thresher Point,Blacktip Shoals,Rope,Bucket Bay,6442.0,206,CONFIRMED_FROM_VIDEO,CONFIRMED_FROM_VIDEO,Screen Recording 2026-08-16 223317.mp4,pooled_even_odd_wide,12,1
Thresher Point,Blacktip Shoals,Rope,Caledonia,8106.2,236,CONFIRMED_FROM_VIDEO,CONFIRMED_FROM_VIDEO,Screen Recording 2026-08-16 223317.mp4,pooled_even_odd_wide,8,1
Thresher Point,Blacktip Shoals,Rope,Castle Landing,4270.3,167,CONFIRMED_FROM_VIDEO,CONFIRMED_FROM_VIDEO,Screen Recording 2026-08-16 223317.mp4,pooled_even_odd_wide,7,1
Thresher Point,Blacktip Shoals,Rope,Caveira,11471.0,296,CONFIRMED_FROM_VIDEO,CONFIRMED_FROM_VIDEO,Screen Recording 2026-08-16 223317.mp4,pooled_even_odd_wide,8,1
Thresher Point,Blacktip Shoals,Rope,Caye Tiburon,1338.3,114,CONFIRMED_FROM_VIDEO,CONFIRMED_FROM_VIDEO,Screen Recording 2026-08-16 223317.mp4,pooled_even_odd_wide,4,2
Thresher Point,Blacktip Shoals,Rope,Crownstead,10088.8,272,CONFIRMED_FROM_VIDEO,CONFIRMED_FROM_VIDEO,Screen Recording 2026-08-16 223317.mp4,pooled_even_odd_wide,3,2
Thresher Point,Blacktip Shoals,Rope,Cumberland Hill,7342.8,222,CONFIRMED_FROM_VIDEO,CONFIRMED_FROM_VIDEO,Screen Recording 2026-08-16 223317.mp4,pooled_even_odd_wide,4,2
Thresher Point,Blacktip Shoals,Rope,Deadman's Murcia,8497.7,243,CONFIRMED_FROM_VIDEO,CONFIRMED_FROM_VIDEO,Screen Recording 2026-08-16 223317.mp4,pooled_even_odd_wide,6,1
Thresher Point,Blacktip Shoals,Rope,Fair Harbour,7034.2,217,CONFIRMED_FROM_VIDEO,CONFIRMED_FROM_VIDEO,Screen Recording 2026-08-16 223317.mp4,pooled_even_odd_wide,7,1
Thresher Point,Blacktip Shoals,Rope,Falmouth,6376.4,205,CONFIRMED_FROM_VIDEO,CONFIRMED_FROM_VIDEO,Screen Recording 2026-08-16 223317.mp4,pooled_even_odd_wide,12,1
Thresher Point,Blacktip Shoals,Rope,Gyldenvale,11098.5,290,CONFIRMED_FROM_VIDEO,CONFIRMED_FROM_VIDEO,Screen Recording 2026-08-16 223317.mp4,pooled_even_odd_wide,6,2
Thresher Point,Blacktip Shoals,Rope,Jones' Outpost,6828.5,213,CONFIRMED_FROM_VIDEO,CONFIRMED_FROM_VIDEO,Screen Recording 2026-08-16 223317.mp4,pooled_even_odd_wide,7,1
Thresher Point,Blacktip Shoals,Rope,Kandlerova,8061.7,235,CONFIRMED_FROM_VIDEO,CONFIRMED_FROM_VIDEO,Screen Recording 2026-08-16 223317.mp4,pooled_even_odd_wide,8,1
Thresher Point,Blacktip Shoals,Rope,La Povenglia,5172.9,183,CONFIRMED_FROM_VIDEO,CONFIRMED_FROM_VIDEO,Screen Recording 2026-08-16 223317.mp4,pooled_even_odd_wide,6,1
Thresher Point,Blacktip Shoals,Rope,Lebarde,2581.4,136,CONFIRMED_FROM_VIDEO,CONFIRMED_FROM_VIDEO,Screen Recording 2026-08-16 223317.mp4,pooled_even_odd_wide,5,1
Thresher Point,Blacktip Shoals,Rope,Lord Irving's Sacrifice,3307.7,150,CONFIRMED_FROM_VIDEO,CONFIRMED_FROM_VIDEO,Screen Recording 2026-08-16 223317.mp4,pooled_even_odd_wide,5,2
Thresher Point,Blacktip Shoals,Rope,Louisbourg,10154.7,273,CONFIRMED_FROM_VIDEO,CONFIRMED_FROM_VIDEO,Screen Recording 2026-08-16 223317.mp4,pooled_even_odd_wide,6,2
Thresher Point,Blacktip Shoals,Rope,Madalena,13408.3,331,CONFIRMED_FROM_VIDEO,CONFIRMED_FROM_VIDEO,Screen Recording 2026-08-16 223317.mp4,pooled_even_odd_wide,5,3
Thresher Point,Blacktip Shoals,Rope,Mako's Outlook,2954.2,143,CONFIRMED_FROM_VIDEO,CONFIRMED_FROM_VIDEO,Screen Recording 2026-08-16 223317.mp4,pooled_even_odd_wide,5,1
Thresher Point,Blacktip Shoals,Rope,Matthew's Rest,6490.3,207,CONFIRMED_FROM_VIDEO,CONFIRMED_FROM_VIDEO,Screen Recording 2026-08-16 223317.mp4,pooled_even_odd_wide,7,1
Thresher Point,Blacktip Shoals,Rope,Maurepas,9317.7,258,CONFIRMED_FROM_VIDEO,CONFIRMED_FROM_VIDEO,Screen Recording 2026-08-16 223317.mp4,pooled_even_odd_wide,4,1
Thresher Point,Blacktip Shoals,Rope,New Brighton,4061.1,163,CONFIRMED_FROM_VIDEO,CONFIRMED_FROM_VIDEO,Screen Recording 2026-08-16 223317.mp4,pooled_even_odd_wide,12,1
Thresher Point,Blacktip Shoals,Rope,New Catalina,6976.7,216,CONFIRMED_FROM_VIDEO,CONFIRMED_FROM_VIDEO,Screen Recording 2026-08-16 223317.mp4,pooled_even_odd_wide,5,1
Thresher Point,Blacktip Shoals,Rope,Pachard Town,6353.3,204,CONFIRMED_FROM_VIDEO,CONFIRMED_FROM_VIDEO,Screen Recording 2026-08-16 223317.mp4,pooled_even_odd_wide,11,1
Thresher Point,Blacktip Shoals,Rope,Peter's Cove,2779.7,140,CONFIRMED_FROM_VIDEO,CONFIRMED_FROM_VIDEO,Screen Recording 2026-08-16 223317.mp4,pooled_even_odd_wide,5,1
Thresher Point,Blacktip Shoals,Rope,Petit Anvers,11458.3,296,CONFIRMED_FROM_VIDEO,CONFIRMED_FROM_VIDEO,Screen Recording 2026-08-16 223317.mp4,pooled_even_odd_wide,6,2
Thresher Point,Blacktip Shoals,Rope,Poblado de San Juan,9626.0,263,CONFIRMED_FROM_VIDEO,CONFIRMED_FROM_VIDEO,Screen Recording 2026-08-16 223317.mp4,pooled_even_odd_wide,4,2
Thresher Point,Blacktip Shoals,Rope,Point Rocheux,7499.4,225,CONFIRMED_FROM_VIDEO,CONFIRMED_FROM_VIDEO,Screen Recording 2026-08-16 223317.mp4,pooled_even_odd_wide,6,1
Thresher Point,Blacktip Shoals,Rope,Ponta Delgada,13997.2,342,CONFIRMED_FROM_VIDEO,CONFIRMED_FROM_VIDEO,Screen Recording 2026-08-16 223317.mp4,pooled_even_odd_wide,4,2
Thresher Point,Blacktip Shoals,Rope,Port Antonio,6932.3,215,CONFIRMED_FROM_VIDEO,CONFIRMED_FROM_VIDEO,Screen Recording 2026-08-16 223317.mp4,pooled_even_odd_wide,7,1
Thresher Point,Blacktip Shoals,Rope,Port Louis,7863.2,232,CONFIRMED_FROM_VIDEO,CONFIRMED_FROM_VIDEO,Screen Recording 2026-08-16 223317.mp4,pooled_even_odd_wide,8,1
Thresher Point,Blacktip Shoals,Rope,Port Royal,4791.8,176,CONFIRMED_FROM_VIDEO,CONFIRMED_FROM_VIDEO,Screen Recording 2026-08-16 223317.mp4,pooled_even_odd_wide,7,1
Thresher Point,Blacktip Shoals,Rope,Port-Au-Croix,6931.1,215,CONFIRMED_FROM_VIDEO,CONFIRMED_FROM_VIDEO,Screen Recording 2026-08-16 223317.mp4,pooled_even_odd_wide,3,1
Thresher Point,Blacktip Shoals,Rope,Princeton,3910.0,160,CONFIRMED_FROM_VIDEO,CONFIRMED_FROM_VIDEO,Screen Recording 2026-08-16 223317.mp4,pooled_even_odd_wide,11,1
Thresher Point,Blacktip Shoals,Rope,Puerto de San Fernando,8752.3,248,CONFIRMED_FROM_VIDEO,CONFIRMED_FROM_VIDEO,Screen Recording 2026-08-16 223317.mp4,pooled_even_odd_wide,6,1
Thresher Point,Blacktip Shoals,Rope,Saint Vincent,6442.1,206,CONFIRMED_FROM_VIDEO,CONFIRMED_FROM_VIDEO,Screen Recording 2026-08-16 223317.mp4,pooled_even_odd_wide,6,2
Thresher Point,Blacktip Shoals,Rope,Saint-Nicholas,4060.5,163,CONFIRMED_FROM_VIDEO,CONFIRMED_FROM_VIDEO,Screen Recording 2026-08-16 223317.mp4,pooled_even_odd_wide,7,1
Thresher Point,Blacktip Shoals,Rope,Sainte Rose,11156.4,291,CONFIRMED_FROM_VIDEO,CONFIRMED_FROM_VIDEO,Screen Recording 2026-08-16 223317.mp4,pooled_even_odd_wide,6,2
Thresher Point,Blacktip Shoals,Rope,San Polo,7126.6,218,CONFIRMED_FROM_VIDEO,CONFIRMED_FROM_VIDEO,Screen Recording 2026-08-16 223317.mp4,pooled_even_odd_wide,6,1
Thresher Point,Blacktip Shoals,Rope,San Salvador,8422.6,242,CONFIRMED_FROM_VIDEO,CONFIRMED_FROM_VIDEO,Screen Recording 2026-08-16 223317.mp4,pooled_even_odd_wide,6,1
Thresher Point,Blacktip Shoals,Rope,San Vito,4236.9,166,CONFIRMED_FROM_VIDEO,CONFIRMED_FROM_VIDEO,Screen Recording 2026-08-16 223317.mp4,pooled_even_odd_wide,7,1
Thresher Point,Blacktip Shoals,Rope,Sandy Settlement,3872.4,160,CONFIRMED_FROM_VIDEO,CONFIRMED_FROM_VIDEO,Screen Recording 2026-08-16 223317.mp4,pooled_even_odd_wide,10,1
Thresher Point,Blacktip Shoals,Rope,Santa Maria,9151.0,255,CONFIRMED_FROM_VIDEO,CONFIRMED_FROM_VIDEO,Screen Recording 2026-08-16 223317.mp4,pooled_even_odd_wide,6,1
Thresher Point,Blacktip Shoals,Rope,Sao Bento,12670.3,318,CONFIRMED_FROM_VIDEO,CONFIRMED_FROM_VIDEO,Screen Recording 2026-08-16 223317.mp4,pooled_even_odd_wide,6,2
Thresher Point,Blacktip Shoals,Rope,Snake Prosper,7784.6,230,CONFIRMED_FROM_VIDEO,CONFIRMED_FROM_VIDEO,Screen Recording 2026-08-16 223317.mp4,pooled_even_odd_wide,6,1
Thresher Point,Blacktip Shoals,Rope,Sugar Cove,7821.6,231,CONFIRMED_FROM_VIDEO,CONFIRMED_FROM_VIDEO,Screen Recording 2026-08-16 223317.mp4,pooled_even_odd_wide,6,1
Thresher Point,Blacktip Shoals,Rope,Taylor's Town,4027.6,162,CONFIRMED_FROM_VIDEO,CONFIRMED_FROM_VIDEO,Screen Recording 2026-08-16 223317.mp4,pooled_even_odd_wide,12,1
Thresher Point,Blacktip Shoals,Rope,Theresa,6660.5,210,CONFIRMED_FROM_VIDEO,CONFIRMED_FROM_VIDEO,Screen Recording 2026-08-16 223317.mp4,pooled_even_odd_wide,7,1
Thresher Point,Blacktip Shoals,Rope,Venta Nueva,9423.5,260,CONFIRMED_FROM_VIDEO,CONFIRMED_FROM_VIDEO,Screen Recording 2026-08-16 223317.mp4,pooled_even_odd_wide,4,1
Thresher Point,Blacktip Shoals,Rope,Villarreal Del Mar,8182.8,237,CONFIRMED_FROM_VIDEO,CONFIRMED_FROM_VIDEO,Screen Recording 2026-08-16 223317.mp4,pooled_even_odd_wide,6,1
Thresher Point,Blacktip Shoals,Rope,White Hook,8959.4,251,CONFIRMED_FROM_VIDEO,CONFIRMED_FROM_VIDEO,Screen Recording 2026-08-16 223317.mp4,pooled_even_odd_wide,6,1
Thresher Point,Blacktip Shoals,Rope,Wyntergard,9843.0,267,CONFIRMED_FROM_VIDEO,CONFIRMED_FROM_VIDEO,Screen Recording 2026-08-16 223317.mp4,pooled_even_odd_wide,8,1
Thresher Point,Blacktip Shoals,Rope,Yorinobu's Settlement,5053.3,181,CONFIRMED_FROM_VIDEO,CONFIRMED_FROM_VIDEO,Screen Recording 2026-08-16 223317.mp4,pooled_even_odd_wide,5,1
White Hook,East Somerset,Pearls,Al-Jazair,3909.8,187,CONFIRMED_FROM_VIDEO,CONFIRMED_FROM_VIDEO,Screen Recording 2026-08-16 223317.mp4,pooled_even_odd_wide,14,1
White Hook,East Somerset,Pearls,Ashbourne,5075.7,212,CONFIRMED_FROM_VIDEO,CONFIRMED_FROM_VIDEO,Screen Recording 2026-08-16 223317.mp4,pooled_even_odd_wide,6,1
White Hook,East Somerset,Pearls,Belfry Heights,9709.8,309,CONFIRMED_FROM_VIDEO,CONFIRMED_FROM_VIDEO,Screen Recording 2026-08-16 223317.mp4,pooled_even_odd_wide,4,1
White Hook,East Somerset,Pearls,Bucket Bay,5269.0,216,CONFIRMED_FROM_VIDEO,CONFIRMED_FROM_VIDEO,Screen Recording 2026-08-16 223317.mp4,pooled_even_odd_wide,9,1
White Hook,East Somerset,Pearls,Caledonia,854.8,123,CONFIRMED_FROM_VIDEO,CONFIRMED_FROM_VIDEO,Screen Recording 2026-08-16 223317.mp4,pooled_even_odd_wide,11,1
White Hook,East Somerset,Pearls,Castle Landing,5983.6,231,CONFIRMED_FROM_VIDEO,CONFIRMED_FROM_VIDEO,Screen Recording 2026-08-16 223317.mp4,pooled_even_odd_wide,9,1
White Hook,East Somerset,Pearls,Caveira,15755.9,436,CONFIRMED_FROM_VIDEO,CONFIRMED_FROM_VIDEO,Screen Recording 2026-08-16 223317.mp4,pooled_even_odd_wide,7,3
White Hook,East Somerset,Pearls,Caye Tiburon,8303.0,279,CONFIRMED_FROM_VIDEO,CONFIRMED_FROM_VIDEO,Screen Recording 2026-08-16 223317.mp4,pooled_even_odd_wide,6,1
White Hook,East Somerset,Pearls,Crownstead,5597.8,223,CONFIRMED_FROM_VIDEO,CONFIRMED_FROM_VIDEO,Screen Recording 2026-08-16 223317.mp4,pooled_even_odd_wide,9,1
White Hook,East Somerset,Pearls,Cumberland Hill,4521.5,200,CONFIRMED_FROM_VIDEO,CONFIRMED_FROM_VIDEO,Screen Recording 2026-08-16 223317.mp4,pooled_even_odd_wide,11,2
White Hook,East Somerset,Pearls,Deadman's Murcia,930.4,125,CONFIRMED_FROM_VIDEO,CONFIRMED_FROM_VIDEO,Screen Recording 2026-08-16 223317.mp4,pooled_even_odd_wide,8,2
White Hook,East Somerset,Pearls,Fair Harbour,3974.7,188,CONFIRMED_FROM_VIDEO,CONFIRMED_FROM_VIDEO,Screen Recording 2026-08-16 223317.mp4,pooled_even_odd_wide,14,1
White Hook,East Somerset,Pearls,Falmouth,10422.3,324,CONFIRMED_FROM_VIDEO,CONFIRMED_FROM_VIDEO,Screen Recording 2026-08-16 223317.mp4,pooled_even_odd_wide,4,2
White Hook,East Somerset,Pearls,Gyldenvale,5349.6,217,CONFIRMED_FROM_VIDEO,CONFIRMED_FROM_VIDEO,Screen Recording 2026-08-16 223317.mp4,pooled_even_odd_wide,10,1
White Hook,East Somerset,Pearls,Jones' Outpost,3818.9,185,CONFIRMED_FROM_VIDEO,CONFIRMED_FROM_VIDEO,Screen Recording 2026-08-16 223317.mp4,pooled_even_odd_wide,13,1
White Hook,East Somerset,Pearls,Kandlerova,16967.5,461,CONFIRMED_FROM_VIDEO,CONFIRMED_FROM_VIDEO,Screen Recording 2026-08-16 223317.mp4,pooled_even_odd_wide,4,2
White Hook,East Somerset,Pearls,La Povenglia,14132.3,402,CONFIRMED_FROM_VIDEO,CONFIRMED_FROM_VIDEO,Screen Recording 2026-08-16 223317.mp4,pooled_even_odd_wide,6,2
White Hook,East Somerset,Pearls,Lebarde,6990.8,252,CONFIRMED_FROM_VIDEO,CONFIRMED_FROM_VIDEO,Screen Recording 2026-08-16 223317.mp4,pooled_even_odd_wide,7,2
White Hook,East Somerset,Pearls,Lord Irving's Sacrifice,11163.1,339,CONFIRMED_FROM_VIDEO,CONFIRMED_FROM_VIDEO,Screen Recording 2026-08-16 223317.mp4,pooled_even_odd_wide,2,2
White Hook,East Somerset,Pearls,Louisbourg,8921.7,292,CONFIRMED_FROM_VIDEO,CONFIRMED_FROM_VIDEO,Screen Recording 2026-08-16 223317.mp4,pooled_even_odd_wide,8,1
White Hook,East Somerset,Pearls,Madalena,17330.5,469,CONFIRMED_FROM_VIDEO,CONFIRMED_FROM_VIDEO,Screen Recording 2026-08-16 223317.mp4,pooled_even_odd_wide,4,3
White Hook,East Somerset,Pearls,Mako's Outlook,11298.6,342,CONFIRMED_FROM_VIDEO,CONFIRMED_FROM_VIDEO,Screen Recording 2026-08-16 223317.mp4,pooled_even_odd_wide,2,2
White Hook,East Somerset,Pearls,Matthew's Rest,6157.7,234,CONFIRMED_FROM_VIDEO,CONFIRMED_FROM_VIDEO,Screen Recording 2026-08-16 223317.mp4,pooled_even_odd_wide,9,1
White Hook,East Somerset,Pearls,Maurepas,8257.0,278,CONFIRMED_FROM_VIDEO,CONFIRMED_FROM_VIDEO,Screen Recording 2026-08-16 223317.mp4,pooled_even_odd_wide,5,1
White Hook,East Somerset,Pearls,New Brighton,5473.2,220,CONFIRMED_FROM_VIDEO,CONFIRMED_FROM_VIDEO,Screen Recording 2026-08-16 223317.mp4,pooled_even_odd_wide,9,1
White Hook,East Somerset,Pearls,New Catalina,4970.9,209,CONFIRMED_FROM_VIDEO,CONFIRMED_FROM_VIDEO,Screen Recording 2026-08-16 223317.mp4,pooled_even_odd_wide,6,1
White Hook,East Somerset,Pearls,Pachard Town,7153.5,255,CONFIRMED_FROM_VIDEO,CONFIRMED_FROM_VIDEO,Screen Recording 2026-08-16 223317.mp4,pooled_even_odd_wide,8,1
White Hook,East Somerset,Pearls,Peter's Cove,10754.4,331,CONFIRMED_FROM_VIDEO,CONFIRMED_FROM_VIDEO,Screen Recording 2026-08-16 223317.mp4,pooled_even_odd_wide,4,2
White Hook,East Somerset,Pearls,Petit Anvers,8977.6,294,CONFIRMED_FROM_VIDEO,CONFIRMED_FROM_VIDEO,Screen Recording 2026-08-16 223317.mp4,pooled_even_odd_wide,6,1
White Hook,East Somerset,Pearls,Poblado de San Juan,16197.4,445,CONFIRMED_FROM_VIDEO,CONFIRMED_FROM_VIDEO,Screen Recording 2026-08-16 223317.mp4,pooled_even_odd_wide,4,2
White Hook,East Somerset,Pearls,Point Rocheux,9193.9,298,CONFIRMED_FROM_VIDEO,CONFIRMED_FROM_VIDEO,Screen Recording 2026-08-16 223317.mp4,pooled_even_odd_wide,5,2
White Hook,East Somerset,Pearls,Ponta Delgada,16270.3,447,CONFIRMED_FROM_VIDEO,CONFIRMED_FROM_VIDEO,Screen Recording 2026-08-16 223317.mp4,pooled_even_odd_wide,4,2
White Hook,East Somerset,Pearls,Port Antonio,11528.8,347,CONFIRMED_FROM_VIDEO,CONFIRMED_FROM_VIDEO,Screen Recording 2026-08-16 223317.mp4,pooled_even_odd_wide,2,2
White Hook,East Somerset,Pearls,Port Louis,3807.4,185,CONFIRMED_FROM_VIDEO,CONFIRMED_FROM_VIDEO,Screen Recording 2026-08-16 223317.mp4,pooled_even_odd_wide,12,1
White Hook,East Somerset,Pearls,Port Royal,11130.1,339,CONFIRMED_FROM_VIDEO,CONFIRMED_FROM_VIDEO,Screen Recording 2026-08-16 223317.mp4,pooled_even_odd_wide,2,2
White Hook,East Somerset,Pearls,Port-Au-Croix,8127.3,276,CONFIRMED_FROM_VIDEO,CONFIRMED_FROM_VIDEO,Screen Recording 2026-08-16 223317.mp4,pooled_even_odd_wide,6,1
White Hook,East Somerset,Pearls,Princeton,5199.0,214,CONFIRMED_FROM_VIDEO,CONFIRMED_FROM_VIDEO,Screen Recording 2026-08-16 223317.mp4,pooled_even_odd_wide,9,1
White Hook,East Somerset,Pearls,Puerto de San Fernando,14196.5,403,CONFIRMED_FROM_VIDEO,CONFIRMED_FROM_VIDEO,Screen Recording 2026-08-16 223317.mp4,pooled_even_odd_wide,8,2
White Hook,East Somerset,Pearls,Saint Vincent,3059.6,169,CONFIRMED_FROM_VIDEO,CONFIRMED_FROM_VIDEO,Screen Recording 2026-08-16 223317.mp4,pooled_even_odd_wide,11,2
White Hook,East Somerset,Pearls,Saint-Nicholas,11088.0,338,CONFIRMED_FROM_VIDEO,CONFIRMED_FROM_VIDEO,Screen Recording 2026-08-16 223317.mp4,pooled_even_odd_wide,6,1
White Hook,East Somerset,Pearls,Sainte Rose,10030.8,316,CONFIRMED_FROM_VIDEO,CONFIRMED_FROM_VIDEO,Screen Recording 2026-08-16 223317.mp4,pooled_even_odd_wide,3,2
White Hook,East Somerset,Pearls,San Polo,16042.5,442,CONFIRMED_FROM_VIDEO,CONFIRMED_FROM_VIDEO,Screen Recording 2026-08-16 223317.mp4,pooled_even_odd_wide,6,2
White Hook,East Somerset,Pearls,San Salvador,15991.3,441,CONFIRMED_FROM_VIDEO,CONFIRMED_FROM_VIDEO,Screen Recording 2026-08-16 223317.mp4,pooled_even_odd_wide,6,2
White Hook,East Somerset,Pearls,San Vito,13058.6,379,CONFIRMED_FROM_VIDEO,CONFIRMED_FROM_VIDEO,Screen Recording 2026-08-16 223317.mp4,pooled_even_odd_wide,4,2
White Hook,East Somerset,Pearls,Sandy Settlement,1328.7,343,CONFIRMED_FROM_VIDEO,CONFIRMED_FROM_VIDEO,Screen Recording 2026-08-16 223317.mp4,pooled_even_odd_wide,3,1
White Hook,East Somerset,Pearls,Santa Maria,15790.8,437,CONFIRMED_FROM_VIDEO,CONFIRMED_FROM_VIDEO,Screen Recording 2026-08-16 223317.mp4,pooled_even_odd_wide,8,2
White Hook,East Somerset,Pearls,Sao Bento,15896.8,439,CONFIRMED_FROM_VIDEO,CONFIRMED_FROM_VIDEO,Screen Recording 2026-08-16 223317.mp4,pooled_even_odd_wide,6,4
White Hook,East Somerset,Pearls,Snake Prosper,1210.9,130,CONFIRMED_FROM_VIDEO,CONFIRMED_FROM_VIDEO,Screen Recording 2026-08-16 223317.mp4,pooled_even_odd_wide,11,1
White Hook,East Somerset,Pearls,Sugar Cove,5522.7,221,CONFIRMED_FROM_VIDEO,CONFIRMED_FROM_VIDEO,Screen Recording 2026-08-16 223317.mp4,pooled_even_odd_wide,9,1
White Hook,East Somerset,Pearls,Taylor's Town,9789.5,311,CONFIRMED_FROM_VIDEO,CONFIRMED_FROM_VIDEO,Screen Recording 2026-08-16 223317.mp4,pooled_even_odd_wide,6,1
White Hook,East Somerset,Pearls,Theresa,12176.6,361,CONFIRMED_FROM_VIDEO,CONFIRMED_FROM_VIDEO,Screen Recording 2026-08-16 223317.mp4,pooled_even_odd_wide,4,2
White Hook,East Somerset,Pearls,Thresher Point,8959.4,293,CONFIRMED_FROM_VIDEO,CONFIRMED_FROM_VIDEO,Screen Recording 2026-08-16 223317.mp4,pooled_even_odd_wide,6,1
White Hook,East Somerset,Pearls,Venta Nueva,12572.6,369,CONFIRMED_FROM_VIDEO,CONFIRMED_FROM_VIDEO,Screen Recording 2026-08-16 223317.mp4,pooled_even_odd_wide,4,3
White Hook,East Somerset,Pearls,Villarreal Del Mar,1411.6,345,CONFIRMED_FROM_VIDEO,CONFIRMED_FROM_VIDEO,Screen Recording 2026-08-16 223317.mp4,pooled_even_odd_wide,6,1
White Hook,East Somerset,Pearls,Wyntergard,4373.5,197,CONFIRMED_FROM_VIDEO,CONFIRMED_FROM_VIDEO,Screen Recording 2026-08-16 223317.mp4,pooled_even_odd_wide,16,1
White Hook,East Somerset,Pearls,Yorinobu's Settlement,5129.2,213,CONFIRMED_FROM_VIDEO,CONFIRMED_FROM_VIDEO,Screen Recording 2026-08-16 223317.mp4,pooled_even_odd_wide,9,1
Yorinobu's Settlement,West Somerset,Instruments,Al-Jazair,1853.9,125,CONFIRMED_FROM_VIDEO,CONFIRMED_FROM_VIDEO,Screen Recording 2026-08-16 223317.mp4,pooled_even_odd_wide,6,1
Yorinobu's Settlement,West Somerset,Instruments,Ashbourne,4271.5,169,CONFIRMED_FROM_VIDEO,CONFIRMED_FROM_VIDEO,Screen Recording 2026-08-16 223317.mp4,pooled_even_odd_wide,9,1
Yorinobu's Settlement,West Somerset,Instruments,Belfry Heights,5540.3,192,CONFIRMED_FROM_VIDEO,CONFIRMED_FROM_VIDEO,Screen Recording 2026-08-16 223317.mp4,pooled_even_odd_wide,6,1
Yorinobu's Settlement,West Somerset,Instruments,Bucket Bay,1547.9,119,CONFIRMED_FROM_VIDEO,CONFIRMED_FROM_VIDEO,Screen Recording 2026-08-16 223317.mp4,pooled_even_odd_wide,6,1
Yorinobu's Settlement,West Somerset,Instruments,Caledonia,4368.0,171,CONFIRMED_FROM_VIDEO,CONFIRMED_FROM_VIDEO,Screen Recording 2026-08-16 223317.mp4,pooled_even_odd_wide,7,1
Yorinobu's Settlement,West Somerset,Instruments,Castle Landing,4956.1,182,CONFIRMED_FROM_VIDEO,CONFIRMED_FROM_VIDEO,Screen Recording 2026-08-16 223317.mp4,pooled_even_odd_wide,9,1
Yorinobu's Settlement,West Somerset,Instruments,Caveira,10978.1,292,CONFIRMED_FROM_VIDEO,CONFIRMED_FROM_VIDEO,Screen Recording 2026-08-16 223317.mp4,pooled_even_odd_wide,4,2
Yorinobu's Settlement,West Somerset,Instruments,Caye Tiburon,3925.4,163,CONFIRMED_FROM_VIDEO,CONFIRMED_FROM_VIDEO,Screen Recording 2026-08-16 223317.mp4,pooled_even_odd_wide,2,1
Yorinobu's Settlement,West Somerset,Instruments,Crownstead,5072.6,184,CONFIRMED_FROM_VIDEO,CONFIRMED_FROM_VIDEO,Screen Recording 2026-08-16 223317.mp4,pooled_even_odd_wide,9,1
Yorinobu's Settlement,West Somerset,Instruments,Cumberland Hill,6402.0,208,CONFIRMED_FROM_VIDEO,CONFIRMED_FROM_VIDEO,Screen Recording 2026-08-16 223317.mp4,pooled_even_odd_wide,9,2
Yorinobu's Settlement,West Somerset,Instruments,Deadman's Murcia,4343.5,171,CONFIRMED_FROM_VIDEO,CONFIRMED_FROM_VIDEO,Screen Recording 2026-08-16 223317.mp4,pooled_even_odd_wide,7,1
Yorinobu's Settlement,West Somerset,Instruments,Fair Harbour,2010.5,128,CONFIRMED_FROM_VIDEO,CONFIRMED_FROM_VIDEO,Screen Recording 2026-08-16 223317.mp4,pooled_even_odd_wide,6,2
Yorinobu's Settlement,West Somerset,Instruments,Falmouth,5424.8,190,CONFIRMED_FROM_VIDEO,CONFIRMED_FROM_VIDEO,Screen Recording 2026-08-16 223317.mp4,pooled_even_odd_wide,6,1
Yorinobu's Settlement,West Somerset,Instruments,Gyldenvale,6045.3,202,CONFIRMED_FROM_VIDEO,CONFIRMED_FROM_VIDEO,Screen Recording 2026-08-16 223317.mp4,pooled_even_odd_wide,6,1
Yorinobu's Settlement,West Somerset,Instruments,Jones' Outpost,5445.7,191,CONFIRMED_FROM_VIDEO,CONFIRMED_FROM_VIDEO,Screen Recording 2026-08-16 223317.mp4,pooled_even_odd_wide,6,1
Yorinobu's Settlement,West Somerset,Instruments,Kandlerova,12449.1,318,CONFIRMED_FROM_VIDEO,CONFIRMED_FROM_VIDEO,Screen Recording 2026-08-16 223317.mp4,pooled_even_odd_wide,4,2
Yorinobu's Settlement,West Somerset,Instruments,La Povenglia,9908.2,272,CONFIRMED_FROM_VIDEO,CONFIRMED_FROM_VIDEO,Screen Recording 2026-08-16 223317.mp4,pooled_even_odd_wide,7,1
Yorinobu's Settlement,West Somerset,Instruments,Lebarde,4521.9,174,CONFIRMED_FROM_VIDEO,CONFIRMED_FROM_VIDEO,Screen Recording 2026-08-16 223317.mp4,pooled_even_odd_wide,7,1
Yorinobu's Settlement,West Somerset,Instruments,Lord Irving's Sacrifice,6308.5,206,CONFIRMED_FROM_VIDEO,CONFIRMED_FROM_VIDEO,Screen Recording 2026-08-16 223317.mp4,pooled_even_odd_wide,6,1
Yorinobu's Settlement,West Somerset,Instruments,Louisbourg,6074.7,202,CONFIRMED_FROM_VIDEO,CONFIRMED_FROM_VIDEO,Screen Recording 2026-08-16 223317.mp4,pooled_even_odd_wide,6,1
Yorinobu's Settlement,West Somerset,Instruments,Madalena,12701.0,323,CONFIRMED_FROM_VIDEO,CONFIRMED_FROM_VIDEO,Screen Recording 2026-08-16 223317.mp4,pooled_even_odd_wide,4,1
Yorinobu's Settlement,West Somerset,Instruments,Mako's Outlook,6606.3,212,CONFIRMED_FROM_VIDEO,CONFIRMED_FROM_VIDEO,Screen Recording 2026-08-16 223317.mp4,pooled_even_odd_wide,9,1
Yorinobu's Settlement,West Somerset,Instruments,Matthew's Rest,2060.3,129,CONFIRMED_FROM_VIDEO,CONFIRMED_FROM_VIDEO,Screen Recording 2026-08-16 223317.mp4,pooled_even_odd_wide,8,1
Yorinobu's Settlement,West Somerset,Instruments,Maurepas,5201.5,186,CONFIRMED_FROM_VIDEO,CONFIRMED_FROM_VIDEO,Screen Recording 2026-08-16 223317.mp4,pooled_even_odd_wide,6,1
Yorinobu's Settlement,West Somerset,Instruments,New Brighton,1075.4,111,CONFIRMED_FROM_VIDEO,CONFIRMED_FROM_VIDEO,Screen Recording 2026-08-16 223317.mp4,pooled_even_odd_wide,6,1
Yorinobu's Settlement,West Somerset,Instruments,New Catalina,6421.0,208,CONFIRMED_FROM_VIDEO,CONFIRMED_FROM_VIDEO,Screen Recording 2026-08-16 223317.mp4,pooled_even_odd_wide,9,2
Yorinobu's Settlement,West Somerset,Instruments,Pachard Town,2673.7,140,CONFIRMED_FROM_VIDEO,CONFIRMED_FROM_VIDEO,Screen Recording 2026-08-16 223317.mp4,pooled_even_odd_wide,8,1
Yorinobu's Settlement,West Somerset,Instruments,Peter's Cove,7625.2,230,CONFIRMED_FROM_VIDEO,CONFIRMED_FROM_VIDEO,Screen Recording 2026-08-16 223317.mp4,pooled_even_odd_wide,15,3
Yorinobu's Settlement,West Somerset,Instruments,Petit Anvers,7019.9,219,CONFIRMED_FROM_VIDEO,CONFIRMED_FROM_VIDEO,Screen Recording 2026-08-16 223317.mp4,pooled_even_odd_wide,9,1
Yorinobu's Settlement,West Somerset,Instruments,Poblado de San Juan,11074.9,293,CONFIRMED_FROM_VIDEO,CONFIRMED_FROM_VIDEO,Screen Recording 2026-08-16 223317.mp4,pooled_even_odd_wide,4,2
Yorinobu's Settlement,West Somerset,Instruments,Point Rocheux,4751.3,178,CONFIRMED_FROM_VIDEO,CONFIRMED_FROM_VIDEO,Screen Recording 2026-08-16 223317.mp4,pooled_even_odd_wide,7,1
Yorinobu's Settlement,West Somerset,Instruments,Ponta Delgada,12170.7,313,CONFIRMED_FROM_VIDEO,CONFIRMED_FROM_VIDEO,Screen Recording 2026-08-16 223317.mp4,pooled_even_odd_wide,4,2
Yorinobu's Settlement,West Somerset,Instruments,Port Antonio,6507.3,210,CONFIRMED_FROM_VIDEO,CONFIRMED_FROM_VIDEO,Screen Recording 2026-08-16 223317.mp4,pooled_even_odd_wide,9,1
Yorinobu's Settlement,West Somerset,Instruments,Port Louis,2836.4,143,CONFIRMED_FROM_VIDEO,CONFIRMED_FROM_VIDEO,Screen Recording 2026-08-16 223317.mp4,pooled_even_odd_wide,8,1
Yorinobu's Settlement,West Somerset,Instruments,Port Royal,6018.1,201,CONFIRMED_FROM_VIDEO,CONFIRMED_FROM_VIDEO,Screen Recording 2026-08-16 223317.mp4,pooled_even_odd_wide,8,1
Yorinobu's Settlement,West Somerset,Instruments,Port-Au-Croix,3705.3,159,CONFIRMED_FROM_VIDEO,CONFIRMED_FROM_VIDEO,Screen Recording 2026-08-16 223317.mp4,pooled_even_odd_wide,8,1
Yorinobu's Settlement,West Somerset,Instruments,Princeton,3290.0,151,CONFIRMED_FROM_VIDEO,CONFIRMED_FROM_VIDEO,Screen Recording 2026-08-16 223317.mp4,pooled_even_odd_wide,8,1
Yorinobu's Settlement,West Somerset,Instruments,Puerto de San Fernando,9146.8,258,CONFIRMED_FROM_VIDEO,CONFIRMED_FROM_VIDEO,Screen Recording 2026-08-16 223317.mp4,even_odd,1,1
Yorinobu's Settlement,West Somerset,Instruments,Saint Vincent,2069.8,129,CONFIRMED_FROM_VIDEO,CONFIRMED_FROM_VIDEO,Screen Recording 2026-08-16 223317.mp4,pooled_even_odd_wide,8,1
Yorinobu's Settlement,West Somerset,Instruments,Saint-Nicholas,8562.7,248,CONFIRMED_FROM_VIDEO,CONFIRMED_FROM_VIDEO,Screen Recording 2026-08-16 223317.mp4,pooled_even_odd_wide,9,1
Yorinobu's Settlement,West Somerset,Instruments,Sainte Rose,7236.3,223,CONFIRMED_FROM_VIDEO,CONFIRMED_FROM_VIDEO,Screen Recording 2026-08-16 223317.mp4,pooled_even_odd_wide,9,1
Yorinobu's Settlement,West Somerset,Instruments,San Polo,11566.4,302,CONFIRMED_FROM_VIDEO,CONFIRMED_FROM_VIDEO,Screen Recording 2026-08-16 223317.mp4,pooled_even_odd_wide,4,2
Yorinobu's Settlement,West Somerset,Instruments,San Salvador,10900.8,290,CONFIRMED_FROM_VIDEO,CONFIRMED_FROM_VIDEO,Screen Recording 2026-08-16 223317.mp4,pooled_even_odd_wide,2,1
Yorinobu's Settlement,West Somerset,Instruments,San Vito,8546.4,247,CONFIRMED_FROM_VIDEO,CONFIRMED_FROM_VIDEO,Screen Recording 2026-08-16 223317.mp4,pooled_even_odd_wide,8,1
Yorinobu's Settlement,West Somerset,Instruments,Sandy Settlement,8566.2,248,CONFIRMED_FROM_VIDEO,CONFIRMED_FROM_VIDEO,Screen Recording 2026-08-16 223317.mp4,pooled_even_odd_wide,8,2
Yorinobu's Settlement,West Somerset,Instruments,Santa Maria,10664.3,286,CONFIRMED_FROM_VIDEO,CONFIRMED_FROM_VIDEO,Screen Recording 2026-08-16 223317.mp4,pooled_even_odd_wide,2,1
Yorinobu's Settlement,West Somerset,Instruments,Sao Bento,11434.5,300,CONFIRMED_FROM_VIDEO,CONFIRMED_FROM_VIDEO,Screen Recording 2026-08-16 223317.mp4,pooled_even_odd_wide,4,2
Yorinobu's Settlement,West Somerset,Instruments,Snake Prosper,3972.5,164,CONFIRMED_FROM_VIDEO,CONFIRMED_FROM_VIDEO,Screen Recording 2026-08-16 223317.mp4,pooled_even_odd_wide,6,2
Yorinobu's Settlement,West Somerset,Instruments,Sugar Cove,7409.1,226,CONFIRMED_FROM_VIDEO,CONFIRMED_FROM_VIDEO,Screen Recording 2026-08-16 223317.mp4,pooled_even_odd_wide,9,1
Yorinobu's Settlement,West Somerset,Instruments,Taylor's Town,7804.9,234,CONFIRMED_FROM_VIDEO,CONFIRMED_FROM_VIDEO,Screen Recording 2026-08-16 223317.mp4,pooled_even_odd_wide,8,1
Yorinobu's Settlement,West Somerset,Instruments,Theresa,7072.1,220,CONFIRMED_FROM_VIDEO,CONFIRMED_FROM_VIDEO,Screen Recording 2026-08-16 223317.mp4,pooled_even_odd_wide,9,1
Yorinobu's Settlement,West Somerset,Instruments,Thresher Point,5053.3,183,CONFIRMED_FROM_VIDEO,CONFIRMED_FROM_VIDEO,Screen Recording 2026-08-16 223317.mp4,pooled_even_odd_wide,9,1
Yorinobu's Settlement,West Somerset,Instruments,Venta Nueva,7961.9,237,CONFIRMED_FROM_VIDEO,CONFIRMED_FROM_VIDEO,Screen Recording 2026-08-16 223317.mp4,pooled_even_odd_wide,8,1
Yorinobu's Settlement,West Somerset,Instruments,Villarreal Del Mar,6689.5,213,CONFIRMED_FROM_VIDEO,CONFIRMED_FROM_VIDEO,Screen Recording 2026-08-16 223317.mp4,pooled_even_odd_wide,9,1
Yorinobu's Settlement,West Somerset,Instruments,White Hook,5129.2,185,CONFIRMED_FROM_VIDEO,CONFIRMED_FROM_VIDEO,Screen Recording 2026-08-16 223317.mp4,pooled_even_odd_wide,5,1
Yorinobu's Settlement,West Somerset,Instruments,Wyntergard,4797.7,179,CONFIRMED_FROM_VIDEO,CONFIRMED_FROM_VIDEO,Screen Recording 2026-08-16 223317.mp4,pooled_even_odd_wide,9,1
